"year","festival","target_window","item_code","item","unit","state","matched_premises","matched_reference_days","matched_target_days","premises_with_increases","premises_with_decreases","premises_unchanged","pct_premises_with_increases","median_shop_reference_price","median_shop_target_price","median_shop_change_pct"
2023,"chinese_new_year","after",1,"AYAM BERSIH - STANDARD","1kg","Johor",108,13,13,8,48,52,7.41,9.37,9.00,0.00
2023,"chinese_new_year","after",1,"AYAM BERSIH - STANDARD","1kg","Kedah",52,13,13,5,11,36,9.62,9.40,9.40,0.00
2023,"chinese_new_year","after",1,"AYAM BERSIH - STANDARD","1kg","Kelantan",70,13,14,2,25,43,2.86,9.40,9.20,0.00
2023,"chinese_new_year","after",1,"AYAM BERSIH - STANDARD","1kg","Melaka",18,11,13,1,7,10,5.56,9.40,9.25,0.00
2023,"chinese_new_year","after",1,"AYAM BERSIH - STANDARD","1kg","Negeri Sembilan",34,11,11,5,10,19,14.71,8.99,8.95,0.00
2023,"chinese_new_year","after",1,"AYAM BERSIH - STANDARD","1kg","Pahang",71,11,13,2,33,36,2.82,9.19,8.99,0.00
2023,"chinese_new_year","after",1,"AYAM BERSIH - STANDARD","1kg","Perak",78,11,11,2,27,49,2.56,9.39,9.10,0.00
2023,"chinese_new_year","after",1,"AYAM BERSIH - STANDARD","1kg","Perlis",15,12,13,1,6,8,6.67,9.20,9.19,0.00
2023,"chinese_new_year","after",1,"AYAM BERSIH - STANDARD","1kg","Pulau Pinang",68,11,11,3,15,50,4.41,9.40,9.40,0.00
2023,"chinese_new_year","after",1,"AYAM BERSIH - STANDARD","1kg","Sabah",9,11,13,0,1,8,0.00,11.30,11.30,0.00
2023,"chinese_new_year","after",1,"AYAM BERSIH - STANDARD","1kg","Sarawak",13,11,13,0,0,13,0.00,9.80,9.80,0.00
2023,"chinese_new_year","after",1,"AYAM BERSIH - STANDARD","1kg","Selangor",85,11,11,13,24,48,15.29,9.39,9.29,0.00
2023,"chinese_new_year","after",1,"AYAM BERSIH - STANDARD","1kg","Terengganu",76,13,14,5,28,43,6.58,9.40,9.40,0.00
2023,"chinese_new_year","after",1,"AYAM BERSIH - STANDARD","1kg","W.P. Kuala Lumpur",79,11,10,7,26,46,8.86,9.40,9.39,0.00
2023,"chinese_new_year","after",1,"AYAM BERSIH - STANDARD","1kg","W.P. Putrajaya",13,11,10,0,5,8,0.00,9.40,9.39,0.00
2023,"chinese_new_year","after",94,"CILI MERAH - MINYAK","1kg","Johor",46,13,13,14,22,10,30.43,14.00,13.99,0.00
2023,"chinese_new_year","after",94,"CILI MERAH - MINYAK","1kg","Kedah",24,13,13,3,16,5,12.50,14.20,12.95,-7.45
2023,"chinese_new_year","after",94,"CILI MERAH - MINYAK","1kg","Kelantan",17,13,14,3,11,3,17.65,18.00,16.00,-8.11
2023,"chinese_new_year","after",94,"CILI MERAH - MINYAK","1kg","Negeri Sembilan",29,11,11,7,16,6,24.14,13.99,12.90,-4.67
2023,"chinese_new_year","after",94,"CILI MERAH - MINYAK","1kg","Pahang",63,11,13,16,25,22,25.40,14.99,13.99,0.00
2023,"chinese_new_year","after",94,"CILI MERAH - MINYAK","1kg","Perak",42,11,11,3,34,5,7.14,15.00,13.50,-10.56
2023,"chinese_new_year","after",94,"CILI MERAH - MINYAK","1kg","Perlis",10,12,13,1,4,5,10.00,16.50,15.75,0.00
2023,"chinese_new_year","after",94,"CILI MERAH - MINYAK","1kg","Pulau Pinang",37,11,11,4,18,15,10.81,13.99,13.00,0.00
2023,"chinese_new_year","after",94,"CILI MERAH - MINYAK","1kg","Sabah",15,11,13,7,1,7,46.67,18.00,20.00,0.00
2023,"chinese_new_year","after",94,"CILI MERAH - MINYAK","1kg","Sarawak",72,12,13,44,3,25,61.11,19.00,20.00,12.07
2023,"chinese_new_year","after",94,"CILI MERAH - MINYAK","1kg","Selangor",74,11,11,8,44,22,10.81,13.99,12.90,-6.90
2023,"chinese_new_year","after",94,"CILI MERAH - MINYAK","1kg","Terengganu",45,13,14,9,31,5,20.00,15.95,13.90,-10.00
2023,"chinese_new_year","after",94,"CILI MERAH - MINYAK","1kg","W.P. Kuala Lumpur",80,11,10,13,32,35,16.25,14.99,13.95,0.00
2023,"chinese_new_year","after",103,"SANTAN KELAPA SEGAR (BIASA)","1kg","Johor",19,13,13,1,0,18,5.26,8.50,8.50,0.00
2023,"chinese_new_year","after",103,"SANTAN KELAPA SEGAR (BIASA)","1kg","Kedah",9,13,13,0,0,9,0.00,12.00,12.00,0.00
2023,"chinese_new_year","after",103,"SANTAN KELAPA SEGAR (BIASA)","1kg","Kelantan",13,13,14,0,1,12,0.00,8.90,8.90,0.00
2023,"chinese_new_year","after",103,"SANTAN KELAPA SEGAR (BIASA)","1kg","Negeri Sembilan",20,11,11,0,0,20,0.00,8.35,8.35,0.00
2023,"chinese_new_year","after",103,"SANTAN KELAPA SEGAR (BIASA)","1kg","Pahang",30,11,13,1,1,28,3.33,6.90,6.90,0.00
2023,"chinese_new_year","after",103,"SANTAN KELAPA SEGAR (BIASA)","1kg","Perak",40,11,11,1,1,38,2.50,9.00,9.00,0.00
2023,"chinese_new_year","after",103,"SANTAN KELAPA SEGAR (BIASA)","1kg","Pulau Pinang",25,11,11,0,0,25,0.00,11.00,11.00,0.00
2023,"chinese_new_year","after",103,"SANTAN KELAPA SEGAR (BIASA)","1kg","Selangor",36,11,11,0,2,34,0.00,6.95,6.90,0.00
2023,"chinese_new_year","after",103,"SANTAN KELAPA SEGAR (BIASA)","1kg","Terengganu",10,13,14,1,0,9,10.00,10.00,10.50,0.00
2023,"chinese_new_year","after",103,"SANTAN KELAPA SEGAR (BIASA)","1kg","W.P. Kuala Lumpur",38,11,10,3,1,34,7.89,6.20,6.35,0.00
2023,"chinese_new_year","after",103,"SANTAN KELAPA SEGAR (BIASA)","1kg","W.P. Putrajaya",5,11,10,0,1,4,0.00,7.99,7.99,0.00
2023,"chinese_new_year","after",114,"TOMATO","1kg","Johor",118,13,13,96,8,14,81.36,6.99,8.00,14.31
2023,"chinese_new_year","after",114,"TOMATO","1kg","Kedah",64,13,13,49,4,11,76.56,7.00,8.94,17.71
2023,"chinese_new_year","after",114,"TOMATO","1kg","Kelantan",79,13,14,54,9,16,68.35,6.99,8.00,14.31
2023,"chinese_new_year","after",114,"TOMATO","1kg","Melaka",23,11,13,15,3,5,65.22,7.99,8.99,12.50
2023,"chinese_new_year","after",114,"TOMATO","1kg","Negeri Sembilan",35,11,11,23,4,8,65.71,7.49,7.99,8.58
2023,"chinese_new_year","after",114,"TOMATO","1kg","Pahang",77,11,13,56,8,13,72.73,7.89,8.90,14.31
2023,"chinese_new_year","after",114,"TOMATO","1kg","Perak",84,11,11,62,11,11,73.81,7.63,8.00,12.52
2023,"chinese_new_year","after",114,"TOMATO","1kg","Perlis",20,12,13,11,1,8,55.00,7.00,8.00,4.83
2023,"chinese_new_year","after",114,"TOMATO","1kg","Pulau Pinang",76,11,11,50,10,16,65.79,7.50,8.00,12.50
2023,"chinese_new_year","after",114,"TOMATO","1kg","Sabah",71,11,13,22,8,41,30.99,6.99,6.99,0.00
2023,"chinese_new_year","after",114,"TOMATO","1kg","Sarawak",63,12,13,28,9,26,44.44,8.99,10.00,0.00
2023,"chinese_new_year","after",114,"TOMATO","1kg","Selangor",88,11,11,54,14,20,61.36,7.87,7.99,10.00
2023,"chinese_new_year","after",114,"TOMATO","1kg","Terengganu",59,13,14,46,5,8,77.97,7.49,9.00,20.00
2023,"chinese_new_year","after",114,"TOMATO","1kg","W.P. Kuala Lumpur",110,11,10,72,18,20,65.45,7.20,7.95,9.72
2023,"chinese_new_year","after",114,"TOMATO","1kg","W.P. Labuan",8,11,12,0,4,4,0.00,7.45,7.00,-3.53
2023,"chinese_new_year","after",114,"TOMATO","1kg","W.P. Putrajaya",19,11,10,12,3,4,63.16,8.00,8.50,8.47
2023,"chinese_new_year","after",129,"BAWANG BESAR KUNING/HOLLAND","1kg","Johor",119,13,13,18,23,78,15.13,4.50,4.50,0.00
2023,"chinese_new_year","after",129,"BAWANG BESAR KUNING/HOLLAND","1kg","Kedah",77,13,13,15,9,53,19.48,4.50,4.50,0.00
2023,"chinese_new_year","after",129,"BAWANG BESAR KUNING/HOLLAND","1kg","Kelantan",120,13,14,20,20,80,16.67,4.50,4.50,0.00
2023,"chinese_new_year","after",129,"BAWANG BESAR KUNING/HOLLAND","1kg","Melaka",24,11,13,4,3,17,16.67,4.65,4.65,0.00
2023,"chinese_new_year","after",129,"BAWANG BESAR KUNING/HOLLAND","1kg","Negeri Sembilan",31,11,11,4,8,19,12.90,4.50,4.50,0.00
2023,"chinese_new_year","after",129,"BAWANG BESAR KUNING/HOLLAND","1kg","Pahang",77,11,13,5,6,66,6.49,4.50,4.50,0.00
2023,"chinese_new_year","after",129,"BAWANG BESAR KUNING/HOLLAND","1kg","Perak",80,11,11,13,25,42,16.25,4.49,4.49,0.00
2023,"chinese_new_year","after",129,"BAWANG BESAR KUNING/HOLLAND","1kg","Perlis",28,12,13,2,3,23,7.14,4.93,4.90,0.00
2023,"chinese_new_year","after",129,"BAWANG BESAR KUNING/HOLLAND","1kg","Pulau Pinang",73,11,11,15,12,46,20.55,4.50,4.95,0.00
2023,"chinese_new_year","after",129,"BAWANG BESAR KUNING/HOLLAND","1kg","Sabah",126,11,13,23,4,99,18.25,5.50,5.50,0.00
2023,"chinese_new_year","after",129,"BAWANG BESAR KUNING/HOLLAND","1kg","Sarawak",129,12,13,29,12,88,22.48,5.00,5.00,0.00
2023,"chinese_new_year","after",129,"BAWANG BESAR KUNING/HOLLAND","1kg","Selangor",83,11,11,18,17,48,21.69,4.50,4.50,0.00
2023,"chinese_new_year","after",129,"BAWANG BESAR KUNING/HOLLAND","1kg","Terengganu",101,13,14,29,6,66,28.71,4.50,4.69,0.00
2023,"chinese_new_year","after",129,"BAWANG BESAR KUNING/HOLLAND","1kg","W.P. Kuala Lumpur",99,11,10,31,11,57,31.31,4.50,4.90,0.00
2023,"chinese_new_year","after",129,"BAWANG BESAR KUNING/HOLLAND","1kg","W.P. Labuan",14,11,12,1,1,12,7.14,5.55,5.55,0.00
2023,"chinese_new_year","after",129,"BAWANG BESAR KUNING/HOLLAND","1kg","W.P. Putrajaya",18,11,10,4,1,13,22.22,4.90,4.90,0.00
2023,"chinese_new_year","after",918,"MINYAK MASAK PAKET (PELBAGAI JENAMA)","1kg","Johor",27,13,13,0,0,27,0.00,2.50,2.50,0.00
2023,"chinese_new_year","after",918,"MINYAK MASAK PAKET (PELBAGAI JENAMA)","1kg","Kedah",41,13,13,0,0,41,0.00,2.50,2.50,0.00
2023,"chinese_new_year","after",918,"MINYAK MASAK PAKET (PELBAGAI JENAMA)","1kg","Kelantan",80,13,14,0,0,80,0.00,2.50,2.50,0.00
2023,"chinese_new_year","after",918,"MINYAK MASAK PAKET (PELBAGAI JENAMA)","1kg","Melaka",10,10,13,0,0,10,0.00,2.50,2.50,0.00
2023,"chinese_new_year","after",918,"MINYAK MASAK PAKET (PELBAGAI JENAMA)","1kg","Negeri Sembilan",13,10,9,0,0,13,0.00,2.50,2.50,0.00
2023,"chinese_new_year","after",918,"MINYAK MASAK PAKET (PELBAGAI JENAMA)","1kg","Pahang",37,11,13,0,0,37,0.00,2.50,2.50,0.00
2023,"chinese_new_year","after",918,"MINYAK MASAK PAKET (PELBAGAI JENAMA)","1kg","Perak",22,11,11,0,0,22,0.00,2.50,2.50,0.00
2023,"chinese_new_year","after",918,"MINYAK MASAK PAKET (PELBAGAI JENAMA)","1kg","Perlis",17,12,13,0,0,17,0.00,2.50,2.50,0.00
2023,"chinese_new_year","after",918,"MINYAK MASAK PAKET (PELBAGAI JENAMA)","1kg","Pulau Pinang",29,9,11,0,0,29,0.00,2.50,2.50,0.00
2023,"chinese_new_year","after",918,"MINYAK MASAK PAKET (PELBAGAI JENAMA)","1kg","Sabah",17,11,13,0,0,17,0.00,2.50,2.50,0.00
2023,"chinese_new_year","after",918,"MINYAK MASAK PAKET (PELBAGAI JENAMA)","1kg","Sarawak",23,11,13,0,0,23,0.00,2.50,2.50,0.00
2023,"chinese_new_year","after",918,"MINYAK MASAK PAKET (PELBAGAI JENAMA)","1kg","Selangor",53,11,11,0,0,53,0.00,2.50,2.50,0.00
2023,"chinese_new_year","after",918,"MINYAK MASAK PAKET (PELBAGAI JENAMA)","1kg","Terengganu",54,13,14,0,1,53,0.00,2.50,2.50,0.00
2023,"chinese_new_year","after",918,"MINYAK MASAK PAKET (PELBAGAI JENAMA)","1kg","W.P. Kuala Lumpur",37,11,10,0,0,37,0.00,2.50,2.50,0.00
2023,"chinese_new_year","after",918,"MINYAK MASAK PAKET (PELBAGAI JENAMA)","1kg","W.P. Labuan",6,11,12,0,0,6,0.00,2.50,2.50,0.00
2023,"chinese_new_year","after",1111,"TELUR AYAM GRED C","30 biji","Johor",33,13,13,1,0,32,3.03,12.30,12.30,0.00
2023,"chinese_new_year","after",1111,"TELUR AYAM GRED C","30 biji","Kedah",10,12,13,0,0,10,0.00,12.30,12.30,0.00
2023,"chinese_new_year","after",1111,"TELUR AYAM GRED C","30 biji","Kelantan",10,13,12,0,1,9,0.00,12.30,12.30,0.00
2023,"chinese_new_year","after",1111,"TELUR AYAM GRED C","30 biji","Melaka",9,11,13,0,0,9,0.00,12.30,12.30,0.00
2023,"chinese_new_year","after",1111,"TELUR AYAM GRED C","30 biji","Negeri Sembilan",13,11,11,0,0,13,0.00,12.30,12.30,0.00
2023,"chinese_new_year","after",1111,"TELUR AYAM GRED C","30 biji","Pahang",17,11,13,0,0,17,0.00,12.30,12.30,0.00
2023,"chinese_new_year","after",1111,"TELUR AYAM GRED C","30 biji","Perak",25,11,11,0,0,25,0.00,12.30,12.30,0.00
2023,"chinese_new_year","after",1111,"TELUR AYAM GRED C","30 biji","Pulau Pinang",16,11,11,0,0,16,0.00,12.30,12.30,0.00
2023,"chinese_new_year","after",1111,"TELUR AYAM GRED C","30 biji","Sabah",24,11,13,0,0,24,0.00,14.70,14.70,0.00
2023,"chinese_new_year","after",1111,"TELUR AYAM GRED C","30 biji","Sarawak",8,11,11,0,0,8,0.00,12.90,12.90,0.00
2023,"chinese_new_year","after",1111,"TELUR AYAM GRED C","30 biji","Selangor",25,11,11,0,1,24,0.00,12.30,12.30,0.00
2023,"chinese_new_year","after",1111,"TELUR AYAM GRED C","30 biji","Terengganu",7,9,13,0,0,7,0.00,12.30,12.30,0.00
2023,"chinese_new_year","after",1111,"TELUR AYAM GRED C","30 biji","W.P. Kuala Lumpur",25,11,10,0,0,25,0.00,12.30,12.30,0.00
2023,"chinese_new_year","after",1131,"UBI KENTANG IMPORT (CHINA)","1kg","Johor",111,13,13,12,29,70,10.81,3.00,3.00,0.00
2023,"chinese_new_year","after",1131,"UBI KENTANG IMPORT (CHINA)","1kg","Kedah",48,13,13,6,9,33,12.50,3.00,3.10,0.00
2023,"chinese_new_year","after",1131,"UBI KENTANG IMPORT (CHINA)","1kg","Kelantan",52,13,14,4,13,35,7.69,3.99,4.00,0.00
2023,"chinese_new_year","after",1131,"UBI KENTANG IMPORT (CHINA)","1kg","Melaka",17,11,13,1,4,12,5.88,3.00,3.00,0.00
2023,"chinese_new_year","after",1131,"UBI KENTANG IMPORT (CHINA)","1kg","Negeri Sembilan",26,11,11,3,6,17,11.54,2.90,3.00,0.00
2023,"chinese_new_year","after",1131,"UBI KENTANG IMPORT (CHINA)","1kg","Pahang",69,11,13,9,9,51,13.04,3.19,3.50,0.00
2023,"chinese_new_year","after",1131,"UBI KENTANG IMPORT (CHINA)","1kg","Perak",82,11,11,10,25,47,12.20,3.49,3.29,0.00
2023,"chinese_new_year","after",1131,"UBI KENTANG IMPORT (CHINA)","1kg","Perlis",19,12,13,3,2,14,15.79,3.99,4.00,0.00
2023,"chinese_new_year","after",1131,"UBI KENTANG IMPORT (CHINA)","1kg","Pulau Pinang",74,11,11,10,11,53,13.51,3.50,3.50,0.00
2023,"chinese_new_year","after",1131,"UBI KENTANG IMPORT (CHINA)","1kg","Sabah",103,11,13,13,19,71,12.62,3.99,3.99,0.00
2023,"chinese_new_year","after",1131,"UBI KENTANG IMPORT (CHINA)","1kg","Sarawak",109,11,13,9,26,74,8.26,3.99,3.99,0.00
2023,"chinese_new_year","after",1131,"UBI KENTANG IMPORT (CHINA)","1kg","Selangor",78,11,11,9,22,47,11.54,2.99,3.00,0.00
2023,"chinese_new_year","after",1131,"UBI KENTANG IMPORT (CHINA)","1kg","Terengganu",71,13,14,9,6,56,12.68,3.50,3.69,0.00
2023,"chinese_new_year","after",1131,"UBI KENTANG IMPORT (CHINA)","1kg","W.P. Kuala Lumpur",90,11,10,20,23,47,22.22,3.50,3.50,0.00
2023,"chinese_new_year","after",1131,"UBI KENTANG IMPORT (CHINA)","1kg","W.P. Labuan",14,11,12,3,5,6,21.43,4.00,4.00,0.00
2023,"chinese_new_year","after",1131,"UBI KENTANG IMPORT (CHINA)","1kg","W.P. Putrajaya",17,11,10,3,2,12,17.65,3.70,3.90,0.00
2023,"chinese_new_year","after",1431,"DAGING LEMBU TEMPATAN (BAHAGIAN 1 DAGING PAHA (KECUALI BATANG PINANG - TENDERLOIN)","1kg","Johor",8,13,13,0,0,8,0.00,39.00,39.00,0.00
2023,"chinese_new_year","after",1431,"DAGING LEMBU TEMPATAN (BAHAGIAN 1 DAGING PAHA (KECUALI BATANG PINANG - TENDERLOIN)","1kg","Kedah",11,13,13,0,0,11,0.00,39.00,39.00,0.00
2023,"chinese_new_year","after",1431,"DAGING LEMBU TEMPATAN (BAHAGIAN 1 DAGING PAHA (KECUALI BATANG PINANG - TENDERLOIN)","1kg","Kelantan",18,13,14,0,1,17,0.00,34.00,33.50,0.00
2023,"chinese_new_year","after",1431,"DAGING LEMBU TEMPATAN (BAHAGIAN 1 DAGING PAHA (KECUALI BATANG PINANG - TENDERLOIN)","1kg","Melaka",7,11,13,0,0,7,0.00,38.00,38.00,0.00
2023,"chinese_new_year","after",1431,"DAGING LEMBU TEMPATAN (BAHAGIAN 1 DAGING PAHA (KECUALI BATANG PINANG - TENDERLOIN)","1kg","Negeri Sembilan",10,11,11,0,1,9,0.00,39.50,39.00,0.00
2023,"chinese_new_year","after",1431,"DAGING LEMBU TEMPATAN (BAHAGIAN 1 DAGING PAHA (KECUALI BATANG PINANG - TENDERLOIN)","1kg","Pahang",8,11,13,0,0,8,0.00,37.00,37.00,0.00
2023,"chinese_new_year","after",1431,"DAGING LEMBU TEMPATAN (BAHAGIAN 1 DAGING PAHA (KECUALI BATANG PINANG - TENDERLOIN)","1kg","Perak",18,11,11,0,1,17,0.00,37.50,37.50,0.00
2023,"chinese_new_year","after",1431,"DAGING LEMBU TEMPATAN (BAHAGIAN 1 DAGING PAHA (KECUALI BATANG PINANG - TENDERLOIN)","1kg","Pulau Pinang",15,11,11,0,0,15,0.00,40.00,40.00,0.00
2023,"chinese_new_year","after",1431,"DAGING LEMBU TEMPATAN (BAHAGIAN 1 DAGING PAHA (KECUALI BATANG PINANG - TENDERLOIN)","1kg","Selangor",12,11,11,1,0,11,8.33,39.50,39.50,0.00
2023,"chinese_new_year","after",1431,"DAGING LEMBU TEMPATAN (BAHAGIAN 1 DAGING PAHA (KECUALI BATANG PINANG - TENDERLOIN)","1kg","Terengganu",14,13,14,0,1,13,0.00,36.00,36.00,0.00
2023,"chinese_new_year","after",1431,"DAGING LEMBU TEMPATAN (BAHAGIAN 1 DAGING PAHA (KECUALI BATANG PINANG - TENDERLOIN)","1kg","W.P. Kuala Lumpur",5,11,10,0,1,4,0.00,44.29,44.29,0.00
2023,"chinese_new_year","after",1555,"UDANG PUTIH/VANNAMEI (TERNAK) (ANTARA 41 HINGGA 60 EKOR SEKILOGRAM)","1kg","Johor",80,13,13,45,23,12,56.25,35.00,36.70,2.67
2023,"chinese_new_year","after",1555,"UDANG PUTIH/VANNAMEI (TERNAK) (ANTARA 41 HINGGA 60 EKOR SEKILOGRAM)","1kg","Kedah",39,13,13,15,8,16,38.46,30.00,30.00,0.00
2023,"chinese_new_year","after",1555,"UDANG PUTIH/VANNAMEI (TERNAK) (ANTARA 41 HINGGA 60 EKOR SEKILOGRAM)","1kg","Kelantan",59,13,14,34,15,10,57.63,33.99,34.99,3.33
2023,"chinese_new_year","after",1555,"UDANG PUTIH/VANNAMEI (TERNAK) (ANTARA 41 HINGGA 60 EKOR SEKILOGRAM)","1kg","Melaka",18,11,13,7,5,6,38.89,35.95,36.95,0.00
2023,"chinese_new_year","after",1555,"UDANG PUTIH/VANNAMEI (TERNAK) (ANTARA 41 HINGGA 60 EKOR SEKILOGRAM)","1kg","Negeri Sembilan",25,11,11,12,6,7,48.00,35.00,34.90,0.00
2023,"chinese_new_year","after",1555,"UDANG PUTIH/VANNAMEI (TERNAK) (ANTARA 41 HINGGA 60 EKOR SEKILOGRAM)","1kg","Pahang",63,11,13,38,12,13,60.32,36.99,38.50,2.78
2023,"chinese_new_year","after",1555,"UDANG PUTIH/VANNAMEI (TERNAK) (ANTARA 41 HINGGA 60 EKOR SEKILOGRAM)","1kg","Perak",75,11,11,28,27,20,37.33,32.00,32.99,0.00
2023,"chinese_new_year","after",1555,"UDANG PUTIH/VANNAMEI (TERNAK) (ANTARA 41 HINGGA 60 EKOR SEKILOGRAM)","1kg","Perlis",11,12,13,5,4,2,45.45,33.00,32.90,0.00
2023,"chinese_new_year","after",1555,"UDANG PUTIH/VANNAMEI (TERNAK) (ANTARA 41 HINGGA 60 EKOR SEKILOGRAM)","1kg","Pulau Pinang",46,11,11,15,15,16,32.61,33.00,33.00,0.00
2023,"chinese_new_year","after",1555,"UDANG PUTIH/VANNAMEI (TERNAK) (ANTARA 41 HINGGA 60 EKOR SEKILOGRAM)","1kg","Sabah",24,11,13,9,6,9,37.50,34.94,34.94,0.00
2023,"chinese_new_year","after",1555,"UDANG PUTIH/VANNAMEI (TERNAK) (ANTARA 41 HINGGA 60 EKOR SEKILOGRAM)","1kg","Sarawak",27,11,13,8,11,8,29.63,36.00,35.60,0.00
2023,"chinese_new_year","after",1555,"UDANG PUTIH/VANNAMEI (TERNAK) (ANTARA 41 HINGGA 60 EKOR SEKILOGRAM)","1kg","Selangor",77,11,11,45,18,14,58.44,34.00,33.94,2.70
2023,"chinese_new_year","after",1555,"UDANG PUTIH/VANNAMEI (TERNAK) (ANTARA 41 HINGGA 60 EKOR SEKILOGRAM)","1kg","Terengganu",44,13,14,27,6,11,61.36,33.00,34.00,2.78
2023,"chinese_new_year","after",1555,"UDANG PUTIH/VANNAMEI (TERNAK) (ANTARA 41 HINGGA 60 EKOR SEKILOGRAM)","1kg","W.P. Kuala Lumpur",70,11,10,28,25,17,40.00,38.00,38.45,0.00
2023,"chinese_new_year","after",1555,"UDANG PUTIH/VANNAMEI (TERNAK) (ANTARA 41 HINGGA 60 EKOR SEKILOGRAM)","1kg","W.P. Putrajaya",14,11,10,3,9,2,21.43,39.99,39.40,-2.63
2023,"chinese_new_year","after",1564,"BAWANG PUTIH IMPORT (CHINA)","1kg","Johor",132,13,13,24,57,51,18.18,7.99,7.99,0.00
2023,"chinese_new_year","after",1564,"BAWANG PUTIH IMPORT (CHINA)","1kg","Kedah",72,13,13,11,29,32,15.28,8.00,8.00,0.00
2023,"chinese_new_year","after",1564,"BAWANG PUTIH IMPORT (CHINA)","1kg","Kelantan",70,13,14,6,23,41,8.57,8.00,7.88,0.00
2023,"chinese_new_year","after",1564,"BAWANG PUTIH IMPORT (CHINA)","1kg","Melaka",26,11,13,3,11,12,11.54,8.50,8.50,0.00
2023,"chinese_new_year","after",1564,"BAWANG PUTIH IMPORT (CHINA)","1kg","Negeri Sembilan",39,11,11,10,13,16,25.64,8.00,8.40,0.00
2023,"chinese_new_year","after",1564,"BAWANG PUTIH IMPORT (CHINA)","1kg","Pahang",74,11,13,4,26,44,5.41,8.00,8.00,0.00
2023,"chinese_new_year","after",1564,"BAWANG PUTIH IMPORT (CHINA)","1kg","Perak",87,11,11,27,31,29,31.03,8.00,8.00,0.00
2023,"chinese_new_year","after",1564,"BAWANG PUTIH IMPORT (CHINA)","1kg","Perlis",24,12,13,1,5,18,4.17,8.00,8.00,0.00
2023,"chinese_new_year","after",1564,"BAWANG PUTIH IMPORT (CHINA)","1kg","Pulau Pinang",81,11,11,15,26,40,18.52,8.00,8.00,0.00
2023,"chinese_new_year","after",1564,"BAWANG PUTIH IMPORT (CHINA)","1kg","Sabah",120,11,13,22,29,69,18.33,7.90,8.00,0.00
2023,"chinese_new_year","after",1564,"BAWANG PUTIH IMPORT (CHINA)","1kg","Sarawak",117,11,13,19,25,73,16.24,7.50,7.90,0.00
2023,"chinese_new_year","after",1564,"BAWANG PUTIH IMPORT (CHINA)","1kg","Selangor",84,11,11,20,32,32,23.81,7.99,7.99,0.00
2023,"chinese_new_year","after",1564,"BAWANG PUTIH IMPORT (CHINA)","1kg","Terengganu",72,13,14,7,13,52,9.72,8.00,8.00,0.00
2023,"chinese_new_year","after",1564,"BAWANG PUTIH IMPORT (CHINA)","1kg","W.P. Kuala Lumpur",104,11,10,24,36,44,23.08,8.10,8.25,0.00
2023,"chinese_new_year","after",1564,"BAWANG PUTIH IMPORT (CHINA)","1kg","W.P. Labuan",14,11,12,6,3,5,42.86,7.25,8.50,0.00
2023,"chinese_new_year","after",1564,"BAWANG PUTIH IMPORT (CHINA)","1kg","W.P. Putrajaya",15,11,10,3,8,4,20.00,8.95,8.50,-1.67
2023,"chinese_new_year","lead_up",1,"AYAM BERSIH - STANDARD","1kg","Johor",108,13,14,8,33,67,7.41,9.37,9.39,0.00
2023,"chinese_new_year","lead_up",1,"AYAM BERSIH - STANDARD","1kg","Kedah",52,13,14,6,5,41,11.54,9.40,9.40,0.00
2023,"chinese_new_year","lead_up",1,"AYAM BERSIH - STANDARD","1kg","Kelantan",71,13,14,4,10,57,5.63,9.40,9.40,0.00
2023,"chinese_new_year","lead_up",1,"AYAM BERSIH - STANDARD","1kg","Melaka",18,11,14,0,6,12,0.00,9.40,9.40,0.00
2023,"chinese_new_year","lead_up",1,"AYAM BERSIH - STANDARD","1kg","Negeri Sembilan",33,11,13,5,6,22,15.15,8.99,9.25,0.00
2023,"chinese_new_year","lead_up",1,"AYAM BERSIH - STANDARD","1kg","Pahang",71,11,14,5,15,51,7.04,9.19,9.19,0.00
2023,"chinese_new_year","lead_up",1,"AYAM BERSIH - STANDARD","1kg","Perak",78,11,14,2,24,52,2.56,9.39,9.39,0.00
2023,"chinese_new_year","lead_up",1,"AYAM BERSIH - STANDARD","1kg","Perlis",15,12,14,1,3,11,6.67,9.20,9.20,0.00
2023,"chinese_new_year","lead_up",1,"AYAM BERSIH - STANDARD","1kg","Pulau Pinang",68,11,14,4,10,54,5.88,9.40,9.40,0.00
2023,"chinese_new_year","lead_up",1,"AYAM BERSIH - STANDARD","1kg","Sabah",9,11,14,0,1,8,0.00,11.30,11.30,0.00
2023,"chinese_new_year","lead_up",1,"AYAM BERSIH - STANDARD","1kg","Sarawak",13,11,14,0,0,13,0.00,9.80,9.80,0.00
2023,"chinese_new_year","lead_up",1,"AYAM BERSIH - STANDARD","1kg","Selangor",85,11,14,13,18,54,15.29,9.39,9.40,0.00
2023,"chinese_new_year","lead_up",1,"AYAM BERSIH - STANDARD","1kg","Terengganu",75,13,14,7,7,61,9.33,9.40,9.40,0.00
2023,"chinese_new_year","lead_up",1,"AYAM BERSIH - STANDARD","1kg","W.P. Kuala Lumpur",78,11,14,7,19,52,8.97,9.40,9.40,0.00
2023,"chinese_new_year","lead_up",1,"AYAM BERSIH - STANDARD","1kg","W.P. Putrajaya",13,11,14,0,5,8,0.00,9.40,9.39,0.00
2023,"chinese_new_year","lead_up",94,"CILI MERAH - MINYAK","1kg","Johor",49,13,14,9,24,16,18.37,14.99,12.99,0.00
2023,"chinese_new_year","lead_up",94,"CILI MERAH - MINYAK","1kg","Kedah",23,13,14,2,15,6,8.70,14.49,12.99,-7.19
2023,"chinese_new_year","lead_up",94,"CILI MERAH - MINYAK","1kg","Kelantan",20,13,14,3,9,8,15.00,18.00,16.35,0.00
2023,"chinese_new_year","lead_up",94,"CILI MERAH - MINYAK","1kg","Negeri Sembilan",30,11,13,6,16,8,20.00,13.95,12.00,-6.91
2023,"chinese_new_year","lead_up",94,"CILI MERAH - MINYAK","1kg","Pahang",63,11,14,10,34,19,15.87,14.99,13.50,-6.25
2023,"chinese_new_year","lead_up",94,"CILI MERAH - MINYAK","1kg","Perak",43,11,14,2,33,8,4.65,15.00,12.74,-10.00
2023,"chinese_new_year","lead_up",94,"CILI MERAH - MINYAK","1kg","Perlis",11,12,14,1,5,5,9.09,16.00,14.99,0.00
2023,"chinese_new_year","lead_up",94,"CILI MERAH - MINYAK","1kg","Pulau Pinang",39,11,14,3,16,20,7.69,13.99,12.99,0.00
2023,"chinese_new_year","lead_up",94,"CILI MERAH - MINYAK","1kg","Sabah",19,11,14,3,2,14,15.79,18.90,19.99,0.00
2023,"chinese_new_year","lead_up",94,"CILI MERAH - MINYAK","1kg","Sarawak",81,12,14,25,8,48,30.86,18.99,19.00,0.00
2023,"chinese_new_year","lead_up",94,"CILI MERAH - MINYAK","1kg","Selangor",75,11,14,6,40,29,8.00,13.99,12.88,-3.85
2023,"chinese_new_year","lead_up",94,"CILI MERAH - MINYAK","1kg","Terengganu",46,13,14,3,34,9,6.52,15.92,14.75,-8.40
2023,"chinese_new_year","lead_up",94,"CILI MERAH - MINYAK","1kg","W.P. Kuala Lumpur",83,11,14,8,42,33,9.64,14.99,13.00,-3.85
2023,"chinese_new_year","lead_up",103,"SANTAN KELAPA SEGAR (BIASA)","1kg","Johor",20,13,14,1,0,19,5.00,8.25,8.25,0.00
2023,"chinese_new_year","lead_up",103,"SANTAN KELAPA SEGAR (BIASA)","1kg","Kedah",9,13,14,0,0,9,0.00,12.00,12.00,0.00
2023,"chinese_new_year","lead_up",103,"SANTAN KELAPA SEGAR (BIASA)","1kg","Kelantan",13,13,14,0,1,12,0.00,8.90,8.90,0.00
2023,"chinese_new_year","lead_up",103,"SANTAN KELAPA SEGAR (BIASA)","1kg","Negeri Sembilan",20,11,13,0,0,20,0.00,8.35,8.35,0.00
2023,"chinese_new_year","lead_up",103,"SANTAN KELAPA SEGAR (BIASA)","1kg","Pahang",30,11,14,1,0,29,3.33,6.90,6.90,0.00
2023,"chinese_new_year","lead_up",103,"SANTAN KELAPA SEGAR (BIASA)","1kg","Perak",41,11,14,1,0,40,2.44,9.00,9.00,0.00
2023,"chinese_new_year","lead_up",103,"SANTAN KELAPA SEGAR (BIASA)","1kg","Pulau Pinang",25,11,14,0,0,25,0.00,11.00,11.00,0.00
2023,"chinese_new_year","lead_up",103,"SANTAN KELAPA SEGAR (BIASA)","1kg","Selangor",36,11,14,0,2,34,0.00,6.95,6.90,0.00
2023,"chinese_new_year","lead_up",103,"SANTAN KELAPA SEGAR (BIASA)","1kg","Terengganu",10,13,14,0,0,10,0.00,10.00,10.00,0.00
2023,"chinese_new_year","lead_up",103,"SANTAN KELAPA SEGAR (BIASA)","1kg","W.P. Kuala Lumpur",39,11,14,1,2,36,2.56,6.20,6.20,0.00
2023,"chinese_new_year","lead_up",103,"SANTAN KELAPA SEGAR (BIASA)","1kg","W.P. Putrajaya",5,11,14,0,1,4,0.00,7.99,7.99,0.00
2023,"chinese_new_year","lead_up",114,"TOMATO","1kg","Johor",119,13,14,88,3,28,73.95,6.99,8.00,12.52
2023,"chinese_new_year","lead_up",114,"TOMATO","1kg","Kedah",64,13,14,51,4,9,79.69,7.00,8.50,16.32
2023,"chinese_new_year","lead_up",114,"TOMATO","1kg","Kelantan",78,13,14,53,6,19,67.95,6.99,8.00,14.49
2023,"chinese_new_year","lead_up",114,"TOMATO","1kg","Melaka",24,11,14,20,0,4,83.33,7.99,8.95,9.62
2023,"chinese_new_year","lead_up",114,"TOMATO","1kg","Negeri Sembilan",34,11,13,26,1,7,76.47,7.50,8.00,9.87
2023,"chinese_new_year","lead_up",114,"TOMATO","1kg","Pahang",77,11,14,62,1,14,80.52,7.89,8.49,11.24
2023,"chinese_new_year","lead_up",114,"TOMATO","1kg","Perak",85,11,14,63,5,17,74.12,7.70,8.00,12.50
2023,"chinese_new_year","lead_up",114,"TOMATO","1kg","Perlis",21,12,14,10,3,8,47.62,7.00,8.00,0.00
2023,"chinese_new_year","lead_up",114,"TOMATO","1kg","Pulau Pinang",76,11,14,60,5,11,78.95,7.50,8.32,12.50
2023,"chinese_new_year","lead_up",114,"TOMATO","1kg","Sabah",79,11,14,21,4,54,26.58,6.99,7.00,0.00
2023,"chinese_new_year","lead_up",114,"TOMATO","1kg","Sarawak",71,12,14,28,6,37,39.44,8.99,10.00,0.00
2023,"chinese_new_year","lead_up",114,"TOMATO","1kg","Selangor",88,11,14,56,8,24,63.64,7.87,8.00,10.37
2023,"chinese_new_year","lead_up",114,"TOMATO","1kg","Terengganu",62,13,14,51,4,7,82.26,7.49,9.02,15.09
2023,"chinese_new_year","lead_up",114,"TOMATO","1kg","W.P. Kuala Lumpur",110,11,14,62,12,36,56.36,7.20,7.99,6.60
2023,"chinese_new_year","lead_up",114,"TOMATO","1kg","W.P. Labuan",12,11,14,1,4,7,8.33,7.25,7.45,0.00
2023,"chinese_new_year","lead_up",114,"TOMATO","1kg","W.P. Putrajaya",19,11,14,10,2,7,52.63,8.00,8.95,0.09
2023,"chinese_new_year","lead_up",129,"BAWANG BESAR KUNING/HOLLAND","1kg","Johor",121,13,14,20,8,93,16.53,4.50,4.50,0.00
2023,"chinese_new_year","lead_up",129,"BAWANG BESAR KUNING/HOLLAND","1kg","Kedah",78,13,14,15,1,62,19.23,4.50,4.59,0.00
2023,"chinese_new_year","lead_up",129,"BAWANG BESAR KUNING/HOLLAND","1kg","Kelantan",122,13,14,17,9,96,13.93,4.50,4.50,0.00
2023,"chinese_new_year","lead_up",129,"BAWANG BESAR KUNING/HOLLAND","1kg","Melaka",24,11,14,4,0,20,16.67,4.65,4.70,0.00
2023,"chinese_new_year","lead_up",129,"BAWANG BESAR KUNING/HOLLAND","1kg","Negeri Sembilan",34,11,13,7,1,26,20.59,4.50,4.59,0.00
2023,"chinese_new_year","lead_up",129,"BAWANG BESAR KUNING/HOLLAND","1kg","Pahang",77,11,14,5,1,71,6.49,4.50,4.50,0.00
2023,"chinese_new_year","lead_up",129,"BAWANG BESAR KUNING/HOLLAND","1kg","Perak",81,11,14,19,11,51,23.46,4.49,4.50,0.00
2023,"chinese_new_year","lead_up",129,"BAWANG BESAR KUNING/HOLLAND","1kg","Perlis",29,12,14,2,3,24,6.90,4.95,4.94,0.00
2023,"chinese_new_year","lead_up",129,"BAWANG BESAR KUNING/HOLLAND","1kg","Pulau Pinang",73,11,14,18,6,49,24.66,4.50,4.95,0.00
2023,"chinese_new_year","lead_up",129,"BAWANG BESAR KUNING/HOLLAND","1kg","Sabah",129,11,14,9,7,113,6.98,5.50,5.50,0.00
2023,"chinese_new_year","lead_up",129,"BAWANG BESAR KUNING/HOLLAND","1kg","Sarawak",134,12,14,18,8,108,13.43,5.00,5.00,0.00
2023,"chinese_new_year","lead_up",129,"BAWANG BESAR KUNING/HOLLAND","1kg","Selangor",83,11,14,23,5,55,27.71,4.50,4.59,0.00
2023,"chinese_new_year","lead_up",129,"BAWANG BESAR KUNING/HOLLAND","1kg","Terengganu",102,13,14,14,2,86,13.73,4.50,4.50,0.00
2023,"chinese_new_year","lead_up",129,"BAWANG BESAR KUNING/HOLLAND","1kg","W.P. Kuala Lumpur",99,11,14,31,3,65,31.31,4.50,4.90,0.00
2023,"chinese_new_year","lead_up",129,"BAWANG BESAR KUNING/HOLLAND","1kg","W.P. Labuan",14,11,14,1,0,13,7.14,5.55,5.55,0.00
2023,"chinese_new_year","lead_up",129,"BAWANG BESAR KUNING/HOLLAND","1kg","W.P. Putrajaya",18,11,14,4,1,13,22.22,4.90,4.90,0.00
2023,"chinese_new_year","lead_up",918,"MINYAK MASAK PAKET (PELBAGAI JENAMA)","1kg","Johor",36,13,14,0,0,36,0.00,2.50,2.50,0.00
2023,"chinese_new_year","lead_up",918,"MINYAK MASAK PAKET (PELBAGAI JENAMA)","1kg","Kedah",48,13,14,0,0,48,0.00,2.50,2.50,0.00
2023,"chinese_new_year","lead_up",918,"MINYAK MASAK PAKET (PELBAGAI JENAMA)","1kg","Kelantan",88,13,14,0,0,88,0.00,2.50,2.50,0.00
2023,"chinese_new_year","lead_up",918,"MINYAK MASAK PAKET (PELBAGAI JENAMA)","1kg","Melaka",12,10,14,0,0,12,0.00,2.50,2.50,0.00
2023,"chinese_new_year","lead_up",918,"MINYAK MASAK PAKET (PELBAGAI JENAMA)","1kg","Negeri Sembilan",10,9,13,0,0,10,0.00,2.50,2.50,0.00
2023,"chinese_new_year","lead_up",918,"MINYAK MASAK PAKET (PELBAGAI JENAMA)","1kg","Pahang",41,11,14,0,0,41,0.00,2.50,2.50,0.00
2023,"chinese_new_year","lead_up",918,"MINYAK MASAK PAKET (PELBAGAI JENAMA)","1kg","Perak",28,11,14,0,0,28,0.00,2.50,2.50,0.00
2023,"chinese_new_year","lead_up",918,"MINYAK MASAK PAKET (PELBAGAI JENAMA)","1kg","Perlis",21,12,14,0,0,21,0.00,2.50,2.50,0.00
2023,"chinese_new_year","lead_up",918,"MINYAK MASAK PAKET (PELBAGAI JENAMA)","1kg","Pulau Pinang",31,9,14,0,0,31,0.00,2.50,2.50,0.00
2023,"chinese_new_year","lead_up",918,"MINYAK MASAK PAKET (PELBAGAI JENAMA)","1kg","Sabah",22,11,14,0,0,22,0.00,2.50,2.50,0.00
2023,"chinese_new_year","lead_up",918,"MINYAK MASAK PAKET (PELBAGAI JENAMA)","1kg","Sarawak",23,11,14,0,0,23,0.00,2.50,2.50,0.00
2023,"chinese_new_year","lead_up",918,"MINYAK MASAK PAKET (PELBAGAI JENAMA)","1kg","Selangor",60,11,14,0,0,60,0.00,2.50,2.50,0.00
2023,"chinese_new_year","lead_up",918,"MINYAK MASAK PAKET (PELBAGAI JENAMA)","1kg","Terengganu",53,13,14,0,1,52,0.00,2.50,2.50,0.00
2023,"chinese_new_year","lead_up",918,"MINYAK MASAK PAKET (PELBAGAI JENAMA)","1kg","W.P. Kuala Lumpur",42,11,14,0,0,42,0.00,2.50,2.50,0.00
2023,"chinese_new_year","lead_up",1111,"TELUR AYAM GRED C","30 biji","Johor",40,13,14,1,0,39,2.50,12.30,12.30,0.00
2023,"chinese_new_year","lead_up",1111,"TELUR AYAM GRED C","30 biji","Kedah",11,12,13,0,0,11,0.00,12.30,12.30,0.00
2023,"chinese_new_year","lead_up",1111,"TELUR AYAM GRED C","30 biji","Kelantan",15,13,14,0,1,14,0.00,12.30,12.30,0.00
2023,"chinese_new_year","lead_up",1111,"TELUR AYAM GRED C","30 biji","Melaka",8,11,14,0,0,8,0.00,12.30,12.30,0.00
2023,"chinese_new_year","lead_up",1111,"TELUR AYAM GRED C","30 biji","Negeri Sembilan",14,11,13,0,0,14,0.00,12.30,12.30,0.00
2023,"chinese_new_year","lead_up",1111,"TELUR AYAM GRED C","30 biji","Pahang",22,11,14,0,1,21,0.00,12.30,12.30,0.00
2023,"chinese_new_year","lead_up",1111,"TELUR AYAM GRED C","30 biji","Perak",22,11,14,0,0,22,0.00,12.30,12.30,0.00
2023,"chinese_new_year","lead_up",1111,"TELUR AYAM GRED C","30 biji","Pulau Pinang",20,11,14,0,0,20,0.00,12.30,12.30,0.00
2023,"chinese_new_year","lead_up",1111,"TELUR AYAM GRED C","30 biji","Sabah",26,11,14,0,0,26,0.00,14.70,14.70,0.00
2023,"chinese_new_year","lead_up",1111,"TELUR AYAM GRED C","30 biji","Sarawak",10,11,12,0,0,10,0.00,12.90,12.90,0.00
2023,"chinese_new_year","lead_up",1111,"TELUR AYAM GRED C","30 biji","Selangor",22,11,14,0,0,22,0.00,12.30,12.30,0.00
2023,"chinese_new_year","lead_up",1111,"TELUR AYAM GRED C","30 biji","Terengganu",6,9,11,0,0,6,0.00,12.30,12.30,0.00
2023,"chinese_new_year","lead_up",1111,"TELUR AYAM GRED C","30 biji","W.P. Kuala Lumpur",28,11,14,0,1,27,0.00,12.30,12.30,0.00
2023,"chinese_new_year","lead_up",1131,"UBI KENTANG IMPORT (CHINA)","1kg","Johor",112,13,14,8,21,83,7.14,3.00,3.00,0.00
2023,"chinese_new_year","lead_up",1131,"UBI KENTANG IMPORT (CHINA)","1kg","Kedah",48,13,14,3,6,39,6.25,3.00,3.10,0.00
2023,"chinese_new_year","lead_up",1131,"UBI KENTANG IMPORT (CHINA)","1kg","Kelantan",56,13,14,4,11,41,7.14,3.99,4.00,0.00
2023,"chinese_new_year","lead_up",1131,"UBI KENTANG IMPORT (CHINA)","1kg","Melaka",16,11,14,1,5,10,6.25,3.00,3.00,0.00
2023,"chinese_new_year","lead_up",1131,"UBI KENTANG IMPORT (CHINA)","1kg","Negeri Sembilan",27,11,13,3,5,19,11.11,2.90,2.90,0.00
2023,"chinese_new_year","lead_up",1131,"UBI KENTANG IMPORT (CHINA)","1kg","Pahang",71,11,14,4,8,59,5.63,3.10,3.49,0.00
2023,"chinese_new_year","lead_up",1131,"UBI KENTANG IMPORT (CHINA)","1kg","Perak",82,11,14,5,19,58,6.10,3.49,3.48,0.00
2023,"chinese_new_year","lead_up",1131,"UBI KENTANG IMPORT (CHINA)","1kg","Perlis",21,12,14,3,2,16,14.29,3.99,4.00,0.00
2023,"chinese_new_year","lead_up",1131,"UBI KENTANG IMPORT (CHINA)","1kg","Pulau Pinang",76,11,14,7,9,60,9.21,3.50,3.63,0.00
2023,"chinese_new_year","lead_up",1131,"UBI KENTANG IMPORT (CHINA)","1kg","Sabah",104,11,14,11,22,71,10.58,3.99,3.99,0.00
2023,"chinese_new_year","lead_up",1131,"UBI KENTANG IMPORT (CHINA)","1kg","Sarawak",111,11,14,7,36,68,6.31,3.99,3.99,0.00
2023,"chinese_new_year","lead_up",1131,"UBI KENTANG IMPORT (CHINA)","1kg","Selangor",78,11,14,5,16,57,6.41,2.99,3.00,0.00
2023,"chinese_new_year","lead_up",1131,"UBI KENTANG IMPORT (CHINA)","1kg","Terengganu",72,13,14,5,4,63,6.94,3.50,3.65,0.00
2023,"chinese_new_year","lead_up",1131,"UBI KENTANG IMPORT (CHINA)","1kg","W.P. Kuala Lumpur",92,11,14,11,18,63,11.96,3.50,3.50,0.00
2023,"chinese_new_year","lead_up",1131,"UBI KENTANG IMPORT (CHINA)","1kg","W.P. Labuan",14,11,14,3,5,6,21.43,4.00,4.00,0.00
2023,"chinese_new_year","lead_up",1131,"UBI KENTANG IMPORT (CHINA)","1kg","W.P. Putrajaya",17,11,14,2,3,12,11.76,3.70,3.99,0.00
2023,"chinese_new_year","lead_up",1431,"DAGING LEMBU TEMPATAN (BAHAGIAN 1 DAGING PAHA (KECUALI BATANG PINANG - TENDERLOIN)","1kg","Johor",9,13,14,0,0,9,0.00,39.00,39.00,0.00
2023,"chinese_new_year","lead_up",1431,"DAGING LEMBU TEMPATAN (BAHAGIAN 1 DAGING PAHA (KECUALI BATANG PINANG - TENDERLOIN)","1kg","Kedah",12,13,14,0,0,12,0.00,39.00,39.00,0.00
2023,"chinese_new_year","lead_up",1431,"DAGING LEMBU TEMPATAN (BAHAGIAN 1 DAGING PAHA (KECUALI BATANG PINANG - TENDERLOIN)","1kg","Kelantan",17,13,14,0,1,16,0.00,34.00,34.00,0.00
2023,"chinese_new_year","lead_up",1431,"DAGING LEMBU TEMPATAN (BAHAGIAN 1 DAGING PAHA (KECUALI BATANG PINANG - TENDERLOIN)","1kg","Melaka",7,11,14,0,0,7,0.00,38.00,38.00,0.00
2023,"chinese_new_year","lead_up",1431,"DAGING LEMBU TEMPATAN (BAHAGIAN 1 DAGING PAHA (KECUALI BATANG PINANG - TENDERLOIN)","1kg","Negeri Sembilan",9,11,13,1,0,8,11.11,40.00,40.00,0.00
2023,"chinese_new_year","lead_up",1431,"DAGING LEMBU TEMPATAN (BAHAGIAN 1 DAGING PAHA (KECUALI BATANG PINANG - TENDERLOIN)","1kg","Pahang",8,11,14,0,0,8,0.00,37.00,37.00,0.00
2023,"chinese_new_year","lead_up",1431,"DAGING LEMBU TEMPATAN (BAHAGIAN 1 DAGING PAHA (KECUALI BATANG PINANG - TENDERLOIN)","1kg","Perak",18,11,14,1,0,17,5.56,37.50,38.00,0.00
2023,"chinese_new_year","lead_up",1431,"DAGING LEMBU TEMPATAN (BAHAGIAN 1 DAGING PAHA (KECUALI BATANG PINANG - TENDERLOIN)","1kg","Pulau Pinang",15,11,14,0,0,15,0.00,40.00,40.00,0.00
2023,"chinese_new_year","lead_up",1431,"DAGING LEMBU TEMPATAN (BAHAGIAN 1 DAGING PAHA (KECUALI BATANG PINANG - TENDERLOIN)","1kg","Selangor",12,11,14,1,0,11,8.33,39.50,39.50,0.00
2023,"chinese_new_year","lead_up",1431,"DAGING LEMBU TEMPATAN (BAHAGIAN 1 DAGING PAHA (KECUALI BATANG PINANG - TENDERLOIN)","1kg","Terengganu",13,13,14,0,0,13,0.00,36.00,36.00,0.00
2023,"chinese_new_year","lead_up",1431,"DAGING LEMBU TEMPATAN (BAHAGIAN 1 DAGING PAHA (KECUALI BATANG PINANG - TENDERLOIN)","1kg","W.P. Kuala Lumpur",6,11,14,0,0,6,0.00,51.10,51.10,0.00
2023,"chinese_new_year","lead_up",1555,"UDANG PUTIH/VANNAMEI (TERNAK) (ANTARA 41 HINGGA 60 EKOR SEKILOGRAM)","1kg","Johor",91,13,14,36,39,16,39.56,35.00,35.25,0.00
2023,"chinese_new_year","lead_up",1555,"UDANG PUTIH/VANNAMEI (TERNAK) (ANTARA 41 HINGGA 60 EKOR SEKILOGRAM)","1kg","Kedah",41,13,14,12,8,21,29.27,30.00,30.00,0.00
2023,"chinese_new_year","lead_up",1555,"UDANG PUTIH/VANNAMEI (TERNAK) (ANTARA 41 HINGGA 60 EKOR SEKILOGRAM)","1kg","Kelantan",62,13,14,36,16,10,58.06,33.99,35.00,3.30
2023,"chinese_new_year","lead_up",1555,"UDANG PUTIH/VANNAMEI (TERNAK) (ANTARA 41 HINGGA 60 EKOR SEKILOGRAM)","1kg","Melaka",19,11,14,8,5,6,42.11,35.90,35.90,0.00
2023,"chinese_new_year","lead_up",1555,"UDANG PUTIH/VANNAMEI (TERNAK) (ANTARA 41 HINGGA 60 EKOR SEKILOGRAM)","1kg","Negeri Sembilan",24,11,13,12,7,5,50.00,35.00,35.25,0.70
2023,"chinese_new_year","lead_up",1555,"UDANG PUTIH/VANNAMEI (TERNAK) (ANTARA 41 HINGGA 60 EKOR SEKILOGRAM)","1kg","Pahang",63,11,14,29,20,14,46.03,36.99,37.99,0.00
2023,"chinese_new_year","lead_up",1555,"UDANG PUTIH/VANNAMEI (TERNAK) (ANTARA 41 HINGGA 60 EKOR SEKILOGRAM)","1kg","Perak",76,11,14,29,24,23,38.16,32.00,33.00,0.00
2023,"chinese_new_year","lead_up",1555,"UDANG PUTIH/VANNAMEI (TERNAK) (ANTARA 41 HINGGA 60 EKOR SEKILOGRAM)","1kg","Perlis",12,12,14,7,1,4,58.33,32.75,33.50,3.56
2023,"chinese_new_year","lead_up",1555,"UDANG PUTIH/VANNAMEI (TERNAK) (ANTARA 41 HINGGA 60 EKOR SEKILOGRAM)","1kg","Pulau Pinang",50,11,14,14,22,14,28.00,34.00,34.00,0.00
2023,"chinese_new_year","lead_up",1555,"UDANG PUTIH/VANNAMEI (TERNAK) (ANTARA 41 HINGGA 60 EKOR SEKILOGRAM)","1kg","Sabah",27,11,14,8,5,14,29.63,34.88,35.94,0.00
2023,"chinese_new_year","lead_up",1555,"UDANG PUTIH/VANNAMEI (TERNAK) (ANTARA 41 HINGGA 60 EKOR SEKILOGRAM)","1kg","Sarawak",34,11,14,4,9,21,11.76,36.00,35.00,0.00
2023,"chinese_new_year","lead_up",1555,"UDANG PUTIH/VANNAMEI (TERNAK) (ANTARA 41 HINGGA 60 EKOR SEKILOGRAM)","1kg","Selangor",77,11,14,29,19,29,37.66,34.00,34.00,0.00
2023,"chinese_new_year","lead_up",1555,"UDANG PUTIH/VANNAMEI (TERNAK) (ANTARA 41 HINGGA 60 EKOR SEKILOGRAM)","1kg","Terengganu",51,13,14,22,9,20,43.14,33.99,34.00,0.00
2023,"chinese_new_year","lead_up",1555,"UDANG PUTIH/VANNAMEI (TERNAK) (ANTARA 41 HINGGA 60 EKOR SEKILOGRAM)","1kg","W.P. Kuala Lumpur",77,11,14,24,34,19,31.17,38.90,38.99,0.00
2023,"chinese_new_year","lead_up",1555,"UDANG PUTIH/VANNAMEI (TERNAK) (ANTARA 41 HINGGA 60 EKOR SEKILOGRAM)","1kg","W.P. Putrajaya",14,11,14,3,7,4,21.43,39.99,39.70,-0.63
2023,"chinese_new_year","lead_up",1564,"BAWANG PUTIH IMPORT (CHINA)","1kg","Johor",133,13,14,19,57,57,14.29,7.99,7.99,0.00
2023,"chinese_new_year","lead_up",1564,"BAWANG PUTIH IMPORT (CHINA)","1kg","Kedah",74,13,14,10,29,35,13.51,8.00,8.00,0.00
2023,"chinese_new_year","lead_up",1564,"BAWANG PUTIH IMPORT (CHINA)","1kg","Kelantan",72,13,14,6,21,45,8.33,8.00,7.99,0.00
2023,"chinese_new_year","lead_up",1564,"BAWANG PUTIH IMPORT (CHINA)","1kg","Melaka",26,11,14,2,14,10,7.69,8.50,8.50,-1.47
2023,"chinese_new_year","lead_up",1564,"BAWANG PUTIH IMPORT (CHINA)","1kg","Negeri Sembilan",39,11,13,9,16,14,23.08,8.00,8.25,0.00
2023,"chinese_new_year","lead_up",1564,"BAWANG PUTIH IMPORT (CHINA)","1kg","Pahang",74,11,14,4,38,32,5.41,8.00,8.00,-1.42
2023,"chinese_new_year","lead_up",1564,"BAWANG PUTIH IMPORT (CHINA)","1kg","Perak",89,11,14,22,35,32,24.72,8.00,8.00,0.00
2023,"chinese_new_year","lead_up",1564,"BAWANG PUTIH IMPORT (CHINA)","1kg","Perlis",24,12,14,0,3,21,0.00,8.00,8.00,0.00
2023,"chinese_new_year","lead_up",1564,"BAWANG PUTIH IMPORT (CHINA)","1kg","Pulau Pinang",81,11,14,13,34,34,16.05,8.00,8.00,0.00
2023,"chinese_new_year","lead_up",1564,"BAWANG PUTIH IMPORT (CHINA)","1kg","Sabah",127,11,14,11,33,83,8.66,7.90,7.98,0.00
2023,"chinese_new_year","lead_up",1564,"BAWANG PUTIH IMPORT (CHINA)","1kg","Sarawak",125,12,14,10,31,84,8.00,7.80,7.90,0.00
2023,"chinese_new_year","lead_up",1564,"BAWANG PUTIH IMPORT (CHINA)","1kg","Selangor",86,11,14,20,38,28,23.26,7.99,7.99,0.00
2023,"chinese_new_year","lead_up",1564,"BAWANG PUTIH IMPORT (CHINA)","1kg","Terengganu",76,13,14,6,18,52,7.89,8.00,8.00,0.00
2023,"chinese_new_year","lead_up",1564,"BAWANG PUTIH IMPORT (CHINA)","1kg","W.P. Kuala Lumpur",108,11,14,21,45,42,19.44,8.10,8.20,0.00
2023,"chinese_new_year","lead_up",1564,"BAWANG PUTIH IMPORT (CHINA)","1kg","W.P. Labuan",14,11,14,3,3,8,21.43,7.25,7.50,0.00
2023,"chinese_new_year","lead_up",1564,"BAWANG PUTIH IMPORT (CHINA)","1kg","W.P. Putrajaya",16,11,14,2,10,4,12.50,8.93,8.50,-3.85
2023,"deepavali","after",1,"AYAM BERSIH - STANDARD","1kg","Johor",106,13,14,11,74,21,10.38,8.79,8.42,-4.26
2023,"deepavali","after",1,"AYAM BERSIH - STANDARD","1kg","Kedah",54,13,14,9,30,15,16.67,9.40,9.00,-1.07
2023,"deepavali","after",1,"AYAM BERSIH - STANDARD","1kg","Kelantan",74,13,14,3,63,8,4.05,8.99,8.50,-4.26
2023,"deepavali","after",1,"AYAM BERSIH - STANDARD","1kg","Melaka",19,13,14,6,11,2,31.58,8.99,8.80,-3.19
2023,"deepavali","after",1,"AYAM BERSIH - STANDARD","1kg","Negeri Sembilan",30,13,14,5,18,7,16.67,8.99,8.45,-3.75
2023,"deepavali","after",1,"AYAM BERSIH - STANDARD","1kg","Pahang",76,13,14,9,58,9,11.84,8.79,8.32,-4.55
2023,"deepavali","after",1,"AYAM BERSIH - STANDARD","1kg","Perak",82,13,14,10,53,19,12.20,8.90,8.49,-3.41
2023,"deepavali","after",1,"AYAM BERSIH - STANDARD","1kg","Perlis",16,13,14,4,9,3,25.00,9.29,8.89,-3.07
2023,"deepavali","after",1,"AYAM BERSIH - STANDARD","1kg","Pulau Pinang",63,13,14,1,23,39,1.59,9.40,9.40,0.00
2023,"deepavali","after",1,"AYAM BERSIH - STANDARD","1kg","Sabah",6,13,14,2,1,3,33.33,11.30,11.30,0.00
2023,"deepavali","after",1,"AYAM BERSIH - STANDARD","1kg","Sarawak",8,13,14,8,0,0,100.00,9.80,11.40,10.97
2023,"deepavali","after",1,"AYAM BERSIH - STANDARD","1kg","Selangor",80,13,14,15,49,16,18.75,8.99,8.49,-3.75
2023,"deepavali","after",1,"AYAM BERSIH - STANDARD","1kg","Terengganu",85,13,14,15,65,5,17.65,9.35,8.70,-4.60
2023,"deepavali","after",1,"AYAM BERSIH - STANDARD","1kg","W.P. Kuala Lumpur",82,13,14,9,52,21,10.98,9.20,8.80,-3.47
2023,"deepavali","after",1,"AYAM BERSIH - STANDARD","1kg","W.P. Putrajaya",14,13,14,2,11,1,14.29,8.99,8.67,-3.62
2023,"deepavali","after",94,"CILI MERAH - MINYAK","1kg","Johor",60,13,14,48,3,9,80.00,11.99,16.95,30.79
2023,"deepavali","after",94,"CILI MERAH - MINYAK","1kg","Kedah",23,13,14,19,3,1,82.61,11.99,15.99,46.19
2023,"deepavali","after",94,"CILI MERAH - MINYAK","1kg","Kelantan",24,13,14,17,1,6,70.83,13.90,17.00,12.92
2023,"deepavali","after",94,"CILI MERAH - MINYAK","1kg","Negeri Sembilan",28,13,14,25,0,3,89.29,11.95,16.25,32.58
2023,"deepavali","after",94,"CILI MERAH - MINYAK","1kg","Pahang",66,13,14,59,3,4,89.39,12.45,17.00,36.40
2023,"deepavali","after",94,"CILI MERAH - MINYAK","1kg","Perak",46,13,14,42,0,4,91.30,11.99,16.95,52.47
2023,"deepavali","after",94,"CILI MERAH - MINYAK","1kg","Perlis",14,13,14,7,1,6,50.00,13.75,16.25,3.16
2023,"deepavali","after",94,"CILI MERAH - MINYAK","1kg","Pulau Pinang",33,13,14,30,1,2,90.91,11.90,16.00,42.02
2023,"deepavali","after",94,"CILI MERAH - MINYAK","1kg","Sabah",12,13,14,4,6,2,33.33,20.00,18.50,-2.50
2023,"deepavali","after",94,"CILI MERAH - MINYAK","1kg","Sarawak",83,13,14,4,60,19,4.82,21.99,18.00,-12.00
2023,"deepavali","after",94,"CILI MERAH - MINYAK","1kg","Selangor",66,13,14,57,3,6,86.36,12.00,15.13,29.91
2023,"deepavali","after",94,"CILI MERAH - MINYAK","1kg","Terengganu",41,13,14,38,0,3,92.68,13.00,17.45,41.20
2023,"deepavali","after",94,"CILI MERAH - MINYAK","1kg","W.P. Kuala Lumpur",78,13,14,64,4,10,82.05,12.48,15.95,21.44
2023,"deepavali","after",103,"SANTAN KELAPA SEGAR (BIASA)","1kg","Johor",23,13,14,2,0,21,8.70,8.59,8.59,0.00
2023,"deepavali","after",103,"SANTAN KELAPA SEGAR (BIASA)","1kg","Kedah",10,13,14,0,0,10,0.00,12.00,12.00,0.00
2023,"deepavali","after",103,"SANTAN KELAPA SEGAR (BIASA)","1kg","Kelantan",13,13,14,0,0,13,0.00,8.90,8.90,0.00
2023,"deepavali","after",103,"SANTAN KELAPA SEGAR (BIASA)","1kg","Negeri Sembilan",17,13,14,0,2,15,0.00,8.00,8.00,0.00
2023,"deepavali","after",103,"SANTAN KELAPA SEGAR (BIASA)","1kg","Pahang",33,13,14,1,0,32,3.03,6.90,6.90,0.00
2023,"deepavali","after",103,"SANTAN KELAPA SEGAR (BIASA)","1kg","Perak",42,13,14,2,3,37,4.76,9.40,9.40,0.00
2023,"deepavali","after",103,"SANTAN KELAPA SEGAR (BIASA)","1kg","Pulau Pinang",23,13,14,0,0,23,0.00,12.00,12.00,0.00
2023,"deepavali","after",103,"SANTAN KELAPA SEGAR (BIASA)","1kg","Selangor",33,13,14,2,1,30,6.06,6.90,6.99,0.00
2023,"deepavali","after",103,"SANTAN KELAPA SEGAR (BIASA)","1kg","Terengganu",10,13,14,0,0,10,0.00,10.00,10.00,0.00
2023,"deepavali","after",103,"SANTAN KELAPA SEGAR (BIASA)","1kg","W.P. Kuala Lumpur",39,13,14,1,0,38,2.56,6.20,6.20,0.00
2023,"deepavali","after",103,"SANTAN KELAPA SEGAR (BIASA)","1kg","W.P. Putrajaya",6,13,14,0,0,6,0.00,8.00,8.00,0.00
2023,"deepavali","after",114,"TOMATO","1kg","Johor",124,13,14,24,72,28,19.35,5.90,5.60,-4.84
2023,"deepavali","after",114,"TOMATO","1kg","Kedah",63,13,14,9,31,23,14.29,6.00,5.90,0.00
2023,"deepavali","after",114,"TOMATO","1kg","Kelantan",82,13,14,19,32,31,23.17,5.50,5.40,0.00
2023,"deepavali","after",114,"TOMATO","1kg","Melaka",25,13,14,8,10,7,32.00,5.80,5.90,0.00
2023,"deepavali","after",114,"TOMATO","1kg","Negeri Sembilan",33,13,14,8,11,14,24.24,4.99,5.00,0.00
2023,"deepavali","after",114,"TOMATO","1kg","Pahang",77,13,14,13,42,22,16.88,5.49,4.99,-2.33
2023,"deepavali","after",114,"TOMATO","1kg","Perak",85,13,14,9,48,28,10.59,5.50,5.00,-4.01
2023,"deepavali","after",114,"TOMATO","1kg","Perlis",21,13,14,2,9,10,9.52,6.00,5.99,0.00
2023,"deepavali","after",114,"TOMATO","1kg","Pulau Pinang",76,13,14,8,33,35,10.53,6.00,5.75,0.00
2023,"deepavali","after",114,"TOMATO","1kg","Sabah",64,13,14,20,12,32,31.25,7.99,7.99,0.00
2023,"deepavali","after",114,"TOMATO","1kg","Sarawak",88,13,14,9,40,39,10.23,9.55,8.99,0.00
2023,"deepavali","after",114,"TOMATO","1kg","Selangor",82,13,14,10,44,28,12.20,5.00,5.00,-4.36
2023,"deepavali","after",114,"TOMATO","1kg","Terengganu",74,13,14,12,46,16,16.22,6.00,6.00,-6.49
2023,"deepavali","after",114,"TOMATO","1kg","W.P. Kuala Lumpur",111,13,14,17,49,45,15.32,5.40,5.40,0.00
2023,"deepavali","after",114,"TOMATO","1kg","W.P. Labuan",5,13,14,0,2,3,0.00,7.50,7.00,0.00
2023,"deepavali","after",114,"TOMATO","1kg","W.P. Putrajaya",19,13,14,1,13,5,5.26,6.00,6.00,-9.32
2023,"deepavali","after",129,"BAWANG BESAR KUNING/HOLLAND","1kg","Johor",123,13,14,16,18,89,13.01,4.50,4.50,0.00
2023,"deepavali","after",129,"BAWANG BESAR KUNING/HOLLAND","1kg","Kedah",74,13,14,11,10,53,14.86,5.00,5.00,0.00
2023,"deepavali","after",129,"BAWANG BESAR KUNING/HOLLAND","1kg","Kelantan",125,13,14,13,37,75,10.40,5.80,5.50,0.00
2023,"deepavali","after",129,"BAWANG BESAR KUNING/HOLLAND","1kg","Melaka",24,13,14,6,2,16,25.00,5.00,5.25,0.00
2023,"deepavali","after",129,"BAWANG BESAR KUNING/HOLLAND","1kg","Negeri Sembilan",32,13,14,5,6,21,15.63,5.00,5.00,0.00
2023,"deepavali","after",129,"BAWANG BESAR KUNING/HOLLAND","1kg","Pahang",73,13,14,14,10,49,19.18,4.89,4.99,0.00
2023,"deepavali","after",129,"BAWANG BESAR KUNING/HOLLAND","1kg","Perak",78,13,14,23,15,40,29.49,4.70,4.99,0.00
2023,"deepavali","after",129,"BAWANG BESAR KUNING/HOLLAND","1kg","Perlis",34,13,14,4,4,26,11.76,4.95,5.00,0.00
2023,"deepavali","after",129,"BAWANG BESAR KUNING/HOLLAND","1kg","Pulau Pinang",74,13,14,16,15,43,21.62,5.85,5.55,0.00
2023,"deepavali","after",129,"BAWANG BESAR KUNING/HOLLAND","1kg","Sabah",129,13,14,18,21,90,13.95,6.90,6.50,0.00
2023,"deepavali","after",129,"BAWANG BESAR KUNING/HOLLAND","1kg","Sarawak",140,13,14,17,46,77,12.14,6.00,5.90,0.00
2023,"deepavali","after",129,"BAWANG BESAR KUNING/HOLLAND","1kg","Selangor",78,13,14,10,32,36,12.82,4.89,4.19,0.00
2023,"deepavali","after",129,"BAWANG BESAR KUNING/HOLLAND","1kg","Terengganu",104,13,14,15,15,74,14.42,5.00,5.00,0.00
2023,"deepavali","after",129,"BAWANG BESAR KUNING/HOLLAND","1kg","W.P. Kuala Lumpur",98,13,14,13,35,50,13.27,5.60,5.00,0.00
2023,"deepavali","after",129,"BAWANG BESAR KUNING/HOLLAND","1kg","W.P. Labuan",14,13,14,1,5,8,7.14,7.00,6.90,0.00
2023,"deepavali","after",129,"BAWANG BESAR KUNING/HOLLAND","1kg","W.P. Putrajaya",18,13,14,2,4,12,11.11,5.95,5.95,0.00
2023,"deepavali","after",904,"BERAS SUPER CAP RAMBUTAN 5% (IMPORT)","10 kg","Johor",20,13,14,7,6,7,35.00,42.45,43.50,0.00
2023,"deepavali","after",904,"BERAS SUPER CAP RAMBUTAN 5% (IMPORT)","10 kg","Kedah",41,13,14,7,17,17,17.07,41.50,40.80,0.00
2023,"deepavali","after",904,"BERAS SUPER CAP RAMBUTAN 5% (IMPORT)","10 kg","Kelantan",16,13,14,1,5,10,6.25,44.15,43.75,0.00
2023,"deepavali","after",904,"BERAS SUPER CAP RAMBUTAN 5% (IMPORT)","10 kg","Melaka",6,13,14,0,6,0,0.00,41.50,39.87,-5.02
2023,"deepavali","after",904,"BERAS SUPER CAP RAMBUTAN 5% (IMPORT)","10 kg","Negeri Sembilan",11,13,14,2,7,2,18.18,42.49,40.80,-4.82
2023,"deepavali","after",904,"BERAS SUPER CAP RAMBUTAN 5% (IMPORT)","10 kg","Pahang",22,13,14,3,4,15,13.64,44.30,44.30,0.00
2023,"deepavali","after",904,"BERAS SUPER CAP RAMBUTAN 5% (IMPORT)","10 kg","Perak",42,13,14,10,16,16,23.81,43.85,42.64,0.00
2023,"deepavali","after",904,"BERAS SUPER CAP RAMBUTAN 5% (IMPORT)","10 kg","Perlis",13,13,14,2,7,4,15.38,40.90,39.90,-3.42
2023,"deepavali","after",904,"BERAS SUPER CAP RAMBUTAN 5% (IMPORT)","10 kg","Pulau Pinang",36,13,14,4,17,15,11.11,43.00,41.90,0.00
2023,"deepavali","after",904,"BERAS SUPER CAP RAMBUTAN 5% (IMPORT)","10 kg","Selangor",25,13,14,4,14,7,16.00,44.70,41.99,-4.13
2023,"deepavali","after",904,"BERAS SUPER CAP RAMBUTAN 5% (IMPORT)","10 kg","Terengganu",17,13,14,3,4,10,17.65,42.99,42.30,0.00
2023,"deepavali","after",904,"BERAS SUPER CAP RAMBUTAN 5% (IMPORT)","10 kg","W.P. Kuala Lumpur",24,13,14,0,17,7,0.00,44.70,40.00,-4.77
2023,"deepavali","after",917,"TEPUNG GANDUM NGP (BERBUNGKUS, CAP SAUH)","1kg","Johor",120,4,4,2,21,97,1.67,3.50,3.49,0.00
2023,"deepavali","after",917,"TEPUNG GANDUM NGP (BERBUNGKUS, CAP SAUH)","1kg","Pahang",76,4,4,4,9,63,5.26,3.50,3.50,0.00
2023,"deepavali","after",918,"MINYAK MASAK PAKET (PELBAGAI JENAMA)","1kg","Johor",28,13,14,0,0,28,0.00,2.50,2.50,0.00
2023,"deepavali","after",918,"MINYAK MASAK PAKET (PELBAGAI JENAMA)","1kg","Kedah",42,13,14,0,0,42,0.00,2.50,2.50,0.00
2023,"deepavali","after",918,"MINYAK MASAK PAKET (PELBAGAI JENAMA)","1kg","Kelantan",93,13,14,0,0,93,0.00,2.50,2.50,0.00
2023,"deepavali","after",918,"MINYAK MASAK PAKET (PELBAGAI JENAMA)","1kg","Melaka",10,12,13,0,0,10,0.00,2.50,2.50,0.00
2023,"deepavali","after",918,"MINYAK MASAK PAKET (PELBAGAI JENAMA)","1kg","Negeri Sembilan",11,13,13,0,0,11,0.00,2.50,2.50,0.00
2023,"deepavali","after",918,"MINYAK MASAK PAKET (PELBAGAI JENAMA)","1kg","Pahang",49,13,14,0,0,49,0.00,2.50,2.50,0.00
2023,"deepavali","after",918,"MINYAK MASAK PAKET (PELBAGAI JENAMA)","1kg","Perak",26,12,11,0,0,26,0.00,2.50,2.50,0.00
2023,"deepavali","after",918,"MINYAK MASAK PAKET (PELBAGAI JENAMA)","1kg","Perlis",29,13,14,0,0,29,0.00,2.50,2.50,0.00
2023,"deepavali","after",918,"MINYAK MASAK PAKET (PELBAGAI JENAMA)","1kg","Pulau Pinang",27,12,10,0,0,27,0.00,2.50,2.50,0.00
2023,"deepavali","after",918,"MINYAK MASAK PAKET (PELBAGAI JENAMA)","1kg","Sabah",21,13,14,0,0,21,0.00,2.50,2.50,0.00
2023,"deepavali","after",918,"MINYAK MASAK PAKET (PELBAGAI JENAMA)","1kg","Sarawak",27,13,14,0,0,27,0.00,2.50,2.50,0.00
2023,"deepavali","after",918,"MINYAK MASAK PAKET (PELBAGAI JENAMA)","1kg","Selangor",37,13,14,0,0,37,0.00,2.50,2.50,0.00
2023,"deepavali","after",918,"MINYAK MASAK PAKET (PELBAGAI JENAMA)","1kg","Terengganu",53,13,14,0,0,53,0.00,2.50,2.50,0.00
2023,"deepavali","after",918,"MINYAK MASAK PAKET (PELBAGAI JENAMA)","1kg","W.P. Kuala Lumpur",22,13,14,0,0,22,0.00,2.50,2.50,0.00
2023,"deepavali","after",918,"MINYAK MASAK PAKET (PELBAGAI JENAMA)","1kg","W.P. Labuan",6,13,14,0,0,6,0.00,2.50,2.50,0.00
2023,"deepavali","after",1111,"TELUR AYAM GRED C","30 biji","Johor",70,13,14,1,1,68,1.43,12.30,12.30,0.00
2023,"deepavali","after",1111,"TELUR AYAM GRED C","30 biji","Kedah",21,13,14,0,0,21,0.00,12.30,12.30,0.00
2023,"deepavali","after",1111,"TELUR AYAM GRED C","30 biji","Kelantan",29,13,14,0,0,29,0.00,12.30,12.30,0.00
2023,"deepavali","after",1111,"TELUR AYAM GRED C","30 biji","Melaka",12,13,14,0,0,12,0.00,12.30,12.30,0.00
2023,"deepavali","after",1111,"TELUR AYAM GRED C","30 biji","Negeri Sembilan",25,13,14,0,0,25,0.00,12.30,12.30,0.00
2023,"deepavali","after",1111,"TELUR AYAM GRED C","30 biji","Pahang",35,13,14,0,2,33,0.00,12.30,12.30,0.00
2023,"deepavali","after",1111,"TELUR AYAM GRED C","30 biji","Perak",39,13,14,0,0,39,0.00,12.30,12.30,0.00
2023,"deepavali","after",1111,"TELUR AYAM GRED C","30 biji","Pulau Pinang",31,13,14,1,0,30,3.23,12.30,12.30,0.00
2023,"deepavali","after",1111,"TELUR AYAM GRED C","30 biji","Sabah",23,13,14,0,1,22,0.00,14.70,14.70,0.00
2023,"deepavali","after",1111,"TELUR AYAM GRED C","30 biji","Sarawak",5,13,14,0,0,5,0.00,12.90,12.90,0.00
2023,"deepavali","after",1111,"TELUR AYAM GRED C","30 biji","Selangor",32,13,14,1,0,31,3.13,12.30,12.30,0.00
2023,"deepavali","after",1111,"TELUR AYAM GRED C","30 biji","Terengganu",19,13,14,0,1,18,0.00,12.30,12.30,0.00
2023,"deepavali","after",1111,"TELUR AYAM GRED C","30 biji","W.P. Kuala Lumpur",40,13,14,0,0,40,0.00,12.30,12.30,0.00
2023,"deepavali","after",1131,"UBI KENTANG IMPORT (CHINA)","1kg","Johor",107,13,14,13,24,70,12.15,3.39,3.29,0.00
2023,"deepavali","after",1131,"UBI KENTANG IMPORT (CHINA)","1kg","Kedah",44,13,14,7,3,34,15.91,3.75,3.80,0.00
2023,"deepavali","after",1131,"UBI KENTANG IMPORT (CHINA)","1kg","Kelantan",65,13,14,8,15,42,12.31,4.00,4.00,0.00
2023,"deepavali","after",1131,"UBI KENTANG IMPORT (CHINA)","1kg","Melaka",16,13,14,0,4,12,0.00,3.25,2.95,0.00
2023,"deepavali","after",1131,"UBI KENTANG IMPORT (CHINA)","1kg","Negeri Sembilan",23,13,14,3,9,11,13.04,2.90,2.90,0.00
2023,"deepavali","after",1131,"UBI KENTANG IMPORT (CHINA)","1kg","Pahang",67,13,14,5,13,49,7.46,3.99,3.99,0.00
2023,"deepavali","after",1131,"UBI KENTANG IMPORT (CHINA)","1kg","Perak",80,13,14,14,20,46,17.50,3.50,3.50,0.00
2023,"deepavali","after",1131,"UBI KENTANG IMPORT (CHINA)","1kg","Perlis",24,13,14,3,5,16,12.50,4.00,4.00,0.00
2023,"deepavali","after",1131,"UBI KENTANG IMPORT (CHINA)","1kg","Pulau Pinang",65,13,14,18,11,36,27.69,4.00,4.00,0.00
2023,"deepavali","after",1131,"UBI KENTANG IMPORT (CHINA)","1kg","Sabah",108,13,14,11,13,84,10.19,4.00,3.99,0.00
2023,"deepavali","after",1131,"UBI KENTANG IMPORT (CHINA)","1kg","Sarawak",136,13,14,13,30,93,9.56,4.00,3.99,0.00
2023,"deepavali","after",1131,"UBI KENTANG IMPORT (CHINA)","1kg","Selangor",72,13,14,17,16,39,23.61,3.00,2.93,0.00
2023,"deepavali","after",1131,"UBI KENTANG IMPORT (CHINA)","1kg","Terengganu",71,13,14,8,7,56,11.27,3.69,3.69,0.00
2023,"deepavali","after",1131,"UBI KENTANG IMPORT (CHINA)","1kg","W.P. Kuala Lumpur",75,13,14,13,18,44,17.33,3.35,3.20,0.00
2023,"deepavali","after",1131,"UBI KENTANG IMPORT (CHINA)","1kg","W.P. Labuan",14,13,14,1,4,9,7.14,4.00,3.90,0.00
2023,"deepavali","after",1131,"UBI KENTANG IMPORT (CHINA)","1kg","W.P. Putrajaya",19,13,14,3,1,15,15.79,3.50,3.50,0.00
2023,"deepavali","after",1431,"DAGING LEMBU TEMPATAN (BAHAGIAN 1 DAGING PAHA (KECUALI BATANG PINANG - TENDERLOIN)","1kg","Johor",7,13,14,0,0,7,0.00,40.00,40.00,0.00
2023,"deepavali","after",1431,"DAGING LEMBU TEMPATAN (BAHAGIAN 1 DAGING PAHA (KECUALI BATANG PINANG - TENDERLOIN)","1kg","Kedah",12,13,14,0,1,11,0.00,39.00,39.00,0.00
2023,"deepavali","after",1431,"DAGING LEMBU TEMPATAN (BAHAGIAN 1 DAGING PAHA (KECUALI BATANG PINANG - TENDERLOIN)","1kg","Kelantan",18,13,14,0,0,18,0.00,34.00,34.00,0.00
2023,"deepavali","after",1431,"DAGING LEMBU TEMPATAN (BAHAGIAN 1 DAGING PAHA (KECUALI BATANG PINANG - TENDERLOIN)","1kg","Melaka",6,13,14,0,0,6,0.00,40.00,40.00,0.00
2023,"deepavali","after",1431,"DAGING LEMBU TEMPATAN (BAHAGIAN 1 DAGING PAHA (KECUALI BATANG PINANG - TENDERLOIN)","1kg","Negeri Sembilan",6,13,14,0,0,6,0.00,40.00,40.00,0.00
2023,"deepavali","after",1431,"DAGING LEMBU TEMPATAN (BAHAGIAN 1 DAGING PAHA (KECUALI BATANG PINANG - TENDERLOIN)","1kg","Pahang",9,13,14,0,1,8,0.00,39.00,38.00,0.00
2023,"deepavali","after",1431,"DAGING LEMBU TEMPATAN (BAHAGIAN 1 DAGING PAHA (KECUALI BATANG PINANG - TENDERLOIN)","1kg","Perak",17,13,14,0,3,14,0.00,38.00,36.00,0.00
2023,"deepavali","after",1431,"DAGING LEMBU TEMPATAN (BAHAGIAN 1 DAGING PAHA (KECUALI BATANG PINANG - TENDERLOIN)","1kg","Pulau Pinang",17,13,14,0,1,16,0.00,40.00,40.00,0.00
2023,"deepavali","after",1431,"DAGING LEMBU TEMPATAN (BAHAGIAN 1 DAGING PAHA (KECUALI BATANG PINANG - TENDERLOIN)","1kg","Selangor",11,13,14,0,0,11,0.00,40.00,40.00,0.00
2023,"deepavali","after",1431,"DAGING LEMBU TEMPATAN (BAHAGIAN 1 DAGING PAHA (KECUALI BATANG PINANG - TENDERLOIN)","1kg","Terengganu",14,13,14,1,0,13,7.14,36.00,36.00,0.00
2023,"deepavali","after",1431,"DAGING LEMBU TEMPATAN (BAHAGIAN 1 DAGING PAHA (KECUALI BATANG PINANG - TENDERLOIN)","1kg","W.P. Kuala Lumpur",5,13,14,0,0,5,0.00,44.29,44.29,0.00
2023,"deepavali","after",1555,"UDANG PUTIH/VANNAMEI (TERNAK) (ANTARA 41 HINGGA 60 EKOR SEKILOGRAM)","1kg","Johor",87,13,14,40,24,23,45.98,33.99,34.00,0.00
2023,"deepavali","after",1555,"UDANG PUTIH/VANNAMEI (TERNAK) (ANTARA 41 HINGGA 60 EKOR SEKILOGRAM)","1kg","Kedah",43,13,14,11,13,19,25.58,28.00,28.00,0.00
2023,"deepavali","after",1555,"UDANG PUTIH/VANNAMEI (TERNAK) (ANTARA 41 HINGGA 60 EKOR SEKILOGRAM)","1kg","Kelantan",67,13,14,21,24,22,31.34,32.90,32.00,0.00
2023,"deepavali","after",1555,"UDANG PUTIH/VANNAMEI (TERNAK) (ANTARA 41 HINGGA 60 EKOR SEKILOGRAM)","1kg","Melaka",20,13,14,9,7,4,45.00,34.00,34.45,0.00
2023,"deepavali","after",1555,"UDANG PUTIH/VANNAMEI (TERNAK) (ANTARA 41 HINGGA 60 EKOR SEKILOGRAM)","1kg","Negeri Sembilan",23,13,14,5,9,9,21.74,32.90,33.00,0.00
2023,"deepavali","after",1555,"UDANG PUTIH/VANNAMEI (TERNAK) (ANTARA 41 HINGGA 60 EKOR SEKILOGRAM)","1kg","Pahang",67,13,14,31,17,19,46.27,35.50,35.99,0.00
2023,"deepavali","after",1555,"UDANG PUTIH/VANNAMEI (TERNAK) (ANTARA 41 HINGGA 60 EKOR SEKILOGRAM)","1kg","Perak",78,13,14,40,15,23,51.28,30.00,31.45,3.08
2023,"deepavali","after",1555,"UDANG PUTIH/VANNAMEI (TERNAK) (ANTARA 41 HINGGA 60 EKOR SEKILOGRAM)","1kg","Perlis",14,13,14,4,5,5,28.57,30.00,30.00,0.00
2023,"deepavali","after",1555,"UDANG PUTIH/VANNAMEI (TERNAK) (ANTARA 41 HINGGA 60 EKOR SEKILOGRAM)","1kg","Pulau Pinang",49,13,14,12,17,20,24.49,32.00,32.00,0.00
2023,"deepavali","after",1555,"UDANG PUTIH/VANNAMEI (TERNAK) (ANTARA 41 HINGGA 60 EKOR SEKILOGRAM)","1kg","Sabah",26,13,14,3,10,13,11.54,35.95,34.00,0.00
2023,"deepavali","after",1555,"UDANG PUTIH/VANNAMEI (TERNAK) (ANTARA 41 HINGGA 60 EKOR SEKILOGRAM)","1kg","Sarawak",33,13,14,12,6,15,36.36,35.99,36.00,0.00
2023,"deepavali","after",1555,"UDANG PUTIH/VANNAMEI (TERNAK) (ANTARA 41 HINGGA 60 EKOR SEKILOGRAM)","1kg","Selangor",70,13,14,22,20,28,31.43,30.00,32.00,0.00
2023,"deepavali","after",1555,"UDANG PUTIH/VANNAMEI (TERNAK) (ANTARA 41 HINGGA 60 EKOR SEKILOGRAM)","1kg","Terengganu",50,13,14,14,17,19,28.00,31.25,32.00,0.00
2023,"deepavali","after",1555,"UDANG PUTIH/VANNAMEI (TERNAK) (ANTARA 41 HINGGA 60 EKOR SEKILOGRAM)","1kg","W.P. Kuala Lumpur",74,13,14,25,22,27,33.78,35.00,35.90,0.00
2023,"deepavali","after",1555,"UDANG PUTIH/VANNAMEI (TERNAK) (ANTARA 41 HINGGA 60 EKOR SEKILOGRAM)","1kg","W.P. Putrajaya",14,13,14,5,4,5,35.71,38.15,38.45,0.00
2023,"deepavali","after",1564,"BAWANG PUTIH IMPORT (CHINA)","1kg","Johor",135,13,14,33,12,90,24.44,12.00,12.30,0.00
2023,"deepavali","after",1564,"BAWANG PUTIH IMPORT (CHINA)","1kg","Kedah",70,13,14,9,4,57,12.86,12.00,12.00,0.00
2023,"deepavali","after",1564,"BAWANG PUTIH IMPORT (CHINA)","1kg","Kelantan",65,13,14,16,8,41,24.62,11.99,12.00,0.00
2023,"deepavali","after",1564,"BAWANG PUTIH IMPORT (CHINA)","1kg","Melaka",27,13,14,2,3,22,7.41,13.80,13.50,0.00
2023,"deepavali","after",1564,"BAWANG PUTIH IMPORT (CHINA)","1kg","Negeri Sembilan",37,13,14,7,4,26,18.92,12.99,13.00,0.00
2023,"deepavali","after",1564,"BAWANG PUTIH IMPORT (CHINA)","1kg","Pahang",69,13,14,18,3,48,26.09,12.00,12.99,0.00
2023,"deepavali","after",1564,"BAWANG PUTIH IMPORT (CHINA)","1kg","Perak",90,13,14,20,8,62,22.22,12.99,12.99,0.00
2023,"deepavali","after",1564,"BAWANG PUTIH IMPORT (CHINA)","1kg","Perlis",25,13,14,3,2,20,12.00,9.80,10.00,0.00
2023,"deepavali","after",1564,"BAWANG PUTIH IMPORT (CHINA)","1kg","Pulau Pinang",81,13,14,18,11,52,22.22,13.00,13.00,0.00
2023,"deepavali","after",1564,"BAWANG PUTIH IMPORT (CHINA)","1kg","Sabah",125,13,14,17,13,95,13.60,10.45,10.50,0.00
2023,"deepavali","after",1564,"BAWANG PUTIH IMPORT (CHINA)","1kg","Sarawak",131,13,14,29,18,84,22.14,10.50,10.50,0.00
2023,"deepavali","after",1564,"BAWANG PUTIH IMPORT (CHINA)","1kg","Selangor",80,13,14,18,8,54,22.50,12.00,12.00,0.00
2023,"deepavali","after",1564,"BAWANG PUTIH IMPORT (CHINA)","1kg","Terengganu",71,13,14,21,6,44,29.58,11.99,11.99,0.00
2023,"deepavali","after",1564,"BAWANG PUTIH IMPORT (CHINA)","1kg","W.P. Kuala Lumpur",104,13,14,17,17,70,16.35,13.00,13.50,0.00
2023,"deepavali","after",1564,"BAWANG PUTIH IMPORT (CHINA)","1kg","W.P. Labuan",14,13,14,4,0,10,28.57,11.90,11.90,0.00
2023,"deepavali","after",1564,"BAWANG PUTIH IMPORT (CHINA)","1kg","W.P. Putrajaya",17,13,14,1,1,15,5.88,12.90,12.90,0.00
2023,"deepavali","after",1589,"GULA PUTIH BERTAPIS KASAR (PELBAGAI JENAMA)","1kg","Johor",75,4,4,0,0,75,0.00,2.85,2.85,0.00
2023,"deepavali","after",1589,"GULA PUTIH BERTAPIS KASAR (PELBAGAI JENAMA)","1kg","Sarawak",41,7,6,0,0,41,0.00,2.85,2.85,0.00
2023,"deepavali","lead_up",1,"AYAM BERSIH - STANDARD","1kg","Johor",108,13,14,3,83,22,2.78,8.79,7.95,-8.61
2023,"deepavali","lead_up",1,"AYAM BERSIH - STANDARD","1kg","Kedah",55,13,14,4,34,17,7.27,9.40,8.90,-4.79
2023,"deepavali","lead_up",1,"AYAM BERSIH - STANDARD","1kg","Kelantan",73,13,14,0,68,5,0.00,8.99,7.99,-9.77
2023,"deepavali","lead_up",1,"AYAM BERSIH - STANDARD","1kg","Melaka",19,13,14,1,13,5,5.26,8.99,8.40,-7.51
2023,"deepavali","lead_up",1,"AYAM BERSIH - STANDARD","1kg","Negeri Sembilan",31,13,14,1,21,9,3.23,8.99,7.95,-8.52
2023,"deepavali","lead_up",1,"AYAM BERSIH - STANDARD","1kg","Pahang",76,13,14,4,61,11,5.26,8.79,7.73,-9.42
2023,"deepavali","lead_up",1,"AYAM BERSIH - STANDARD","1kg","Perak",82,13,13,4,50,28,4.88,8.90,8.00,-7.51
2023,"deepavali","lead_up",1,"AYAM BERSIH - STANDARD","1kg","Perlis",16,13,14,0,11,5,0.00,9.29,8.25,-7.72
2023,"deepavali","lead_up",1,"AYAM BERSIH - STANDARD","1kg","Pulau Pinang",64,13,14,0,25,39,0.00,9.40,9.40,0.00
2023,"deepavali","lead_up",1,"AYAM BERSIH - STANDARD","1kg","Sabah",6,13,14,0,1,5,0.00,11.30,11.30,0.00
2023,"deepavali","lead_up",1,"AYAM BERSIH - STANDARD","1kg","Sarawak",9,13,14,6,0,3,66.67,9.80,10.90,10.20
2023,"deepavali","lead_up",1,"AYAM BERSIH - STANDARD","1kg","Selangor",80,13,14,1,58,21,1.25,8.99,7.99,-7.79
2023,"deepavali","lead_up",1,"AYAM BERSIH - STANDARD","1kg","Terengganu",85,13,14,5,69,11,5.88,9.35,7.99,-11.12
2023,"deepavali","lead_up",1,"AYAM BERSIH - STANDARD","1kg","W.P. Kuala Lumpur",82,13,14,4,58,20,4.88,9.20,8.37,-7.51
2023,"deepavali","lead_up",1,"AYAM BERSIH - STANDARD","1kg","W.P. Putrajaya",14,13,14,0,12,2,0.00,8.99,7.99,-7.27
2023,"deepavali","lead_up",94,"CILI MERAH - MINYAK","1kg","Johor",63,13,14,32,4,27,50.79,11.99,13.40,3.13
2023,"deepavali","lead_up",94,"CILI MERAH - MINYAK","1kg","Kedah",24,13,14,13,3,8,54.17,12.00,12.00,5.31
2023,"deepavali","lead_up",94,"CILI MERAH - MINYAK","1kg","Kelantan",25,13,14,7,0,18,28.00,13.90,14.99,0.00
2023,"deepavali","lead_up",94,"CILI MERAH - MINYAK","1kg","Negeri Sembilan",29,13,14,16,3,10,55.17,11.90,12.90,7.69
2023,"deepavali","lead_up",94,"CILI MERAH - MINYAK","1kg","Pahang",70,13,14,33,6,31,47.14,12.50,13.24,0.00
2023,"deepavali","lead_up",94,"CILI MERAH - MINYAK","1kg","Perak",48,13,13,32,2,14,66.67,11.99,13.00,11.12
2023,"deepavali","lead_up",94,"CILI MERAH - MINYAK","1kg","Perlis",15,13,14,4,2,9,26.67,15.00,15.49,0.00
2023,"deepavali","lead_up",94,"CILI MERAH - MINYAK","1kg","Pulau Pinang",40,13,14,25,4,11,62.50,12.00,12.00,7.74
2023,"deepavali","lead_up",94,"CILI MERAH - MINYAK","1kg","Sabah",11,13,14,3,1,7,27.27,20.00,20.50,0.00
2023,"deepavali","lead_up",94,"CILI MERAH - MINYAK","1kg","Sarawak",87,13,14,10,37,40,11.49,21.99,20.00,0.00
2023,"deepavali","lead_up",94,"CILI MERAH - MINYAK","1kg","Selangor",65,13,14,30,10,25,46.15,12.00,12.99,0.00
2023,"deepavali","lead_up",94,"CILI MERAH - MINYAK","1kg","Terengganu",44,13,14,28,3,13,63.64,13.17,14.25,5.14
2023,"deepavali","lead_up",94,"CILI MERAH - MINYAK","1kg","W.P. Kuala Lumpur",80,13,14,26,15,39,32.50,12.70,12.99,0.00
2023,"deepavali","lead_up",103,"SANTAN KELAPA SEGAR (BIASA)","1kg","Johor",24,13,14,1,0,23,4.17,8.55,8.59,0.00
2023,"deepavali","lead_up",103,"SANTAN KELAPA SEGAR (BIASA)","1kg","Kedah",10,13,14,0,0,10,0.00,12.00,12.00,0.00
2023,"deepavali","lead_up",103,"SANTAN KELAPA SEGAR (BIASA)","1kg","Kelantan",14,13,14,0,1,13,0.00,8.90,8.70,0.00
2023,"deepavali","lead_up",103,"SANTAN KELAPA SEGAR (BIASA)","1kg","Negeri Sembilan",17,13,14,0,1,16,0.00,8.00,8.00,0.00
2023,"deepavali","lead_up",103,"SANTAN KELAPA SEGAR (BIASA)","1kg","Pahang",33,13,14,0,0,33,0.00,6.90,6.90,0.00
2023,"deepavali","lead_up",103,"SANTAN KELAPA SEGAR (BIASA)","1kg","Perak",43,13,13,1,2,40,2.33,9.00,9.00,0.00
2023,"deepavali","lead_up",103,"SANTAN KELAPA SEGAR (BIASA)","1kg","Pulau Pinang",23,13,14,0,0,23,0.00,12.00,12.00,0.00
2023,"deepavali","lead_up",103,"SANTAN KELAPA SEGAR (BIASA)","1kg","Selangor",33,13,14,1,0,32,3.03,6.90,6.90,0.00
2023,"deepavali","lead_up",103,"SANTAN KELAPA SEGAR (BIASA)","1kg","Terengganu",11,13,14,0,0,11,0.00,10.00,10.00,0.00
2023,"deepavali","lead_up",103,"SANTAN KELAPA SEGAR (BIASA)","1kg","W.P. Kuala Lumpur",41,13,14,0,0,41,0.00,6.20,6.20,0.00
2023,"deepavali","lead_up",103,"SANTAN KELAPA SEGAR (BIASA)","1kg","W.P. Putrajaya",6,13,14,0,0,6,0.00,8.00,8.00,0.00
2023,"deepavali","lead_up",114,"TOMATO","1kg","Johor",127,13,14,20,60,47,15.75,5.99,5.50,0.00
2023,"deepavali","lead_up",114,"TOMATO","1kg","Kedah",63,13,14,4,26,33,6.35,6.00,5.99,0.00
2023,"deepavali","lead_up",114,"TOMATO","1kg","Kelantan",82,13,14,12,35,35,14.63,5.50,5.00,0.00
2023,"deepavali","lead_up",114,"TOMATO","1kg","Melaka",25,13,14,5,9,11,20.00,5.80,5.50,0.00
2023,"deepavali","lead_up",114,"TOMATO","1kg","Negeri Sembilan",34,13,14,2,14,18,5.88,4.99,4.99,0.00
2023,"deepavali","lead_up",114,"TOMATO","1kg","Pahang",78,13,14,5,47,26,6.41,5.49,4.99,-3.50
2023,"deepavali","lead_up",114,"TOMATO","1kg","Perak",85,13,13,10,37,38,11.76,5.50,5.00,0.00
2023,"deepavali","lead_up",114,"TOMATO","1kg","Perlis",21,13,14,0,7,14,0.00,6.00,6.00,0.00
2023,"deepavali","lead_up",114,"TOMATO","1kg","Pulau Pinang",76,13,14,5,38,33,6.58,6.00,5.50,-1.00
2023,"deepavali","lead_up",114,"TOMATO","1kg","Sabah",67,13,14,12,4,51,17.91,7.99,7.99,0.00
2023,"deepavali","lead_up",114,"TOMATO","1kg","Sarawak",91,13,14,6,17,68,6.59,9.80,9.50,0.00
2023,"deepavali","lead_up",114,"TOMATO","1kg","Selangor",82,13,14,12,42,28,14.63,5.00,5.00,-2.75
2023,"deepavali","lead_up",114,"TOMATO","1kg","Terengganu",81,13,14,9,46,26,11.11,6.00,5.90,-4.17
2023,"deepavali","lead_up",114,"TOMATO","1kg","W.P. Kuala Lumpur",110,13,14,17,35,58,15.45,5.40,5.40,0.00
2023,"deepavali","lead_up",114,"TOMATO","1kg","W.P. Labuan",6,13,14,1,1,4,16.67,7.75,7.75,0.00
2023,"deepavali","lead_up",114,"TOMATO","1kg","W.P. Putrajaya",19,13,14,4,6,9,21.05,6.00,7.00,0.00
2023,"deepavali","lead_up",129,"BAWANG BESAR KUNING/HOLLAND","1kg","Johor",123,13,14,12,16,95,9.76,4.50,4.50,0.00
2023,"deepavali","lead_up",129,"BAWANG BESAR KUNING/HOLLAND","1kg","Kedah",74,13,14,11,6,57,14.86,5.00,5.00,0.00
2023,"deepavali","lead_up",129,"BAWANG BESAR KUNING/HOLLAND","1kg","Kelantan",122,13,14,11,32,79,9.02,5.80,5.50,0.00
2023,"deepavali","lead_up",129,"BAWANG BESAR KUNING/HOLLAND","1kg","Melaka",24,13,14,5,4,15,20.83,5.00,5.25,0.00
2023,"deepavali","lead_up",129,"BAWANG BESAR KUNING/HOLLAND","1kg","Negeri Sembilan",33,13,14,4,5,24,12.12,5.00,5.00,0.00
2023,"deepavali","lead_up",129,"BAWANG BESAR KUNING/HOLLAND","1kg","Pahang",74,13,14,14,8,52,18.92,4.89,4.99,0.00
2023,"deepavali","lead_up",129,"BAWANG BESAR KUNING/HOLLAND","1kg","Perak",79,13,13,23,12,44,29.11,4.90,4.99,0.00
2023,"deepavali","lead_up",129,"BAWANG BESAR KUNING/HOLLAND","1kg","Perlis",34,13,14,2,3,29,5.88,4.95,4.95,0.00
2023,"deepavali","lead_up",129,"BAWANG BESAR KUNING/HOLLAND","1kg","Pulau Pinang",74,13,14,16,12,46,21.62,5.85,5.82,0.00
2023,"deepavali","lead_up",129,"BAWANG BESAR KUNING/HOLLAND","1kg","Sabah",128,13,14,13,18,97,10.16,6.90,6.55,0.00
2023,"deepavali","lead_up",129,"BAWANG BESAR KUNING/HOLLAND","1kg","Sarawak",140,13,14,17,29,94,12.14,6.00,6.00,0.00
2023,"deepavali","lead_up",129,"BAWANG BESAR KUNING/HOLLAND","1kg","Selangor",80,13,14,11,24,45,13.75,4.89,4.99,0.00
2023,"deepavali","lead_up",129,"BAWANG BESAR KUNING/HOLLAND","1kg","Terengganu",102,13,14,7,10,85,6.86,5.00,5.00,0.00
2023,"deepavali","lead_up",129,"BAWANG BESAR KUNING/HOLLAND","1kg","W.P. Kuala Lumpur",98,13,14,16,25,57,16.33,5.60,5.00,0.00
2023,"deepavali","lead_up",129,"BAWANG BESAR KUNING/HOLLAND","1kg","W.P. Labuan",14,13,14,0,4,10,0.00,7.00,6.90,0.00
2023,"deepavali","lead_up",129,"BAWANG BESAR KUNING/HOLLAND","1kg","W.P. Putrajaya",19,13,14,2,4,13,10.53,5.90,5.90,0.00
2023,"deepavali","lead_up",193,"SARDIN CAP KING CUP (SOS TOMATO)","425 g","Sarawak",78,7,8,1,2,75,1.28,9.25,9.20,0.00
2023,"deepavali","lead_up",904,"BERAS SUPER CAP RAMBUTAN 5% (IMPORT)","10 kg","Johor",25,13,14,7,5,13,28.00,42.90,42.99,0.00
2023,"deepavali","lead_up",904,"BERAS SUPER CAP RAMBUTAN 5% (IMPORT)","10 kg","Kedah",45,13,14,4,12,29,8.89,41.50,40.99,0.00
2023,"deepavali","lead_up",904,"BERAS SUPER CAP RAMBUTAN 5% (IMPORT)","10 kg","Kelantan",19,13,14,2,5,12,10.53,43.80,43.90,0.00
2023,"deepavali","lead_up",904,"BERAS SUPER CAP RAMBUTAN 5% (IMPORT)","10 kg","Melaka",6,13,14,0,4,2,0.00,41.50,41.05,-4.51
2023,"deepavali","lead_up",904,"BERAS SUPER CAP RAMBUTAN 5% (IMPORT)","10 kg","Negeri Sembilan",12,13,14,2,7,3,16.67,42.70,41.25,-2.97
2023,"deepavali","lead_up",904,"BERAS SUPER CAP RAMBUTAN 5% (IMPORT)","10 kg","Pahang",22,13,14,2,0,20,9.09,44.30,44.30,0.00
2023,"deepavali","lead_up",904,"BERAS SUPER CAP RAMBUTAN 5% (IMPORT)","10 kg","Perak",42,13,13,7,7,28,16.67,43.80,43.90,0.00
2023,"deepavali","lead_up",904,"BERAS SUPER CAP RAMBUTAN 5% (IMPORT)","10 kg","Perlis",13,13,14,1,4,8,7.69,40.90,40.90,0.00
2023,"deepavali","lead_up",904,"BERAS SUPER CAP RAMBUTAN 5% (IMPORT)","10 kg","Pulau Pinang",37,13,14,3,8,26,8.11,42.50,41.99,0.00
2023,"deepavali","lead_up",904,"BERAS SUPER CAP RAMBUTAN 5% (IMPORT)","10 kg","Selangor",27,13,14,5,9,13,18.52,44.30,43.80,0.00
2023,"deepavali","lead_up",904,"BERAS SUPER CAP RAMBUTAN 5% (IMPORT)","10 kg","Terengganu",18,13,14,0,4,14,0.00,42.50,41.99,0.00
2023,"deepavali","lead_up",904,"BERAS SUPER CAP RAMBUTAN 5% (IMPORT)","10 kg","W.P. Kuala Lumpur",25,13,14,1,7,17,4.00,44.70,44.70,0.00
2023,"deepavali","lead_up",904,"BERAS SUPER CAP RAMBUTAN 5% (IMPORT)","10 kg","W.P. Putrajaya",5,13,14,0,1,4,0.00,44.70,43.80,0.00
2023,"deepavali","lead_up",917,"TEPUNG GANDUM NGP (BERBUNGKUS, CAP SAUH)","1kg","Johor",123,4,6,3,15,105,2.44,3.50,3.50,0.00
2023,"deepavali","lead_up",917,"TEPUNG GANDUM NGP (BERBUNGKUS, CAP SAUH)","1kg","Pahang",80,4,5,2,6,72,2.50,3.50,3.40,0.00
2023,"deepavali","lead_up",918,"MINYAK MASAK PAKET (PELBAGAI JENAMA)","1kg","Johor",31,13,14,0,0,31,0.00,2.50,2.50,0.00
2023,"deepavali","lead_up",918,"MINYAK MASAK PAKET (PELBAGAI JENAMA)","1kg","Kedah",44,13,14,0,0,44,0.00,2.50,2.50,0.00
2023,"deepavali","lead_up",918,"MINYAK MASAK PAKET (PELBAGAI JENAMA)","1kg","Kelantan",95,13,14,0,0,95,0.00,2.50,2.50,0.00
2023,"deepavali","lead_up",918,"MINYAK MASAK PAKET (PELBAGAI JENAMA)","1kg","Melaka",9,12,12,0,0,9,0.00,2.50,2.50,0.00
2023,"deepavali","lead_up",918,"MINYAK MASAK PAKET (PELBAGAI JENAMA)","1kg","Negeri Sembilan",10,13,12,0,0,10,0.00,2.50,2.50,0.00
2023,"deepavali","lead_up",918,"MINYAK MASAK PAKET (PELBAGAI JENAMA)","1kg","Pahang",45,13,14,0,0,45,0.00,2.50,2.50,0.00
2023,"deepavali","lead_up",918,"MINYAK MASAK PAKET (PELBAGAI JENAMA)","1kg","Perak",23,13,12,0,0,23,0.00,2.50,2.50,0.00
2023,"deepavali","lead_up",918,"MINYAK MASAK PAKET (PELBAGAI JENAMA)","1kg","Perlis",30,13,14,0,0,30,0.00,2.50,2.50,0.00
2023,"deepavali","lead_up",918,"MINYAK MASAK PAKET (PELBAGAI JENAMA)","1kg","Pulau Pinang",28,12,12,0,0,28,0.00,2.50,2.50,0.00
2023,"deepavali","lead_up",918,"MINYAK MASAK PAKET (PELBAGAI JENAMA)","1kg","Sabah",27,13,14,0,0,27,0.00,2.50,2.50,0.00
2023,"deepavali","lead_up",918,"MINYAK MASAK PAKET (PELBAGAI JENAMA)","1kg","Sarawak",27,13,14,0,0,27,0.00,2.50,2.50,0.00
2023,"deepavali","lead_up",918,"MINYAK MASAK PAKET (PELBAGAI JENAMA)","1kg","Selangor",37,13,14,0,0,37,0.00,2.50,2.50,0.00
2023,"deepavali","lead_up",918,"MINYAK MASAK PAKET (PELBAGAI JENAMA)","1kg","Terengganu",62,13,14,0,0,62,0.00,2.50,2.50,0.00
2023,"deepavali","lead_up",918,"MINYAK MASAK PAKET (PELBAGAI JENAMA)","1kg","W.P. Kuala Lumpur",29,13,14,0,0,29,0.00,2.50,2.50,0.00
2023,"deepavali","lead_up",918,"MINYAK MASAK PAKET (PELBAGAI JENAMA)","1kg","W.P. Labuan",6,13,14,0,0,6,0.00,2.50,2.50,0.00
2023,"deepavali","lead_up",1111,"TELUR AYAM GRED C","30 biji","Johor",70,13,14,1,2,67,1.43,12.30,12.30,0.00
2023,"deepavali","lead_up",1111,"TELUR AYAM GRED C","30 biji","Kedah",23,13,14,0,0,23,0.00,12.30,12.30,0.00
2023,"deepavali","lead_up",1111,"TELUR AYAM GRED C","30 biji","Kelantan",28,13,14,0,0,28,0.00,12.30,12.30,0.00
2023,"deepavali","lead_up",1111,"TELUR AYAM GRED C","30 biji","Melaka",12,13,14,0,0,12,0.00,12.30,12.30,0.00
2023,"deepavali","lead_up",1111,"TELUR AYAM GRED C","30 biji","Negeri Sembilan",24,13,14,0,0,24,0.00,12.30,12.30,0.00
2023,"deepavali","lead_up",1111,"TELUR AYAM GRED C","30 biji","Pahang",30,13,14,0,1,29,0.00,12.30,12.30,0.00
2023,"deepavali","lead_up",1111,"TELUR AYAM GRED C","30 biji","Perak",38,13,13,0,0,38,0.00,12.30,12.30,0.00
2023,"deepavali","lead_up",1111,"TELUR AYAM GRED C","30 biji","Pulau Pinang",30,13,14,1,0,29,3.33,12.30,12.30,0.00
2023,"deepavali","lead_up",1111,"TELUR AYAM GRED C","30 biji","Sabah",27,13,14,0,0,27,0.00,14.70,14.70,0.00
2023,"deepavali","lead_up",1111,"TELUR AYAM GRED C","30 biji","Sarawak",5,13,14,0,0,5,0.00,12.90,12.90,0.00
2023,"deepavali","lead_up",1111,"TELUR AYAM GRED C","30 biji","Selangor",33,13,14,1,1,31,3.03,12.30,12.30,0.00
2023,"deepavali","lead_up",1111,"TELUR AYAM GRED C","30 biji","Terengganu",23,13,14,0,0,23,0.00,12.30,12.30,0.00
2023,"deepavali","lead_up",1111,"TELUR AYAM GRED C","30 biji","W.P. Kuala Lumpur",37,13,14,0,1,36,0.00,12.30,12.30,0.00
2023,"deepavali","lead_up",1131,"UBI KENTANG IMPORT (CHINA)","1kg","Johor",110,13,14,13,18,79,11.82,3.49,3.49,0.00
2023,"deepavali","lead_up",1131,"UBI KENTANG IMPORT (CHINA)","1kg","Kedah",45,13,14,7,7,31,15.56,3.80,3.80,0.00
2023,"deepavali","lead_up",1131,"UBI KENTANG IMPORT (CHINA)","1kg","Kelantan",68,13,14,7,17,44,10.29,4.00,4.00,0.00
2023,"deepavali","lead_up",1131,"UBI KENTANG IMPORT (CHINA)","1kg","Melaka",16,13,14,0,3,13,0.00,3.25,3.00,0.00
2023,"deepavali","lead_up",1131,"UBI KENTANG IMPORT (CHINA)","1kg","Negeri Sembilan",22,13,14,4,6,12,18.18,2.90,2.90,0.00
2023,"deepavali","lead_up",1131,"UBI KENTANG IMPORT (CHINA)","1kg","Pahang",68,13,14,5,11,52,7.35,3.99,3.99,0.00
2023,"deepavali","lead_up",1131,"UBI KENTANG IMPORT (CHINA)","1kg","Perak",80,13,13,12,8,60,15.00,3.50,3.50,0.00
2023,"deepavali","lead_up",1131,"UBI KENTANG IMPORT (CHINA)","1kg","Perlis",25,13,14,2,5,18,8.00,4.00,4.00,0.00
2023,"deepavali","lead_up",1131,"UBI KENTANG IMPORT (CHINA)","1kg","Pulau Pinang",66,13,14,12,11,43,18.18,3.98,3.95,0.00
2023,"deepavali","lead_up",1131,"UBI KENTANG IMPORT (CHINA)","1kg","Sabah",110,13,14,8,11,91,7.27,4.00,4.00,0.00
2023,"deepavali","lead_up",1131,"UBI KENTANG IMPORT (CHINA)","1kg","Sarawak",138,13,14,12,13,113,8.70,4.00,3.99,0.00
2023,"deepavali","lead_up",1131,"UBI KENTANG IMPORT (CHINA)","1kg","Selangor",70,13,14,11,12,47,15.71,3.00,2.99,0.00
2023,"deepavali","lead_up",1131,"UBI KENTANG IMPORT (CHINA)","1kg","Terengganu",71,13,14,3,8,60,4.23,3.69,3.50,0.00
2023,"deepavali","lead_up",1131,"UBI KENTANG IMPORT (CHINA)","1kg","W.P. Kuala Lumpur",77,13,14,10,17,50,12.99,3.40,3.40,0.00
2023,"deepavali","lead_up",1131,"UBI KENTANG IMPORT (CHINA)","1kg","W.P. Labuan",14,13,14,0,2,12,0.00,4.00,4.00,0.00
2023,"deepavali","lead_up",1131,"UBI KENTANG IMPORT (CHINA)","1kg","W.P. Putrajaya",19,13,14,1,3,15,5.26,3.50,3.50,0.00
2023,"deepavali","lead_up",1431,"DAGING LEMBU TEMPATAN (BAHAGIAN 1 DAGING PAHA (KECUALI BATANG PINANG - TENDERLOIN)","1kg","Johor",6,13,14,0,0,6,0.00,40.50,40.50,0.00
2023,"deepavali","lead_up",1431,"DAGING LEMBU TEMPATAN (BAHAGIAN 1 DAGING PAHA (KECUALI BATANG PINANG - TENDERLOIN)","1kg","Kedah",12,13,14,0,0,12,0.00,39.00,39.00,0.00
2023,"deepavali","lead_up",1431,"DAGING LEMBU TEMPATAN (BAHAGIAN 1 DAGING PAHA (KECUALI BATANG PINANG - TENDERLOIN)","1kg","Kelantan",18,13,14,0,0,18,0.00,34.00,34.00,0.00
2023,"deepavali","lead_up",1431,"DAGING LEMBU TEMPATAN (BAHAGIAN 1 DAGING PAHA (KECUALI BATANG PINANG - TENDERLOIN)","1kg","Melaka",6,13,14,0,0,6,0.00,40.00,40.00,0.00
2023,"deepavali","lead_up",1431,"DAGING LEMBU TEMPATAN (BAHAGIAN 1 DAGING PAHA (KECUALI BATANG PINANG - TENDERLOIN)","1kg","Negeri Sembilan",6,13,14,0,0,6,0.00,40.00,40.00,0.00
2023,"deepavali","lead_up",1431,"DAGING LEMBU TEMPATAN (BAHAGIAN 1 DAGING PAHA (KECUALI BATANG PINANG - TENDERLOIN)","1kg","Pahang",9,13,14,0,1,8,0.00,39.00,38.00,0.00
2023,"deepavali","lead_up",1431,"DAGING LEMBU TEMPATAN (BAHAGIAN 1 DAGING PAHA (KECUALI BATANG PINANG - TENDERLOIN)","1kg","Perak",18,13,13,0,2,16,0.00,38.00,37.00,0.00
2023,"deepavali","lead_up",1431,"DAGING LEMBU TEMPATAN (BAHAGIAN 1 DAGING PAHA (KECUALI BATANG PINANG - TENDERLOIN)","1kg","Pulau Pinang",17,13,14,0,1,16,0.00,40.00,40.00,0.00
2023,"deepavali","lead_up",1431,"DAGING LEMBU TEMPATAN (BAHAGIAN 1 DAGING PAHA (KECUALI BATANG PINANG - TENDERLOIN)","1kg","Selangor",11,13,14,0,0,11,0.00,40.00,40.00,0.00
2023,"deepavali","lead_up",1431,"DAGING LEMBU TEMPATAN (BAHAGIAN 1 DAGING PAHA (KECUALI BATANG PINANG - TENDERLOIN)","1kg","Terengganu",14,13,14,1,0,13,7.14,36.00,36.00,0.00
2023,"deepavali","lead_up",1555,"UDANG PUTIH/VANNAMEI (TERNAK) (ANTARA 41 HINGGA 60 EKOR SEKILOGRAM)","1kg","Johor",94,13,14,37,29,28,39.36,34.00,33.00,0.00
2023,"deepavali","lead_up",1555,"UDANG PUTIH/VANNAMEI (TERNAK) (ANTARA 41 HINGGA 60 EKOR SEKILOGRAM)","1kg","Kedah",43,13,14,11,10,22,25.58,28.00,28.00,0.00
2023,"deepavali","lead_up",1555,"UDANG PUTIH/VANNAMEI (TERNAK) (ANTARA 41 HINGGA 60 EKOR SEKILOGRAM)","1kg","Kelantan",67,13,14,20,24,23,29.85,32.90,32.00,0.00
2023,"deepavali","lead_up",1555,"UDANG PUTIH/VANNAMEI (TERNAK) (ANTARA 41 HINGGA 60 EKOR SEKILOGRAM)","1kg","Melaka",20,13,14,7,7,6,35.00,34.00,33.97,0.00
2023,"deepavali","lead_up",1555,"UDANG PUTIH/VANNAMEI (TERNAK) (ANTARA 41 HINGGA 60 EKOR SEKILOGRAM)","1kg","Negeri Sembilan",23,13,14,6,10,7,26.09,32.90,33.00,0.00
2023,"deepavali","lead_up",1555,"UDANG PUTIH/VANNAMEI (TERNAK) (ANTARA 41 HINGGA 60 EKOR SEKILOGRAM)","1kg","Pahang",68,13,14,33,19,16,48.53,35.75,36.50,0.00
2023,"deepavali","lead_up",1555,"UDANG PUTIH/VANNAMEI (TERNAK) (ANTARA 41 HINGGA 60 EKOR SEKILOGRAM)","1kg","Perak",78,13,13,25,23,30,32.05,30.00,30.00,0.00
2023,"deepavali","lead_up",1555,"UDANG PUTIH/VANNAMEI (TERNAK) (ANTARA 41 HINGGA 60 EKOR SEKILOGRAM)","1kg","Perlis",13,13,14,5,5,3,38.46,30.00,30.99,0.00
2023,"deepavali","lead_up",1555,"UDANG PUTIH/VANNAMEI (TERNAK) (ANTARA 41 HINGGA 60 EKOR SEKILOGRAM)","1kg","Pulau Pinang",50,13,14,14,17,19,28.00,32.00,32.00,0.00
2023,"deepavali","lead_up",1555,"UDANG PUTIH/VANNAMEI (TERNAK) (ANTARA 41 HINGGA 60 EKOR SEKILOGRAM)","1kg","Sabah",27,13,14,7,5,15,25.93,35.00,33.00,0.00
2023,"deepavali","lead_up",1555,"UDANG PUTIH/VANNAMEI (TERNAK) (ANTARA 41 HINGGA 60 EKOR SEKILOGRAM)","1kg","Sarawak",35,13,14,7,6,22,20.00,35.99,35.99,0.00
2023,"deepavali","lead_up",1555,"UDANG PUTIH/VANNAMEI (TERNAK) (ANTARA 41 HINGGA 60 EKOR SEKILOGRAM)","1kg","Selangor",72,13,14,20,27,25,27.78,30.00,30.45,0.00
2023,"deepavali","lead_up",1555,"UDANG PUTIH/VANNAMEI (TERNAK) (ANTARA 41 HINGGA 60 EKOR SEKILOGRAM)","1kg","Terengganu",57,13,14,23,16,18,40.35,32.00,32.00,0.00
2023,"deepavali","lead_up",1555,"UDANG PUTIH/VANNAMEI (TERNAK) (ANTARA 41 HINGGA 60 EKOR SEKILOGRAM)","1kg","W.P. Kuala Lumpur",77,13,14,26,19,32,33.77,35.00,35.00,0.00
2023,"deepavali","lead_up",1555,"UDANG PUTIH/VANNAMEI (TERNAK) (ANTARA 41 HINGGA 60 EKOR SEKILOGRAM)","1kg","W.P. Putrajaya",14,13,14,7,3,4,50.00,38.15,37.95,0.12
2023,"deepavali","lead_up",1564,"BAWANG PUTIH IMPORT (CHINA)","1kg","Johor",135,13,14,18,10,107,13.33,12.00,12.00,0.00
2023,"deepavali","lead_up",1564,"BAWANG PUTIH IMPORT (CHINA)","1kg","Kedah",70,13,14,5,5,60,7.14,12.00,12.00,0.00
2023,"deepavali","lead_up",1564,"BAWANG PUTIH IMPORT (CHINA)","1kg","Kelantan",66,13,14,7,5,54,10.61,11.99,11.99,0.00
2023,"deepavali","lead_up",1564,"BAWANG PUTIH IMPORT (CHINA)","1kg","Melaka",27,13,14,0,2,25,0.00,13.80,13.50,0.00
2023,"deepavali","lead_up",1564,"BAWANG PUTIH IMPORT (CHINA)","1kg","Negeri Sembilan",38,13,14,3,3,32,7.89,12.95,12.95,0.00
2023,"deepavali","lead_up",1564,"BAWANG PUTIH IMPORT (CHINA)","1kg","Pahang",70,13,14,12,3,55,17.14,12.00,12.50,0.00
2023,"deepavali","lead_up",1564,"BAWANG PUTIH IMPORT (CHINA)","1kg","Perak",90,13,13,9,7,74,10.00,12.99,12.99,0.00
2023,"deepavali","lead_up",1564,"BAWANG PUTIH IMPORT (CHINA)","1kg","Perlis",25,13,14,1,1,23,4.00,9.80,9.80,0.00
2023,"deepavali","lead_up",1564,"BAWANG PUTIH IMPORT (CHINA)","1kg","Pulau Pinang",81,13,14,9,11,61,11.11,13.00,13.00,0.00
2023,"deepavali","lead_up",1564,"BAWANG PUTIH IMPORT (CHINA)","1kg","Sabah",125,13,14,7,12,106,5.60,10.45,10.00,0.00
2023,"deepavali","lead_up",1564,"BAWANG PUTIH IMPORT (CHINA)","1kg","Sarawak",131,13,14,16,10,105,12.21,10.50,10.50,0.00
2023,"deepavali","lead_up",1564,"BAWANG PUTIH IMPORT (CHINA)","1kg","Selangor",80,13,14,2,6,72,2.50,12.00,11.99,0.00
2023,"deepavali","lead_up",1564,"BAWANG PUTIH IMPORT (CHINA)","1kg","Terengganu",72,13,14,12,4,56,16.67,11.99,12.00,0.00
2023,"deepavali","lead_up",1564,"BAWANG PUTIH IMPORT (CHINA)","1kg","W.P. Kuala Lumpur",103,13,14,10,12,81,9.71,13.00,13.00,0.00
2023,"deepavali","lead_up",1564,"BAWANG PUTIH IMPORT (CHINA)","1kg","W.P. Labuan",14,13,14,3,0,11,21.43,11.90,11.90,0.00
2023,"deepavali","lead_up",1564,"BAWANG PUTIH IMPORT (CHINA)","1kg","W.P. Putrajaya",19,13,14,0,2,17,0.00,12.90,12.90,0.00
2023,"deepavali","lead_up",1589,"GULA PUTIH BERTAPIS KASAR (PELBAGAI JENAMA)","1kg","Johor",77,4,5,0,0,77,0.00,2.85,2.85,0.00
2023,"deepavali","lead_up",1589,"GULA PUTIH BERTAPIS KASAR (PELBAGAI JENAMA)","1kg","Sarawak",67,7,12,0,0,67,0.00,2.85,2.85,0.00
2023,"ramadan_raya","after_raya",1,"AYAM BERSIH - STANDARD","1kg","Johor",106,14,11,15,0,91,14.15,9.39,9.39,0.00
2023,"ramadan_raya","after_raya",1,"AYAM BERSIH - STANDARD","1kg","Kedah",50,14,11,9,0,41,18.00,9.40,9.40,0.00
2023,"ramadan_raya","after_raya",1,"AYAM BERSIH - STANDARD","1kg","Kelantan",68,14,10,11,2,55,16.18,9.40,9.40,0.00
2023,"ramadan_raya","after_raya",1,"AYAM BERSIH - STANDARD","1kg","Melaka",19,14,11,2,0,17,10.53,9.40,9.40,0.00
2023,"ramadan_raya","after_raya",1,"AYAM BERSIH - STANDARD","1kg","Negeri Sembilan",32,14,11,7,0,25,21.88,9.39,9.40,0.00
2023,"ramadan_raya","after_raya",1,"AYAM BERSIH - STANDARD","1kg","Pahang",71,14,11,9,0,62,12.68,9.39,9.39,0.00
2023,"ramadan_raya","after_raya",1,"AYAM BERSIH - STANDARD","1kg","Perak",81,14,11,12,1,68,14.81,9.40,9.40,0.00
2023,"ramadan_raya","after_raya",1,"AYAM BERSIH - STANDARD","1kg","Perlis",15,14,11,1,0,14,6.67,9.39,9.40,0.00
2023,"ramadan_raya","after_raya",1,"AYAM BERSIH - STANDARD","1kg","Pulau Pinang",63,14,11,8,0,55,12.70,9.40,9.40,0.00
2023,"ramadan_raya","after_raya",1,"AYAM BERSIH - STANDARD","1kg","Sabah",7,14,11,0,0,7,0.00,11.30,11.30,0.00
2023,"ramadan_raya","after_raya",1,"AYAM BERSIH - STANDARD","1kg","Sarawak",12,14,11,0,0,12,0.00,9.80,9.80,0.00
2023,"ramadan_raya","after_raya",1,"AYAM BERSIH - STANDARD","1kg","Selangor",84,14,11,9,5,70,10.71,9.40,9.40,0.00
2023,"ramadan_raya","after_raya",1,"AYAM BERSIH - STANDARD","1kg","Terengganu",62,14,10,4,0,58,6.45,9.40,9.40,0.00
2023,"ramadan_raya","after_raya",1,"AYAM BERSIH - STANDARD","1kg","W.P. Kuala Lumpur",78,14,11,4,4,70,5.13,9.40,9.40,0.00
2023,"ramadan_raya","after_raya",1,"AYAM BERSIH - STANDARD","1kg","W.P. Putrajaya",12,14,11,1,0,11,8.33,9.40,9.40,0.00
2023,"ramadan_raya","after_raya",94,"CILI MERAH - MINYAK","1kg","Johor",55,14,11,34,11,10,61.82,13.99,15.90,6.71
2023,"ramadan_raya","after_raya",94,"CILI MERAH - MINYAK","1kg","Kedah",21,14,11,12,8,1,57.14,15.90,15.99,6.92
2023,"ramadan_raya","after_raya",94,"CILI MERAH - MINYAK","1kg","Kelantan",20,14,10,8,9,3,40.00,15.95,16.95,0.00
2023,"ramadan_raya","after_raya",94,"CILI MERAH - MINYAK","1kg","Negeri Sembilan",29,14,11,24,4,1,82.76,12.99,15.90,15.50
2023,"ramadan_raya","after_raya",94,"CILI MERAH - MINYAK","1kg","Pahang",59,14,11,42,9,8,71.19,13.99,15.99,12.08
2023,"ramadan_raya","after_raya",94,"CILI MERAH - MINYAK","1kg","Perak",43,14,11,33,7,3,76.74,13.00,15.00,13.33
2023,"ramadan_raya","after_raya",94,"CILI MERAH - MINYAK","1kg","Perlis",14,14,11,7,5,2,50.00,15.50,16.49,3.13
2023,"ramadan_raya","after_raya",94,"CILI MERAH - MINYAK","1kg","Pulau Pinang",29,14,11,21,4,4,72.41,12.90,14.99,23.26
2023,"ramadan_raya","after_raya",94,"CILI MERAH - MINYAK","1kg","Sabah",15,14,11,3,9,3,20.00,19.99,18.00,-3.23
2023,"ramadan_raya","after_raya",94,"CILI MERAH - MINYAK","1kg","Sarawak",66,14,11,18,33,15,27.27,22.00,20.00,-1.35
2023,"ramadan_raya","after_raya",94,"CILI MERAH - MINYAK","1kg","Selangor",72,14,11,58,8,6,80.56,12.99,15.90,23.09
2023,"ramadan_raya","after_raya",94,"CILI MERAH - MINYAK","1kg","Terengganu",37,14,10,23,13,1,62.16,15.00,16.99,6.25
2023,"ramadan_raya","after_raya",94,"CILI MERAH - MINYAK","1kg","W.P. Kuala Lumpur",74,14,11,43,23,8,58.11,13.37,16.90,7.31
2023,"ramadan_raya","after_raya",103,"SANTAN KELAPA SEGAR (BIASA)","1kg","Johor",18,14,11,2,1,15,11.11,8.55,8.65,0.00
2023,"ramadan_raya","after_raya",103,"SANTAN KELAPA SEGAR (BIASA)","1kg","Kedah",8,14,11,0,0,8,0.00,12.00,12.00,0.00
2023,"ramadan_raya","after_raya",103,"SANTAN KELAPA SEGAR (BIASA)","1kg","Kelantan",17,14,10,0,0,17,0.00,8.90,8.90,0.00
2023,"ramadan_raya","after_raya",103,"SANTAN KELAPA SEGAR (BIASA)","1kg","Negeri Sembilan",18,14,11,2,0,16,11.11,9.00,9.00,0.00
2023,"ramadan_raya","after_raya",103,"SANTAN KELAPA SEGAR (BIASA)","1kg","Pahang",30,14,11,5,1,24,16.67,6.90,6.90,0.00
2023,"ramadan_raya","after_raya",103,"SANTAN KELAPA SEGAR (BIASA)","1kg","Perak",41,14,11,6,4,31,14.63,9.00,9.00,0.00
2023,"ramadan_raya","after_raya",103,"SANTAN KELAPA SEGAR (BIASA)","1kg","Pulau Pinang",23,14,11,0,0,23,0.00,11.00,11.00,0.00
2023,"ramadan_raya","after_raya",103,"SANTAN KELAPA SEGAR (BIASA)","1kg","Selangor",34,14,11,2,3,29,5.88,7.00,6.99,0.00
2023,"ramadan_raya","after_raya",103,"SANTAN KELAPA SEGAR (BIASA)","1kg","Terengganu",11,14,10,0,0,11,0.00,10.00,10.00,0.00
2023,"ramadan_raya","after_raya",103,"SANTAN KELAPA SEGAR (BIASA)","1kg","W.P. Kuala Lumpur",37,14,11,1,1,35,2.70,6.60,6.60,0.00
2023,"ramadan_raya","after_raya",103,"SANTAN KELAPA SEGAR (BIASA)","1kg","W.P. Putrajaya",6,14,11,0,1,5,0.00,8.25,8.00,0.00
2023,"ramadan_raya","after_raya",114,"TOMATO","1kg","Johor",116,14,11,0,115,1,0.00,9.00,4.90,-50.00
2023,"ramadan_raya","after_raya",114,"TOMATO","1kg","Kedah",61,14,11,0,57,4,0.00,8.99,5.00,-42.86
2023,"ramadan_raya","after_raya",114,"TOMATO","1kg","Kelantan",81,14,10,0,77,4,0.00,8.90,5.00,-40.00
2023,"ramadan_raya","after_raya",114,"TOMATO","1kg","Melaka",25,14,11,0,25,0,0.00,9.85,5.00,-50.00
2023,"ramadan_raya","after_raya",114,"TOMATO","1kg","Negeri Sembilan",34,14,11,1,31,2,2.94,8.00,3.95,-50.00
2023,"ramadan_raya","after_raya",114,"TOMATO","1kg","Pahang",80,14,11,0,80,0,0.00,8.99,3.99,-55.59
2023,"ramadan_raya","after_raya",114,"TOMATO","1kg","Perak",85,14,11,0,84,1,0.00,8.99,4.99,-49.58
2023,"ramadan_raya","after_raya",114,"TOMATO","1kg","Perlis",20,14,11,0,20,0,0.00,8.45,6.00,-38.44
2023,"ramadan_raya","after_raya",114,"TOMATO","1kg","Pulau Pinang",77,14,11,0,76,1,0.00,9.00,5.90,-42.86
2023,"ramadan_raya","after_raya",114,"TOMATO","1kg","Sabah",61,14,11,18,20,23,29.51,7.99,8.00,0.00
2023,"ramadan_raya","after_raya",114,"TOMATO","1kg","Sarawak",81,14,11,8,64,9,9.88,10.80,8.00,-20.02
2023,"ramadan_raya","after_raya",114,"TOMATO","1kg","Selangor",87,14,11,0,85,2,0.00,8.74,4.90,-45.50
2023,"ramadan_raya","after_raya",114,"TOMATO","1kg","Terengganu",62,14,10,1,61,0,1.61,9.27,5.44,-44.54
2023,"ramadan_raya","after_raya",114,"TOMATO","1kg","W.P. Kuala Lumpur",109,14,11,1,106,2,0.92,8.90,4.90,-44.44
2023,"ramadan_raya","after_raya",114,"TOMATO","1kg","W.P. Putrajaya",18,14,11,0,18,0,0.00,8.99,5.25,-44.72
2023,"ramadan_raya","after_raya",129,"BAWANG BESAR KUNING/HOLLAND","1kg","Johor",120,14,11,39,31,50,32.50,4.80,4.90,0.00
2023,"ramadan_raya","after_raya",129,"BAWANG BESAR KUNING/HOLLAND","1kg","Kedah",71,14,11,17,25,29,23.94,4.90,5.00,0.00
2023,"ramadan_raya","after_raya",129,"BAWANG BESAR KUNING/HOLLAND","1kg","Kelantan",115,14,10,38,32,45,33.04,5.00,5.00,0.00
2023,"ramadan_raya","after_raya",129,"BAWANG BESAR KUNING/HOLLAND","1kg","Melaka",23,14,11,10,7,6,43.48,4.69,4.99,0.00
2023,"ramadan_raya","after_raya",129,"BAWANG BESAR KUNING/HOLLAND","1kg","Negeri Sembilan",34,14,11,12,7,15,35.29,4.90,5.00,0.00
2023,"ramadan_raya","after_raya",129,"BAWANG BESAR KUNING/HOLLAND","1kg","Pahang",74,14,11,15,31,28,20.27,4.99,4.99,0.00
2023,"ramadan_raya","after_raya",129,"BAWANG BESAR KUNING/HOLLAND","1kg","Perak",75,14,11,22,30,23,29.33,4.99,4.90,0.00
2023,"ramadan_raya","after_raya",129,"BAWANG BESAR KUNING/HOLLAND","1kg","Perlis",31,14,11,13,10,8,41.94,4.90,5.00,0.00
2023,"ramadan_raya","after_raya",129,"BAWANG BESAR KUNING/HOLLAND","1kg","Pulau Pinang",70,14,11,19,26,25,27.14,5.00,5.00,0.00
2023,"ramadan_raya","after_raya",129,"BAWANG BESAR KUNING/HOLLAND","1kg","Sabah",128,14,11,31,43,54,24.22,5.99,6.00,0.00
2023,"ramadan_raya","after_raya",129,"BAWANG BESAR KUNING/HOLLAND","1kg","Sarawak",131,14,11,27,64,40,20.61,5.50,5.50,0.00
2023,"ramadan_raya","after_raya",129,"BAWANG BESAR KUNING/HOLLAND","1kg","Selangor",82,14,11,30,20,32,36.59,4.50,4.95,0.00
2023,"ramadan_raya","after_raya",129,"BAWANG BESAR KUNING/HOLLAND","1kg","Terengganu",95,14,10,14,35,46,14.74,4.99,4.99,0.00
2023,"ramadan_raya","after_raya",129,"BAWANG BESAR KUNING/HOLLAND","1kg","W.P. Kuala Lumpur",95,14,11,32,36,27,33.68,4.99,5.00,0.00
2023,"ramadan_raya","after_raya",129,"BAWANG BESAR KUNING/HOLLAND","1kg","W.P. Labuan",13,14,11,5,8,0,38.46,5.90,6.00,-7.69
2023,"ramadan_raya","after_raya",129,"BAWANG BESAR KUNING/HOLLAND","1kg","W.P. Putrajaya",18,14,11,5,8,5,27.78,4.90,4.95,0.00
2023,"ramadan_raya","after_raya",918,"MINYAK MASAK PAKET (PELBAGAI JENAMA)","1kg","Johor",33,14,11,0,0,33,0.00,2.50,2.50,0.00
2023,"ramadan_raya","after_raya",918,"MINYAK MASAK PAKET (PELBAGAI JENAMA)","1kg","Kedah",48,14,11,0,0,48,0.00,2.50,2.50,0.00
2023,"ramadan_raya","after_raya",918,"MINYAK MASAK PAKET (PELBAGAI JENAMA)","1kg","Kelantan",102,14,10,0,0,102,0.00,2.50,2.50,0.00
2023,"ramadan_raya","after_raya",918,"MINYAK MASAK PAKET (PELBAGAI JENAMA)","1kg","Melaka",17,14,11,0,0,17,0.00,2.50,2.50,0.00
2023,"ramadan_raya","after_raya",918,"MINYAK MASAK PAKET (PELBAGAI JENAMA)","1kg","Negeri Sembilan",18,14,11,0,0,18,0.00,2.50,2.50,0.00
2023,"ramadan_raya","after_raya",918,"MINYAK MASAK PAKET (PELBAGAI JENAMA)","1kg","Pahang",46,14,11,0,0,46,0.00,2.50,2.50,0.00
2023,"ramadan_raya","after_raya",918,"MINYAK MASAK PAKET (PELBAGAI JENAMA)","1kg","Perak",30,14,11,0,0,30,0.00,2.50,2.50,0.00
2023,"ramadan_raya","after_raya",918,"MINYAK MASAK PAKET (PELBAGAI JENAMA)","1kg","Perlis",32,14,11,0,0,32,0.00,2.50,2.50,0.00
2023,"ramadan_raya","after_raya",918,"MINYAK MASAK PAKET (PELBAGAI JENAMA)","1kg","Pulau Pinang",27,13,11,0,0,27,0.00,2.50,2.50,0.00
2023,"ramadan_raya","after_raya",918,"MINYAK MASAK PAKET (PELBAGAI JENAMA)","1kg","Sabah",17,14,11,0,0,17,0.00,2.50,2.50,0.00
2023,"ramadan_raya","after_raya",918,"MINYAK MASAK PAKET (PELBAGAI JENAMA)","1kg","Sarawak",29,14,11,0,2,27,0.00,2.50,2.50,0.00
2023,"ramadan_raya","after_raya",918,"MINYAK MASAK PAKET (PELBAGAI JENAMA)","1kg","Selangor",42,14,11,0,0,42,0.00,2.50,2.50,0.00
2023,"ramadan_raya","after_raya",918,"MINYAK MASAK PAKET (PELBAGAI JENAMA)","1kg","Terengganu",72,14,10,0,0,72,0.00,2.50,2.50,0.00
2023,"ramadan_raya","after_raya",918,"MINYAK MASAK PAKET (PELBAGAI JENAMA)","1kg","W.P. Kuala Lumpur",44,14,11,0,0,44,0.00,2.50,2.50,0.00
2023,"ramadan_raya","after_raya",918,"MINYAK MASAK PAKET (PELBAGAI JENAMA)","1kg","W.P. Labuan",8,14,11,0,0,8,0.00,2.50,2.50,0.00
2023,"ramadan_raya","after_raya",1111,"TELUR AYAM GRED C","30 biji","Johor",42,14,11,0,0,42,0.00,12.30,12.30,0.00
2023,"ramadan_raya","after_raya",1111,"TELUR AYAM GRED C","30 biji","Kedah",18,14,11,0,0,18,0.00,12.30,12.30,0.00
2023,"ramadan_raya","after_raya",1111,"TELUR AYAM GRED C","30 biji","Kelantan",25,14,10,1,0,24,4.00,12.30,12.30,0.00
2023,"ramadan_raya","after_raya",1111,"TELUR AYAM GRED C","30 biji","Melaka",14,14,11,0,0,14,0.00,12.30,12.30,0.00
2023,"ramadan_raya","after_raya",1111,"TELUR AYAM GRED C","30 biji","Negeri Sembilan",19,14,11,0,0,19,0.00,12.30,12.30,0.00
2023,"ramadan_raya","after_raya",1111,"TELUR AYAM GRED C","30 biji","Pahang",41,14,11,0,0,41,0.00,12.30,12.30,0.00
2023,"ramadan_raya","after_raya",1111,"TELUR AYAM GRED C","30 biji","Perak",34,14,11,0,1,33,0.00,12.30,12.30,0.00
2023,"ramadan_raya","after_raya",1111,"TELUR AYAM GRED C","30 biji","Pulau Pinang",24,14,11,0,1,23,0.00,12.30,12.30,0.00
2023,"ramadan_raya","after_raya",1111,"TELUR AYAM GRED C","30 biji","Sabah",25,14,11,0,0,25,0.00,14.70,14.70,0.00
2023,"ramadan_raya","after_raya",1111,"TELUR AYAM GRED C","30 biji","Sarawak",7,11,11,0,0,7,0.00,12.90,12.90,0.00
2023,"ramadan_raya","after_raya",1111,"TELUR AYAM GRED C","30 biji","Selangor",33,14,11,0,0,33,0.00,12.30,12.30,0.00
2023,"ramadan_raya","after_raya",1111,"TELUR AYAM GRED C","30 biji","Terengganu",30,14,10,0,0,30,0.00,12.30,12.30,0.00
2023,"ramadan_raya","after_raya",1111,"TELUR AYAM GRED C","30 biji","W.P. Kuala Lumpur",43,14,11,0,0,43,0.00,12.30,12.30,0.00
2023,"ramadan_raya","after_raya",1111,"TELUR AYAM GRED C","30 biji","W.P. Putrajaya",5,12,11,1,0,4,20.00,12.30,12.30,0.00
2023,"ramadan_raya","after_raya",1131,"UBI KENTANG IMPORT (CHINA)","1kg","Johor",103,14,11,16,59,28,15.53,3.00,3.00,-6.67
2023,"ramadan_raya","after_raya",1131,"UBI KENTANG IMPORT (CHINA)","1kg","Kedah",39,14,11,11,14,14,28.21,3.30,3.50,0.00
2023,"ramadan_raya","after_raya",1131,"UBI KENTANG IMPORT (CHINA)","1kg","Kelantan",56,14,10,8,35,13,14.29,3.95,3.50,-10.26
2023,"ramadan_raya","after_raya",1131,"UBI KENTANG IMPORT (CHINA)","1kg","Melaka",17,14,11,3,7,7,17.65,2.99,2.90,0.00
2023,"ramadan_raya","after_raya",1131,"UBI KENTANG IMPORT (CHINA)","1kg","Negeri Sembilan",26,14,11,5,14,7,19.23,3.20,2.95,-7.21
2023,"ramadan_raya","after_raya",1131,"UBI KENTANG IMPORT (CHINA)","1kg","Pahang",65,14,11,12,38,15,18.46,3.00,3.00,-10.26
2023,"ramadan_raya","after_raya",1131,"UBI KENTANG IMPORT (CHINA)","1kg","Perak",67,14,11,12,44,11,17.91,3.40,3.50,-12.50
2023,"ramadan_raya","after_raya",1131,"UBI KENTANG IMPORT (CHINA)","1kg","Perlis",21,14,11,0,13,8,0.00,3.70,3.50,-7.89
2023,"ramadan_raya","after_raya",1131,"UBI KENTANG IMPORT (CHINA)","1kg","Pulau Pinang",33,14,11,8,18,7,24.24,3.50,3.50,-12.50
2023,"ramadan_raya","after_raya",1131,"UBI KENTANG IMPORT (CHINA)","1kg","Sabah",108,14,11,8,54,46,7.41,4.00,3.99,-1.25
2023,"ramadan_raya","after_raya",1131,"UBI KENTANG IMPORT (CHINA)","1kg","Sarawak",130,14,11,6,75,49,4.62,4.00,3.99,-6.46
2023,"ramadan_raya","after_raya",1131,"UBI KENTANG IMPORT (CHINA)","1kg","Selangor",75,14,11,11,44,20,14.67,2.90,2.80,-8.00
2023,"ramadan_raya","after_raya",1131,"UBI KENTANG IMPORT (CHINA)","1kg","Terengganu",59,14,10,2,40,17,3.39,3.69,3.39,-8.16
2023,"ramadan_raya","after_raya",1131,"UBI KENTANG IMPORT (CHINA)","1kg","W.P. Kuala Lumpur",75,14,11,8,47,20,10.67,2.99,2.99,-10.26
2023,"ramadan_raya","after_raya",1131,"UBI KENTANG IMPORT (CHINA)","1kg","W.P. Labuan",12,14,11,1,7,4,8.33,4.00,3.95,-11.38
2023,"ramadan_raya","after_raya",1131,"UBI KENTANG IMPORT (CHINA)","1kg","W.P. Putrajaya",18,14,11,2,12,4,11.11,4.00,3.50,-12.50
2023,"ramadan_raya","after_raya",1431,"DAGING LEMBU TEMPATAN (BAHAGIAN 1 DAGING PAHA (KECUALI BATANG PINANG - TENDERLOIN)","1kg","Johor",6,14,11,2,1,3,33.33,39.50,40.50,0.00
2023,"ramadan_raya","after_raya",1431,"DAGING LEMBU TEMPATAN (BAHAGIAN 1 DAGING PAHA (KECUALI BATANG PINANG - TENDERLOIN)","1kg","Kedah",12,14,11,2,0,10,16.67,39.00,39.50,0.00
2023,"ramadan_raya","after_raya",1431,"DAGING LEMBU TEMPATAN (BAHAGIAN 1 DAGING PAHA (KECUALI BATANG PINANG - TENDERLOIN)","1kg","Kelantan",18,14,10,1,0,17,5.56,33.50,34.00,0.00
2023,"ramadan_raya","after_raya",1431,"DAGING LEMBU TEMPATAN (BAHAGIAN 1 DAGING PAHA (KECUALI BATANG PINANG - TENDERLOIN)","1kg","Melaka",6,14,11,5,0,1,83.33,38.00,40.00,3.91
2023,"ramadan_raya","after_raya",1431,"DAGING LEMBU TEMPATAN (BAHAGIAN 1 DAGING PAHA (KECUALI BATANG PINANG - TENDERLOIN)","1kg","Negeri Sembilan",8,14,11,3,1,4,37.50,39.50,40.00,0.00
2023,"ramadan_raya","after_raya",1431,"DAGING LEMBU TEMPATAN (BAHAGIAN 1 DAGING PAHA (KECUALI BATANG PINANG - TENDERLOIN)","1kg","Pahang",9,14,11,7,0,2,77.78,38.00,39.00,5.26
2023,"ramadan_raya","after_raya",1431,"DAGING LEMBU TEMPATAN (BAHAGIAN 1 DAGING PAHA (KECUALI BATANG PINANG - TENDERLOIN)","1kg","Perak",18,14,11,4,0,14,22.22,38.00,38.00,0.00
2023,"ramadan_raya","after_raya",1431,"DAGING LEMBU TEMPATAN (BAHAGIAN 1 DAGING PAHA (KECUALI BATANG PINANG - TENDERLOIN)","1kg","Perlis",5,14,11,2,0,3,40.00,38.00,39.00,0.00
2023,"ramadan_raya","after_raya",1431,"DAGING LEMBU TEMPATAN (BAHAGIAN 1 DAGING PAHA (KECUALI BATANG PINANG - TENDERLOIN)","1kg","Pulau Pinang",14,14,11,5,2,7,35.71,40.00,40.50,0.00
2023,"ramadan_raya","after_raya",1431,"DAGING LEMBU TEMPATAN (BAHAGIAN 1 DAGING PAHA (KECUALI BATANG PINANG - TENDERLOIN)","1kg","Selangor",14,14,11,2,4,8,14.29,39.50,40.00,0.00
2023,"ramadan_raya","after_raya",1431,"DAGING LEMBU TEMPATAN (BAHAGIAN 1 DAGING PAHA (KECUALI BATANG PINANG - TENDERLOIN)","1kg","Terengganu",13,14,10,2,0,11,15.38,36.00,36.00,0.00
2023,"ramadan_raya","after_raya",1431,"DAGING LEMBU TEMPATAN (BAHAGIAN 1 DAGING PAHA (KECUALI BATANG PINANG - TENDERLOIN)","1kg","W.P. Kuala Lumpur",5,14,11,0,2,3,0.00,40.00,40.00,0.00
2023,"ramadan_raya","after_raya",1555,"UDANG PUTIH/VANNAMEI (TERNAK) (ANTARA 41 HINGGA 60 EKOR SEKILOGRAM)","1kg","Johor",81,14,11,47,16,18,58.02,35.99,36.00,2.78
2023,"ramadan_raya","after_raya",1555,"UDANG PUTIH/VANNAMEI (TERNAK) (ANTARA 41 HINGGA 60 EKOR SEKILOGRAM)","1kg","Kedah",40,14,11,8,15,17,20.00,30.00,30.00,0.00
2023,"ramadan_raya","after_raya",1555,"UDANG PUTIH/VANNAMEI (TERNAK) (ANTARA 41 HINGGA 60 EKOR SEKILOGRAM)","1kg","Kelantan",64,14,10,33,17,14,51.56,35.00,35.00,0.41
2023,"ramadan_raya","after_raya",1555,"UDANG PUTIH/VANNAMEI (TERNAK) (ANTARA 41 HINGGA 60 EKOR SEKILOGRAM)","1kg","Melaka",18,14,11,10,6,2,55.56,35.00,37.45,4.15
2023,"ramadan_raya","after_raya",1555,"UDANG PUTIH/VANNAMEI (TERNAK) (ANTARA 41 HINGGA 60 EKOR SEKILOGRAM)","1kg","Negeri Sembilan",24,14,11,5,10,9,20.83,34.50,35.90,0.00
2023,"ramadan_raya","after_raya",1555,"UDANG PUTIH/VANNAMEI (TERNAK) (ANTARA 41 HINGGA 60 EKOR SEKILOGRAM)","1kg","Pahang",66,14,11,21,31,14,31.82,38.12,37.12,0.00
2023,"ramadan_raya","after_raya",1555,"UDANG PUTIH/VANNAMEI (TERNAK) (ANTARA 41 HINGGA 60 EKOR SEKILOGRAM)","1kg","Perak",79,14,11,23,32,24,29.11,33.49,32.45,0.00
2023,"ramadan_raya","after_raya",1555,"UDANG PUTIH/VANNAMEI (TERNAK) (ANTARA 41 HINGGA 60 EKOR SEKILOGRAM)","1kg","Perlis",14,14,11,4,3,7,28.57,33.75,33.75,0.00
2023,"ramadan_raya","after_raya",1555,"UDANG PUTIH/VANNAMEI (TERNAK) (ANTARA 41 HINGGA 60 EKOR SEKILOGRAM)","1kg","Pulau Pinang",46,14,11,16,10,20,34.78,34.00,35.00,0.00
2023,"ramadan_raya","after_raya",1555,"UDANG PUTIH/VANNAMEI (TERNAK) (ANTARA 41 HINGGA 60 EKOR SEKILOGRAM)","1kg","Sabah",28,14,11,9,9,10,32.14,35.00,36.05,0.00
2023,"ramadan_raya","after_raya",1555,"UDANG PUTIH/VANNAMEI (TERNAK) (ANTARA 41 HINGGA 60 EKOR SEKILOGRAM)","1kg","Sarawak",27,14,11,11,9,7,40.74,34.00,35.00,0.00
2023,"ramadan_raya","after_raya",1555,"UDANG PUTIH/VANNAMEI (TERNAK) (ANTARA 41 HINGGA 60 EKOR SEKILOGRAM)","1kg","Selangor",78,14,11,25,24,29,32.05,34.00,34.00,0.00
2023,"ramadan_raya","after_raya",1555,"UDANG PUTIH/VANNAMEI (TERNAK) (ANTARA 41 HINGGA 60 EKOR SEKILOGRAM)","1kg","Terengganu",42,14,10,17,15,10,40.48,34.45,34.95,0.00
2023,"ramadan_raya","after_raya",1555,"UDANG PUTIH/VANNAMEI (TERNAK) (ANTARA 41 HINGGA 60 EKOR SEKILOGRAM)","1kg","W.P. Kuala Lumpur",78,14,11,28,29,21,35.90,37.95,37.95,0.00
2023,"ramadan_raya","after_raya",1555,"UDANG PUTIH/VANNAMEI (TERNAK) (ANTARA 41 HINGGA 60 EKOR SEKILOGRAM)","1kg","W.P. Putrajaya",11,14,11,4,2,5,36.36,39.50,40.90,0.00
2023,"ramadan_raya","after_raya",1564,"BAWANG PUTIH IMPORT (CHINA)","1kg","Johor",133,14,11,25,69,39,18.80,7.99,7.99,-3.03
2023,"ramadan_raya","after_raya",1564,"BAWANG PUTIH IMPORT (CHINA)","1kg","Kedah",73,14,11,19,32,22,26.03,8.00,8.00,0.00
2023,"ramadan_raya","after_raya",1564,"BAWANG PUTIH IMPORT (CHINA)","1kg","Kelantan",70,14,10,16,19,35,22.86,7.99,7.99,0.00
2023,"ramadan_raya","after_raya",1564,"BAWANG PUTIH IMPORT (CHINA)","1kg","Melaka",27,14,11,4,16,7,14.81,8.50,8.00,-5.88
2023,"ramadan_raya","after_raya",1564,"BAWANG PUTIH IMPORT (CHINA)","1kg","Negeri Sembilan",39,14,11,10,20,9,25.64,8.00,8.00,-4.76
2023,"ramadan_raya","after_raya",1564,"BAWANG PUTIH IMPORT (CHINA)","1kg","Pahang",73,14,11,11,34,28,15.07,7.99,7.99,0.00
2023,"ramadan_raya","after_raya",1564,"BAWANG PUTIH IMPORT (CHINA)","1kg","Perak",88,14,11,25,39,24,28.41,8.00,8.00,0.00
2023,"ramadan_raya","after_raya",1564,"BAWANG PUTIH IMPORT (CHINA)","1kg","Perlis",27,14,11,5,8,14,18.52,8.00,8.00,0.00
2023,"ramadan_raya","after_raya",1564,"BAWANG PUTIH IMPORT (CHINA)","1kg","Pulau Pinang",81,14,11,22,38,21,27.16,8.00,8.00,0.00
2023,"ramadan_raya","after_raya",1564,"BAWANG PUTIH IMPORT (CHINA)","1kg","Sabah",128,14,11,32,36,60,25.00,7.50,7.80,0.00
2023,"ramadan_raya","after_raya",1564,"BAWANG PUTIH IMPORT (CHINA)","1kg","Sarawak",133,14,11,21,48,64,15.79,7.90,7.90,0.00
2023,"ramadan_raya","after_raya",1564,"BAWANG PUTIH IMPORT (CHINA)","1kg","Selangor",84,14,11,24,38,22,28.57,7.90,7.90,0.00
2023,"ramadan_raya","after_raya",1564,"BAWANG PUTIH IMPORT (CHINA)","1kg","Terengganu",75,14,10,12,28,35,16.00,7.90,7.90,0.00
2023,"ramadan_raya","after_raya",1564,"BAWANG PUTIH IMPORT (CHINA)","1kg","W.P. Kuala Lumpur",101,14,11,26,51,24,25.74,8.00,7.90,-5.77
2023,"ramadan_raya","after_raya",1564,"BAWANG PUTIH IMPORT (CHINA)","1kg","W.P. Labuan",13,14,11,5,3,5,38.46,6.90,7.90,0.00
2023,"ramadan_raya","after_raya",1564,"BAWANG PUTIH IMPORT (CHINA)","1kg","W.P. Putrajaya",17,14,11,4,11,2,23.53,8.90,8.00,-10.11
2023,"ramadan_raya","early_ramadan",1,"AYAM BERSIH - STANDARD","1kg","Johor",105,14,12,10,1,94,9.52,9.39,9.39,0.00
2023,"ramadan_raya","early_ramadan",1,"AYAM BERSIH - STANDARD","1kg","Kedah",52,14,13,8,0,44,15.38,9.40,9.40,0.00
2023,"ramadan_raya","early_ramadan",1,"AYAM BERSIH - STANDARD","1kg","Kelantan",69,14,14,6,0,63,8.70,9.40,9.40,0.00
2023,"ramadan_raya","early_ramadan",1,"AYAM BERSIH - STANDARD","1kg","Melaka",19,14,13,2,0,17,10.53,9.40,9.40,0.00
2023,"ramadan_raya","early_ramadan",1,"AYAM BERSIH - STANDARD","1kg","Negeri Sembilan",32,14,14,6,1,25,18.75,9.39,9.39,0.00
2023,"ramadan_raya","early_ramadan",1,"AYAM BERSIH - STANDARD","1kg","Pahang",73,14,14,8,1,64,10.96,9.39,9.39,0.00
2023,"ramadan_raya","early_ramadan",1,"AYAM BERSIH - STANDARD","1kg","Perak",81,14,14,10,0,71,12.35,9.40,9.40,0.00
2023,"ramadan_raya","early_ramadan",1,"AYAM BERSIH - STANDARD","1kg","Perlis",15,14,14,0,0,15,0.00,9.39,9.39,0.00
2023,"ramadan_raya","early_ramadan",1,"AYAM BERSIH - STANDARD","1kg","Pulau Pinang",63,14,14,8,1,54,12.70,9.40,9.40,0.00
2023,"ramadan_raya","early_ramadan",1,"AYAM BERSIH - STANDARD","1kg","Sabah",8,14,14,0,0,8,0.00,11.30,11.30,0.00
2023,"ramadan_raya","early_ramadan",1,"AYAM BERSIH - STANDARD","1kg","Sarawak",13,14,14,0,0,13,0.00,9.80,9.80,0.00
2023,"ramadan_raya","early_ramadan",1,"AYAM BERSIH - STANDARD","1kg","Selangor",84,14,14,9,1,74,10.71,9.40,9.40,0.00
2023,"ramadan_raya","early_ramadan",1,"AYAM BERSIH - STANDARD","1kg","Terengganu",67,14,14,2,1,64,2.99,9.40,9.40,0.00
2023,"ramadan_raya","early_ramadan",1,"AYAM BERSIH - STANDARD","1kg","W.P. Kuala Lumpur",80,14,14,4,2,74,5.00,9.40,9.40,0.00
2023,"ramadan_raya","early_ramadan",1,"AYAM BERSIH - STANDARD","1kg","W.P. Putrajaya",12,14,14,1,0,11,8.33,9.40,9.40,0.00
2023,"ramadan_raya","early_ramadan",94,"CILI MERAH - MINYAK","1kg","Johor",58,14,12,30,10,18,51.72,14.00,14.50,1.82
2023,"ramadan_raya","early_ramadan",94,"CILI MERAH - MINYAK","1kg","Kedah",22,14,13,8,9,5,36.36,15.45,15.45,0.00
2023,"ramadan_raya","early_ramadan",94,"CILI MERAH - MINYAK","1kg","Kelantan",21,14,14,9,5,7,42.86,16.00,16.50,0.00
2023,"ramadan_raya","early_ramadan",94,"CILI MERAH - MINYAK","1kg","Negeri Sembilan",30,14,14,19,4,7,63.33,12.99,13.95,5.42
2023,"ramadan_raya","early_ramadan",94,"CILI MERAH - MINYAK","1kg","Pahang",62,14,14,37,10,15,59.68,14.79,14.99,6.67
2023,"ramadan_raya","early_ramadan",94,"CILI MERAH - MINYAK","1kg","Perak",43,14,14,23,12,8,53.49,13.00,14.00,4.00
2023,"ramadan_raya","early_ramadan",94,"CILI MERAH - MINYAK","1kg","Perlis",14,14,14,4,4,6,28.57,15.50,15.50,0.00
2023,"ramadan_raya","early_ramadan",94,"CILI MERAH - MINYAK","1kg","Pulau Pinang",32,14,14,14,10,8,43.75,13.20,12.99,0.00
2023,"ramadan_raya","early_ramadan",94,"CILI MERAH - MINYAK","1kg","Sabah",18,14,14,4,2,12,22.22,18.28,19.49,0.00
2023,"ramadan_raya","early_ramadan",94,"CILI MERAH - MINYAK","1kg","Sarawak",88,14,14,28,10,50,31.82,22.95,23.90,0.00
2023,"ramadan_raya","early_ramadan",94,"CILI MERAH - MINYAK","1kg","Selangor",73,14,14,43,12,18,58.90,12.99,14.00,6.67
2023,"ramadan_raya","early_ramadan",94,"CILI MERAH - MINYAK","1kg","Terengganu",46,14,14,22,11,13,47.83,15.00,15.15,0.00
2023,"ramadan_raya","early_ramadan",94,"CILI MERAH - MINYAK","1kg","W.P. Kuala Lumpur",78,14,14,35,10,33,44.87,13.50,15.20,0.00
2023,"ramadan_raya","early_ramadan",103,"SANTAN KELAPA SEGAR (BIASA)","1kg","Johor",18,14,12,0,2,16,0.00,8.55,8.55,0.00
2023,"ramadan_raya","early_ramadan",103,"SANTAN KELAPA SEGAR (BIASA)","1kg","Kedah",10,14,13,0,0,10,0.00,12.00,12.00,0.00
2023,"ramadan_raya","early_ramadan",103,"SANTAN KELAPA SEGAR (BIASA)","1kg","Kelantan",19,14,14,0,0,19,0.00,8.90,8.90,0.00
2023,"ramadan_raya","early_ramadan",103,"SANTAN KELAPA SEGAR (BIASA)","1kg","Negeri Sembilan",18,14,14,0,1,17,0.00,9.00,9.00,0.00
2023,"ramadan_raya","early_ramadan",103,"SANTAN KELAPA SEGAR (BIASA)","1kg","Pahang",31,14,14,1,0,30,3.23,6.90,6.90,0.00
2023,"ramadan_raya","early_ramadan",103,"SANTAN KELAPA SEGAR (BIASA)","1kg","Perak",45,14,14,3,3,39,6.67,8.99,8.99,0.00
2023,"ramadan_raya","early_ramadan",103,"SANTAN KELAPA SEGAR (BIASA)","1kg","Pulau Pinang",23,14,14,0,0,23,0.00,11.00,11.00,0.00
2023,"ramadan_raya","early_ramadan",103,"SANTAN KELAPA SEGAR (BIASA)","1kg","Selangor",38,14,14,1,1,36,2.63,7.00,7.00,0.00
2023,"ramadan_raya","early_ramadan",103,"SANTAN KELAPA SEGAR (BIASA)","1kg","Terengganu",11,14,14,0,0,11,0.00,10.00,10.00,0.00
2023,"ramadan_raya","early_ramadan",103,"SANTAN KELAPA SEGAR (BIASA)","1kg","W.P. Kuala Lumpur",39,14,14,1,0,38,2.56,6.60,6.60,0.00
2023,"ramadan_raya","early_ramadan",103,"SANTAN KELAPA SEGAR (BIASA)","1kg","W.P. Putrajaya",5,14,14,0,1,4,0.00,7.99,7.00,0.00
2023,"ramadan_raya","early_ramadan",114,"TOMATO","1kg","Johor",119,14,13,5,101,13,4.20,9.00,6.99,-27.50
2023,"ramadan_raya","early_ramadan",114,"TOMATO","1kg","Kedah",63,14,13,2,56,5,3.17,8.99,6.99,-20.02
2023,"ramadan_raya","early_ramadan",114,"TOMATO","1kg","Kelantan",83,14,14,8,63,12,9.64,8.90,6.90,-18.66
2023,"ramadan_raya","early_ramadan",114,"TOMATO","1kg","Melaka",25,14,13,0,23,2,0.00,9.85,7.00,-28.57
2023,"ramadan_raya","early_ramadan",114,"TOMATO","1kg","Negeri Sembilan",35,14,14,1,31,3,2.86,8.00,6.00,-20.27
2023,"ramadan_raya","early_ramadan",114,"TOMATO","1kg","Pahang",80,14,14,0,73,7,0.00,8.99,6.49,-22.23
2023,"ramadan_raya","early_ramadan",114,"TOMATO","1kg","Perak",86,14,14,3,82,1,3.49,8.99,6.77,-22.53
2023,"ramadan_raya","early_ramadan",114,"TOMATO","1kg","Perlis",20,14,14,2,8,10,10.00,8.45,7.25,0.00
2023,"ramadan_raya","early_ramadan",114,"TOMATO","1kg","Pulau Pinang",76,14,14,1,71,4,1.32,9.00,7.00,-25.32
2023,"ramadan_raya","early_ramadan",114,"TOMATO","1kg","Sabah",63,14,14,17,5,41,26.98,8.00,8.00,0.00
2023,"ramadan_raya","early_ramadan",114,"TOMATO","1kg","Sarawak",86,14,14,21,9,56,24.42,10.80,10.90,0.00
2023,"ramadan_raya","early_ramadan",114,"TOMATO","1kg","Selangor",89,14,14,6,76,7,6.74,8.74,6.90,-20.00
2023,"ramadan_raya","early_ramadan",114,"TOMATO","1kg","Terengganu",68,14,14,9,52,7,13.24,9.40,7.37,-20.00
2023,"ramadan_raya","early_ramadan",114,"TOMATO","1kg","W.P. Kuala Lumpur",112,14,14,8,95,9,7.14,8.90,6.90,-19.73
2023,"ramadan_raya","early_ramadan",114,"TOMATO","1kg","W.P. Putrajaya",18,14,14,1,13,4,5.56,8.99,7.97,-14.43
2023,"ramadan_raya","early_ramadan",129,"BAWANG BESAR KUNING/HOLLAND","1kg","Johor",122,14,12,30,15,77,24.59,4.80,4.75,0.00
2023,"ramadan_raya","early_ramadan",129,"BAWANG BESAR KUNING/HOLLAND","1kg","Kedah",75,14,13,20,1,54,26.67,4.90,4.99,0.00
2023,"ramadan_raya","early_ramadan",129,"BAWANG BESAR KUNING/HOLLAND","1kg","Kelantan",124,14,14,48,10,66,38.71,5.00,5.00,0.00
2023,"ramadan_raya","early_ramadan",129,"BAWANG BESAR KUNING/HOLLAND","1kg","Melaka",24,14,13,5,3,16,20.83,4.79,4.90,0.00
2023,"ramadan_raya","early_ramadan",129,"BAWANG BESAR KUNING/HOLLAND","1kg","Negeri Sembilan",34,14,14,8,3,23,23.53,4.90,4.95,0.00
2023,"ramadan_raya","early_ramadan",129,"BAWANG BESAR KUNING/HOLLAND","1kg","Pahang",77,14,14,12,12,53,15.58,4.99,4.99,0.00
2023,"ramadan_raya","early_ramadan",129,"BAWANG BESAR KUNING/HOLLAND","1kg","Perak",80,14,14,21,20,39,26.25,4.99,4.50,0.00
2023,"ramadan_raya","early_ramadan",129,"BAWANG BESAR KUNING/HOLLAND","1kg","Perlis",32,14,14,9,1,22,28.13,4.93,5.00,0.00
2023,"ramadan_raya","early_ramadan",129,"BAWANG BESAR KUNING/HOLLAND","1kg","Pulau Pinang",71,14,14,24,8,39,33.80,5.00,5.00,0.00
2023,"ramadan_raya","early_ramadan",129,"BAWANG BESAR KUNING/HOLLAND","1kg","Sabah",129,14,14,29,7,93,22.48,5.99,5.99,0.00
2023,"ramadan_raya","early_ramadan",129,"BAWANG BESAR KUNING/HOLLAND","1kg","Sarawak",140,14,14,27,12,101,19.29,5.50,5.63,0.00
2023,"ramadan_raya","early_ramadan",129,"BAWANG BESAR KUNING/HOLLAND","1kg","Selangor",84,14,14,29,13,42,34.52,4.50,4.90,0.00
2023,"ramadan_raya","early_ramadan",129,"BAWANG BESAR KUNING/HOLLAND","1kg","Terengganu",103,14,14,19,9,75,18.45,4.95,4.99,0.00
2023,"ramadan_raya","early_ramadan",129,"BAWANG BESAR KUNING/HOLLAND","1kg","W.P. Kuala Lumpur",99,14,14,30,18,51,30.30,4.99,5.00,0.00
2023,"ramadan_raya","early_ramadan",129,"BAWANG BESAR KUNING/HOLLAND","1kg","W.P. Labuan",14,14,14,3,0,11,21.43,5.95,5.95,0.00
2023,"ramadan_raya","early_ramadan",129,"BAWANG BESAR KUNING/HOLLAND","1kg","W.P. Putrajaya",18,14,14,3,1,14,16.67,4.90,4.90,0.00
2023,"ramadan_raya","early_ramadan",917,"TEPUNG GANDUM NGP (BERBUNGKUS, CAP SAUH)","1kg","Johor",119,4,4,5,7,107,4.20,3.59,3.59,0.00
2023,"ramadan_raya","early_ramadan",917,"TEPUNG GANDUM NGP (BERBUNGKUS, CAP SAUH)","1kg","Pahang",79,4,4,1,5,73,1.27,3.50,3.50,0.00
2023,"ramadan_raya","early_ramadan",918,"MINYAK MASAK PAKET (PELBAGAI JENAMA)","1kg","Johor",42,14,12,0,0,42,0.00,2.50,2.50,0.00
2023,"ramadan_raya","early_ramadan",918,"MINYAK MASAK PAKET (PELBAGAI JENAMA)","1kg","Kedah",50,14,13,0,0,50,0.00,2.50,2.50,0.00
2023,"ramadan_raya","early_ramadan",918,"MINYAK MASAK PAKET (PELBAGAI JENAMA)","1kg","Kelantan",101,14,14,0,0,101,0.00,2.50,2.50,0.00
2023,"ramadan_raya","early_ramadan",918,"MINYAK MASAK PAKET (PELBAGAI JENAMA)","1kg","Melaka",16,14,13,0,0,16,0.00,2.50,2.50,0.00
2023,"ramadan_raya","early_ramadan",918,"MINYAK MASAK PAKET (PELBAGAI JENAMA)","1kg","Negeri Sembilan",21,14,14,0,0,21,0.00,2.50,2.50,0.00
2023,"ramadan_raya","early_ramadan",918,"MINYAK MASAK PAKET (PELBAGAI JENAMA)","1kg","Pahang",45,14,14,0,0,45,0.00,2.50,2.50,0.00
2023,"ramadan_raya","early_ramadan",918,"MINYAK MASAK PAKET (PELBAGAI JENAMA)","1kg","Perak",39,14,14,0,0,39,0.00,2.50,2.50,0.00
2023,"ramadan_raya","early_ramadan",918,"MINYAK MASAK PAKET (PELBAGAI JENAMA)","1kg","Perlis",31,14,14,0,0,31,0.00,2.50,2.50,0.00
2023,"ramadan_raya","early_ramadan",918,"MINYAK MASAK PAKET (PELBAGAI JENAMA)","1kg","Pulau Pinang",32,14,14,0,0,32,0.00,2.50,2.50,0.00
2023,"ramadan_raya","early_ramadan",918,"MINYAK MASAK PAKET (PELBAGAI JENAMA)","1kg","Sabah",20,14,14,0,0,20,0.00,2.50,2.50,0.00
2023,"ramadan_raya","early_ramadan",918,"MINYAK MASAK PAKET (PELBAGAI JENAMA)","1kg","Sarawak",31,14,14,0,0,31,0.00,2.50,2.50,0.00
2023,"ramadan_raya","early_ramadan",918,"MINYAK MASAK PAKET (PELBAGAI JENAMA)","1kg","Selangor",54,14,14,0,0,54,0.00,2.50,2.50,0.00
2023,"ramadan_raya","early_ramadan",918,"MINYAK MASAK PAKET (PELBAGAI JENAMA)","1kg","Terengganu",77,14,14,0,0,77,0.00,2.50,2.50,0.00
2023,"ramadan_raya","early_ramadan",918,"MINYAK MASAK PAKET (PELBAGAI JENAMA)","1kg","W.P. Kuala Lumpur",50,14,14,0,0,50,0.00,2.50,2.50,0.00
2023,"ramadan_raya","early_ramadan",918,"MINYAK MASAK PAKET (PELBAGAI JENAMA)","1kg","W.P. Labuan",9,14,14,0,0,9,0.00,2.50,2.50,0.00
2023,"ramadan_raya","early_ramadan",1111,"TELUR AYAM GRED C","30 biji","Johor",46,14,12,1,0,45,2.17,12.30,12.30,0.00
2023,"ramadan_raya","early_ramadan",1111,"TELUR AYAM GRED C","30 biji","Kedah",18,14,13,0,0,18,0.00,12.30,12.30,0.00
2023,"ramadan_raya","early_ramadan",1111,"TELUR AYAM GRED C","30 biji","Kelantan",26,14,14,1,0,25,3.85,12.30,12.30,0.00
2023,"ramadan_raya","early_ramadan",1111,"TELUR AYAM GRED C","30 biji","Melaka",14,14,13,0,0,14,0.00,12.30,12.30,0.00
2023,"ramadan_raya","early_ramadan",1111,"TELUR AYAM GRED C","30 biji","Negeri Sembilan",17,14,14,0,0,17,0.00,12.30,12.30,0.00
2023,"ramadan_raya","early_ramadan",1111,"TELUR AYAM GRED C","30 biji","Pahang",38,14,14,0,0,38,0.00,12.30,12.30,0.00
2023,"ramadan_raya","early_ramadan",1111,"TELUR AYAM GRED C","30 biji","Perak",35,14,14,0,0,35,0.00,12.30,12.30,0.00
2023,"ramadan_raya","early_ramadan",1111,"TELUR AYAM GRED C","30 biji","Pulau Pinang",25,14,14,0,0,25,0.00,12.30,12.30,0.00
2023,"ramadan_raya","early_ramadan",1111,"TELUR AYAM GRED C","30 biji","Sabah",26,14,14,0,0,26,0.00,14.70,14.70,0.00
2023,"ramadan_raya","early_ramadan",1111,"TELUR AYAM GRED C","30 biji","Sarawak",7,11,14,0,0,7,0.00,12.90,12.90,0.00
2023,"ramadan_raya","early_ramadan",1111,"TELUR AYAM GRED C","30 biji","Selangor",33,14,14,0,0,33,0.00,12.30,12.30,0.00
2023,"ramadan_raya","early_ramadan",1111,"TELUR AYAM GRED C","30 biji","Terengganu",32,14,14,0,0,32,0.00,12.30,12.30,0.00
2023,"ramadan_raya","early_ramadan",1111,"TELUR AYAM GRED C","30 biji","W.P. Kuala Lumpur",44,14,14,0,0,44,0.00,12.30,12.30,0.00
2023,"ramadan_raya","early_ramadan",1111,"TELUR AYAM GRED C","30 biji","W.P. Putrajaya",5,12,11,1,0,4,20.00,12.30,12.30,0.00
2023,"ramadan_raya","early_ramadan",1131,"UBI KENTANG IMPORT (CHINA)","1kg","Johor",106,14,12,8,20,78,7.55,3.00,3.00,0.00
2023,"ramadan_raya","early_ramadan",1131,"UBI KENTANG IMPORT (CHINA)","1kg","Kedah",47,14,13,4,3,40,8.51,3.20,3.50,0.00
2023,"ramadan_raya","early_ramadan",1131,"UBI KENTANG IMPORT (CHINA)","1kg","Kelantan",56,14,14,7,4,45,12.50,3.95,4.00,0.00
2023,"ramadan_raya","early_ramadan",1131,"UBI KENTANG IMPORT (CHINA)","1kg","Melaka",18,14,13,4,0,14,22.22,2.99,2.99,0.00
2023,"ramadan_raya","early_ramadan",1131,"UBI KENTANG IMPORT (CHINA)","1kg","Negeri Sembilan",28,14,14,0,5,23,0.00,3.00,3.00,0.00
2023,"ramadan_raya","early_ramadan",1131,"UBI KENTANG IMPORT (CHINA)","1kg","Pahang",68,14,14,3,4,61,4.41,3.50,3.50,0.00
2023,"ramadan_raya","early_ramadan",1131,"UBI KENTANG IMPORT (CHINA)","1kg","Perak",71,14,14,6,9,56,8.45,3.29,3.25,0.00
2023,"ramadan_raya","early_ramadan",1131,"UBI KENTANG IMPORT (CHINA)","1kg","Perlis",21,14,14,0,1,20,0.00,3.80,3.80,0.00
2023,"ramadan_raya","early_ramadan",1131,"UBI KENTANG IMPORT (CHINA)","1kg","Pulau Pinang",30,14,14,2,3,25,6.67,3.65,3.50,0.00
2023,"ramadan_raya","early_ramadan",1131,"UBI KENTANG IMPORT (CHINA)","1kg","Sabah",110,14,14,6,17,87,5.45,4.00,3.99,0.00
2023,"ramadan_raya","early_ramadan",1131,"UBI KENTANG IMPORT (CHINA)","1kg","Sarawak",135,14,14,10,25,100,7.41,4.00,4.00,0.00
2023,"ramadan_raya","early_ramadan",1131,"UBI KENTANG IMPORT (CHINA)","1kg","Selangor",78,14,14,6,20,52,7.69,2.85,2.97,0.00
2023,"ramadan_raya","early_ramadan",1131,"UBI KENTANG IMPORT (CHINA)","1kg","Terengganu",70,14,14,6,9,55,8.57,3.69,3.50,0.00
2023,"ramadan_raya","early_ramadan",1131,"UBI KENTANG IMPORT (CHINA)","1kg","W.P. Kuala Lumpur",75,14,14,6,14,55,8.00,3.00,2.99,0.00
2023,"ramadan_raya","early_ramadan",1131,"UBI KENTANG IMPORT (CHINA)","1kg","W.P. Labuan",14,14,14,0,3,11,0.00,4.00,4.00,0.00
2023,"ramadan_raya","early_ramadan",1131,"UBI KENTANG IMPORT (CHINA)","1kg","W.P. Putrajaya",19,14,14,3,2,14,15.79,4.00,4.00,0.00
2023,"ramadan_raya","early_ramadan",1431,"DAGING LEMBU TEMPATAN (BAHAGIAN 1 DAGING PAHA (KECUALI BATANG PINANG - TENDERLOIN)","1kg","Johor",7,14,12,0,0,7,0.00,39.00,39.00,0.00
2023,"ramadan_raya","early_ramadan",1431,"DAGING LEMBU TEMPATAN (BAHAGIAN 1 DAGING PAHA (KECUALI BATANG PINANG - TENDERLOIN)","1kg","Kedah",12,14,13,0,0,12,0.00,39.00,39.00,0.00
2023,"ramadan_raya","early_ramadan",1431,"DAGING LEMBU TEMPATAN (BAHAGIAN 1 DAGING PAHA (KECUALI BATANG PINANG - TENDERLOIN)","1kg","Kelantan",18,14,14,0,0,18,0.00,33.50,33.50,0.00
2023,"ramadan_raya","early_ramadan",1431,"DAGING LEMBU TEMPATAN (BAHAGIAN 1 DAGING PAHA (KECUALI BATANG PINANG - TENDERLOIN)","1kg","Melaka",7,14,13,1,0,6,14.29,38.00,39.00,0.00
2023,"ramadan_raya","early_ramadan",1431,"DAGING LEMBU TEMPATAN (BAHAGIAN 1 DAGING PAHA (KECUALI BATANG PINANG - TENDERLOIN)","1kg","Negeri Sembilan",8,14,14,0,0,8,0.00,39.50,39.50,0.00
2023,"ramadan_raya","early_ramadan",1431,"DAGING LEMBU TEMPATAN (BAHAGIAN 1 DAGING PAHA (KECUALI BATANG PINANG - TENDERLOIN)","1kg","Pahang",9,14,14,1,0,8,11.11,38.00,38.00,0.00
2023,"ramadan_raya","early_ramadan",1431,"DAGING LEMBU TEMPATAN (BAHAGIAN 1 DAGING PAHA (KECUALI BATANG PINANG - TENDERLOIN)","1kg","Perak",20,14,14,0,0,20,0.00,38.00,38.00,0.00
2023,"ramadan_raya","early_ramadan",1431,"DAGING LEMBU TEMPATAN (BAHAGIAN 1 DAGING PAHA (KECUALI BATANG PINANG - TENDERLOIN)","1kg","Perlis",5,14,14,0,0,5,0.00,38.00,38.00,0.00
2023,"ramadan_raya","early_ramadan",1431,"DAGING LEMBU TEMPATAN (BAHAGIAN 1 DAGING PAHA (KECUALI BATANG PINANG - TENDERLOIN)","1kg","Pulau Pinang",15,14,14,1,0,14,6.67,40.00,40.00,0.00
2023,"ramadan_raya","early_ramadan",1431,"DAGING LEMBU TEMPATAN (BAHAGIAN 1 DAGING PAHA (KECUALI BATANG PINANG - TENDERLOIN)","1kg","Selangor",15,14,14,1,0,14,6.67,39.00,39.00,0.00
2023,"ramadan_raya","early_ramadan",1431,"DAGING LEMBU TEMPATAN (BAHAGIAN 1 DAGING PAHA (KECUALI BATANG PINANG - TENDERLOIN)","1kg","Terengganu",14,14,14,0,0,14,0.00,36.00,36.00,0.00
2023,"ramadan_raya","early_ramadan",1555,"UDANG PUTIH/VANNAMEI (TERNAK) (ANTARA 41 HINGGA 60 EKOR SEKILOGRAM)","1kg","Johor",89,14,12,37,16,36,41.57,35.99,36.00,0.00
2023,"ramadan_raya","early_ramadan",1555,"UDANG PUTIH/VANNAMEI (TERNAK) (ANTARA 41 HINGGA 60 EKOR SEKILOGRAM)","1kg","Kedah",42,14,13,6,12,24,14.29,30.00,30.00,0.00
2023,"ramadan_raya","early_ramadan",1555,"UDANG PUTIH/VANNAMEI (TERNAK) (ANTARA 41 HINGGA 60 EKOR SEKILOGRAM)","1kg","Kelantan",69,14,14,22,19,28,31.88,34.99,35.00,0.00
2023,"ramadan_raya","early_ramadan",1555,"UDANG PUTIH/VANNAMEI (TERNAK) (ANTARA 41 HINGGA 60 EKOR SEKILOGRAM)","1kg","Melaka",19,14,13,9,8,2,47.37,35.00,37.80,0.00
2023,"ramadan_raya","early_ramadan",1555,"UDANG PUTIH/VANNAMEI (TERNAK) (ANTARA 41 HINGGA 60 EKOR SEKILOGRAM)","1kg","Negeri Sembilan",24,14,14,7,5,12,29.17,34.50,35.70,0.00
2023,"ramadan_raya","early_ramadan",1555,"UDANG PUTIH/VANNAMEI (TERNAK) (ANTARA 41 HINGGA 60 EKOR SEKILOGRAM)","1kg","Pahang",69,14,14,25,21,23,36.23,38.24,38.49,0.00
2023,"ramadan_raya","early_ramadan",1555,"UDANG PUTIH/VANNAMEI (TERNAK) (ANTARA 41 HINGGA 60 EKOR SEKILOGRAM)","1kg","Perak",79,14,14,26,20,33,32.91,33.49,33.00,0.00
2023,"ramadan_raya","early_ramadan",1555,"UDANG PUTIH/VANNAMEI (TERNAK) (ANTARA 41 HINGGA 60 EKOR SEKILOGRAM)","1kg","Perlis",14,14,14,6,4,4,42.86,33.75,33.95,0.00
2023,"ramadan_raya","early_ramadan",1555,"UDANG PUTIH/VANNAMEI (TERNAK) (ANTARA 41 HINGGA 60 EKOR SEKILOGRAM)","1kg","Pulau Pinang",47,14,14,16,8,23,34.04,34.00,34.90,0.00
2023,"ramadan_raya","early_ramadan",1555,"UDANG PUTIH/VANNAMEI (TERNAK) (ANTARA 41 HINGGA 60 EKOR SEKILOGRAM)","1kg","Sabah",33,14,14,6,9,18,18.18,35.00,35.89,0.00
2023,"ramadan_raya","early_ramadan",1555,"UDANG PUTIH/VANNAMEI (TERNAK) (ANTARA 41 HINGGA 60 EKOR SEKILOGRAM)","1kg","Sarawak",29,14,14,10,7,12,34.48,35.00,35.90,0.00
2023,"ramadan_raya","early_ramadan",1555,"UDANG PUTIH/VANNAMEI (TERNAK) (ANTARA 41 HINGGA 60 EKOR SEKILOGRAM)","1kg","Selangor",79,14,14,21,24,34,26.58,34.00,34.00,0.00
2023,"ramadan_raya","early_ramadan",1555,"UDANG PUTIH/VANNAMEI (TERNAK) (ANTARA 41 HINGGA 60 EKOR SEKILOGRAM)","1kg","Terengganu",47,14,14,11,17,19,23.40,34.90,34.40,0.00
2023,"ramadan_raya","early_ramadan",1555,"UDANG PUTIH/VANNAMEI (TERNAK) (ANTARA 41 HINGGA 60 EKOR SEKILOGRAM)","1kg","W.P. Kuala Lumpur",80,14,14,30,19,31,37.50,38.00,38.99,0.00
2023,"ramadan_raya","early_ramadan",1555,"UDANG PUTIH/VANNAMEI (TERNAK) (ANTARA 41 HINGGA 60 EKOR SEKILOGRAM)","1kg","W.P. Putrajaya",14,14,14,4,5,5,28.57,39.90,41.20,0.00
2023,"ramadan_raya","early_ramadan",1564,"BAWANG PUTIH IMPORT (CHINA)","1kg","Johor",134,14,12,14,19,101,10.45,7.99,7.99,0.00
2023,"ramadan_raya","early_ramadan",1564,"BAWANG PUTIH IMPORT (CHINA)","1kg","Kedah",75,14,13,15,5,55,20.00,8.00,8.00,0.00
2023,"ramadan_raya","early_ramadan",1564,"BAWANG PUTIH IMPORT (CHINA)","1kg","Kelantan",73,14,14,5,15,53,6.85,7.90,7.00,0.00
2023,"ramadan_raya","early_ramadan",1564,"BAWANG PUTIH IMPORT (CHINA)","1kg","Melaka",27,14,13,1,2,24,3.70,8.50,8.50,0.00
2023,"ramadan_raya","early_ramadan",1564,"BAWANG PUTIH IMPORT (CHINA)","1kg","Negeri Sembilan",40,14,14,7,0,33,17.50,8.00,8.25,0.00
2023,"ramadan_raya","early_ramadan",1564,"BAWANG PUTIH IMPORT (CHINA)","1kg","Pahang",73,14,14,1,4,68,1.37,7.99,7.99,0.00
2023,"ramadan_raya","early_ramadan",1564,"BAWANG PUTIH IMPORT (CHINA)","1kg","Perak",90,14,14,10,9,71,11.11,8.00,8.00,0.00
2023,"ramadan_raya","early_ramadan",1564,"BAWANG PUTIH IMPORT (CHINA)","1kg","Perlis",27,14,14,2,1,24,7.41,8.00,8.00,0.00
2023,"ramadan_raya","early_ramadan",1564,"BAWANG PUTIH IMPORT (CHINA)","1kg","Pulau Pinang",81,14,14,12,4,65,14.81,8.00,8.00,0.00
2023,"ramadan_raya","early_ramadan",1564,"BAWANG PUTIH IMPORT (CHINA)","1kg","Sabah",132,14,14,9,11,112,6.82,7.50,7.49,0.00
2023,"ramadan_raya","early_ramadan",1564,"BAWANG PUTIH IMPORT (CHINA)","1kg","Sarawak",134,14,14,19,8,107,14.18,7.90,7.90,0.00
2023,"ramadan_raya","early_ramadan",1564,"BAWANG PUTIH IMPORT (CHINA)","1kg","Selangor",85,14,14,14,6,65,16.47,7.90,7.90,0.00
2023,"ramadan_raya","early_ramadan",1564,"BAWANG PUTIH IMPORT (CHINA)","1kg","Terengganu",78,14,14,7,5,66,8.97,7.95,7.90,0.00
2023,"ramadan_raya","early_ramadan",1564,"BAWANG PUTIH IMPORT (CHINA)","1kg","W.P. Kuala Lumpur",104,14,14,13,14,77,12.50,8.00,7.95,0.00
2023,"ramadan_raya","early_ramadan",1564,"BAWANG PUTIH IMPORT (CHINA)","1kg","W.P. Labuan",14,14,14,3,1,10,21.43,6.90,7.20,0.00
2023,"ramadan_raya","early_ramadan",1564,"BAWANG PUTIH IMPORT (CHINA)","1kg","W.P. Putrajaya",16,14,14,3,0,13,18.75,8.70,8.70,0.00
2023,"ramadan_raya","early_ramadan",1589,"GULA PUTIH BERTAPIS KASAR (PELBAGAI JENAMA)","1kg","Johor",128,4,4,1,0,127,0.78,2.85,2.85,0.00
2023,"ramadan_raya","early_ramadan",1589,"GULA PUTIH BERTAPIS KASAR (PELBAGAI JENAMA)","1kg","Pahang",80,4,4,0,0,80,0.00,2.85,2.85,0.00
2023,"ramadan_raya","raya_lead_up",1,"AYAM BERSIH - STANDARD","1kg","Johor",106,14,13,14,3,89,13.21,9.39,9.39,0.00
2023,"ramadan_raya","raya_lead_up",1,"AYAM BERSIH - STANDARD","1kg","Kedah",52,14,13,9,0,43,17.31,9.40,9.40,0.00
2023,"ramadan_raya","raya_lead_up",1,"AYAM BERSIH - STANDARD","1kg","Kelantan",68,14,11,7,1,60,10.29,9.40,9.40,0.00
2023,"ramadan_raya","raya_lead_up",1,"AYAM BERSIH - STANDARD","1kg","Melaka",19,14,12,2,0,17,10.53,9.40,9.40,0.00
2023,"ramadan_raya","raya_lead_up",1,"AYAM BERSIH - STANDARD","1kg","Negeri Sembilan",32,14,13,6,1,25,18.75,9.39,9.40,0.00
2023,"ramadan_raya","raya_lead_up",1,"AYAM BERSIH - STANDARD","1kg","Pahang",72,14,12,9,2,61,12.50,9.39,9.39,0.00
2023,"ramadan_raya","raya_lead_up",1,"AYAM BERSIH - STANDARD","1kg","Perak",81,14,12,12,3,66,14.81,9.40,9.40,0.00
2023,"ramadan_raya","raya_lead_up",1,"AYAM BERSIH - STANDARD","1kg","Perlis",15,14,12,0,0,15,0.00,9.39,9.39,0.00
2023,"ramadan_raya","raya_lead_up",1,"AYAM BERSIH - STANDARD","1kg","Pulau Pinang",63,14,12,7,0,56,11.11,9.40,9.40,0.00
2023,"ramadan_raya","raya_lead_up",1,"AYAM BERSIH - STANDARD","1kg","Sabah",8,14,13,0,0,8,0.00,11.30,11.30,0.00
2023,"ramadan_raya","raya_lead_up",1,"AYAM BERSIH - STANDARD","1kg","Sarawak",12,14,13,0,0,12,0.00,9.80,9.80,0.00
2023,"ramadan_raya","raya_lead_up",1,"AYAM BERSIH - STANDARD","1kg","Selangor",84,14,12,8,4,72,9.52,9.40,9.40,0.00
2023,"ramadan_raya","raya_lead_up",1,"AYAM BERSIH - STANDARD","1kg","Terengganu",67,14,12,5,1,61,7.46,9.40,9.40,0.00
2023,"ramadan_raya","raya_lead_up",1,"AYAM BERSIH - STANDARD","1kg","W.P. Kuala Lumpur",78,14,12,4,3,71,5.13,9.40,9.40,0.00
2023,"ramadan_raya","raya_lead_up",1,"AYAM BERSIH - STANDARD","1kg","W.P. Putrajaya",12,14,12,1,0,11,8.33,9.40,9.40,0.00
2023,"ramadan_raya","raya_lead_up",94,"CILI MERAH - MINYAK","1kg","Johor",55,14,13,29,12,14,52.73,13.99,14.99,6.25
2023,"ramadan_raya","raya_lead_up",94,"CILI MERAH - MINYAK","1kg","Kedah",22,14,13,12,8,2,54.55,15.45,15.50,4.84
2023,"ramadan_raya","raya_lead_up",94,"CILI MERAH - MINYAK","1kg","Kelantan",20,14,11,8,8,4,40.00,16.00,16.95,0.00
2023,"ramadan_raya","raya_lead_up",94,"CILI MERAH - MINYAK","1kg","Negeri Sembilan",29,14,13,23,3,3,79.31,12.99,14.90,14.10
2023,"ramadan_raya","raya_lead_up",94,"CILI MERAH - MINYAK","1kg","Pahang",62,14,12,37,17,8,59.68,14.29,14.99,7.28
2023,"ramadan_raya","raya_lead_up",94,"CILI MERAH - MINYAK","1kg","Perak",42,14,12,28,11,3,66.67,13.00,15.00,12.92
2023,"ramadan_raya","raya_lead_up",94,"CILI MERAH - MINYAK","1kg","Perlis",13,14,12,3,5,5,23.08,15.99,15.99,0.00
2023,"ramadan_raya","raya_lead_up",94,"CILI MERAH - MINYAK","1kg","Pulau Pinang",31,14,12,20,7,4,64.52,12.90,15.90,16.68
2023,"ramadan_raya","raya_lead_up",94,"CILI MERAH - MINYAK","1kg","Sabah",15,14,13,5,4,6,33.33,18.55,18.50,0.00
2023,"ramadan_raya","raya_lead_up",94,"CILI MERAH - MINYAK","1kg","Sarawak",81,14,13,24,25,32,29.63,22.99,21.90,0.00
2023,"ramadan_raya","raya_lead_up",94,"CILI MERAH - MINYAK","1kg","Selangor",70,14,12,61,3,6,87.14,12.99,15.90,20.71
2023,"ramadan_raya","raya_lead_up",94,"CILI MERAH - MINYAK","1kg","Terengganu",42,14,11,19,19,4,45.24,15.30,16.69,0.00
2023,"ramadan_raya","raya_lead_up",94,"CILI MERAH - MINYAK","1kg","W.P. Kuala Lumpur",77,14,12,45,24,8,58.44,13.50,16.00,6.25
2023,"ramadan_raya","raya_lead_up",103,"SANTAN KELAPA SEGAR (BIASA)","1kg","Johor",18,14,13,0,1,17,0.00,8.55,8.55,0.00
2023,"ramadan_raya","raya_lead_up",103,"SANTAN KELAPA SEGAR (BIASA)","1kg","Kedah",10,14,13,0,0,10,0.00,12.00,12.00,0.00
2023,"ramadan_raya","raya_lead_up",103,"SANTAN KELAPA SEGAR (BIASA)","1kg","Kelantan",18,14,11,0,0,18,0.00,8.90,8.90,0.00
2023,"ramadan_raya","raya_lead_up",103,"SANTAN KELAPA SEGAR (BIASA)","1kg","Negeri Sembilan",18,14,13,1,0,17,5.56,9.00,9.00,0.00
2023,"ramadan_raya","raya_lead_up",103,"SANTAN KELAPA SEGAR (BIASA)","1kg","Pahang",31,14,12,2,1,28,6.45,6.90,6.90,0.00
2023,"ramadan_raya","raya_lead_up",103,"SANTAN KELAPA SEGAR (BIASA)","1kg","Perak",42,14,12,4,4,34,9.52,8.75,9.00,0.00
2023,"ramadan_raya","raya_lead_up",103,"SANTAN KELAPA SEGAR (BIASA)","1kg","Pulau Pinang",24,14,12,0,0,24,0.00,11.00,11.00,0.00
2023,"ramadan_raya","raya_lead_up",103,"SANTAN KELAPA SEGAR (BIASA)","1kg","Selangor",35,14,12,2,3,30,5.71,7.00,6.99,0.00
2023,"ramadan_raya","raya_lead_up",103,"SANTAN KELAPA SEGAR (BIASA)","1kg","Terengganu",11,14,11,0,0,11,0.00,10.00,10.00,0.00
2023,"ramadan_raya","raya_lead_up",103,"SANTAN KELAPA SEGAR (BIASA)","1kg","W.P. Kuala Lumpur",39,14,12,1,2,36,2.56,6.60,6.20,0.00
2023,"ramadan_raya","raya_lead_up",103,"SANTAN KELAPA SEGAR (BIASA)","1kg","W.P. Putrajaya",6,14,12,0,2,4,0.00,8.25,7.50,0.00
2023,"ramadan_raya","raya_lead_up",114,"TOMATO","1kg","Johor",119,14,13,0,113,6,0.00,9.00,5.99,-33.37
2023,"ramadan_raya","raya_lead_up",114,"TOMATO","1kg","Kedah",64,14,13,0,58,6,0.00,9.00,6.00,-29.72
2023,"ramadan_raya","raya_lead_up",114,"TOMATO","1kg","Kelantan",83,14,11,3,76,4,3.61,8.90,6.00,-32.54
2023,"ramadan_raya","raya_lead_up",114,"TOMATO","1kg","Melaka",25,14,12,0,24,1,0.00,9.85,6.00,-33.33
2023,"ramadan_raya","raya_lead_up",114,"TOMATO","1kg","Negeri Sembilan",35,14,13,2,30,3,5.71,8.00,5.99,-26.41
2023,"ramadan_raya","raya_lead_up",114,"TOMATO","1kg","Pahang",80,14,12,1,79,0,1.25,8.99,5.99,-32.02
2023,"ramadan_raya","raya_lead_up",114,"TOMATO","1kg","Perak",86,14,12,1,84,1,1.16,8.99,6.00,-31.18
2023,"ramadan_raya","raya_lead_up",114,"TOMATO","1kg","Perlis",20,14,12,2,16,2,10.00,8.45,6.07,-24.15
2023,"ramadan_raya","raya_lead_up",114,"TOMATO","1kg","Pulau Pinang",77,14,12,1,75,1,1.30,9.00,6.00,-33.37
2023,"ramadan_raya","raya_lead_up",114,"TOMATO","1kg","Sabah",64,14,13,21,16,27,32.81,8.00,8.00,0.00
2023,"ramadan_raya","raya_lead_up",114,"TOMATO","1kg","Sarawak",89,14,13,12,40,37,13.48,10.50,9.90,0.00
2023,"ramadan_raya","raya_lead_up",114,"TOMATO","1kg","Selangor",89,14,12,2,85,2,2.25,8.74,6.00,-29.41
2023,"ramadan_raya","raya_lead_up",114,"TOMATO","1kg","Terengganu",65,14,12,4,60,1,6.15,9.29,6.00,-33.33
2023,"ramadan_raya","raya_lead_up",114,"TOMATO","1kg","W.P. Kuala Lumpur",111,14,12,3,107,1,2.70,8.90,6.00,-32.70
2023,"ramadan_raya","raya_lead_up",114,"TOMATO","1kg","W.P. Putrajaya",18,14,12,0,18,0,0.00,8.99,6.00,-28.71
2023,"ramadan_raya","raya_lead_up",129,"BAWANG BESAR KUNING/HOLLAND","1kg","Johor",121,14,13,32,25,64,26.45,4.80,4.89,0.00
2023,"ramadan_raya","raya_lead_up",129,"BAWANG BESAR KUNING/HOLLAND","1kg","Kedah",75,14,13,25,13,37,33.33,4.90,5.00,0.00
2023,"ramadan_raya","raya_lead_up",129,"BAWANG BESAR KUNING/HOLLAND","1kg","Kelantan",124,14,11,42,31,51,33.87,4.99,5.00,0.00
2023,"ramadan_raya","raya_lead_up",129,"BAWANG BESAR KUNING/HOLLAND","1kg","Melaka",24,14,12,6,3,15,25.00,4.79,4.90,0.00
2023,"ramadan_raya","raya_lead_up",129,"BAWANG BESAR KUNING/HOLLAND","1kg","Negeri Sembilan",34,14,13,14,4,16,41.18,4.90,5.00,0.00
2023,"ramadan_raya","raya_lead_up",129,"BAWANG BESAR KUNING/HOLLAND","1kg","Pahang",77,14,12,16,31,30,20.78,4.99,4.99,0.00
2023,"ramadan_raya","raya_lead_up",129,"BAWANG BESAR KUNING/HOLLAND","1kg","Perak",79,14,12,29,22,28,36.71,4.99,4.89,0.00
2023,"ramadan_raya","raya_lead_up",129,"BAWANG BESAR KUNING/HOLLAND","1kg","Perlis",33,14,12,12,9,12,36.36,4.90,5.00,0.00
2023,"ramadan_raya","raya_lead_up",129,"BAWANG BESAR KUNING/HOLLAND","1kg","Pulau Pinang",72,14,12,27,20,25,37.50,5.00,5.00,0.00
2023,"ramadan_raya","raya_lead_up",129,"BAWANG BESAR KUNING/HOLLAND","1kg","Sabah",129,14,13,38,28,63,29.46,5.99,6.00,0.00
2023,"ramadan_raya","raya_lead_up",129,"BAWANG BESAR KUNING/HOLLAND","1kg","Sarawak",137,14,13,35,39,63,25.55,5.50,5.50,0.00
2023,"ramadan_raya","raya_lead_up",129,"BAWANG BESAR KUNING/HOLLAND","1kg","Selangor",84,14,12,32,17,35,38.10,4.50,4.93,0.00
2023,"ramadan_raya","raya_lead_up",129,"BAWANG BESAR KUNING/HOLLAND","1kg","Terengganu",102,14,12,17,33,52,16.67,4.95,4.99,0.00
2023,"ramadan_raya","raya_lead_up",129,"BAWANG BESAR KUNING/HOLLAND","1kg","W.P. Kuala Lumpur",98,14,12,40,26,32,40.82,4.99,5.00,0.00
2023,"ramadan_raya","raya_lead_up",129,"BAWANG BESAR KUNING/HOLLAND","1kg","W.P. Labuan",14,14,12,5,6,3,35.71,5.95,6.23,0.00
2023,"ramadan_raya","raya_lead_up",129,"BAWANG BESAR KUNING/HOLLAND","1kg","W.P. Putrajaya",18,14,12,6,7,5,33.33,4.90,5.00,0.00
2023,"ramadan_raya","raya_lead_up",917,"TEPUNG GANDUM NGP (BERBUNGKUS, CAP SAUH)","1kg","Johor",119,4,7,5,11,103,4.20,3.59,3.50,0.00
2023,"ramadan_raya","raya_lead_up",917,"TEPUNG GANDUM NGP (BERBUNGKUS, CAP SAUH)","1kg","Pahang",78,4,5,2,9,67,2.56,3.50,3.50,0.00
2023,"ramadan_raya","raya_lead_up",918,"MINYAK MASAK PAKET (PELBAGAI JENAMA)","1kg","Johor",40,14,13,0,0,40,0.00,2.50,2.50,0.00
2023,"ramadan_raya","raya_lead_up",918,"MINYAK MASAK PAKET (PELBAGAI JENAMA)","1kg","Kedah",50,14,13,0,0,50,0.00,2.50,2.50,0.00
2023,"ramadan_raya","raya_lead_up",918,"MINYAK MASAK PAKET (PELBAGAI JENAMA)","1kg","Kelantan",106,14,11,0,0,106,0.00,2.50,2.50,0.00
2023,"ramadan_raya","raya_lead_up",918,"MINYAK MASAK PAKET (PELBAGAI JENAMA)","1kg","Melaka",16,14,12,0,0,16,0.00,2.50,2.50,0.00
2023,"ramadan_raya","raya_lead_up",918,"MINYAK MASAK PAKET (PELBAGAI JENAMA)","1kg","Negeri Sembilan",18,14,13,0,0,18,0.00,2.50,2.50,0.00
2023,"ramadan_raya","raya_lead_up",918,"MINYAK MASAK PAKET (PELBAGAI JENAMA)","1kg","Pahang",48,14,12,0,0,48,0.00,2.50,2.50,0.00
2023,"ramadan_raya","raya_lead_up",918,"MINYAK MASAK PAKET (PELBAGAI JENAMA)","1kg","Perak",38,14,12,0,0,38,0.00,2.50,2.50,0.00
2023,"ramadan_raya","raya_lead_up",918,"MINYAK MASAK PAKET (PELBAGAI JENAMA)","1kg","Perlis",33,14,12,0,0,33,0.00,2.50,2.50,0.00
2023,"ramadan_raya","raya_lead_up",918,"MINYAK MASAK PAKET (PELBAGAI JENAMA)","1kg","Pulau Pinang",28,14,12,0,0,28,0.00,2.50,2.50,0.00
2023,"ramadan_raya","raya_lead_up",918,"MINYAK MASAK PAKET (PELBAGAI JENAMA)","1kg","Sabah",18,14,13,0,0,18,0.00,2.50,2.50,0.00
2023,"ramadan_raya","raya_lead_up",918,"MINYAK MASAK PAKET (PELBAGAI JENAMA)","1kg","Sarawak",32,14,13,0,2,30,0.00,2.50,2.50,0.00
2023,"ramadan_raya","raya_lead_up",918,"MINYAK MASAK PAKET (PELBAGAI JENAMA)","1kg","Selangor",57,14,12,0,0,57,0.00,2.50,2.50,0.00
2023,"ramadan_raya","raya_lead_up",918,"MINYAK MASAK PAKET (PELBAGAI JENAMA)","1kg","Terengganu",73,14,12,0,0,73,0.00,2.50,2.50,0.00
2023,"ramadan_raya","raya_lead_up",918,"MINYAK MASAK PAKET (PELBAGAI JENAMA)","1kg","W.P. Kuala Lumpur",44,14,12,0,0,44,0.00,2.50,2.50,0.00
2023,"ramadan_raya","raya_lead_up",918,"MINYAK MASAK PAKET (PELBAGAI JENAMA)","1kg","W.P. Labuan",11,14,12,0,0,11,0.00,2.50,2.50,0.00
2023,"ramadan_raya","raya_lead_up",918,"MINYAK MASAK PAKET (PELBAGAI JENAMA)","1kg","W.P. Putrajaya",5,13,12,0,0,5,0.00,2.50,2.50,0.00
2023,"ramadan_raya","raya_lead_up",1111,"TELUR AYAM GRED C","30 biji","Johor",49,14,13,0,1,48,0.00,12.30,12.30,0.00
2023,"ramadan_raya","raya_lead_up",1111,"TELUR AYAM GRED C","30 biji","Kedah",19,14,13,0,0,19,0.00,12.30,12.30,0.00
2023,"ramadan_raya","raya_lead_up",1111,"TELUR AYAM GRED C","30 biji","Kelantan",27,14,11,1,0,26,3.70,12.30,12.30,0.00
2023,"ramadan_raya","raya_lead_up",1111,"TELUR AYAM GRED C","30 biji","Melaka",15,14,12,0,0,15,0.00,12.30,12.30,0.00
2023,"ramadan_raya","raya_lead_up",1111,"TELUR AYAM GRED C","30 biji","Negeri Sembilan",18,14,13,0,0,18,0.00,12.30,12.30,0.00
2023,"ramadan_raya","raya_lead_up",1111,"TELUR AYAM GRED C","30 biji","Pahang",43,14,12,1,0,42,2.33,12.30,12.30,0.00
2023,"ramadan_raya","raya_lead_up",1111,"TELUR AYAM GRED C","30 biji","Perak",35,14,12,0,1,34,0.00,12.30,12.30,0.00
2023,"ramadan_raya","raya_lead_up",1111,"TELUR AYAM GRED C","30 biji","Pulau Pinang",25,14,12,0,0,25,0.00,12.30,12.30,0.00
2023,"ramadan_raya","raya_lead_up",1111,"TELUR AYAM GRED C","30 biji","Sabah",23,14,13,0,0,23,0.00,14.70,14.70,0.00
2023,"ramadan_raya","raya_lead_up",1111,"TELUR AYAM GRED C","30 biji","Sarawak",7,11,13,0,0,7,0.00,12.90,12.90,0.00
2023,"ramadan_raya","raya_lead_up",1111,"TELUR AYAM GRED C","30 biji","Selangor",34,14,12,1,0,33,2.94,12.30,12.30,0.00
2023,"ramadan_raya","raya_lead_up",1111,"TELUR AYAM GRED C","30 biji","Terengganu",34,14,12,0,0,34,0.00,12.30,12.30,0.00
2023,"ramadan_raya","raya_lead_up",1111,"TELUR AYAM GRED C","30 biji","W.P. Kuala Lumpur",44,14,12,0,1,43,0.00,12.30,12.30,0.00
2023,"ramadan_raya","raya_lead_up",1111,"TELUR AYAM GRED C","30 biji","W.P. Putrajaya",5,12,12,0,0,5,0.00,12.30,12.30,0.00
2023,"ramadan_raya","raya_lead_up",1131,"UBI KENTANG IMPORT (CHINA)","1kg","Johor",103,14,13,11,51,41,10.68,3.39,3.00,0.00
2023,"ramadan_raya","raya_lead_up",1131,"UBI KENTANG IMPORT (CHINA)","1kg","Kedah",44,14,13,6,14,24,13.64,3.15,3.40,0.00
2023,"ramadan_raya","raya_lead_up",1131,"UBI KENTANG IMPORT (CHINA)","1kg","Kelantan",57,14,11,7,35,15,12.28,3.90,3.50,-12.50
2023,"ramadan_raya","raya_lead_up",1131,"UBI KENTANG IMPORT (CHINA)","1kg","Melaka",17,14,12,5,2,10,29.41,2.99,2.99,0.00
2023,"ramadan_raya","raya_lead_up",1131,"UBI KENTANG IMPORT (CHINA)","1kg","Negeri Sembilan",27,14,13,2,11,14,7.41,3.00,2.90,0.00
2023,"ramadan_raya","raya_lead_up",1131,"UBI KENTANG IMPORT (CHINA)","1kg","Pahang",68,14,12,9,35,24,13.24,3.50,3.10,-1.57
2023,"ramadan_raya","raya_lead_up",1131,"UBI KENTANG IMPORT (CHINA)","1kg","Perak",69,14,12,8,39,22,11.59,3.29,3.00,-6.25
2023,"ramadan_raya","raya_lead_up",1131,"UBI KENTANG IMPORT (CHINA)","1kg","Perlis",21,14,12,1,15,5,4.76,4.00,3.50,-6.25
2023,"ramadan_raya","raya_lead_up",1131,"UBI KENTANG IMPORT (CHINA)","1kg","Pulau Pinang",32,14,12,5,16,11,15.63,3.50,3.50,-2.94
2023,"ramadan_raya","raya_lead_up",1131,"UBI KENTANG IMPORT (CHINA)","1kg","Sabah",110,14,13,6,41,63,5.45,4.00,3.99,0.00
2023,"ramadan_raya","raya_lead_up",1131,"UBI KENTANG IMPORT (CHINA)","1kg","Sarawak",136,14,13,10,59,67,7.35,4.00,3.99,0.00
2023,"ramadan_raya","raya_lead_up",1131,"UBI KENTANG IMPORT (CHINA)","1kg","Selangor",76,14,12,7,44,25,9.21,2.79,2.79,-6.25
2023,"ramadan_raya","raya_lead_up",1131,"UBI KENTANG IMPORT (CHINA)","1kg","Terengganu",67,14,12,4,35,28,5.97,3.69,3.50,-6.25
2023,"ramadan_raya","raya_lead_up",1131,"UBI KENTANG IMPORT (CHINA)","1kg","W.P. Kuala Lumpur",75,14,12,7,44,24,9.33,2.99,2.90,-6.12
2023,"ramadan_raya","raya_lead_up",1131,"UBI KENTANG IMPORT (CHINA)","1kg","W.P. Labuan",14,14,12,0,6,8,0.00,4.00,4.00,0.00
2023,"ramadan_raya","raya_lead_up",1131,"UBI KENTANG IMPORT (CHINA)","1kg","W.P. Putrajaya",19,14,12,2,11,6,10.53,4.00,3.50,-10.26
2023,"ramadan_raya","raya_lead_up",1431,"DAGING LEMBU TEMPATAN (BAHAGIAN 1 DAGING PAHA (KECUALI BATANG PINANG - TENDERLOIN)","1kg","Johor",7,14,13,0,0,7,0.00,39.00,39.00,0.00
2023,"ramadan_raya","raya_lead_up",1431,"DAGING LEMBU TEMPATAN (BAHAGIAN 1 DAGING PAHA (KECUALI BATANG PINANG - TENDERLOIN)","1kg","Kedah",12,14,13,0,0,12,0.00,39.00,39.00,0.00
2023,"ramadan_raya","raya_lead_up",1431,"DAGING LEMBU TEMPATAN (BAHAGIAN 1 DAGING PAHA (KECUALI BATANG PINANG - TENDERLOIN)","1kg","Kelantan",18,14,11,1,0,17,5.56,33.50,34.00,0.00
2023,"ramadan_raya","raya_lead_up",1431,"DAGING LEMBU TEMPATAN (BAHAGIAN 1 DAGING PAHA (KECUALI BATANG PINANG - TENDERLOIN)","1kg","Melaka",6,14,12,1,0,5,16.67,38.00,38.50,0.00
2023,"ramadan_raya","raya_lead_up",1431,"DAGING LEMBU TEMPATAN (BAHAGIAN 1 DAGING PAHA (KECUALI BATANG PINANG - TENDERLOIN)","1kg","Negeri Sembilan",8,14,13,1,0,7,12.50,39.50,39.50,0.00
2023,"ramadan_raya","raya_lead_up",1431,"DAGING LEMBU TEMPATAN (BAHAGIAN 1 DAGING PAHA (KECUALI BATANG PINANG - TENDERLOIN)","1kg","Pahang",9,14,12,3,0,6,33.33,38.00,38.00,0.00
2023,"ramadan_raya","raya_lead_up",1431,"DAGING LEMBU TEMPATAN (BAHAGIAN 1 DAGING PAHA (KECUALI BATANG PINANG - TENDERLOIN)","1kg","Perak",18,14,12,3,0,15,16.67,38.00,38.00,0.00
2023,"ramadan_raya","raya_lead_up",1431,"DAGING LEMBU TEMPATAN (BAHAGIAN 1 DAGING PAHA (KECUALI BATANG PINANG - TENDERLOIN)","1kg","Perlis",5,14,12,1,0,4,20.00,38.00,39.00,0.00
2023,"ramadan_raya","raya_lead_up",1431,"DAGING LEMBU TEMPATAN (BAHAGIAN 1 DAGING PAHA (KECUALI BATANG PINANG - TENDERLOIN)","1kg","Pulau Pinang",15,14,12,4,2,9,26.67,40.00,40.00,0.00
2023,"ramadan_raya","raya_lead_up",1431,"DAGING LEMBU TEMPATAN (BAHAGIAN 1 DAGING PAHA (KECUALI BATANG PINANG - TENDERLOIN)","1kg","Selangor",14,14,12,3,3,8,21.43,39.50,40.00,0.00
2023,"ramadan_raya","raya_lead_up",1431,"DAGING LEMBU TEMPATAN (BAHAGIAN 1 DAGING PAHA (KECUALI BATANG PINANG - TENDERLOIN)","1kg","Terengganu",16,14,12,3,0,13,18.75,36.00,36.00,0.00
2023,"ramadan_raya","raya_lead_up",1431,"DAGING LEMBU TEMPATAN (BAHAGIAN 1 DAGING PAHA (KECUALI BATANG PINANG - TENDERLOIN)","1kg","W.P. Kuala Lumpur",5,14,12,0,2,3,0.00,40.00,40.00,0.00
2023,"ramadan_raya","raya_lead_up",1555,"UDANG PUTIH/VANNAMEI (TERNAK) (ANTARA 41 HINGGA 60 EKOR SEKILOGRAM)","1kg","Johor",86,14,13,45,24,17,52.33,35.99,36.95,1.53
2023,"ramadan_raya","raya_lead_up",1555,"UDANG PUTIH/VANNAMEI (TERNAK) (ANTARA 41 HINGGA 60 EKOR SEKILOGRAM)","1kg","Kedah",41,14,13,10,9,22,24.39,30.00,30.00,0.00
2023,"ramadan_raya","raya_lead_up",1555,"UDANG PUTIH/VANNAMEI (TERNAK) (ANTARA 41 HINGGA 60 EKOR SEKILOGRAM)","1kg","Kelantan",68,14,11,26,21,21,38.24,34.87,34.95,0.00
2023,"ramadan_raya","raya_lead_up",1555,"UDANG PUTIH/VANNAMEI (TERNAK) (ANTARA 41 HINGGA 60 EKOR SEKILOGRAM)","1kg","Melaka",19,14,12,8,9,2,42.11,35.00,37.49,0.00
2023,"ramadan_raya","raya_lead_up",1555,"UDANG PUTIH/VANNAMEI (TERNAK) (ANTARA 41 HINGGA 60 EKOR SEKILOGRAM)","1kg","Negeri Sembilan",24,14,13,5,11,8,20.83,34.50,34.00,0.00
2023,"ramadan_raya","raya_lead_up",1555,"UDANG PUTIH/VANNAMEI (TERNAK) (ANTARA 41 HINGGA 60 EKOR SEKILOGRAM)","1kg","Pahang",68,14,12,31,23,14,45.59,38.12,38.00,0.00
2023,"ramadan_raya","raya_lead_up",1555,"UDANG PUTIH/VANNAMEI (TERNAK) (ANTARA 41 HINGGA 60 EKOR SEKILOGRAM)","1kg","Perak",79,14,12,25,26,28,31.65,33.49,32.50,0.00
2023,"ramadan_raya","raya_lead_up",1555,"UDANG PUTIH/VANNAMEI (TERNAK) (ANTARA 41 HINGGA 60 EKOR SEKILOGRAM)","1kg","Perlis",13,14,12,4,3,6,30.77,34.00,32.00,0.00
2023,"ramadan_raya","raya_lead_up",1555,"UDANG PUTIH/VANNAMEI (TERNAK) (ANTARA 41 HINGGA 60 EKOR SEKILOGRAM)","1kg","Pulau Pinang",48,14,12,11,20,17,22.92,34.00,33.00,0.00
2023,"ramadan_raya","raya_lead_up",1555,"UDANG PUTIH/VANNAMEI (TERNAK) (ANTARA 41 HINGGA 60 EKOR SEKILOGRAM)","1kg","Sabah",32,14,13,8,13,11,25.00,35.80,36.75,0.00
2023,"ramadan_raya","raya_lead_up",1555,"UDANG PUTIH/VANNAMEI (TERNAK) (ANTARA 41 HINGGA 60 EKOR SEKILOGRAM)","1kg","Sarawak",28,14,13,11,10,7,39.29,34.90,34.50,0.00
2023,"ramadan_raya","raya_lead_up",1555,"UDANG PUTIH/VANNAMEI (TERNAK) (ANTARA 41 HINGGA 60 EKOR SEKILOGRAM)","1kg","Selangor",79,14,12,22,20,37,27.85,34.00,34.00,0.00
2023,"ramadan_raya","raya_lead_up",1555,"UDANG PUTIH/VANNAMEI (TERNAK) (ANTARA 41 HINGGA 60 EKOR SEKILOGRAM)","1kg","Terengganu",46,14,12,17,13,16,36.96,34.90,35.07,0.00
2023,"ramadan_raya","raya_lead_up",1555,"UDANG PUTIH/VANNAMEI (TERNAK) (ANTARA 41 HINGGA 60 EKOR SEKILOGRAM)","1kg","W.P. Kuala Lumpur",79,14,12,29,24,26,36.71,37.99,38.80,0.00
2023,"ramadan_raya","raya_lead_up",1555,"UDANG PUTIH/VANNAMEI (TERNAK) (ANTARA 41 HINGGA 60 EKOR SEKILOGRAM)","1kg","W.P. Putrajaya",13,14,12,4,3,6,30.77,39.90,40.00,0.00
2023,"ramadan_raya","raya_lead_up",1564,"BAWANG PUTIH IMPORT (CHINA)","1kg","Johor",134,14,13,12,54,68,8.96,7.99,7.99,0.00
2023,"ramadan_raya","raya_lead_up",1564,"BAWANG PUTIH IMPORT (CHINA)","1kg","Kedah",74,14,13,13,24,37,17.57,8.00,8.00,0.00
2023,"ramadan_raya","raya_lead_up",1564,"BAWANG PUTIH IMPORT (CHINA)","1kg","Kelantan",72,14,11,10,20,42,13.89,7.95,7.90,0.00
2023,"ramadan_raya","raya_lead_up",1564,"BAWANG PUTIH IMPORT (CHINA)","1kg","Melaka",27,14,12,1,11,15,3.70,8.50,8.00,0.00
2023,"ramadan_raya","raya_lead_up",1564,"BAWANG PUTIH IMPORT (CHINA)","1kg","Negeri Sembilan",39,14,13,7,13,19,17.95,8.00,8.00,0.00
2023,"ramadan_raya","raya_lead_up",1564,"BAWANG PUTIH IMPORT (CHINA)","1kg","Pahang",73,14,12,5,32,36,6.85,7.99,7.99,0.00
2023,"ramadan_raya","raya_lead_up",1564,"BAWANG PUTIH IMPORT (CHINA)","1kg","Perak",90,14,12,7,47,36,7.78,8.00,8.00,-1.36
2023,"ramadan_raya","raya_lead_up",1564,"BAWANG PUTIH IMPORT (CHINA)","1kg","Perlis",27,14,12,4,8,15,14.81,8.00,8.00,0.00
2023,"ramadan_raya","raya_lead_up",1564,"BAWANG PUTIH IMPORT (CHINA)","1kg","Pulau Pinang",81,14,12,8,44,29,9.88,8.00,8.00,-2.94
2023,"ramadan_raya","raya_lead_up",1564,"BAWANG PUTIH IMPORT (CHINA)","1kg","Sabah",130,14,13,18,23,89,13.85,7.49,7.35,0.00
2023,"ramadan_raya","raya_lead_up",1564,"BAWANG PUTIH IMPORT (CHINA)","1kg","Sarawak",134,14,13,18,33,83,13.43,7.90,7.90,0.00
2023,"ramadan_raya","raya_lead_up",1564,"BAWANG PUTIH IMPORT (CHINA)","1kg","Selangor",85,14,12,12,40,33,14.12,7.90,7.90,0.00
2023,"ramadan_raya","raya_lead_up",1564,"BAWANG PUTIH IMPORT (CHINA)","1kg","Terengganu",76,14,12,10,24,42,13.16,7.95,7.90,0.00
2023,"ramadan_raya","raya_lead_up",1564,"BAWANG PUTIH IMPORT (CHINA)","1kg","W.P. Kuala Lumpur",102,14,12,16,60,26,15.69,8.00,7.90,-5.83
2023,"ramadan_raya","raya_lead_up",1564,"BAWANG PUTIH IMPORT (CHINA)","1kg","W.P. Labuan",14,14,12,5,3,6,35.71,6.90,7.90,0.00
2023,"ramadan_raya","raya_lead_up",1564,"BAWANG PUTIH IMPORT (CHINA)","1kg","W.P. Putrajaya",17,14,12,3,8,6,17.65,8.90,8.00,0.00
2023,"ramadan_raya","raya_lead_up",1589,"GULA PUTIH BERTAPIS KASAR (PELBAGAI JENAMA)","1kg","Johor",129,4,6,2,0,127,1.55,2.85,2.85,0.00
2023,"ramadan_raya","raya_lead_up",1589,"GULA PUTIH BERTAPIS KASAR (PELBAGAI JENAMA)","1kg","Pahang",80,4,6,0,0,80,0.00,2.85,2.85,0.00
2024,"chinese_new_year","after",1,"AYAM BERSIH - STANDARD","1kg","Johor",105,13,14,25,46,34,23.81,8.70,8.59,0.00
2024,"chinese_new_year","after",1,"AYAM BERSIH - STANDARD","1kg","Kedah",50,13,14,18,10,22,36.00,9.20,9.19,0.00
2024,"chinese_new_year","after",1,"AYAM BERSIH - STANDARD","1kg","Kelantan",71,14,13,16,28,27,22.54,8.69,8.50,0.00
2024,"chinese_new_year","after",1,"AYAM BERSIH - STANDARD","1kg","Melaka",20,14,12,3,10,7,15.00,9.30,8.80,-0.30
2024,"chinese_new_year","after",1,"AYAM BERSIH - STANDARD","1kg","Negeri Sembilan",31,11,13,9,12,10,29.03,8.40,8.30,0.00
2024,"chinese_new_year","after",1,"AYAM BERSIH - STANDARD","1kg","Pahang",76,14,13,18,39,19,23.68,8.49,8.29,-0.66
2024,"chinese_new_year","after",1,"AYAM BERSIH - STANDARD","1kg","Perak",80,13,13,14,27,39,17.50,8.94,8.55,0.00
2024,"chinese_new_year","after",1,"AYAM BERSIH - STANDARD","1kg","Perlis",17,14,13,5,10,2,29.41,8.70,8.79,-1.01
2024,"chinese_new_year","after",1,"AYAM BERSIH - STANDARD","1kg","Pulau Pinang",63,13,13,16,12,35,25.40,9.40,9.40,0.00
2024,"chinese_new_year","after",1,"AYAM BERSIH - STANDARD","1kg","Sabah",9,14,13,2,0,7,22.22,13.00,13.00,0.00
2024,"chinese_new_year","after",1,"AYAM BERSIH - STANDARD","1kg","Sarawak",9,14,13,0,0,9,0.00,11.50,11.50,0.00
2024,"chinese_new_year","after",1,"AYAM BERSIH - STANDARD","1kg","Selangor",80,13,13,21,32,27,26.25,8.68,8.49,0.00
2024,"chinese_new_year","after",1,"AYAM BERSIH - STANDARD","1kg","Terengganu",85,14,13,24,42,19,28.24,9.04,8.99,0.00
2024,"chinese_new_year","after",1,"AYAM BERSIH - STANDARD","1kg","W.P. Kuala Lumpur",84,13,13,22,39,23,26.19,9.00,8.85,0.00
2024,"chinese_new_year","after",1,"AYAM BERSIH - STANDARD","1kg","W.P. Putrajaya",14,13,13,3,10,1,21.43,9.05,8.77,-2.57
2024,"chinese_new_year","after",94,"CILI MERAH - MINYAK","1kg","Johor",55,13,14,7,42,6,12.73,16.99,15.49,-10.00
2024,"chinese_new_year","after",94,"CILI MERAH - MINYAK","1kg","Kedah",21,13,14,1,14,6,4.76,17.00,16.99,-5.27
2024,"chinese_new_year","after",94,"CILI MERAH - MINYAK","1kg","Kelantan",23,14,13,2,12,9,8.70,18.00,18.00,-2.67
2024,"chinese_new_year","after",94,"CILI MERAH - MINYAK","1kg","Negeri Sembilan",32,11,13,5,20,7,15.63,16.90,15.00,-5.64
2024,"chinese_new_year","after",94,"CILI MERAH - MINYAK","1kg","Pahang",72,14,13,9,39,24,12.50,17.99,15.99,-4.76
2024,"chinese_new_year","after",94,"CILI MERAH - MINYAK","1kg","Perak",44,13,13,7,26,11,15.91,17.84,16.00,-4.67
2024,"chinese_new_year","after",94,"CILI MERAH - MINYAK","1kg","Perlis",17,14,13,1,6,10,5.88,18.00,17.00,0.00
2024,"chinese_new_year","after",94,"CILI MERAH - MINYAK","1kg","Pulau Pinang",30,13,13,1,16,13,3.33,16.43,13.90,-4.04
2024,"chinese_new_year","after",94,"CILI MERAH - MINYAK","1kg","Sabah",17,14,13,1,7,9,5.88,19.00,18.50,0.00
2024,"chinese_new_year","after",94,"CILI MERAH - MINYAK","1kg","Sarawak",82,14,13,41,7,34,50.00,19.95,22.25,1.14
2024,"chinese_new_year","after",94,"CILI MERAH - MINYAK","1kg","Selangor",72,13,13,13,40,19,18.06,15.97,14.45,-5.34
2024,"chinese_new_year","after",94,"CILI MERAH - MINYAK","1kg","Terengganu",45,14,13,5,25,15,11.11,17.00,16.29,-2.04
2024,"chinese_new_year","after",94,"CILI MERAH - MINYAK","1kg","W.P. Kuala Lumpur",74,13,13,11,47,16,14.86,17.00,15.00,-5.41
2024,"chinese_new_year","after",103,"SANTAN KELAPA SEGAR (BIASA)","1kg","Johor",21,13,14,1,0,20,4.76,8.59,8.59,0.00
2024,"chinese_new_year","after",103,"SANTAN KELAPA SEGAR (BIASA)","1kg","Kedah",11,13,14,0,0,11,0.00,12.00,12.00,0.00
2024,"chinese_new_year","after",103,"SANTAN KELAPA SEGAR (BIASA)","1kg","Kelantan",17,14,13,0,3,14,0.00,8.90,8.90,0.00
2024,"chinese_new_year","after",103,"SANTAN KELAPA SEGAR (BIASA)","1kg","Negeri Sembilan",18,11,13,1,1,16,5.56,8.00,8.00,0.00
2024,"chinese_new_year","after",103,"SANTAN KELAPA SEGAR (BIASA)","1kg","Pahang",36,14,13,2,1,33,5.56,6.90,6.90,0.00
2024,"chinese_new_year","after",103,"SANTAN KELAPA SEGAR (BIASA)","1kg","Perak",41,13,13,5,0,36,12.20,9.00,9.00,0.00
2024,"chinese_new_year","after",103,"SANTAN KELAPA SEGAR (BIASA)","1kg","Pulau Pinang",22,13,13,2,0,20,9.09,12.00,12.00,0.00
2024,"chinese_new_year","after",103,"SANTAN KELAPA SEGAR (BIASA)","1kg","Selangor",34,13,13,3,2,29,8.82,7.00,6.95,0.00
2024,"chinese_new_year","after",103,"SANTAN KELAPA SEGAR (BIASA)","1kg","Terengganu",8,14,13,0,0,8,0.00,10.50,10.50,0.00
2024,"chinese_new_year","after",103,"SANTAN KELAPA SEGAR (BIASA)","1kg","W.P. Kuala Lumpur",39,13,13,1,1,37,2.56,6.20,6.20,0.00
2024,"chinese_new_year","after",103,"SANTAN KELAPA SEGAR (BIASA)","1kg","W.P. Putrajaya",5,13,13,0,0,5,0.00,7.75,7.75,0.00
2024,"chinese_new_year","after",114,"TOMATO","1kg","Johor",121,13,14,29,67,25,23.97,7.99,7.90,-4.00
2024,"chinese_new_year","after",114,"TOMATO","1kg","Kedah",61,13,14,17,24,20,27.87,8.00,8.00,0.00
2024,"chinese_new_year","after",114,"TOMATO","1kg","Kelantan",81,14,13,12,46,23,14.81,7.99,7.00,-5.88
2024,"chinese_new_year","after",114,"TOMATO","1kg","Melaka",25,14,12,8,9,8,32.00,8.50,7.90,0.00
2024,"chinese_new_year","after",114,"TOMATO","1kg","Negeri Sembilan",35,11,13,9,16,10,25.71,7.99,7.20,0.00
2024,"chinese_new_year","after",114,"TOMATO","1kg","Pahang",78,14,13,9,51,18,11.54,8.32,7.99,-4.89
2024,"chinese_new_year","after",114,"TOMATO","1kg","Perak",82,13,13,17,30,35,20.73,8.00,8.00,0.00
2024,"chinese_new_year","after",114,"TOMATO","1kg","Perlis",23,14,13,5,11,7,21.74,8.50,7.99,0.00
2024,"chinese_new_year","after",114,"TOMATO","1kg","Pulau Pinang",76,13,13,11,38,27,14.47,8.00,8.00,-1.11
2024,"chinese_new_year","after",114,"TOMATO","1kg","Sabah",83,14,13,4,40,39,4.82,7.50,6.70,0.00
2024,"chinese_new_year","after",114,"TOMATO","1kg","Sarawak",73,14,13,35,7,31,47.95,9.99,10.90,0.00
2024,"chinese_new_year","after",114,"TOMATO","1kg","Selangor",83,13,13,19,40,24,22.89,7.99,7.50,0.00
2024,"chinese_new_year","after",114,"TOMATO","1kg","Terengganu",66,14,13,19,32,15,28.79,8.75,8.00,0.00
2024,"chinese_new_year","after",114,"TOMATO","1kg","W.P. Kuala Lumpur",111,13,13,24,51,36,21.62,7.99,7.50,0.00
2024,"chinese_new_year","after",114,"TOMATO","1kg","W.P. Labuan",9,14,13,1,3,5,11.11,6.90,6.00,0.00
2024,"chinese_new_year","after",114,"TOMATO","1kg","W.P. Putrajaya",18,13,13,4,7,7,22.22,8.25,8.00,0.00
2024,"chinese_new_year","after",129,"BAWANG BESAR KUNING/HOLLAND","1kg","Johor",120,13,14,24,20,76,20.00,4.80,4.77,0.00
2024,"chinese_new_year","after",129,"BAWANG BESAR KUNING/HOLLAND","1kg","Kedah",74,13,14,16,6,52,21.62,5.00,5.49,0.00
2024,"chinese_new_year","after",129,"BAWANG BESAR KUNING/HOLLAND","1kg","Kelantan",120,14,13,19,10,91,15.83,5.50,5.50,0.00
2024,"chinese_new_year","after",129,"BAWANG BESAR KUNING/HOLLAND","1kg","Melaka",25,14,12,5,2,18,20.00,5.00,5.00,0.00
2024,"chinese_new_year","after",129,"BAWANG BESAR KUNING/HOLLAND","1kg","Negeri Sembilan",33,11,13,7,6,20,21.21,5.00,5.00,0.00
2024,"chinese_new_year","after",129,"BAWANG BESAR KUNING/HOLLAND","1kg","Pahang",71,14,13,9,9,53,12.68,4.99,4.99,0.00
2024,"chinese_new_year","after",129,"BAWANG BESAR KUNING/HOLLAND","1kg","Perak",80,13,13,21,11,48,26.25,5.00,5.00,0.00
2024,"chinese_new_year","after",129,"BAWANG BESAR KUNING/HOLLAND","1kg","Perlis",34,14,13,9,2,23,26.47,4.99,4.90,0.00
2024,"chinese_new_year","after",129,"BAWANG BESAR KUNING/HOLLAND","1kg","Pulau Pinang",75,13,13,16,12,47,21.33,5.49,5.49,0.00
2024,"chinese_new_year","after",129,"BAWANG BESAR KUNING/HOLLAND","1kg","Sabah",127,14,13,26,13,88,20.47,6.00,6.00,0.00
2024,"chinese_new_year","after",129,"BAWANG BESAR KUNING/HOLLAND","1kg","Sarawak",135,14,13,28,13,94,20.74,5.50,5.50,0.00
2024,"chinese_new_year","after",129,"BAWANG BESAR KUNING/HOLLAND","1kg","Selangor",80,13,13,18,9,53,22.50,4.69,4.69,0.00
2024,"chinese_new_year","after",129,"BAWANG BESAR KUNING/HOLLAND","1kg","Terengganu",99,14,13,23,11,65,23.23,5.00,5.00,0.00
2024,"chinese_new_year","after",129,"BAWANG BESAR KUNING/HOLLAND","1kg","W.P. Kuala Lumpur",100,13,13,19,21,60,19.00,5.00,5.00,0.00
2024,"chinese_new_year","after",129,"BAWANG BESAR KUNING/HOLLAND","1kg","W.P. Labuan",14,14,13,1,1,12,7.14,6.00,5.95,0.00
2024,"chinese_new_year","after",129,"BAWANG BESAR KUNING/HOLLAND","1kg","W.P. Putrajaya",16,13,13,5,2,9,31.25,5.50,5.54,0.00
2024,"chinese_new_year","after",917,"TEPUNG GANDUM NGP (BERBUNGKUS, CAP SAUH)","1kg","Johor",115,5,4,7,11,97,6.09,3.40,3.40,0.00
2024,"chinese_new_year","after",917,"TEPUNG GANDUM NGP (BERBUNGKUS, CAP SAUH)","1kg","Pahang",67,5,4,8,15,44,11.94,3.38,3.40,0.00
2024,"chinese_new_year","after",918,"MINYAK MASAK PAKET (PELBAGAI JENAMA)","1kg","Johor",14,13,4,0,0,14,0.00,2.50,2.50,0.00
2024,"chinese_new_year","after",918,"MINYAK MASAK PAKET (PELBAGAI JENAMA)","1kg","Kelantan",71,14,7,0,0,71,0.00,2.50,2.50,0.00
2024,"chinese_new_year","after",918,"MINYAK MASAK PAKET (PELBAGAI JENAMA)","1kg","Pahang",25,10,4,0,0,25,0.00,2.50,2.50,0.00
2024,"chinese_new_year","after",1111,"TELUR AYAM GRED C","30 biji","Johor",76,13,14,1,0,75,1.32,12.30,12.30,0.00
2024,"chinese_new_year","after",1111,"TELUR AYAM GRED C","30 biji","Kedah",25,13,14,0,0,25,0.00,12.30,12.30,0.00
2024,"chinese_new_year","after",1111,"TELUR AYAM GRED C","30 biji","Kelantan",33,14,13,1,0,32,3.03,12.30,12.30,0.00
2024,"chinese_new_year","after",1111,"TELUR AYAM GRED C","30 biji","Melaka",12,14,12,0,1,11,0.00,12.30,12.30,0.00
2024,"chinese_new_year","after",1111,"TELUR AYAM GRED C","30 biji","Negeri Sembilan",24,11,13,0,0,24,0.00,12.30,12.30,0.00
2024,"chinese_new_year","after",1111,"TELUR AYAM GRED C","30 biji","Pahang",35,14,13,1,1,33,2.86,12.30,12.30,0.00
2024,"chinese_new_year","after",1111,"TELUR AYAM GRED C","30 biji","Perak",38,13,13,0,0,38,0.00,12.30,12.30,0.00
2024,"chinese_new_year","after",1111,"TELUR AYAM GRED C","30 biji","Pulau Pinang",31,13,13,0,0,31,0.00,12.30,12.30,0.00
2024,"chinese_new_year","after",1111,"TELUR AYAM GRED C","30 biji","Sabah",25,14,13,0,0,25,0.00,14.70,14.70,0.00
2024,"chinese_new_year","after",1111,"TELUR AYAM GRED C","30 biji","Sarawak",6,14,13,0,0,6,0.00,12.90,12.90,0.00
2024,"chinese_new_year","after",1111,"TELUR AYAM GRED C","30 biji","Selangor",35,13,13,2,0,33,5.71,12.30,12.30,0.00
2024,"chinese_new_year","after",1111,"TELUR AYAM GRED C","30 biji","Terengganu",30,14,13,1,3,26,3.33,12.30,12.30,0.00
2024,"chinese_new_year","after",1111,"TELUR AYAM GRED C","30 biji","W.P. Kuala Lumpur",59,13,13,1,1,57,1.69,12.30,12.30,0.00
2024,"chinese_new_year","after",1131,"UBI KENTANG IMPORT (CHINA)","1kg","Johor",117,13,14,17,41,59,14.53,3.49,3.39,0.00
2024,"chinese_new_year","after",1131,"UBI KENTANG IMPORT (CHINA)","1kg","Kedah",47,13,14,10,17,20,21.28,3.50,3.50,0.00
2024,"chinese_new_year","after",1131,"UBI KENTANG IMPORT (CHINA)","1kg","Kelantan",60,14,13,10,22,28,16.67,4.00,3.50,0.00
2024,"chinese_new_year","after",1131,"UBI KENTANG IMPORT (CHINA)","1kg","Melaka",18,14,12,3,7,8,16.67,2.95,2.99,0.00
2024,"chinese_new_year","after",1131,"UBI KENTANG IMPORT (CHINA)","1kg","Negeri Sembilan",26,11,13,8,7,11,30.77,3.00,3.09,0.00
2024,"chinese_new_year","after",1131,"UBI KENTANG IMPORT (CHINA)","1kg","Pahang",69,14,13,4,30,35,5.80,3.50,3.49,0.00
2024,"chinese_new_year","after",1131,"UBI KENTANG IMPORT (CHINA)","1kg","Perak",78,13,13,15,29,34,19.23,3.40,3.35,0.00
2024,"chinese_new_year","after",1131,"UBI KENTANG IMPORT (CHINA)","1kg","Perlis",25,14,13,2,11,12,8.00,3.90,3.50,0.00
2024,"chinese_new_year","after",1131,"UBI KENTANG IMPORT (CHINA)","1kg","Pulau Pinang",71,13,13,13,19,39,18.31,3.50,3.50,0.00
2024,"chinese_new_year","after",1131,"UBI KENTANG IMPORT (CHINA)","1kg","Sabah",113,14,13,12,26,75,10.62,3.99,3.99,0.00
2024,"chinese_new_year","after",1131,"UBI KENTANG IMPORT (CHINA)","1kg","Sarawak",129,14,13,17,42,70,13.18,3.90,3.80,0.00
2024,"chinese_new_year","after",1131,"UBI KENTANG IMPORT (CHINA)","1kg","Selangor",72,13,13,11,22,39,15.28,2.99,2.99,0.00
2024,"chinese_new_year","after",1131,"UBI KENTANG IMPORT (CHINA)","1kg","Terengganu",72,14,13,10,22,40,13.89,3.50,3.50,0.00
2024,"chinese_new_year","after",1131,"UBI KENTANG IMPORT (CHINA)","1kg","W.P. Kuala Lumpur",79,13,13,7,26,46,8.86,3.20,3.00,0.00
2024,"chinese_new_year","after",1131,"UBI KENTANG IMPORT (CHINA)","1kg","W.P. Labuan",14,14,13,3,5,6,21.43,3.90,3.90,0.00
2024,"chinese_new_year","after",1131,"UBI KENTANG IMPORT (CHINA)","1kg","W.P. Putrajaya",16,13,13,2,8,6,12.50,3.95,3.50,-3.13
2024,"chinese_new_year","after",1431,"DAGING LEMBU TEMPATAN (BAHAGIAN 1 DAGING PAHA (KECUALI BATANG PINANG - TENDERLOIN)","1kg","Johor",10,13,14,0,0,10,0.00,40.00,40.00,0.00
2024,"chinese_new_year","after",1431,"DAGING LEMBU TEMPATAN (BAHAGIAN 1 DAGING PAHA (KECUALI BATANG PINANG - TENDERLOIN)","1kg","Kedah",12,13,14,1,0,11,8.33,39.00,39.00,0.00
2024,"chinese_new_year","after",1431,"DAGING LEMBU TEMPATAN (BAHAGIAN 1 DAGING PAHA (KECUALI BATANG PINANG - TENDERLOIN)","1kg","Kelantan",18,14,13,0,2,16,0.00,34.00,34.00,0.00
2024,"chinese_new_year","after",1431,"DAGING LEMBU TEMPATAN (BAHAGIAN 1 DAGING PAHA (KECUALI BATANG PINANG - TENDERLOIN)","1kg","Melaka",6,14,12,0,0,6,0.00,40.00,40.00,0.00
2024,"chinese_new_year","after",1431,"DAGING LEMBU TEMPATAN (BAHAGIAN 1 DAGING PAHA (KECUALI BATANG PINANG - TENDERLOIN)","1kg","Negeri Sembilan",7,11,13,0,0,7,0.00,40.00,40.00,0.00
2024,"chinese_new_year","after",1431,"DAGING LEMBU TEMPATAN (BAHAGIAN 1 DAGING PAHA (KECUALI BATANG PINANG - TENDERLOIN)","1kg","Pahang",9,14,13,0,0,9,0.00,38.00,38.00,0.00
2024,"chinese_new_year","after",1431,"DAGING LEMBU TEMPATAN (BAHAGIAN 1 DAGING PAHA (KECUALI BATANG PINANG - TENDERLOIN)","1kg","Perak",17,13,13,1,1,15,5.88,36.00,36.00,0.00
2024,"chinese_new_year","after",1431,"DAGING LEMBU TEMPATAN (BAHAGIAN 1 DAGING PAHA (KECUALI BATANG PINANG - TENDERLOIN)","1kg","Pulau Pinang",18,13,13,1,0,17,5.56,40.00,40.00,0.00
2024,"chinese_new_year","after",1431,"DAGING LEMBU TEMPATAN (BAHAGIAN 1 DAGING PAHA (KECUALI BATANG PINANG - TENDERLOIN)","1kg","Selangor",13,13,13,0,0,13,0.00,39.00,39.00,0.00
2024,"chinese_new_year","after",1431,"DAGING LEMBU TEMPATAN (BAHAGIAN 1 DAGING PAHA (KECUALI BATANG PINANG - TENDERLOIN)","1kg","Terengganu",12,14,13,0,2,10,0.00,36.00,36.00,0.00
2024,"chinese_new_year","after",1555,"UDANG PUTIH/VANNAMEI (TERNAK) (ANTARA 41 HINGGA 60 EKOR SEKILOGRAM)","1kg","Johor",92,13,14,55,27,10,59.78,34.88,35.88,2.94
2024,"chinese_new_year","after",1555,"UDANG PUTIH/VANNAMEI (TERNAK) (ANTARA 41 HINGGA 60 EKOR SEKILOGRAM)","1kg","Kedah",43,13,14,24,10,9,55.81,28.00,28.00,2.11
2024,"chinese_new_year","after",1555,"UDANG PUTIH/VANNAMEI (TERNAK) (ANTARA 41 HINGGA 60 EKOR SEKILOGRAM)","1kg","Kelantan",68,14,13,36,19,13,52.94,31.95,32.00,1.31
2024,"chinese_new_year","after",1555,"UDANG PUTIH/VANNAMEI (TERNAK) (ANTARA 41 HINGGA 60 EKOR SEKILOGRAM)","1kg","Melaka",17,14,12,10,3,4,58.82,33.49,35.90,2.94
2024,"chinese_new_year","after",1555,"UDANG PUTIH/VANNAMEI (TERNAK) (ANTARA 41 HINGGA 60 EKOR SEKILOGRAM)","1kg","Negeri Sembilan",23,11,13,15,2,6,65.22,31.88,34.00,2.79
2024,"chinese_new_year","after",1555,"UDANG PUTIH/VANNAMEI (TERNAK) (ANTARA 41 HINGGA 60 EKOR SEKILOGRAM)","1kg","Pahang",69,14,13,44,15,10,63.77,36.00,38.00,5.41
2024,"chinese_new_year","after",1555,"UDANG PUTIH/VANNAMEI (TERNAK) (ANTARA 41 HINGGA 60 EKOR SEKILOGRAM)","1kg","Perak",73,13,13,39,20,14,53.42,30.00,30.00,0.38
2024,"chinese_new_year","after",1555,"UDANG PUTIH/VANNAMEI (TERNAK) (ANTARA 41 HINGGA 60 EKOR SEKILOGRAM)","1kg","Perlis",10,14,13,6,0,4,60.00,30.00,31.90,2.25
2024,"chinese_new_year","after",1555,"UDANG PUTIH/VANNAMEI (TERNAK) (ANTARA 41 HINGGA 60 EKOR SEKILOGRAM)","1kg","Pulau Pinang",43,13,13,18,13,12,41.86,32.00,32.00,0.00
2024,"chinese_new_year","after",1555,"UDANG PUTIH/VANNAMEI (TERNAK) (ANTARA 41 HINGGA 60 EKOR SEKILOGRAM)","1kg","Sabah",30,14,13,11,12,7,36.67,32.70,33.00,0.00
2024,"chinese_new_year","after",1555,"UDANG PUTIH/VANNAMEI (TERNAK) (ANTARA 41 HINGGA 60 EKOR SEKILOGRAM)","1kg","Sarawak",30,14,13,12,11,7,40.00,35.00,35.00,0.00
2024,"chinese_new_year","after",1555,"UDANG PUTIH/VANNAMEI (TERNAK) (ANTARA 41 HINGGA 60 EKOR SEKILOGRAM)","1kg","Selangor",75,13,13,38,16,21,50.67,32.50,32.00,0.32
2024,"chinese_new_year","after",1555,"UDANG PUTIH/VANNAMEI (TERNAK) (ANTARA 41 HINGGA 60 EKOR SEKILOGRAM)","1kg","Terengganu",48,14,13,28,11,9,58.33,32.00,33.90,3.24
2024,"chinese_new_year","after",1555,"UDANG PUTIH/VANNAMEI (TERNAK) (ANTARA 41 HINGGA 60 EKOR SEKILOGRAM)","1kg","W.P. Kuala Lumpur",77,13,13,34,20,23,44.16,36.00,36.90,0.00
2024,"chinese_new_year","after",1555,"UDANG PUTIH/VANNAMEI (TERNAK) (ANTARA 41 HINGGA 60 EKOR SEKILOGRAM)","1kg","W.P. Putrajaya",15,13,13,4,9,2,26.67,39.90,39.00,-1.24
2024,"chinese_new_year","after",1564,"BAWANG PUTIH IMPORT (CHINA)","1kg","Johor",131,13,14,14,55,62,10.69,12.69,11.00,0.00
2024,"chinese_new_year","after",1564,"BAWANG PUTIH IMPORT (CHINA)","1kg","Kedah",70,13,14,7,39,24,10.00,12.00,11.00,-2.96
2024,"chinese_new_year","after",1564,"BAWANG PUTIH IMPORT (CHINA)","1kg","Kelantan",62,14,13,16,29,17,25.81,12.00,11.00,0.00
2024,"chinese_new_year","after",1564,"BAWANG PUTIH IMPORT (CHINA)","1kg","Melaka",27,14,12,3,11,13,11.11,14.00,13.00,0.00
2024,"chinese_new_year","after",1564,"BAWANG PUTIH IMPORT (CHINA)","1kg","Negeri Sembilan",37,11,13,7,15,15,18.92,13.50,11.90,0.00
2024,"chinese_new_year","after",1564,"BAWANG PUTIH IMPORT (CHINA)","1kg","Pahang",70,14,13,6,21,43,8.57,12.99,11.99,0.00
2024,"chinese_new_year","after",1564,"BAWANG PUTIH IMPORT (CHINA)","1kg","Perak",88,13,13,15,28,45,17.05,12.99,12.00,0.00
2024,"chinese_new_year","after",1564,"BAWANG PUTIH IMPORT (CHINA)","1kg","Perlis",25,14,13,4,7,14,16.00,10.00,10.00,0.00
2024,"chinese_new_year","after",1564,"BAWANG PUTIH IMPORT (CHINA)","1kg","Pulau Pinang",81,13,13,11,31,39,13.58,13.90,12.00,0.00
2024,"chinese_new_year","after",1564,"BAWANG PUTIH IMPORT (CHINA)","1kg","Sabah",129,14,13,19,34,76,14.73,10.50,10.00,0.00
2024,"chinese_new_year","after",1564,"BAWANG PUTIH IMPORT (CHINA)","1kg","Sarawak",128,14,13,21,38,69,16.41,10.65,10.50,0.00
2024,"chinese_new_year","after",1564,"BAWANG PUTIH IMPORT (CHINA)","1kg","Selangor",80,13,13,5,31,44,6.25,12.25,11.00,0.00
2024,"chinese_new_year","after",1564,"BAWANG PUTIH IMPORT (CHINA)","1kg","Terengganu",64,14,13,7,35,22,10.94,12.00,11.35,-1.96
2024,"chinese_new_year","after",1564,"BAWANG PUTIH IMPORT (CHINA)","1kg","W.P. Kuala Lumpur",104,13,13,14,38,52,13.46,13.90,12.70,0.00
2024,"chinese_new_year","after",1564,"BAWANG PUTIH IMPORT (CHINA)","1kg","W.P. Labuan",14,14,13,6,3,5,42.86,10.90,10.50,0.00
2024,"chinese_new_year","after",1564,"BAWANG PUTIH IMPORT (CHINA)","1kg","W.P. Putrajaya",16,13,13,2,9,5,12.50,12.90,11.95,-5.21
2024,"chinese_new_year","after",1589,"GULA PUTIH BERTAPIS KASAR (PELBAGAI JENAMA)","1kg","Johor",104,5,4,0,0,104,0.00,2.85,2.85,0.00
2024,"chinese_new_year","lead_up",1,"AYAM BERSIH - STANDARD","1kg","Johor",107,13,14,20,56,31,18.69,8.70,8.50,-1.11
2024,"chinese_new_year","lead_up",1,"AYAM BERSIH - STANDARD","1kg","Kedah",52,13,13,7,18,27,13.46,9.20,9.35,0.00
2024,"chinese_new_year","lead_up",1,"AYAM BERSIH - STANDARD","1kg","Kelantan",72,14,14,9,31,32,12.50,8.69,8.50,0.00
2024,"chinese_new_year","lead_up",1,"AYAM BERSIH - STANDARD","1kg","Melaka",19,14,14,4,9,6,21.05,9.20,9.00,0.00
2024,"chinese_new_year","lead_up",1,"AYAM BERSIH - STANDARD","1kg","Negeri Sembilan",30,11,13,6,16,8,20.00,8.45,8.30,-1.24
2024,"chinese_new_year","lead_up",1,"AYAM BERSIH - STANDARD","1kg","Pahang",78,14,14,16,39,23,20.51,8.49,8.29,-0.29
2024,"chinese_new_year","lead_up",1,"AYAM BERSIH - STANDARD","1kg","Perak",81,13,14,6,36,39,7.41,8.99,8.64,0.00
2024,"chinese_new_year","lead_up",1,"AYAM BERSIH - STANDARD","1kg","Perlis",17,14,13,3,7,7,17.65,8.70,8.80,0.00
2024,"chinese_new_year","lead_up",1,"AYAM BERSIH - STANDARD","1kg","Pulau Pinang",63,13,14,2,24,37,3.17,9.40,9.40,0.00
2024,"chinese_new_year","lead_up",1,"AYAM BERSIH - STANDARD","1kg","Sabah",9,14,14,2,0,7,22.22,13.00,13.00,0.00
2024,"chinese_new_year","lead_up",1,"AYAM BERSIH - STANDARD","1kg","Sarawak",9,14,14,0,0,9,0.00,11.50,11.50,0.00
2024,"chinese_new_year","lead_up",1,"AYAM BERSIH - STANDARD","1kg","Selangor",80,13,14,10,42,28,12.50,8.68,8.45,-0.60
2024,"chinese_new_year","lead_up",1,"AYAM BERSIH - STANDARD","1kg","Terengganu",84,14,13,16,47,21,19.05,9.04,8.70,-1.46
2024,"chinese_new_year","lead_up",1,"AYAM BERSIH - STANDARD","1kg","W.P. Kuala Lumpur",85,13,13,17,34,34,20.00,9.00,8.89,0.00
2024,"chinese_new_year","lead_up",1,"AYAM BERSIH - STANDARD","1kg","W.P. Putrajaya",14,13,13,1,11,2,7.14,9.05,8.70,-2.71
2024,"chinese_new_year","lead_up",94,"CILI MERAH - MINYAK","1kg","Johor",59,13,14,5,33,21,8.47,16.99,15.99,-2.58
2024,"chinese_new_year","lead_up",94,"CILI MERAH - MINYAK","1kg","Kedah",22,13,13,3,12,7,13.64,17.24,14.45,-8.52
2024,"chinese_new_year","lead_up",94,"CILI MERAH - MINYAK","1kg","Kelantan",23,14,14,3,9,11,13.04,18.00,18.00,0.00
2024,"chinese_new_year","lead_up",94,"CILI MERAH - MINYAK","1kg","Negeri Sembilan",31,11,13,1,16,14,3.23,16.90,15.89,-3.43
2024,"chinese_new_year","lead_up",94,"CILI MERAH - MINYAK","1kg","Pahang",72,14,14,13,25,34,18.06,17.99,16.00,0.00
2024,"chinese_new_year","lead_up",94,"CILI MERAH - MINYAK","1kg","Perak",46,13,14,6,29,11,13.04,17.99,16.00,-5.02
2024,"chinese_new_year","lead_up",94,"CILI MERAH - MINYAK","1kg","Perlis",16,14,13,1,7,8,6.25,17.50,17.00,0.00
2024,"chinese_new_year","lead_up",94,"CILI MERAH - MINYAK","1kg","Pulau Pinang",32,13,14,3,20,9,9.38,16.45,14.59,-6.07
2024,"chinese_new_year","lead_up",94,"CILI MERAH - MINYAK","1kg","Sabah",20,14,14,1,2,17,5.00,19.00,19.00,0.00
2024,"chinese_new_year","lead_up",94,"CILI MERAH - MINYAK","1kg","Sarawak",88,14,14,23,7,58,26.14,19.90,20.00,0.00
2024,"chinese_new_year","lead_up",94,"CILI MERAH - MINYAK","1kg","Selangor",70,13,14,8,39,23,11.43,15.95,14.00,-3.73
2024,"chinese_new_year","lead_up",94,"CILI MERAH - MINYAK","1kg","Terengganu",50,14,13,10,23,17,20.00,17.20,16.59,0.00
2024,"chinese_new_year","lead_up",94,"CILI MERAH - MINYAK","1kg","W.P. Kuala Lumpur",73,13,13,9,40,24,12.33,17.00,14.99,-4.08
2024,"chinese_new_year","lead_up",103,"SANTAN KELAPA SEGAR (BIASA)","1kg","Johor",21,13,14,0,0,21,0.00,8.59,8.59,0.00
2024,"chinese_new_year","lead_up",103,"SANTAN KELAPA SEGAR (BIASA)","1kg","Kedah",12,13,13,0,0,12,0.00,11.50,11.50,0.00
2024,"chinese_new_year","lead_up",103,"SANTAN KELAPA SEGAR (BIASA)","1kg","Kelantan",11,14,14,0,2,9,0.00,8.90,8.90,0.00
2024,"chinese_new_year","lead_up",103,"SANTAN KELAPA SEGAR (BIASA)","1kg","Negeri Sembilan",18,11,13,0,0,18,0.00,8.00,8.00,0.00
2024,"chinese_new_year","lead_up",103,"SANTAN KELAPA SEGAR (BIASA)","1kg","Pahang",36,14,14,1,0,35,2.78,6.90,6.90,0.00
2024,"chinese_new_year","lead_up",103,"SANTAN KELAPA SEGAR (BIASA)","1kg","Perak",43,13,14,3,1,39,6.98,8.50,9.00,0.00
2024,"chinese_new_year","lead_up",103,"SANTAN KELAPA SEGAR (BIASA)","1kg","Pulau Pinang",22,13,14,0,0,22,0.00,12.00,12.00,0.00
2024,"chinese_new_year","lead_up",103,"SANTAN KELAPA SEGAR (BIASA)","1kg","Selangor",33,13,14,3,2,28,9.09,7.00,6.99,0.00
2024,"chinese_new_year","lead_up",103,"SANTAN KELAPA SEGAR (BIASA)","1kg","Terengganu",8,14,13,0,0,8,0.00,10.50,10.50,0.00
2024,"chinese_new_year","lead_up",103,"SANTAN KELAPA SEGAR (BIASA)","1kg","W.P. Kuala Lumpur",39,13,13,1,0,38,2.56,6.20,6.20,0.00
2024,"chinese_new_year","lead_up",103,"SANTAN KELAPA SEGAR (BIASA)","1kg","W.P. Putrajaya",5,13,13,1,0,4,20.00,7.75,7.99,0.00
2024,"chinese_new_year","lead_up",114,"TOMATO","1kg","Johor",123,13,14,15,74,34,12.20,7.99,7.49,-7.75
2024,"chinese_new_year","lead_up",114,"TOMATO","1kg","Kedah",63,13,13,12,28,23,19.05,8.00,7.59,0.00
2024,"chinese_new_year","lead_up",114,"TOMATO","1kg","Kelantan",81,14,14,10,47,24,12.35,7.99,6.99,-7.14
2024,"chinese_new_year","lead_up",114,"TOMATO","1kg","Melaka",24,14,14,2,15,7,8.33,8.25,7.50,-5.94
2024,"chinese_new_year","lead_up",114,"TOMATO","1kg","Negeri Sembilan",34,11,13,4,20,10,11.76,8.00,7.00,-6.02
2024,"chinese_new_year","lead_up",114,"TOMATO","1kg","Pahang",79,14,14,6,54,19,7.59,8.25,7.79,-6.25
2024,"chinese_new_year","lead_up",114,"TOMATO","1kg","Perak",82,13,14,12,44,26,14.63,8.00,7.49,-4.70
2024,"chinese_new_year","lead_up",114,"TOMATO","1kg","Perlis",23,14,13,6,7,10,26.09,8.50,8.49,0.00
2024,"chinese_new_year","lead_up",114,"TOMATO","1kg","Pulau Pinang",76,13,14,7,45,24,9.21,8.00,7.99,-5.56
2024,"chinese_new_year","lead_up",114,"TOMATO","1kg","Sabah",86,14,14,3,29,54,3.49,7.50,7.00,0.00
2024,"chinese_new_year","lead_up",114,"TOMATO","1kg","Sarawak",83,14,14,34,6,43,40.96,9.99,10.80,0.00
2024,"chinese_new_year","lead_up",114,"TOMATO","1kg","Selangor",84,13,14,14,52,18,16.67,7.99,7.50,-5.88
2024,"chinese_new_year","lead_up",114,"TOMATO","1kg","Terengganu",64,14,13,13,41,10,20.31,8.75,8.00,-5.89
2024,"chinese_new_year","lead_up",114,"TOMATO","1kg","W.P. Kuala Lumpur",111,13,13,25,51,35,22.52,7.99,7.90,0.00
2024,"chinese_new_year","lead_up",114,"TOMATO","1kg","W.P. Labuan",9,14,13,1,4,4,11.11,6.90,6.00,0.00
2024,"chinese_new_year","lead_up",114,"TOMATO","1kg","W.P. Putrajaya",19,13,13,3,9,7,15.79,8.50,8.00,0.00
2024,"chinese_new_year","lead_up",129,"BAWANG BESAR KUNING/HOLLAND","1kg","Johor",122,13,14,25,14,83,20.49,4.84,4.80,0.00
2024,"chinese_new_year","lead_up",129,"BAWANG BESAR KUNING/HOLLAND","1kg","Kedah",75,13,13,12,6,57,16.00,5.00,5.49,0.00
2024,"chinese_new_year","lead_up",129,"BAWANG BESAR KUNING/HOLLAND","1kg","Kelantan",122,14,14,17,8,97,13.93,5.50,5.50,0.00
2024,"chinese_new_year","lead_up",129,"BAWANG BESAR KUNING/HOLLAND","1kg","Melaka",26,14,14,3,1,22,11.54,5.00,5.00,0.00
2024,"chinese_new_year","lead_up",129,"BAWANG BESAR KUNING/HOLLAND","1kg","Negeri Sembilan",33,11,13,6,6,21,18.18,5.00,4.80,0.00
2024,"chinese_new_year","lead_up",129,"BAWANG BESAR KUNING/HOLLAND","1kg","Pahang",72,14,14,7,6,59,9.72,4.99,4.99,0.00
2024,"chinese_new_year","lead_up",129,"BAWANG BESAR KUNING/HOLLAND","1kg","Perak",81,13,14,19,16,46,23.46,5.00,4.50,0.00
2024,"chinese_new_year","lead_up",129,"BAWANG BESAR KUNING/HOLLAND","1kg","Perlis",36,14,13,5,2,29,13.89,4.75,4.50,0.00
2024,"chinese_new_year","lead_up",129,"BAWANG BESAR KUNING/HOLLAND","1kg","Pulau Pinang",75,13,14,13,10,52,17.33,5.49,5.49,0.00
2024,"chinese_new_year","lead_up",129,"BAWANG BESAR KUNING/HOLLAND","1kg","Sabah",127,14,14,19,11,97,14.96,6.00,6.00,0.00
2024,"chinese_new_year","lead_up",129,"BAWANG BESAR KUNING/HOLLAND","1kg","Sarawak",138,14,14,25,14,99,18.12,5.50,5.50,0.00
2024,"chinese_new_year","lead_up",129,"BAWANG BESAR KUNING/HOLLAND","1kg","Selangor",81,13,14,17,11,53,20.99,4.69,4.69,0.00
2024,"chinese_new_year","lead_up",129,"BAWANG BESAR KUNING/HOLLAND","1kg","Terengganu",100,14,13,18,8,74,18.00,5.00,5.00,0.00
2024,"chinese_new_year","lead_up",129,"BAWANG BESAR KUNING/HOLLAND","1kg","W.P. Kuala Lumpur",100,13,13,17,16,67,17.00,5.00,5.00,0.00
2024,"chinese_new_year","lead_up",129,"BAWANG BESAR KUNING/HOLLAND","1kg","W.P. Labuan",14,14,13,1,1,12,7.14,6.00,6.00,0.00
2024,"chinese_new_year","lead_up",129,"BAWANG BESAR KUNING/HOLLAND","1kg","W.P. Putrajaya",17,13,13,5,1,11,29.41,5.50,5.58,0.00
2024,"chinese_new_year","lead_up",917,"TEPUNG GANDUM NGP (BERBUNGKUS, CAP SAUH)","1kg","Johor",119,5,4,6,11,102,5.04,3.40,3.40,0.00
2024,"chinese_new_year","lead_up",917,"TEPUNG GANDUM NGP (BERBUNGKUS, CAP SAUH)","1kg","Pahang",74,5,4,8,14,52,10.81,3.38,3.39,0.00
2024,"chinese_new_year","lead_up",918,"MINYAK MASAK PAKET (PELBAGAI JENAMA)","1kg","Johor",21,13,4,0,0,21,0.00,2.50,2.50,0.00
2024,"chinese_new_year","lead_up",918,"MINYAK MASAK PAKET (PELBAGAI JENAMA)","1kg","Kelantan",75,14,7,0,0,75,0.00,2.50,2.50,0.00
2024,"chinese_new_year","lead_up",918,"MINYAK MASAK PAKET (PELBAGAI JENAMA)","1kg","Pahang",22,10,4,0,0,22,0.00,2.50,2.50,0.00
2024,"chinese_new_year","lead_up",918,"MINYAK MASAK PAKET (PELBAGAI JENAMA)","1kg","Sabah",18,11,4,0,0,18,0.00,2.50,2.50,0.00
2024,"chinese_new_year","lead_up",918,"MINYAK MASAK PAKET (PELBAGAI JENAMA)","1kg","Sarawak",18,10,4,0,0,18,0.00,2.50,2.50,0.00
2024,"chinese_new_year","lead_up",1111,"TELUR AYAM GRED C","30 biji","Johor",69,13,14,2,0,67,2.90,12.30,12.30,0.00
2024,"chinese_new_year","lead_up",1111,"TELUR AYAM GRED C","30 biji","Kedah",26,13,13,0,0,26,0.00,12.30,12.30,0.00
2024,"chinese_new_year","lead_up",1111,"TELUR AYAM GRED C","30 biji","Kelantan",41,14,14,1,1,39,2.44,12.30,12.30,0.00
2024,"chinese_new_year","lead_up",1111,"TELUR AYAM GRED C","30 biji","Melaka",12,14,14,0,0,12,0.00,12.30,12.30,0.00
2024,"chinese_new_year","lead_up",1111,"TELUR AYAM GRED C","30 biji","Negeri Sembilan",25,11,13,0,0,25,0.00,12.30,12.30,0.00
2024,"chinese_new_year","lead_up",1111,"TELUR AYAM GRED C","30 biji","Pahang",38,14,14,0,0,38,0.00,12.30,12.30,0.00
2024,"chinese_new_year","lead_up",1111,"TELUR AYAM GRED C","30 biji","Perak",39,13,14,0,0,39,0.00,12.30,12.30,0.00
2024,"chinese_new_year","lead_up",1111,"TELUR AYAM GRED C","30 biji","Perlis",5,14,10,0,0,5,0.00,12.30,12.30,0.00
2024,"chinese_new_year","lead_up",1111,"TELUR AYAM GRED C","30 biji","Pulau Pinang",31,13,14,0,0,31,0.00,12.30,12.30,0.00
2024,"chinese_new_year","lead_up",1111,"TELUR AYAM GRED C","30 biji","Sabah",26,14,14,0,0,26,0.00,14.70,14.70,0.00
2024,"chinese_new_year","lead_up",1111,"TELUR AYAM GRED C","30 biji","Sarawak",6,14,14,0,0,6,0.00,12.90,12.90,0.00
2024,"chinese_new_year","lead_up",1111,"TELUR AYAM GRED C","30 biji","Selangor",33,13,14,0,1,32,0.00,12.30,12.30,0.00
2024,"chinese_new_year","lead_up",1111,"TELUR AYAM GRED C","30 biji","Terengganu",30,14,13,2,0,28,6.67,12.30,12.30,0.00
2024,"chinese_new_year","lead_up",1111,"TELUR AYAM GRED C","30 biji","W.P. Kuala Lumpur",55,13,13,0,2,53,0.00,12.30,12.30,0.00
2024,"chinese_new_year","lead_up",1111,"TELUR AYAM GRED C","30 biji","W.P. Putrajaya",5,12,7,0,0,5,0.00,12.30,12.30,0.00
2024,"chinese_new_year","lead_up",1131,"UBI KENTANG IMPORT (CHINA)","1kg","Johor",118,13,14,11,18,89,9.32,3.50,3.44,0.00
2024,"chinese_new_year","lead_up",1131,"UBI KENTANG IMPORT (CHINA)","1kg","Kedah",47,13,13,9,4,34,19.15,3.50,3.50,0.00
2024,"chinese_new_year","lead_up",1131,"UBI KENTANG IMPORT (CHINA)","1kg","Kelantan",65,14,14,11,9,45,16.92,4.00,4.00,0.00
2024,"chinese_new_year","lead_up",1131,"UBI KENTANG IMPORT (CHINA)","1kg","Melaka",19,14,14,3,2,14,15.79,2.99,3.00,0.00
2024,"chinese_new_year","lead_up",1131,"UBI KENTANG IMPORT (CHINA)","1kg","Negeri Sembilan",28,11,13,5,4,19,17.86,3.00,3.10,0.00
2024,"chinese_new_year","lead_up",1131,"UBI KENTANG IMPORT (CHINA)","1kg","Pahang",70,14,14,2,4,64,2.86,3.50,3.50,0.00
2024,"chinese_new_year","lead_up",1131,"UBI KENTANG IMPORT (CHINA)","1kg","Perak",80,13,14,15,8,57,18.75,3.50,3.50,0.00
2024,"chinese_new_year","lead_up",1131,"UBI KENTANG IMPORT (CHINA)","1kg","Perlis",24,14,13,1,1,22,4.17,3.90,3.75,0.00
2024,"chinese_new_year","lead_up",1131,"UBI KENTANG IMPORT (CHINA)","1kg","Pulau Pinang",70,13,14,10,5,55,14.29,3.50,3.50,0.00
2024,"chinese_new_year","lead_up",1131,"UBI KENTANG IMPORT (CHINA)","1kg","Sabah",118,14,14,17,10,91,14.41,3.99,3.99,0.00
2024,"chinese_new_year","lead_up",1131,"UBI KENTANG IMPORT (CHINA)","1kg","Sarawak",137,14,14,8,24,105,5.84,3.90,3.90,0.00
2024,"chinese_new_year","lead_up",1131,"UBI KENTANG IMPORT (CHINA)","1kg","Selangor",72,13,14,10,11,51,13.89,2.99,2.99,0.00
2024,"chinese_new_year","lead_up",1131,"UBI KENTANG IMPORT (CHINA)","1kg","Terengganu",75,14,13,6,6,63,8.00,3.50,3.50,0.00
2024,"chinese_new_year","lead_up",1131,"UBI KENTANG IMPORT (CHINA)","1kg","W.P. Kuala Lumpur",81,13,13,7,10,64,8.64,3.20,3.20,0.00
2024,"chinese_new_year","lead_up",1131,"UBI KENTANG IMPORT (CHINA)","1kg","W.P. Labuan",14,14,13,3,2,9,21.43,3.90,3.90,0.00
2024,"chinese_new_year","lead_up",1131,"UBI KENTANG IMPORT (CHINA)","1kg","W.P. Putrajaya",17,13,13,1,1,15,5.88,3.90,3.90,0.00
2024,"chinese_new_year","lead_up",1431,"DAGING LEMBU TEMPATAN (BAHAGIAN 1 DAGING PAHA (KECUALI BATANG PINANG - TENDERLOIN)","1kg","Johor",10,13,14,0,0,10,0.00,40.00,40.00,0.00
2024,"chinese_new_year","lead_up",1431,"DAGING LEMBU TEMPATAN (BAHAGIAN 1 DAGING PAHA (KECUALI BATANG PINANG - TENDERLOIN)","1kg","Kedah",12,13,13,1,0,11,8.33,39.00,39.00,0.00
2024,"chinese_new_year","lead_up",1431,"DAGING LEMBU TEMPATAN (BAHAGIAN 1 DAGING PAHA (KECUALI BATANG PINANG - TENDERLOIN)","1kg","Kelantan",18,14,14,0,2,16,0.00,34.00,34.00,0.00
2024,"chinese_new_year","lead_up",1431,"DAGING LEMBU TEMPATAN (BAHAGIAN 1 DAGING PAHA (KECUALI BATANG PINANG - TENDERLOIN)","1kg","Melaka",6,14,14,0,0,6,0.00,40.00,40.00,0.00
2024,"chinese_new_year","lead_up",1431,"DAGING LEMBU TEMPATAN (BAHAGIAN 1 DAGING PAHA (KECUALI BATANG PINANG - TENDERLOIN)","1kg","Negeri Sembilan",7,11,13,0,0,7,0.00,40.00,40.00,0.00
2024,"chinese_new_year","lead_up",1431,"DAGING LEMBU TEMPATAN (BAHAGIAN 1 DAGING PAHA (KECUALI BATANG PINANG - TENDERLOIN)","1kg","Pahang",9,14,14,0,0,9,0.00,38.00,38.00,0.00
2024,"chinese_new_year","lead_up",1431,"DAGING LEMBU TEMPATAN (BAHAGIAN 1 DAGING PAHA (KECUALI BATANG PINANG - TENDERLOIN)","1kg","Perak",18,13,14,1,0,17,5.56,37.00,38.00,0.00
2024,"chinese_new_year","lead_up",1431,"DAGING LEMBU TEMPATAN (BAHAGIAN 1 DAGING PAHA (KECUALI BATANG PINANG - TENDERLOIN)","1kg","Pulau Pinang",18,13,14,0,0,18,0.00,40.00,40.00,0.00
2024,"chinese_new_year","lead_up",1431,"DAGING LEMBU TEMPATAN (BAHAGIAN 1 DAGING PAHA (KECUALI BATANG PINANG - TENDERLOIN)","1kg","Selangor",13,13,14,0,0,13,0.00,39.00,39.00,0.00
2024,"chinese_new_year","lead_up",1431,"DAGING LEMBU TEMPATAN (BAHAGIAN 1 DAGING PAHA (KECUALI BATANG PINANG - TENDERLOIN)","1kg","Terengganu",12,14,13,0,1,11,0.00,36.00,36.00,0.00
2024,"chinese_new_year","lead_up",1555,"UDANG PUTIH/VANNAMEI (TERNAK) (ANTARA 41 HINGGA 60 EKOR SEKILOGRAM)","1kg","Johor",97,13,14,47,26,24,48.45,34.80,35.00,0.00
2024,"chinese_new_year","lead_up",1555,"UDANG PUTIH/VANNAMEI (TERNAK) (ANTARA 41 HINGGA 60 EKOR SEKILOGRAM)","1kg","Kedah",42,13,13,20,7,15,47.62,28.00,28.34,0.00
2024,"chinese_new_year","lead_up",1555,"UDANG PUTIH/VANNAMEI (TERNAK) (ANTARA 41 HINGGA 60 EKOR SEKILOGRAM)","1kg","Kelantan",67,14,14,33,18,16,49.25,31.99,32.90,0.00
2024,"chinese_new_year","lead_up",1555,"UDANG PUTIH/VANNAMEI (TERNAK) (ANTARA 41 HINGGA 60 EKOR SEKILOGRAM)","1kg","Melaka",19,14,14,10,3,6,52.63,32.80,34.99,2.78
2024,"chinese_new_year","lead_up",1555,"UDANG PUTIH/VANNAMEI (TERNAK) (ANTARA 41 HINGGA 60 EKOR SEKILOGRAM)","1kg","Negeri Sembilan",23,11,13,11,3,9,47.83,31.88,32.00,0.00
2024,"chinese_new_year","lead_up",1555,"UDANG PUTIH/VANNAMEI (TERNAK) (ANTARA 41 HINGGA 60 EKOR SEKILOGRAM)","1kg","Pahang",69,14,14,31,23,15,44.93,36.88,36.99,0.00
2024,"chinese_new_year","lead_up",1555,"UDANG PUTIH/VANNAMEI (TERNAK) (ANTARA 41 HINGGA 60 EKOR SEKILOGRAM)","1kg","Perak",75,13,14,37,20,18,49.33,30.00,30.00,0.00
2024,"chinese_new_year","lead_up",1555,"UDANG PUTIH/VANNAMEI (TERNAK) (ANTARA 41 HINGGA 60 EKOR SEKILOGRAM)","1kg","Perlis",11,14,13,8,0,3,72.73,30.00,32.00,4.85
2024,"chinese_new_year","lead_up",1555,"UDANG PUTIH/VANNAMEI (TERNAK) (ANTARA 41 HINGGA 60 EKOR SEKILOGRAM)","1kg","Pulau Pinang",46,13,14,19,11,16,41.30,32.00,32.00,0.00
2024,"chinese_new_year","lead_up",1555,"UDANG PUTIH/VANNAMEI (TERNAK) (ANTARA 41 HINGGA 60 EKOR SEKILOGRAM)","1kg","Sabah",30,14,14,6,8,16,20.00,32.70,32.99,0.00
2024,"chinese_new_year","lead_up",1555,"UDANG PUTIH/VANNAMEI (TERNAK) (ANTARA 41 HINGGA 60 EKOR SEKILOGRAM)","1kg","Sarawak",40,14,14,15,4,21,37.50,35.00,36.00,0.00
2024,"chinese_new_year","lead_up",1555,"UDANG PUTIH/VANNAMEI (TERNAK) (ANTARA 41 HINGGA 60 EKOR SEKILOGRAM)","1kg","Selangor",78,13,14,32,18,28,41.03,32.50,32.00,0.00
2024,"chinese_new_year","lead_up",1555,"UDANG PUTIH/VANNAMEI (TERNAK) (ANTARA 41 HINGGA 60 EKOR SEKILOGRAM)","1kg","Terengganu",48,14,13,19,15,14,39.58,32.00,32.00,0.00
2024,"chinese_new_year","lead_up",1555,"UDANG PUTIH/VANNAMEI (TERNAK) (ANTARA 41 HINGGA 60 EKOR SEKILOGRAM)","1kg","W.P. Kuala Lumpur",79,13,13,28,23,28,35.44,36.00,36.90,0.00
2024,"chinese_new_year","lead_up",1555,"UDANG PUTIH/VANNAMEI (TERNAK) (ANTARA 41 HINGGA 60 EKOR SEKILOGRAM)","1kg","W.P. Putrajaya",14,13,13,3,5,6,21.43,39.90,39.69,0.00
2024,"chinese_new_year","lead_up",1564,"BAWANG PUTIH IMPORT (CHINA)","1kg","Johor",134,13,14,11,23,100,8.21,12.75,12.55,0.00
2024,"chinese_new_year","lead_up",1564,"BAWANG PUTIH IMPORT (CHINA)","1kg","Kedah",74,13,13,4,16,54,5.41,12.00,12.00,0.00
2024,"chinese_new_year","lead_up",1564,"BAWANG PUTIH IMPORT (CHINA)","1kg","Kelantan",63,14,14,7,14,42,11.11,12.00,12.00,0.00
2024,"chinese_new_year","lead_up",1564,"BAWANG PUTIH IMPORT (CHINA)","1kg","Melaka",27,14,14,2,4,21,7.41,14.00,14.00,0.00
2024,"chinese_new_year","lead_up",1564,"BAWANG PUTIH IMPORT (CHINA)","1kg","Negeri Sembilan",37,11,13,3,11,23,8.11,13.50,13.50,0.00
2024,"chinese_new_year","lead_up",1564,"BAWANG PUTIH IMPORT (CHINA)","1kg","Pahang",71,14,14,2,10,59,2.82,12.99,12.99,0.00
2024,"chinese_new_year","lead_up",1564,"BAWANG PUTIH IMPORT (CHINA)","1kg","Perak",89,13,14,6,23,60,6.74,12.99,12.99,0.00
2024,"chinese_new_year","lead_up",1564,"BAWANG PUTIH IMPORT (CHINA)","1kg","Perlis",27,14,13,0,2,25,0.00,10.00,10.00,0.00
2024,"chinese_new_year","lead_up",1564,"BAWANG PUTIH IMPORT (CHINA)","1kg","Pulau Pinang",81,13,14,4,23,54,4.94,13.90,13.00,0.00
2024,"chinese_new_year","lead_up",1564,"BAWANG PUTIH IMPORT (CHINA)","1kg","Sabah",130,14,14,15,8,107,11.54,10.50,10.10,0.00
2024,"chinese_new_year","lead_up",1564,"BAWANG PUTIH IMPORT (CHINA)","1kg","Sarawak",133,14,14,14,24,95,10.53,10.80,10.50,0.00
2024,"chinese_new_year","lead_up",1564,"BAWANG PUTIH IMPORT (CHINA)","1kg","Selangor",79,13,14,4,20,55,5.06,12.00,12.00,0.00
2024,"chinese_new_year","lead_up",1564,"BAWANG PUTIH IMPORT (CHINA)","1kg","Terengganu",67,14,13,4,8,55,5.97,12.00,12.00,0.00
2024,"chinese_new_year","lead_up",1564,"BAWANG PUTIH IMPORT (CHINA)","1kg","W.P. Kuala Lumpur",105,13,13,5,17,83,4.76,13.90,13.80,0.00
2024,"chinese_new_year","lead_up",1564,"BAWANG PUTIH IMPORT (CHINA)","1kg","W.P. Labuan",14,14,13,3,2,9,21.43,10.90,10.70,0.00
2024,"chinese_new_year","lead_up",1564,"BAWANG PUTIH IMPORT (CHINA)","1kg","W.P. Putrajaya",18,13,13,2,4,12,11.11,12.90,12.90,0.00
2024,"chinese_new_year","lead_up",1589,"GULA PUTIH BERTAPIS KASAR (PELBAGAI JENAMA)","1kg","Johor",105,5,4,0,0,105,0.00,2.85,2.85,0.00
2024,"deepavali","after",1,"AYAM BERSIH - STANDARD","1kg","Johor",143,14,13,56,62,25,39.16,8.70,8.69,0.00
2024,"deepavali","after",1,"AYAM BERSIH - STANDARD","1kg","Kedah",63,14,13,21,24,18,33.33,9.20,9.29,0.00
2024,"deepavali","after",1,"AYAM BERSIH - STANDARD","1kg","Kelantan",75,14,13,32,26,17,42.67,8.90,8.99,0.00
2024,"deepavali","after",1,"AYAM BERSIH - STANDARD","1kg","Melaka",19,14,13,4,10,5,21.05,9.05,8.90,-1.02
2024,"deepavali","after",1,"AYAM BERSIH - STANDARD","1kg","Negeri Sembilan",33,14,13,10,8,15,30.30,8.60,8.69,0.00
2024,"deepavali","after",1,"AYAM BERSIH - STANDARD","1kg","Pahang",102,14,13,47,35,20,46.08,8.69,8.79,0.00
2024,"deepavali","after",1,"AYAM BERSIH - STANDARD","1kg","Perak",90,14,13,55,19,16,61.11,8.69,8.84,1.82
2024,"deepavali","after",1,"AYAM BERSIH - STANDARD","1kg","Perlis",18,14,13,10,6,2,55.56,9.25,9.50,1.19
2024,"deepavali","after",1,"AYAM BERSIH - STANDARD","1kg","Pulau Pinang",69,14,13,25,28,16,36.23,9.40,9.40,0.00
2024,"deepavali","after",1,"AYAM BERSIH - STANDARD","1kg","Sabah",5,13,13,0,2,3,0.00,11.90,11.90,0.00
2024,"deepavali","after",1,"AYAM BERSIH - STANDARD","1kg","Sarawak",10,13,13,1,3,6,10.00,10.88,10.88,0.00
2024,"deepavali","after",1,"AYAM BERSIH - STANDARD","1kg","Selangor",80,14,13,34,37,9,42.50,8.89,8.85,0.00
2024,"deepavali","after",1,"AYAM BERSIH - STANDARD","1kg","Terengganu",88,14,13,52,25,11,59.09,9.00,9.25,1.46
2024,"deepavali","after",1,"AYAM BERSIH - STANDARD","1kg","W.P. Kuala Lumpur",95,14,13,35,35,25,36.84,9.14,9.20,0.00
2024,"deepavali","after",1,"AYAM BERSIH - STANDARD","1kg","W.P. Putrajaya",16,14,13,9,6,1,56.25,8.90,9.05,1.14
2024,"deepavali","after",94,"CILI MERAH - MINYAK","1kg","Johor",87,14,13,29,27,31,33.33,12.90,12.99,0.00
2024,"deepavali","after",94,"CILI MERAH - MINYAK","1kg","Kedah",31,14,13,3,13,15,9.68,12.99,11.99,0.00
2024,"deepavali","after",94,"CILI MERAH - MINYAK","1kg","Kelantan",26,14,13,6,14,6,23.08,15.90,14.95,-5.56
2024,"deepavali","after",94,"CILI MERAH - MINYAK","1kg","Melaka",12,14,13,2,6,4,16.67,12.50,10.99,-3.39
2024,"deepavali","after",94,"CILI MERAH - MINYAK","1kg","Negeri Sembilan",35,14,13,10,11,14,28.57,13.99,12.99,0.00
2024,"deepavali","after",94,"CILI MERAH - MINYAK","1kg","Pahang",92,14,13,26,35,31,28.26,13.99,13.50,0.00
2024,"deepavali","after",94,"CILI MERAH - MINYAK","1kg","Perak",56,14,13,7,35,14,12.50,13.75,12.50,-6.47
2024,"deepavali","after",94,"CILI MERAH - MINYAK","1kg","Perlis",18,14,13,3,8,7,16.67,15.48,14.85,0.00
2024,"deepavali","after",94,"CILI MERAH - MINYAK","1kg","Pulau Pinang",43,14,13,10,16,17,23.26,12.99,12.90,0.00
2024,"deepavali","after",94,"CILI MERAH - MINYAK","1kg","Sabah",13,13,13,2,8,3,15.38,18.99,16.99,-10.53
2024,"deepavali","after",94,"CILI MERAH - MINYAK","1kg","Sarawak",85,13,13,23,37,25,27.06,20.00,18.99,0.00
2024,"deepavali","after",94,"CILI MERAH - MINYAK","1kg","Selangor",75,14,13,16,22,37,21.33,13.00,13.00,0.00
2024,"deepavali","after",94,"CILI MERAH - MINYAK","1kg","Terengganu",45,14,13,11,26,8,24.44,13.99,13.00,-3.25
2024,"deepavali","after",94,"CILI MERAH - MINYAK","1kg","W.P. Kuala Lumpur",102,14,13,19,36,47,18.63,14.00,13.99,0.00
2024,"deepavali","after",103,"SANTAN KELAPA SEGAR (BIASA)","1kg","Johor",21,14,13,7,0,14,33.33,8.00,9.00,0.00
2024,"deepavali","after",103,"SANTAN KELAPA SEGAR (BIASA)","1kg","Kedah",13,14,13,3,0,10,23.08,12.00,12.00,0.00
2024,"deepavali","after",103,"SANTAN KELAPA SEGAR (BIASA)","1kg","Kelantan",8,14,13,1,0,7,12.50,8.95,8.95,0.00
2024,"deepavali","after",103,"SANTAN KELAPA SEGAR (BIASA)","1kg","Negeri Sembilan",17,14,13,1,2,14,5.88,9.00,9.00,0.00
2024,"deepavali","after",103,"SANTAN KELAPA SEGAR (BIASA)","1kg","Pahang",33,14,13,3,2,28,9.09,6.99,6.90,0.00
2024,"deepavali","after",103,"SANTAN KELAPA SEGAR (BIASA)","1kg","Perak",43,14,13,8,4,31,18.60,9.80,9.00,0.00
2024,"deepavali","after",103,"SANTAN KELAPA SEGAR (BIASA)","1kg","Pulau Pinang",24,14,13,13,0,11,54.17,11.00,12.00,5.93
2024,"deepavali","after",103,"SANTAN KELAPA SEGAR (BIASA)","1kg","Selangor",37,14,13,9,0,28,24.32,7.29,7.29,0.00
2024,"deepavali","after",103,"SANTAN KELAPA SEGAR (BIASA)","1kg","Terengganu",13,14,13,3,0,10,23.08,11.00,11.00,0.00
2024,"deepavali","after",103,"SANTAN KELAPA SEGAR (BIASA)","1kg","W.P. Kuala Lumpur",49,14,13,4,4,41,8.16,7.00,7.00,0.00
2024,"deepavali","after",103,"SANTAN KELAPA SEGAR (BIASA)","1kg","W.P. Putrajaya",5,14,13,0,0,5,0.00,7.00,7.00,0.00
2024,"deepavali","after",114,"TOMATO","1kg","Johor",161,14,13,17,112,32,10.56,4.25,3.99,-15.04
2024,"deepavali","after",114,"TOMATO","1kg","Kedah",70,14,13,12,41,17,17.14,4.45,4.00,-12.68
2024,"deepavali","after",114,"TOMATO","1kg","Kelantan",81,14,13,4,47,30,4.94,4.70,4.00,-12.50
2024,"deepavali","after",114,"TOMATO","1kg","Melaka",25,14,13,1,21,3,4.00,5.00,3.99,-16.38
2024,"deepavali","after",114,"TOMATO","1kg","Negeri Sembilan",38,14,13,4,28,6,10.53,4.23,3.50,-16.69
2024,"deepavali","after",114,"TOMATO","1kg","Pahang",113,14,13,10,85,18,8.85,4.25,3.79,-16.67
2024,"deepavali","after",114,"TOMATO","1kg","Perak",99,14,13,12,68,19,12.12,4.20,3.99,-12.50
2024,"deepavali","after",114,"TOMATO","1kg","Perlis",23,14,13,2,12,9,8.70,5.50,5.00,-4.17
2024,"deepavali","after",114,"TOMATO","1kg","Pulau Pinang",86,14,13,8,47,31,9.30,4.50,4.00,-8.39
2024,"deepavali","after",114,"TOMATO","1kg","Sabah",78,13,13,18,44,16,23.08,7.00,6.62,-7.18
2024,"deepavali","after",114,"TOMATO","1kg","Sarawak",92,13,13,19,26,47,20.65,8.00,7.90,0.00
2024,"deepavali","after",114,"TOMATO","1kg","Selangor",84,14,13,2,55,27,2.38,4.00,3.50,-12.69
2024,"deepavali","after",114,"TOMATO","1kg","Terengganu",86,14,13,8,54,24,9.30,5.00,4.05,-14.31
2024,"deepavali","after",114,"TOMATO","1kg","W.P. Kuala Lumpur",124,14,13,8,81,35,6.45,4.50,4.00,-9.12
2024,"deepavali","after",114,"TOMATO","1kg","W.P. Labuan",5,14,13,2,1,2,40.00,6.90,6.90,0.00
2024,"deepavali","after",114,"TOMATO","1kg","W.P. Putrajaya",19,14,13,0,12,7,0.00,4.70,3.90,-16.67
2024,"deepavali","after",129,"BAWANG BESAR KUNING/HOLLAND","1kg","Johor",156,14,13,25,37,94,16.03,4.50,4.50,0.00
2024,"deepavali","after",129,"BAWANG BESAR KUNING/HOLLAND","1kg","Kedah",84,14,13,8,15,61,9.52,4.78,4.90,0.00
2024,"deepavali","after",129,"BAWANG BESAR KUNING/HOLLAND","1kg","Kelantan",123,14,13,16,34,73,13.01,5.00,5.00,0.00
2024,"deepavali","after",129,"BAWANG BESAR KUNING/HOLLAND","1kg","Melaka",26,14,13,5,1,20,19.23,4.99,5.00,0.00
2024,"deepavali","after",129,"BAWANG BESAR KUNING/HOLLAND","1kg","Negeri Sembilan",37,14,13,6,5,26,16.22,4.99,4.90,0.00
2024,"deepavali","after",129,"BAWANG BESAR KUNING/HOLLAND","1kg","Pahang",107,14,13,9,16,82,8.41,4.89,4.50,0.00
2024,"deepavali","after",129,"BAWANG BESAR KUNING/HOLLAND","1kg","Perak",106,14,13,20,19,67,18.87,4.50,4.50,0.00
2024,"deepavali","after",129,"BAWANG BESAR KUNING/HOLLAND","1kg","Perlis",34,14,13,1,4,29,2.94,5.00,4.95,0.00
2024,"deepavali","after",129,"BAWANG BESAR KUNING/HOLLAND","1kg","Pulau Pinang",85,14,13,11,17,57,12.94,5.00,5.00,0.00
2024,"deepavali","after",129,"BAWANG BESAR KUNING/HOLLAND","1kg","Sabah",131,14,13,12,22,97,9.16,5.99,5.99,0.00
2024,"deepavali","after",129,"BAWANG BESAR KUNING/HOLLAND","1kg","Sarawak",143,13,13,18,34,91,12.59,5.20,5.00,0.00
2024,"deepavali","after",129,"BAWANG BESAR KUNING/HOLLAND","1kg","Selangor",79,14,13,11,15,53,13.92,4.00,4.00,0.00
2024,"deepavali","after",129,"BAWANG BESAR KUNING/HOLLAND","1kg","Terengganu",105,14,13,11,23,71,10.48,4.99,4.90,0.00
2024,"deepavali","after",129,"BAWANG BESAR KUNING/HOLLAND","1kg","W.P. Kuala Lumpur",117,14,13,13,40,64,11.11,4.60,4.50,0.00
2024,"deepavali","after",129,"BAWANG BESAR KUNING/HOLLAND","1kg","W.P. Labuan",13,14,13,1,3,9,7.69,4.90,4.90,0.00
2024,"deepavali","after",129,"BAWANG BESAR KUNING/HOLLAND","1kg","W.P. Putrajaya",20,14,13,5,4,11,25.00,5.45,5.58,0.00
2024,"deepavali","after",904,"BERAS SUPER CAP RAMBUTAN 5% (IMPORT)","10 kg","Johor",42,14,13,2,7,33,4.76,39.99,39.99,0.00
2024,"deepavali","after",904,"BERAS SUPER CAP RAMBUTAN 5% (IMPORT)","10 kg","Kedah",46,14,13,1,12,33,2.17,38.95,37.95,0.00
2024,"deepavali","after",904,"BERAS SUPER CAP RAMBUTAN 5% (IMPORT)","10 kg","Kelantan",17,14,13,1,4,12,5.88,42.99,41.80,0.00
2024,"deepavali","after",904,"BERAS SUPER CAP RAMBUTAN 5% (IMPORT)","10 kg","Melaka",7,14,13,0,2,5,0.00,39.90,37.99,0.00
2024,"deepavali","after",904,"BERAS SUPER CAP RAMBUTAN 5% (IMPORT)","10 kg","Negeri Sembilan",12,14,13,0,4,8,0.00,38.90,38.25,0.00
2024,"deepavali","after",904,"BERAS SUPER CAP RAMBUTAN 5% (IMPORT)","10 kg","Pahang",24,14,13,2,2,20,8.33,39.99,39.95,0.00
2024,"deepavali","after",904,"BERAS SUPER CAP RAMBUTAN 5% (IMPORT)","10 kg","Perak",54,14,13,6,9,39,11.11,39.99,39.97,0.00
2024,"deepavali","after",904,"BERAS SUPER CAP RAMBUTAN 5% (IMPORT)","10 kg","Pulau Pinang",37,14,13,0,14,23,0.00,39.90,37.99,0.00
2024,"deepavali","after",904,"BERAS SUPER CAP RAMBUTAN 5% (IMPORT)","10 kg","Selangor",24,14,13,4,7,13,16.67,40.45,39.95,0.00
2024,"deepavali","after",904,"BERAS SUPER CAP RAMBUTAN 5% (IMPORT)","10 kg","Terengganu",21,14,13,1,1,19,4.76,39.95,39.89,0.00
2024,"deepavali","after",904,"BERAS SUPER CAP RAMBUTAN 5% (IMPORT)","10 kg","W.P. Kuala Lumpur",38,14,13,4,10,24,10.53,40.90,39.99,0.00
2024,"deepavali","after",904,"BERAS SUPER CAP RAMBUTAN 5% (IMPORT)","10 kg","W.P. Putrajaya",9,14,13,1,1,7,11.11,41.80,41.80,0.00
2024,"deepavali","after",917,"TEPUNG GANDUM NGP (BERBUNGKUS, CAP SAUH)","1kg","Johor",149,4,4,16,17,116,10.74,3.40,3.39,0.00
2024,"deepavali","after",917,"TEPUNG GANDUM NGP (BERBUNGKUS, CAP SAUH)","1kg","Pahang",123,4,4,10,8,105,8.13,3.30,3.30,0.00
2024,"deepavali","after",918,"MINYAK MASAK PAKET (PELBAGAI JENAMA)","1kg","Johor",24,4,4,0,1,23,0.00,2.50,2.50,0.00
2024,"deepavali","after",1111,"TELUR AYAM GRED C","30 biji","Johor",112,14,13,3,2,107,2.68,11.40,11.40,0.00
2024,"deepavali","after",1111,"TELUR AYAM GRED C","30 biji","Kedah",30,14,13,0,3,27,0.00,11.40,11.40,0.00
2024,"deepavali","after",1111,"TELUR AYAM GRED C","30 biji","Kelantan",44,14,13,1,0,43,2.27,11.40,11.40,0.00
2024,"deepavali","after",1111,"TELUR AYAM GRED C","30 biji","Melaka",16,14,13,0,1,15,0.00,11.40,11.40,0.00
2024,"deepavali","after",1111,"TELUR AYAM GRED C","30 biji","Negeri Sembilan",27,14,13,0,1,26,0.00,11.40,11.40,0.00
2024,"deepavali","after",1111,"TELUR AYAM GRED C","30 biji","Pahang",66,14,13,2,1,63,3.03,11.40,11.40,0.00
2024,"deepavali","after",1111,"TELUR AYAM GRED C","30 biji","Perak",66,14,13,1,2,63,1.52,11.40,11.40,0.00
2024,"deepavali","after",1111,"TELUR AYAM GRED C","30 biji","Perlis",10,14,13,0,1,9,0.00,11.40,11.40,0.00
2024,"deepavali","after",1111,"TELUR AYAM GRED C","30 biji","Pulau Pinang",42,14,13,0,4,38,0.00,11.40,11.40,0.00
2024,"deepavali","after",1111,"TELUR AYAM GRED C","30 biji","Sabah",6,13,13,0,0,6,0.00,13.80,13.80,0.00
2024,"deepavali","after",1111,"TELUR AYAM GRED C","30 biji","Sarawak",7,13,13,0,0,7,0.00,12.00,12.00,0.00
2024,"deepavali","after",1111,"TELUR AYAM GRED C","30 biji","Selangor",54,14,13,0,7,47,0.00,11.40,11.40,0.00
2024,"deepavali","after",1111,"TELUR AYAM GRED C","30 biji","Terengganu",34,14,13,0,0,34,0.00,11.40,11.40,0.00
2024,"deepavali","after",1111,"TELUR AYAM GRED C","30 biji","W.P. Kuala Lumpur",75,14,13,0,3,72,0.00,11.40,11.40,0.00
2024,"deepavali","after",1111,"TELUR AYAM GRED C","30 biji","W.P. Putrajaya",5,14,13,0,0,5,0.00,11.40,11.40,0.00
2024,"deepavali","after",1131,"UBI KENTANG IMPORT (CHINA)","1kg","Johor",151,14,13,21,24,106,13.91,3.30,3.00,0.00
2024,"deepavali","after",1131,"UBI KENTANG IMPORT (CHINA)","1kg","Kedah",61,14,13,10,7,44,16.39,3.50,3.50,0.00
2024,"deepavali","after",1131,"UBI KENTANG IMPORT (CHINA)","1kg","Kelantan",64,14,13,11,11,42,17.19,4.00,4.00,0.00
2024,"deepavali","after",1131,"UBI KENTANG IMPORT (CHINA)","1kg","Melaka",16,14,13,2,1,13,12.50,2.99,3.05,0.00
2024,"deepavali","after",1131,"UBI KENTANG IMPORT (CHINA)","1kg","Negeri Sembilan",29,14,13,7,3,19,24.14,2.90,2.90,0.00
2024,"deepavali","after",1131,"UBI KENTANG IMPORT (CHINA)","1kg","Pahang",105,14,13,11,6,88,10.48,3.90,3.90,0.00
2024,"deepavali","after",1131,"UBI KENTANG IMPORT (CHINA)","1kg","Perak",107,14,13,16,17,74,14.95,3.50,3.20,0.00
2024,"deepavali","after",1131,"UBI KENTANG IMPORT (CHINA)","1kg","Perlis",25,14,13,2,4,19,8.00,3.90,3.90,0.00
2024,"deepavali","after",1131,"UBI KENTANG IMPORT (CHINA)","1kg","Pulau Pinang",83,14,13,5,12,66,6.02,3.50,3.50,0.00
2024,"deepavali","after",1131,"UBI KENTANG IMPORT (CHINA)","1kg","Sabah",113,13,13,13,6,94,11.50,3.90,3.90,0.00
2024,"deepavali","after",1131,"UBI KENTANG IMPORT (CHINA)","1kg","Sarawak",141,13,13,17,15,109,12.06,3.60,3.69,0.00
2024,"deepavali","after",1131,"UBI KENTANG IMPORT (CHINA)","1kg","Selangor",71,14,13,15,13,43,21.13,2.99,2.99,0.00
2024,"deepavali","after",1131,"UBI KENTANG IMPORT (CHINA)","1kg","Terengganu",79,14,13,4,7,68,5.06,3.49,3.49,0.00
2024,"deepavali","after",1131,"UBI KENTANG IMPORT (CHINA)","1kg","W.P. Kuala Lumpur",96,14,13,15,15,66,15.63,3.00,3.00,0.00
2024,"deepavali","after",1131,"UBI KENTANG IMPORT (CHINA)","1kg","W.P. Labuan",13,14,13,4,1,8,30.77,3.50,3.90,0.00
2024,"deepavali","after",1131,"UBI KENTANG IMPORT (CHINA)","1kg","W.P. Putrajaya",19,14,13,2,4,13,10.53,4.49,4.00,0.00
2024,"deepavali","after",1431,"DAGING LEMBU TEMPATAN (BAHAGIAN 1 DAGING PAHA (KECUALI BATANG PINANG - TENDERLOIN)","1kg","Johor",11,14,13,1,0,10,9.09,38.00,38.00,0.00
2024,"deepavali","after",1431,"DAGING LEMBU TEMPATAN (BAHAGIAN 1 DAGING PAHA (KECUALI BATANG PINANG - TENDERLOIN)","1kg","Kedah",12,14,13,0,1,11,0.00,39.00,38.50,0.00
2024,"deepavali","after",1431,"DAGING LEMBU TEMPATAN (BAHAGIAN 1 DAGING PAHA (KECUALI BATANG PINANG - TENDERLOIN)","1kg","Kelantan",17,14,13,0,6,11,0.00,32.00,32.00,0.00
2024,"deepavali","after",1431,"DAGING LEMBU TEMPATAN (BAHAGIAN 1 DAGING PAHA (KECUALI BATANG PINANG - TENDERLOIN)","1kg","Melaka",7,14,13,1,1,5,14.29,40.00,40.00,0.00
2024,"deepavali","after",1431,"DAGING LEMBU TEMPATAN (BAHAGIAN 1 DAGING PAHA (KECUALI BATANG PINANG - TENDERLOIN)","1kg","Negeri Sembilan",8,14,13,0,0,8,0.00,39.50,39.50,0.00
2024,"deepavali","after",1431,"DAGING LEMBU TEMPATAN (BAHAGIAN 1 DAGING PAHA (KECUALI BATANG PINANG - TENDERLOIN)","1kg","Pahang",9,14,13,0,1,8,0.00,38.00,38.00,0.00
2024,"deepavali","after",1431,"DAGING LEMBU TEMPATAN (BAHAGIAN 1 DAGING PAHA (KECUALI BATANG PINANG - TENDERLOIN)","1kg","Perak",19,14,13,0,0,19,0.00,38.00,38.00,0.00
2024,"deepavali","after",1431,"DAGING LEMBU TEMPATAN (BAHAGIAN 1 DAGING PAHA (KECUALI BATANG PINANG - TENDERLOIN)","1kg","Pulau Pinang",18,14,13,0,0,18,0.00,40.00,40.00,0.00
2024,"deepavali","after",1431,"DAGING LEMBU TEMPATAN (BAHAGIAN 1 DAGING PAHA (KECUALI BATANG PINANG - TENDERLOIN)","1kg","Selangor",14,14,13,0,0,14,0.00,39.50,39.50,0.00
2024,"deepavali","after",1431,"DAGING LEMBU TEMPATAN (BAHAGIAN 1 DAGING PAHA (KECUALI BATANG PINANG - TENDERLOIN)","1kg","Terengganu",13,14,13,1,2,10,7.69,36.00,36.00,0.00
2024,"deepavali","after",1431,"DAGING LEMBU TEMPATAN (BAHAGIAN 1 DAGING PAHA (KECUALI BATANG PINANG - TENDERLOIN)","1kg","W.P. Kuala Lumpur",5,14,13,0,0,5,0.00,45.00,45.00,0.00
2024,"deepavali","after",1555,"UDANG PUTIH/VANNAMEI (TERNAK) (ANTARA 41 HINGGA 60 EKOR SEKILOGRAM)","1kg","Johor",127,14,13,49,49,29,38.58,35.00,34.75,0.00
2024,"deepavali","after",1555,"UDANG PUTIH/VANNAMEI (TERNAK) (ANTARA 41 HINGGA 60 EKOR SEKILOGRAM)","1kg","Kedah",45,14,13,12,13,20,26.67,30.00,29.99,0.00
2024,"deepavali","after",1555,"UDANG PUTIH/VANNAMEI (TERNAK) (ANTARA 41 HINGGA 60 EKOR SEKILOGRAM)","1kg","Kelantan",65,14,13,30,18,17,46.15,32.90,33.75,0.00
2024,"deepavali","after",1555,"UDANG PUTIH/VANNAMEI (TERNAK) (ANTARA 41 HINGGA 60 EKOR SEKILOGRAM)","1kg","Melaka",19,14,13,9,4,6,47.37,34.00,35.90,0.00
2024,"deepavali","after",1555,"UDANG PUTIH/VANNAMEI (TERNAK) (ANTARA 41 HINGGA 60 EKOR SEKILOGRAM)","1kg","Negeri Sembilan",23,14,13,6,7,10,26.09,33.00,33.89,0.00
2024,"deepavali","after",1555,"UDANG PUTIH/VANNAMEI (TERNAK) (ANTARA 41 HINGGA 60 EKOR SEKILOGRAM)","1kg","Pahang",80,14,13,34,26,20,42.50,35.99,35.99,0.00
2024,"deepavali","after",1555,"UDANG PUTIH/VANNAMEI (TERNAK) (ANTARA 41 HINGGA 60 EKOR SEKILOGRAM)","1kg","Perak",82,14,13,31,17,34,37.80,30.00,30.00,0.00
2024,"deepavali","after",1555,"UDANG PUTIH/VANNAMEI (TERNAK) (ANTARA 41 HINGGA 60 EKOR SEKILOGRAM)","1kg","Perlis",14,14,13,4,8,2,28.57,31.75,32.00,-3.12
2024,"deepavali","after",1555,"UDANG PUTIH/VANNAMEI (TERNAK) (ANTARA 41 HINGGA 60 EKOR SEKILOGRAM)","1kg","Pulau Pinang",55,14,13,17,15,23,30.91,32.00,33.00,0.00
2024,"deepavali","after",1555,"UDANG PUTIH/VANNAMEI (TERNAK) (ANTARA 41 HINGGA 60 EKOR SEKILOGRAM)","1kg","Sabah",31,13,13,8,10,13,25.81,35.00,35.00,0.00
2024,"deepavali","after",1555,"UDANG PUTIH/VANNAMEI (TERNAK) (ANTARA 41 HINGGA 60 EKOR SEKILOGRAM)","1kg","Sarawak",41,13,13,10,7,24,24.39,36.00,36.00,0.00
2024,"deepavali","after",1555,"UDANG PUTIH/VANNAMEI (TERNAK) (ANTARA 41 HINGGA 60 EKOR SEKILOGRAM)","1kg","Selangor",78,14,13,24,22,32,30.77,32.74,33.00,0.00
2024,"deepavali","after",1555,"UDANG PUTIH/VANNAMEI (TERNAK) (ANTARA 41 HINGGA 60 EKOR SEKILOGRAM)","1kg","Terengganu",48,14,13,22,14,12,45.83,32.50,33.00,0.00
2024,"deepavali","after",1555,"UDANG PUTIH/VANNAMEI (TERNAK) (ANTARA 41 HINGGA 60 EKOR SEKILOGRAM)","1kg","W.P. Kuala Lumpur",78,14,13,27,19,32,34.62,35.99,35.95,0.00
2024,"deepavali","after",1555,"UDANG PUTIH/VANNAMEI (TERNAK) (ANTARA 41 HINGGA 60 EKOR SEKILOGRAM)","1kg","W.P. Putrajaya",13,14,13,2,6,5,15.38,38.90,38.99,0.00
2024,"deepavali","after",1564,"BAWANG PUTIH IMPORT (CHINA)","1kg","Johor",165,14,13,33,23,109,20.00,12.90,12.90,0.00
2024,"deepavali","after",1564,"BAWANG PUTIH IMPORT (CHINA)","1kg","Kedah",69,14,13,17,7,45,24.64,12.99,13.00,0.00
2024,"deepavali","after",1564,"BAWANG PUTIH IMPORT (CHINA)","1kg","Kelantan",54,14,13,9,14,31,16.67,11.95,11.90,0.00
2024,"deepavali","after",1564,"BAWANG PUTIH IMPORT (CHINA)","1kg","Melaka",27,14,13,4,1,22,14.81,14.00,14.00,0.00
2024,"deepavali","after",1564,"BAWANG PUTIH IMPORT (CHINA)","1kg","Negeri Sembilan",40,14,13,10,3,27,25.00,13.00,13.30,0.00
2024,"deepavali","after",1564,"BAWANG PUTIH IMPORT (CHINA)","1kg","Pahang",107,14,13,12,10,85,11.21,13.99,13.99,0.00
2024,"deepavali","after",1564,"BAWANG PUTIH IMPORT (CHINA)","1kg","Perak",116,14,13,24,21,71,20.69,13.00,13.00,0.00
2024,"deepavali","after",1564,"BAWANG PUTIH IMPORT (CHINA)","1kg","Perlis",28,14,13,3,3,22,10.71,11.50,11.90,0.00
2024,"deepavali","after",1564,"BAWANG PUTIH IMPORT (CHINA)","1kg","Pulau Pinang",96,14,13,14,16,66,14.58,13.00,13.00,0.00
2024,"deepavali","after",1564,"BAWANG PUTIH IMPORT (CHINA)","1kg","Sabah",132,14,13,17,18,97,12.88,10.99,10.90,0.00
2024,"deepavali","after",1564,"BAWANG PUTIH IMPORT (CHINA)","1kg","Sarawak",139,13,13,18,11,110,12.95,10.50,10.50,0.00
2024,"deepavali","after",1564,"BAWANG PUTIH IMPORT (CHINA)","1kg","Selangor",80,14,13,13,10,57,16.25,12.50,12.25,0.00
2024,"deepavali","after",1564,"BAWANG PUTIH IMPORT (CHINA)","1kg","Terengganu",72,14,13,13,6,53,18.06,11.99,11.99,0.00
2024,"deepavali","after",1564,"BAWANG PUTIH IMPORT (CHINA)","1kg","W.P. Kuala Lumpur",122,14,13,18,20,84,14.75,14.00,13.90,0.00
2024,"deepavali","after",1564,"BAWANG PUTIH IMPORT (CHINA)","1kg","W.P. Labuan",14,14,13,3,3,8,21.43,11.25,11.20,0.00
2024,"deepavali","after",1564,"BAWANG PUTIH IMPORT (CHINA)","1kg","W.P. Putrajaya",19,14,13,2,5,12,10.53,14.50,13.90,0.00
2024,"deepavali","after",1589,"GULA PUTIH BERTAPIS KASAR (PELBAGAI JENAMA)","1kg","Johor",161,4,4,2,0,159,1.24,2.85,2.85,0.00
2024,"deepavali","after",1589,"GULA PUTIH BERTAPIS KASAR (PELBAGAI JENAMA)","1kg","Pahang",135,4,4,0,0,135,0.00,2.85,2.85,0.00
2024,"deepavali","lead_up",1,"AYAM BERSIH - STANDARD","1kg","Johor",145,14,14,82,31,32,56.55,8.70,8.79,1.05
2024,"deepavali","lead_up",1,"AYAM BERSIH - STANDARD","1kg","Kedah",63,14,14,28,15,20,44.44,9.20,9.40,0.00
2024,"deepavali","lead_up",1,"AYAM BERSIH - STANDARD","1kg","Kelantan",75,14,14,45,8,22,60.00,8.90,8.99,1.16
2024,"deepavali","lead_up",1,"AYAM BERSIH - STANDARD","1kg","Melaka",20,14,14,9,3,8,45.00,8.98,8.98,0.00
2024,"deepavali","lead_up",1,"AYAM BERSIH - STANDARD","1kg","Negeri Sembilan",34,14,14,13,2,19,38.24,8.50,8.70,0.00
2024,"deepavali","lead_up",1,"AYAM BERSIH - STANDARD","1kg","Pahang",103,14,14,65,17,21,63.11,8.69,8.90,1.76
2024,"deepavali","lead_up",1,"AYAM BERSIH - STANDARD","1kg","Perak",90,14,14,62,8,20,68.89,8.69,8.87,1.77
2024,"deepavali","lead_up",1,"AYAM BERSIH - STANDARD","1kg","Perlis",18,14,14,14,1,3,77.78,9.25,9.40,1.49
2024,"deepavali","lead_up",1,"AYAM BERSIH - STANDARD","1kg","Pulau Pinang",70,14,14,31,18,21,44.29,9.40,9.40,0.00
2024,"deepavali","lead_up",1,"AYAM BERSIH - STANDARD","1kg","Sabah",5,13,14,0,2,3,0.00,11.90,11.90,0.00
2024,"deepavali","lead_up",1,"AYAM BERSIH - STANDARD","1kg","Sarawak",11,13,14,0,1,10,0.00,10.80,10.80,0.00
2024,"deepavali","lead_up",1,"AYAM BERSIH - STANDARD","1kg","Selangor",80,14,14,51,16,13,63.75,8.89,8.95,1.19
2024,"deepavali","lead_up",1,"AYAM BERSIH - STANDARD","1kg","Terengganu",87,14,14,57,13,17,65.52,9.00,9.19,1.85
2024,"deepavali","lead_up",1,"AYAM BERSIH - STANDARD","1kg","W.P. Kuala Lumpur",97,14,14,59,9,29,60.82,9.10,9.39,1.14
2024,"deepavali","lead_up",1,"AYAM BERSIH - STANDARD","1kg","W.P. Putrajaya",16,14,14,13,1,2,81.25,8.90,9.00,2.05
2024,"deepavali","lead_up",94,"CILI MERAH - MINYAK","1kg","Johor",91,14,14,23,36,32,25.27,12.99,12.99,0.00
2024,"deepavali","lead_up",94,"CILI MERAH - MINYAK","1kg","Kedah",35,14,14,1,21,13,2.86,12.99,11.99,-5.01
2024,"deepavali","lead_up",94,"CILI MERAH - MINYAK","1kg","Kelantan",27,14,14,2,14,11,7.41,15.90,15.90,-2.78
2024,"deepavali","lead_up",94,"CILI MERAH - MINYAK","1kg","Melaka",12,14,14,0,8,4,0.00,12.50,10.75,-8.02
2024,"deepavali","lead_up",94,"CILI MERAH - MINYAK","1kg","Negeri Sembilan",37,14,14,5,14,18,13.51,13.99,11.99,0.00
2024,"deepavali","lead_up",94,"CILI MERAH - MINYAK","1kg","Pahang",94,14,14,17,44,33,18.09,13.99,12.99,0.00
2024,"deepavali","lead_up",94,"CILI MERAH - MINYAK","1kg","Perak",58,14,14,6,34,18,10.34,13.75,12.70,-4.51
2024,"deepavali","lead_up",94,"CILI MERAH - MINYAK","1kg","Perlis",18,14,14,1,6,11,5.56,15.48,14.50,0.00
2024,"deepavali","lead_up",94,"CILI MERAH - MINYAK","1kg","Pulau Pinang",44,14,14,5,26,13,11.36,13.10,11.95,-4.50
2024,"deepavali","lead_up",94,"CILI MERAH - MINYAK","1kg","Sabah",14,13,14,3,3,8,21.43,18.95,18.95,0.00
2024,"deepavali","lead_up",94,"CILI MERAH - MINYAK","1kg","Sarawak",97,13,14,3,42,52,3.09,20.65,20.00,0.00
2024,"deepavali","lead_up",94,"CILI MERAH - MINYAK","1kg","Selangor",76,14,14,10,38,28,13.16,13.00,12.15,-0.23
2024,"deepavali","lead_up",94,"CILI MERAH - MINYAK","1kg","Terengganu",47,14,14,17,22,8,36.17,13.99,13.99,0.00
2024,"deepavali","lead_up",94,"CILI MERAH - MINYAK","1kg","W.P. Kuala Lumpur",105,14,14,15,43,47,14.29,14.00,13.99,0.00
2024,"deepavali","lead_up",103,"SANTAN KELAPA SEGAR (BIASA)","1kg","Johor",25,14,14,2,1,22,8.00,8.59,8.59,0.00
2024,"deepavali","lead_up",103,"SANTAN KELAPA SEGAR (BIASA)","1kg","Kedah",14,14,14,0,0,14,0.00,12.00,12.00,0.00
2024,"deepavali","lead_up",103,"SANTAN KELAPA SEGAR (BIASA)","1kg","Kelantan",17,14,14,0,1,16,0.00,8.90,8.90,0.00
2024,"deepavali","lead_up",103,"SANTAN KELAPA SEGAR (BIASA)","1kg","Negeri Sembilan",17,14,14,0,0,17,0.00,9.00,9.00,0.00
2024,"deepavali","lead_up",103,"SANTAN KELAPA SEGAR (BIASA)","1kg","Pahang",33,14,14,0,2,31,0.00,6.99,6.90,0.00
2024,"deepavali","lead_up",103,"SANTAN KELAPA SEGAR (BIASA)","1kg","Perak",43,14,14,2,4,37,4.65,9.80,9.00,0.00
2024,"deepavali","lead_up",103,"SANTAN KELAPA SEGAR (BIASA)","1kg","Pulau Pinang",24,14,14,1,0,23,4.17,11.50,12.00,0.00
2024,"deepavali","lead_up",103,"SANTAN KELAPA SEGAR (BIASA)","1kg","Selangor",38,14,14,3,0,35,7.89,7.29,7.29,0.00
2024,"deepavali","lead_up",103,"SANTAN KELAPA SEGAR (BIASA)","1kg","Terengganu",20,14,14,1,1,18,5.00,9.75,9.75,0.00
2024,"deepavali","lead_up",103,"SANTAN KELAPA SEGAR (BIASA)","1kg","W.P. Kuala Lumpur",52,14,14,4,4,44,7.69,7.00,7.00,0.00
2024,"deepavali","lead_up",103,"SANTAN KELAPA SEGAR (BIASA)","1kg","W.P. Putrajaya",5,14,14,0,0,5,0.00,7.00,7.00,0.00
2024,"deepavali","lead_up",114,"TOMATO","1kg","Johor",165,14,14,17,97,51,10.30,4.49,3.99,-7.14
2024,"deepavali","lead_up",114,"TOMATO","1kg","Kedah",70,14,14,6,37,27,8.57,4.45,4.00,-5.01
2024,"deepavali","lead_up",114,"TOMATO","1kg","Kelantan",84,14,14,6,43,35,7.14,4.87,3.90,-6.51
2024,"deepavali","lead_up",114,"TOMATO","1kg","Melaka",25,14,14,0,16,9,0.00,5.00,4.75,-6.78
2024,"deepavali","lead_up",114,"TOMATO","1kg","Negeri Sembilan",39,14,14,3,27,9,7.69,4.25,4.00,-10.00
2024,"deepavali","lead_up",114,"TOMATO","1kg","Pahang",112,14,14,12,75,25,10.71,4.25,3.99,-10.35
2024,"deepavali","lead_up",114,"TOMATO","1kg","Perak",100,14,14,12,58,30,12.00,4.17,4.00,-9.93
2024,"deepavali","lead_up",114,"TOMATO","1kg","Perlis",23,14,14,2,13,8,8.70,5.50,5.50,-5.56
2024,"deepavali","lead_up",114,"TOMATO","1kg","Pulau Pinang",86,14,14,10,43,33,11.63,4.50,4.15,-1.19
2024,"deepavali","lead_up",114,"TOMATO","1kg","Sabah",89,13,14,7,31,51,7.87,7.00,6.90,0.00
2024,"deepavali","lead_up",114,"TOMATO","1kg","Sarawak",97,13,14,16,27,54,16.49,8.00,8.00,0.00
2024,"deepavali","lead_up",114,"TOMATO","1kg","Selangor",84,14,14,5,45,34,5.95,4.00,3.90,-8.39
2024,"deepavali","lead_up",114,"TOMATO","1kg","Terengganu",86,14,14,13,39,34,15.12,5.00,5.00,0.00
2024,"deepavali","lead_up",114,"TOMATO","1kg","W.P. Kuala Lumpur",124,14,14,7,63,54,5.65,4.50,4.29,-3.17
2024,"deepavali","lead_up",114,"TOMATO","1kg","W.P. Labuan",6,14,14,1,2,3,16.67,6.45,6.12,0.00
2024,"deepavali","lead_up",114,"TOMATO","1kg","W.P. Putrajaya",19,14,14,1,10,8,5.26,4.70,4.20,-4.46
2024,"deepavali","lead_up",129,"BAWANG BESAR KUNING/HOLLAND","1kg","Johor",156,14,14,15,33,108,9.62,4.50,4.50,0.00
2024,"deepavali","lead_up",129,"BAWANG BESAR KUNING/HOLLAND","1kg","Kedah",87,14,14,7,9,71,8.05,4.80,4.50,0.00
2024,"deepavali","lead_up",129,"BAWANG BESAR KUNING/HOLLAND","1kg","Kelantan",125,14,14,16,21,88,12.80,5.00,5.00,0.00
2024,"deepavali","lead_up",129,"BAWANG BESAR KUNING/HOLLAND","1kg","Melaka",26,14,14,3,0,23,11.54,4.99,5.00,0.00
2024,"deepavali","lead_up",129,"BAWANG BESAR KUNING/HOLLAND","1kg","Negeri Sembilan",37,14,14,4,7,26,10.81,4.99,4.50,0.00
2024,"deepavali","lead_up",129,"BAWANG BESAR KUNING/HOLLAND","1kg","Pahang",110,14,14,4,15,91,3.64,4.90,4.50,0.00
2024,"deepavali","lead_up",129,"BAWANG BESAR KUNING/HOLLAND","1kg","Perak",107,14,14,16,15,76,14.95,4.50,4.50,0.00
2024,"deepavali","lead_up",129,"BAWANG BESAR KUNING/HOLLAND","1kg","Perlis",34,14,14,0,4,30,0.00,5.00,4.95,0.00
2024,"deepavali","lead_up",129,"BAWANG BESAR KUNING/HOLLAND","1kg","Pulau Pinang",85,14,14,12,17,56,14.12,5.00,4.99,0.00
2024,"deepavali","lead_up",129,"BAWANG BESAR KUNING/HOLLAND","1kg","Sabah",135,14,14,9,11,115,6.67,5.99,5.99,0.00
2024,"deepavali","lead_up",129,"BAWANG BESAR KUNING/HOLLAND","1kg","Sarawak",142,13,14,13,25,104,9.15,5.35,5.10,0.00
2024,"deepavali","lead_up",129,"BAWANG BESAR KUNING/HOLLAND","1kg","Selangor",79,14,14,11,13,55,13.92,4.00,4.00,0.00
2024,"deepavali","lead_up",129,"BAWANG BESAR KUNING/HOLLAND","1kg","Terengganu",106,14,14,9,15,82,8.49,5.00,4.99,0.00
2024,"deepavali","lead_up",129,"BAWANG BESAR KUNING/HOLLAND","1kg","W.P. Kuala Lumpur",118,14,14,11,32,75,9.32,4.65,4.50,0.00
2024,"deepavali","lead_up",129,"BAWANG BESAR KUNING/HOLLAND","1kg","W.P. Labuan",13,14,14,0,1,12,0.00,4.90,4.90,0.00
2024,"deepavali","lead_up",129,"BAWANG BESAR KUNING/HOLLAND","1kg","W.P. Putrajaya",20,14,14,2,3,15,10.00,5.45,5.45,0.00
2024,"deepavali","lead_up",904,"BERAS SUPER CAP RAMBUTAN 5% (IMPORT)","10 kg","Johor",42,14,14,2,4,36,4.76,39.99,39.99,0.00
2024,"deepavali","lead_up",904,"BERAS SUPER CAP RAMBUTAN 5% (IMPORT)","10 kg","Kedah",47,14,14,0,11,36,0.00,38.90,37.99,0.00
2024,"deepavali","lead_up",904,"BERAS SUPER CAP RAMBUTAN 5% (IMPORT)","10 kg","Kelantan",25,14,14,0,9,16,0.00,42.99,41.80,0.00
2024,"deepavali","lead_up",904,"BERAS SUPER CAP RAMBUTAN 5% (IMPORT)","10 kg","Melaka",8,14,14,0,1,7,0.00,39.90,38.95,0.00
2024,"deepavali","lead_up",904,"BERAS SUPER CAP RAMBUTAN 5% (IMPORT)","10 kg","Negeri Sembilan",12,14,14,0,3,9,0.00,38.90,38.25,0.00
2024,"deepavali","lead_up",904,"BERAS SUPER CAP RAMBUTAN 5% (IMPORT)","10 kg","Pahang",24,14,14,1,2,21,4.17,39.99,39.99,0.00
2024,"deepavali","lead_up",904,"BERAS SUPER CAP RAMBUTAN 5% (IMPORT)","10 kg","Perak",54,14,14,2,6,46,3.70,39.99,39.95,0.00
2024,"deepavali","lead_up",904,"BERAS SUPER CAP RAMBUTAN 5% (IMPORT)","10 kg","Pulau Pinang",36,14,14,2,9,25,5.56,39.90,38.75,0.00
2024,"deepavali","lead_up",904,"BERAS SUPER CAP RAMBUTAN 5% (IMPORT)","10 kg","Selangor",24,14,14,5,8,11,20.83,40.45,40.50,0.00
2024,"deepavali","lead_up",904,"BERAS SUPER CAP RAMBUTAN 5% (IMPORT)","10 kg","Terengganu",20,14,14,0,0,20,0.00,39.95,39.95,0.00
2024,"deepavali","lead_up",904,"BERAS SUPER CAP RAMBUTAN 5% (IMPORT)","10 kg","W.P. Kuala Lumpur",37,14,14,5,4,28,13.51,40.90,40.99,0.00
2024,"deepavali","lead_up",904,"BERAS SUPER CAP RAMBUTAN 5% (IMPORT)","10 kg","W.P. Putrajaya",9,14,14,2,1,6,22.22,41.80,41.99,0.00
2024,"deepavali","lead_up",917,"TEPUNG GANDUM NGP (BERBUNGKUS, CAP SAUH)","1kg","Johor",153,4,4,10,11,132,6.54,3.40,3.39,0.00
2024,"deepavali","lead_up",917,"TEPUNG GANDUM NGP (BERBUNGKUS, CAP SAUH)","1kg","Pahang",126,4,4,9,8,109,7.14,3.30,3.30,0.00
2024,"deepavali","lead_up",918,"MINYAK MASAK PAKET (PELBAGAI JENAMA)","1kg","Johor",33,4,4,0,0,33,0.00,2.50,2.50,0.00
2024,"deepavali","lead_up",1111,"TELUR AYAM GRED C","30 biji","Johor",109,14,14,4,1,104,3.67,11.40,11.40,0.00
2024,"deepavali","lead_up",1111,"TELUR AYAM GRED C","30 biji","Kedah",33,14,14,0,0,33,0.00,11.40,11.40,0.00
2024,"deepavali","lead_up",1111,"TELUR AYAM GRED C","30 biji","Kelantan",47,14,14,0,0,47,0.00,11.40,11.40,0.00
2024,"deepavali","lead_up",1111,"TELUR AYAM GRED C","30 biji","Melaka",16,14,14,0,0,16,0.00,11.40,11.40,0.00
2024,"deepavali","lead_up",1111,"TELUR AYAM GRED C","30 biji","Negeri Sembilan",28,14,14,0,0,28,0.00,11.40,11.40,0.00
2024,"deepavali","lead_up",1111,"TELUR AYAM GRED C","30 biji","Pahang",69,14,14,0,3,66,0.00,11.40,11.40,0.00
2024,"deepavali","lead_up",1111,"TELUR AYAM GRED C","30 biji","Perak",68,14,14,1,0,67,1.47,11.40,11.40,0.00
2024,"deepavali","lead_up",1111,"TELUR AYAM GRED C","30 biji","Perlis",10,14,14,0,1,9,0.00,11.40,11.40,0.00
2024,"deepavali","lead_up",1111,"TELUR AYAM GRED C","30 biji","Pulau Pinang",40,14,14,0,1,39,0.00,11.40,11.40,0.00
2024,"deepavali","lead_up",1111,"TELUR AYAM GRED C","30 biji","Sabah",12,13,14,0,0,12,0.00,13.80,13.80,0.00
2024,"deepavali","lead_up",1111,"TELUR AYAM GRED C","30 biji","Sarawak",7,13,14,0,0,7,0.00,12.00,12.00,0.00
2024,"deepavali","lead_up",1111,"TELUR AYAM GRED C","30 biji","Selangor",52,14,14,0,3,49,0.00,11.40,11.40,0.00
2024,"deepavali","lead_up",1111,"TELUR AYAM GRED C","30 biji","Terengganu",35,14,14,0,0,35,0.00,11.40,11.40,0.00
2024,"deepavali","lead_up",1111,"TELUR AYAM GRED C","30 biji","W.P. Kuala Lumpur",76,14,14,1,1,74,1.32,11.40,11.40,0.00
2024,"deepavali","lead_up",1131,"UBI KENTANG IMPORT (CHINA)","1kg","Johor",155,14,14,10,28,117,6.45,3.39,3.29,0.00
2024,"deepavali","lead_up",1131,"UBI KENTANG IMPORT (CHINA)","1kg","Kedah",61,14,14,8,9,44,13.11,3.50,3.50,0.00
2024,"deepavali","lead_up",1131,"UBI KENTANG IMPORT (CHINA)","1kg","Kelantan",71,14,14,6,11,54,8.45,4.00,4.00,0.00
2024,"deepavali","lead_up",1131,"UBI KENTANG IMPORT (CHINA)","1kg","Melaka",16,14,14,1,2,13,6.25,2.99,3.05,0.00
2024,"deepavali","lead_up",1131,"UBI KENTANG IMPORT (CHINA)","1kg","Negeri Sembilan",29,14,14,1,8,20,3.45,2.90,2.90,0.00
2024,"deepavali","lead_up",1131,"UBI KENTANG IMPORT (CHINA)","1kg","Pahang",107,14,14,5,8,94,4.67,3.79,3.79,0.00
2024,"deepavali","lead_up",1131,"UBI KENTANG IMPORT (CHINA)","1kg","Perak",110,14,14,11,18,81,10.00,3.50,3.45,0.00
2024,"deepavali","lead_up",1131,"UBI KENTANG IMPORT (CHINA)","1kg","Perlis",26,14,14,2,3,21,7.69,3.70,3.90,0.00
2024,"deepavali","lead_up",1131,"UBI KENTANG IMPORT (CHINA)","1kg","Pulau Pinang",86,14,14,4,15,67,4.65,3.50,3.50,0.00
2024,"deepavali","lead_up",1131,"UBI KENTANG IMPORT (CHINA)","1kg","Sabah",115,14,14,10,5,100,8.70,3.90,3.90,0.00
2024,"deepavali","lead_up",1131,"UBI KENTANG IMPORT (CHINA)","1kg","Sarawak",144,13,14,7,8,129,4.86,3.80,3.60,0.00
2024,"deepavali","lead_up",1131,"UBI KENTANG IMPORT (CHINA)","1kg","Selangor",71,14,14,7,25,39,9.86,2.99,2.99,0.00
2024,"deepavali","lead_up",1131,"UBI KENTANG IMPORT (CHINA)","1kg","Terengganu",79,14,14,2,9,68,2.53,3.49,3.49,0.00
2024,"deepavali","lead_up",1131,"UBI KENTANG IMPORT (CHINA)","1kg","W.P. Kuala Lumpur",98,14,14,8,21,69,8.16,3.00,3.00,0.00
2024,"deepavali","lead_up",1131,"UBI KENTANG IMPORT (CHINA)","1kg","W.P. Labuan",13,14,14,3,0,10,23.08,3.50,3.90,0.00
2024,"deepavali","lead_up",1131,"UBI KENTANG IMPORT (CHINA)","1kg","W.P. Putrajaya",19,14,14,1,6,12,5.26,4.49,4.00,0.00
2024,"deepavali","lead_up",1431,"DAGING LEMBU TEMPATAN (BAHAGIAN 1 DAGING PAHA (KECUALI BATANG PINANG - TENDERLOIN)","1kg","Johor",11,14,14,0,0,11,0.00,38.00,38.00,0.00
2024,"deepavali","lead_up",1431,"DAGING LEMBU TEMPATAN (BAHAGIAN 1 DAGING PAHA (KECUALI BATANG PINANG - TENDERLOIN)","1kg","Kedah",12,14,14,0,0,12,0.00,39.00,39.00,0.00
2024,"deepavali","lead_up",1431,"DAGING LEMBU TEMPATAN (BAHAGIAN 1 DAGING PAHA (KECUALI BATANG PINANG - TENDERLOIN)","1kg","Kelantan",17,14,14,0,1,16,0.00,32.00,32.00,0.00
2024,"deepavali","lead_up",1431,"DAGING LEMBU TEMPATAN (BAHAGIAN 1 DAGING PAHA (KECUALI BATANG PINANG - TENDERLOIN)","1kg","Melaka",6,14,14,0,0,6,0.00,40.00,40.00,0.00
2024,"deepavali","lead_up",1431,"DAGING LEMBU TEMPATAN (BAHAGIAN 1 DAGING PAHA (KECUALI BATANG PINANG - TENDERLOIN)","1kg","Negeri Sembilan",8,14,14,0,0,8,0.00,39.50,39.50,0.00
2024,"deepavali","lead_up",1431,"DAGING LEMBU TEMPATAN (BAHAGIAN 1 DAGING PAHA (KECUALI BATANG PINANG - TENDERLOIN)","1kg","Pahang",9,14,14,0,0,9,0.00,38.00,38.00,0.00
2024,"deepavali","lead_up",1431,"DAGING LEMBU TEMPATAN (BAHAGIAN 1 DAGING PAHA (KECUALI BATANG PINANG - TENDERLOIN)","1kg","Perak",19,14,14,0,1,18,0.00,38.00,36.00,0.00
2024,"deepavali","lead_up",1431,"DAGING LEMBU TEMPATAN (BAHAGIAN 1 DAGING PAHA (KECUALI BATANG PINANG - TENDERLOIN)","1kg","Pulau Pinang",18,14,14,0,0,18,0.00,40.00,40.00,0.00
2024,"deepavali","lead_up",1431,"DAGING LEMBU TEMPATAN (BAHAGIAN 1 DAGING PAHA (KECUALI BATANG PINANG - TENDERLOIN)","1kg","Selangor",14,14,14,0,0,14,0.00,39.50,39.50,0.00
2024,"deepavali","lead_up",1431,"DAGING LEMBU TEMPATAN (BAHAGIAN 1 DAGING PAHA (KECUALI BATANG PINANG - TENDERLOIN)","1kg","Terengganu",15,14,14,1,0,14,6.67,36.00,36.00,0.00
2024,"deepavali","lead_up",1431,"DAGING LEMBU TEMPATAN (BAHAGIAN 1 DAGING PAHA (KECUALI BATANG PINANG - TENDERLOIN)","1kg","W.P. Kuala Lumpur",5,14,14,0,0,5,0.00,45.00,45.00,0.00
2024,"deepavali","lead_up",1555,"UDANG PUTIH/VANNAMEI (TERNAK) (ANTARA 41 HINGGA 60 EKOR SEKILOGRAM)","1kg","Johor",128,14,14,33,55,40,25.78,35.00,34.70,0.00
2024,"deepavali","lead_up",1555,"UDANG PUTIH/VANNAMEI (TERNAK) (ANTARA 41 HINGGA 60 EKOR SEKILOGRAM)","1kg","Kedah",48,14,14,8,17,23,16.67,30.00,30.00,0.00
2024,"deepavali","lead_up",1555,"UDANG PUTIH/VANNAMEI (TERNAK) (ANTARA 41 HINGGA 60 EKOR SEKILOGRAM)","1kg","Kelantan",67,14,14,19,30,18,28.36,32.90,32.00,0.00
2024,"deepavali","lead_up",1555,"UDANG PUTIH/VANNAMEI (TERNAK) (ANTARA 41 HINGGA 60 EKOR SEKILOGRAM)","1kg","Melaka",19,14,14,5,6,8,26.32,34.00,33.99,0.00
2024,"deepavali","lead_up",1555,"UDANG PUTIH/VANNAMEI (TERNAK) (ANTARA 41 HINGGA 60 EKOR SEKILOGRAM)","1kg","Negeri Sembilan",24,14,14,8,7,9,33.33,33.45,33.99,0.00
2024,"deepavali","lead_up",1555,"UDANG PUTIH/VANNAMEI (TERNAK) (ANTARA 41 HINGGA 60 EKOR SEKILOGRAM)","1kg","Pahang",79,14,14,26,28,25,32.91,35.99,35.00,0.00
2024,"deepavali","lead_up",1555,"UDANG PUTIH/VANNAMEI (TERNAK) (ANTARA 41 HINGGA 60 EKOR SEKILOGRAM)","1kg","Perak",81,14,14,23,26,32,28.40,30.00,30.00,0.00
2024,"deepavali","lead_up",1555,"UDANG PUTIH/VANNAMEI (TERNAK) (ANTARA 41 HINGGA 60 EKOR SEKILOGRAM)","1kg","Perlis",14,14,14,2,7,5,14.29,31.75,30.75,-0.73
2024,"deepavali","lead_up",1555,"UDANG PUTIH/VANNAMEI (TERNAK) (ANTARA 41 HINGGA 60 EKOR SEKILOGRAM)","1kg","Pulau Pinang",56,14,14,14,17,25,25.00,32.00,32.45,0.00
2024,"deepavali","lead_up",1555,"UDANG PUTIH/VANNAMEI (TERNAK) (ANTARA 41 HINGGA 60 EKOR SEKILOGRAM)","1kg","Sabah",33,13,14,4,8,21,12.12,35.00,34.50,0.00
2024,"deepavali","lead_up",1555,"UDANG PUTIH/VANNAMEI (TERNAK) (ANTARA 41 HINGGA 60 EKOR SEKILOGRAM)","1kg","Sarawak",40,13,14,3,8,29,7.50,36.00,36.15,0.00
2024,"deepavali","lead_up",1555,"UDANG PUTIH/VANNAMEI (TERNAK) (ANTARA 41 HINGGA 60 EKOR SEKILOGRAM)","1kg","Selangor",79,14,14,21,30,28,26.58,32.99,32.59,0.00
2024,"deepavali","lead_up",1555,"UDANG PUTIH/VANNAMEI (TERNAK) (ANTARA 41 HINGGA 60 EKOR SEKILOGRAM)","1kg","Terengganu",53,14,14,19,19,15,35.85,32.50,32.90,0.00
2024,"deepavali","lead_up",1555,"UDANG PUTIH/VANNAMEI (TERNAK) (ANTARA 41 HINGGA 60 EKOR SEKILOGRAM)","1kg","W.P. Kuala Lumpur",77,14,14,21,22,34,27.27,35.99,35.00,0.00
2024,"deepavali","lead_up",1555,"UDANG PUTIH/VANNAMEI (TERNAK) (ANTARA 41 HINGGA 60 EKOR SEKILOGRAM)","1kg","W.P. Putrajaya",13,14,14,2,5,6,15.38,38.90,39.50,0.00
2024,"deepavali","lead_up",1564,"BAWANG PUTIH IMPORT (CHINA)","1kg","Johor",167,14,14,17,25,125,10.18,12.90,12.90,0.00
2024,"deepavali","lead_up",1564,"BAWANG PUTIH IMPORT (CHINA)","1kg","Kedah",71,14,14,5,13,53,7.04,12.99,12.99,0.00
2024,"deepavali","lead_up",1564,"BAWANG PUTIH IMPORT (CHINA)","1kg","Kelantan",56,14,14,5,10,41,8.93,11.95,11.90,0.00
2024,"deepavali","lead_up",1564,"BAWANG PUTIH IMPORT (CHINA)","1kg","Melaka",27,14,14,0,2,25,0.00,14.00,14.00,0.00
2024,"deepavali","lead_up",1564,"BAWANG PUTIH IMPORT (CHINA)","1kg","Negeri Sembilan",40,14,14,5,8,27,12.50,13.00,13.00,0.00
2024,"deepavali","lead_up",1564,"BAWANG PUTIH IMPORT (CHINA)","1kg","Pahang",108,14,14,2,12,94,1.85,13.85,13.00,0.00
2024,"deepavali","lead_up",1564,"BAWANG PUTIH IMPORT (CHINA)","1kg","Perak",117,14,14,4,27,86,3.42,13.00,13.00,0.00
2024,"deepavali","lead_up",1564,"BAWANG PUTIH IMPORT (CHINA)","1kg","Perlis",28,14,14,3,3,22,10.71,11.50,11.90,0.00
2024,"deepavali","lead_up",1564,"BAWANG PUTIH IMPORT (CHINA)","1kg","Pulau Pinang",96,14,14,7,17,72,7.29,13.00,13.00,0.00
2024,"deepavali","lead_up",1564,"BAWANG PUTIH IMPORT (CHINA)","1kg","Sabah",132,14,14,12,11,109,9.09,10.99,10.75,0.00
2024,"deepavali","lead_up",1564,"BAWANG PUTIH IMPORT (CHINA)","1kg","Sarawak",138,13,14,11,11,116,7.97,10.50,10.50,0.00
2024,"deepavali","lead_up",1564,"BAWANG PUTIH IMPORT (CHINA)","1kg","Selangor",80,14,14,5,16,59,6.25,12.50,12.25,0.00
2024,"deepavali","lead_up",1564,"BAWANG PUTIH IMPORT (CHINA)","1kg","Terengganu",72,14,14,8,5,59,11.11,11.99,11.99,0.00
2024,"deepavali","lead_up",1564,"BAWANG PUTIH IMPORT (CHINA)","1kg","W.P. Kuala Lumpur",122,14,14,7,20,95,5.74,14.00,13.90,0.00
2024,"deepavali","lead_up",1564,"BAWANG PUTIH IMPORT (CHINA)","1kg","W.P. Labuan",14,14,14,1,2,11,7.14,11.25,11.25,0.00
2024,"deepavali","lead_up",1564,"BAWANG PUTIH IMPORT (CHINA)","1kg","W.P. Putrajaya",19,14,14,0,3,16,0.00,14.50,13.90,0.00
2024,"deepavali","lead_up",1589,"GULA PUTIH BERTAPIS KASAR (PELBAGAI JENAMA)","1kg","Johor",164,4,4,0,0,164,0.00,2.85,2.85,0.00
2024,"deepavali","lead_up",1589,"GULA PUTIH BERTAPIS KASAR (PELBAGAI JENAMA)","1kg","Pahang",138,4,4,0,0,138,0.00,2.85,2.85,0.00
2024,"ramadan_raya","after_raya",1,"AYAM BERSIH - STANDARD","1kg","Johor",135,11,14,44,67,24,32.59,8.09,8.19,0.00
2024,"ramadan_raya","after_raya",1,"AYAM BERSIH - STANDARD","1kg","Kedah",51,11,14,19,9,23,37.25,9.00,9.40,0.00
2024,"ramadan_raya","after_raya",1,"AYAM BERSIH - STANDARD","1kg","Kelantan",70,11,14,35,18,17,50.00,8.35,8.60,0.30
2024,"ramadan_raya","after_raya",1,"AYAM BERSIH - STANDARD","1kg","Melaka",19,11,14,6,10,3,31.58,8.50,9.00,-1.32
2024,"ramadan_raya","after_raya",1,"AYAM BERSIH - STANDARD","1kg","Negeri Sembilan",32,11,14,8,15,9,25.00,8.10,7.99,0.00
2024,"ramadan_raya","after_raya",1,"AYAM BERSIH - STANDARD","1kg","Pahang",91,11,14,31,38,22,34.07,7.99,8.14,0.00
2024,"ramadan_raya","after_raya",1,"AYAM BERSIH - STANDARD","1kg","Perak",83,11,14,39,25,19,46.99,8.34,8.60,0.00
2024,"ramadan_raya","after_raya",1,"AYAM BERSIH - STANDARD","1kg","Perlis",17,11,14,4,7,6,23.53,8.70,8.69,0.00
2024,"ramadan_raya","after_raya",1,"AYAM BERSIH - STANDARD","1kg","Pulau Pinang",61,11,14,23,16,22,37.70,9.40,9.40,0.00
2024,"ramadan_raya","after_raya",1,"AYAM BERSIH - STANDARD","1kg","Sabah",8,11,14,3,0,5,37.50,12.45,13.00,0.00
2024,"ramadan_raya","after_raya",1,"AYAM BERSIH - STANDARD","1kg","Sarawak",9,11,14,0,2,7,0.00,10.95,10.95,0.00
2024,"ramadan_raya","after_raya",1,"AYAM BERSIH - STANDARD","1kg","Selangor",78,11,14,39,28,11,50.00,8.29,8.59,0.34
2024,"ramadan_raya","after_raya",1,"AYAM BERSIH - STANDARD","1kg","Terengganu",84,10,14,45,30,9,53.57,8.85,8.95,1.13
2024,"ramadan_raya","after_raya",1,"AYAM BERSIH - STANDARD","1kg","W.P. Kuala Lumpur",89,11,14,45,31,13,50.56,8.49,8.70,0.56
2024,"ramadan_raya","after_raya",1,"AYAM BERSIH - STANDARD","1kg","W.P. Putrajaya",16,11,14,10,6,0,62.50,8.43,8.75,2.33
2024,"ramadan_raya","after_raya",94,"CILI MERAH - MINYAK","1kg","Johor",65,11,14,6,53,6,9.23,13.80,10.49,-18.18
2024,"ramadan_raya","after_raya",94,"CILI MERAH - MINYAK","1kg","Kedah",18,11,14,1,17,0,5.56,14.00,11.99,-27.23
2024,"ramadan_raya","after_raya",94,"CILI MERAH - MINYAK","1kg","Kelantan",22,11,14,1,20,1,4.55,16.95,15.38,-14.53
2024,"ramadan_raya","after_raya",94,"CILI MERAH - MINYAK","1kg","Negeri Sembilan",33,11,14,4,24,5,12.12,12.99,11.99,-11.43
2024,"ramadan_raya","after_raya",94,"CILI MERAH - MINYAK","1kg","Pahang",84,11,14,10,63,11,11.90,15.00,12.50,-10.27
2024,"ramadan_raya","after_raya",94,"CILI MERAH - MINYAK","1kg","Perak",49,11,14,7,35,7,14.29,13.99,12.00,-11.11
2024,"ramadan_raya","after_raya",94,"CILI MERAH - MINYAK","1kg","Perlis",16,11,14,3,11,2,18.75,15.90,12.50,-15.33
2024,"ramadan_raya","after_raya",94,"CILI MERAH - MINYAK","1kg","Pulau Pinang",34,11,14,3,26,5,8.82,13.85,10.99,-14.85
2024,"ramadan_raya","after_raya",94,"CILI MERAH - MINYAK","1kg","Sabah",18,11,14,6,9,3,33.33,18.00,18.00,-2.13
2024,"ramadan_raya","after_raya",94,"CILI MERAH - MINYAK","1kg","Sarawak",73,11,14,2,58,13,2.74,22.00,18.00,-18.18
2024,"ramadan_raya","after_raya",94,"CILI MERAH - MINYAK","1kg","Selangor",69,11,14,9,50,10,13.04,13.00,11.79,-16.00
2024,"ramadan_raya","after_raya",94,"CILI MERAH - MINYAK","1kg","Terengganu",42,10,14,10,30,2,23.81,13.99,12.17,-13.43
2024,"ramadan_raya","after_raya",94,"CILI MERAH - MINYAK","1kg","W.P. Kuala Lumpur",82,11,14,9,63,10,10.98,13.84,12.00,-14.77
2024,"ramadan_raya","after_raya",103,"SANTAN KELAPA SEGAR (BIASA)","1kg","Johor",23,11,14,4,1,18,17.39,8.40,8.59,0.00
2024,"ramadan_raya","after_raya",103,"SANTAN KELAPA SEGAR (BIASA)","1kg","Kedah",10,11,14,2,0,8,20.00,12.00,12.00,0.00
2024,"ramadan_raya","after_raya",103,"SANTAN KELAPA SEGAR (BIASA)","1kg","Kelantan",12,11,14,1,1,10,8.33,8.70,8.45,0.00
2024,"ramadan_raya","after_raya",103,"SANTAN KELAPA SEGAR (BIASA)","1kg","Negeri Sembilan",16,11,14,0,1,15,0.00,8.00,8.00,0.00
2024,"ramadan_raya","after_raya",103,"SANTAN KELAPA SEGAR (BIASA)","1kg","Pahang",34,11,14,2,3,29,5.88,6.90,6.90,0.00
2024,"ramadan_raya","after_raya",103,"SANTAN KELAPA SEGAR (BIASA)","1kg","Perak",39,11,14,1,6,32,2.56,9.80,9.00,0.00
2024,"ramadan_raya","after_raya",103,"SANTAN KELAPA SEGAR (BIASA)","1kg","Pulau Pinang",22,11,14,2,0,20,9.09,12.00,12.00,0.00
2024,"ramadan_raya","after_raya",103,"SANTAN KELAPA SEGAR (BIASA)","1kg","Selangor",36,11,14,2,1,33,5.56,6.90,6.90,0.00
2024,"ramadan_raya","after_raya",103,"SANTAN KELAPA SEGAR (BIASA)","1kg","Terengganu",9,10,14,3,0,6,33.33,11.00,11.00,0.00
2024,"ramadan_raya","after_raya",103,"SANTAN KELAPA SEGAR (BIASA)","1kg","W.P. Kuala Lumpur",37,11,14,1,2,34,2.70,6.50,6.40,0.00
2024,"ramadan_raya","after_raya",103,"SANTAN KELAPA SEGAR (BIASA)","1kg","W.P. Putrajaya",5,11,14,0,0,5,0.00,7.00,7.00,0.00
2024,"ramadan_raya","after_raya",114,"TOMATO","1kg","Johor",156,11,14,8,144,4,5.13,5.99,3.49,-40.08
2024,"ramadan_raya","after_raya",114,"TOMATO","1kg","Kedah",61,11,14,3,56,2,4.92,6.00,4.00,-34.15
2024,"ramadan_raya","after_raya",114,"TOMATO","1kg","Kelantan",81,11,14,5,63,13,6.17,5.90,3.90,-33.33
2024,"ramadan_raya","after_raya",114,"TOMATO","1kg","Melaka",23,11,14,2,19,2,8.70,5.99,4.00,-33.90
2024,"ramadan_raya","after_raya",114,"TOMATO","1kg","Negeri Sembilan",36,11,14,3,32,1,8.33,5.00,2.99,-46.00
2024,"ramadan_raya","after_raya",114,"TOMATO","1kg","Pahang",99,11,14,3,94,2,3.03,5.50,2.99,-46.00
2024,"ramadan_raya","after_raya",114,"TOMATO","1kg","Perak",93,11,14,12,75,6,12.90,5.50,3.99,-39.60
2024,"ramadan_raya","after_raya",114,"TOMATO","1kg","Perlis",23,11,14,1,20,2,4.35,6.50,6.00,-22.22
2024,"ramadan_raya","after_raya",114,"TOMATO","1kg","Pulau Pinang",76,11,14,4,68,4,5.26,6.00,4.00,-37.03
2024,"ramadan_raya","after_raya",114,"TOMATO","1kg","Sabah",81,11,14,23,36,22,28.40,6.50,6.00,0.00
2024,"ramadan_raya","after_raya",114,"TOMATO","1kg","Sarawak",85,11,14,3,72,10,3.53,10.90,8.00,-26.61
2024,"ramadan_raya","after_raya",114,"TOMATO","1kg","Selangor",83,11,14,4,77,2,4.82,5.50,3.00,-45.19
2024,"ramadan_raya","after_raya",114,"TOMATO","1kg","Terengganu",73,10,14,1,70,2,1.37,6.50,3.95,-43.40
2024,"ramadan_raya","after_raya",114,"TOMATO","1kg","W.P. Kuala Lumpur",112,11,14,7,100,5,6.25,5.90,3.50,-39.80
2024,"ramadan_raya","after_raya",114,"TOMATO","1kg","W.P. Labuan",7,11,14,2,4,1,28.57,6.00,6.00,-0.90
2024,"ramadan_raya","after_raya",114,"TOMATO","1kg","W.P. Putrajaya",21,11,14,0,21,0,0.00,6.50,3.50,-42.17
2024,"ramadan_raya","after_raya",129,"BAWANG BESAR KUNING/HOLLAND","1kg","Johor",150,11,14,54,52,44,36.00,4.55,4.99,0.00
2024,"ramadan_raya","after_raya",129,"BAWANG BESAR KUNING/HOLLAND","1kg","Kedah",71,11,14,19,33,19,26.76,5.00,5.00,0.00
2024,"ramadan_raya","after_raya",129,"BAWANG BESAR KUNING/HOLLAND","1kg","Kelantan",117,11,14,20,63,34,17.09,5.50,5.00,-8.33
2024,"ramadan_raya","after_raya",129,"BAWANG BESAR KUNING/HOLLAND","1kg","Melaka",26,11,14,4,11,11,15.38,5.00,5.00,0.00
2024,"ramadan_raya","after_raya",129,"BAWANG BESAR KUNING/HOLLAND","1kg","Negeri Sembilan",34,11,14,6,13,15,17.65,5.00,5.00,0.00
2024,"ramadan_raya","after_raya",129,"BAWANG BESAR KUNING/HOLLAND","1kg","Pahang",95,11,14,25,42,28,26.32,4.99,4.99,0.00
2024,"ramadan_raya","after_raya",129,"BAWANG BESAR KUNING/HOLLAND","1kg","Perak",97,11,14,46,33,18,47.42,4.80,4.99,0.00
2024,"ramadan_raya","after_raya",129,"BAWANG BESAR KUNING/HOLLAND","1kg","Perlis",30,11,14,13,10,7,43.33,4.99,5.00,0.00
2024,"ramadan_raya","after_raya",129,"BAWANG BESAR KUNING/HOLLAND","1kg","Pulau Pinang",74,11,14,21,38,15,28.38,5.00,5.00,-2.64
2024,"ramadan_raya","after_raya",129,"BAWANG BESAR KUNING/HOLLAND","1kg","Sabah",130,11,14,29,54,47,22.31,6.00,6.00,0.00
2024,"ramadan_raya","after_raya",129,"BAWANG BESAR KUNING/HOLLAND","1kg","Sarawak",126,11,14,46,43,37,36.51,5.40,5.50,0.00
2024,"ramadan_raya","after_raya",129,"BAWANG BESAR KUNING/HOLLAND","1kg","Selangor",79,11,14,29,23,27,36.71,4.80,4.99,0.00
2024,"ramadan_raya","after_raya",129,"BAWANG BESAR KUNING/HOLLAND","1kg","Terengganu",99,10,14,26,43,30,26.26,5.00,5.00,0.00
2024,"ramadan_raya","after_raya",129,"BAWANG BESAR KUNING/HOLLAND","1kg","W.P. Kuala Lumpur",101,11,14,33,41,27,32.67,4.99,5.00,0.00
2024,"ramadan_raya","after_raya",129,"BAWANG BESAR KUNING/HOLLAND","1kg","W.P. Labuan",14,11,14,3,6,5,21.43,5.95,5.95,0.00
2024,"ramadan_raya","after_raya",129,"BAWANG BESAR KUNING/HOLLAND","1kg","W.P. Putrajaya",20,11,14,5,11,4,25.00,5.95,5.23,-6.04
2024,"ramadan_raya","after_raya",917,"TEPUNG GANDUM NGP (BERBUNGKUS, CAP SAUH)","1kg","Pahang",93,4,4,11,12,70,11.83,3.40,3.40,0.00
2024,"ramadan_raya","after_raya",1111,"TELUR AYAM GRED C","30 biji","Johor",106,11,14,0,17,89,0.00,12.30,12.30,0.00
2024,"ramadan_raya","after_raya",1111,"TELUR AYAM GRED C","30 biji","Kedah",26,11,14,0,13,13,0.00,12.30,12.22,-0.63
2024,"ramadan_raya","after_raya",1111,"TELUR AYAM GRED C","30 biji","Kelantan",39,11,14,0,2,37,0.00,12.30,12.30,0.00
2024,"ramadan_raya","after_raya",1111,"TELUR AYAM GRED C","30 biji","Melaka",13,11,14,0,5,8,0.00,12.30,12.30,0.00
2024,"ramadan_raya","after_raya",1111,"TELUR AYAM GRED C","30 biji","Negeri Sembilan",26,11,14,0,7,19,0.00,12.30,12.30,0.00
2024,"ramadan_raya","after_raya",1111,"TELUR AYAM GRED C","30 biji","Pahang",51,11,14,1,7,43,1.96,12.30,12.30,0.00
2024,"ramadan_raya","after_raya",1111,"TELUR AYAM GRED C","30 biji","Perak",46,11,14,0,10,36,0.00,12.30,12.30,0.00
2024,"ramadan_raya","after_raya",1111,"TELUR AYAM GRED C","30 biji","Pulau Pinang",31,11,14,0,5,26,0.00,12.30,12.30,0.00
2024,"ramadan_raya","after_raya",1111,"TELUR AYAM GRED C","30 biji","Sabah",22,11,14,0,0,22,0.00,14.70,14.70,0.00
2024,"ramadan_raya","after_raya",1111,"TELUR AYAM GRED C","30 biji","Sarawak",9,10,14,0,0,9,0.00,12.90,12.90,0.00
2024,"ramadan_raya","after_raya",1111,"TELUR AYAM GRED C","30 biji","Selangor",51,11,14,1,7,43,1.96,12.30,12.30,0.00
2024,"ramadan_raya","after_raya",1111,"TELUR AYAM GRED C","30 biji","Terengganu",50,10,14,1,2,47,2.00,12.30,12.30,0.00
2024,"ramadan_raya","after_raya",1111,"TELUR AYAM GRED C","30 biji","W.P. Kuala Lumpur",66,11,14,1,13,52,1.52,12.30,12.30,0.00
2024,"ramadan_raya","after_raya",1131,"UBI KENTANG IMPORT (CHINA)","1kg","Johor",141,11,14,36,58,47,25.53,3.20,3.49,0.00
2024,"ramadan_raya","after_raya",1131,"UBI KENTANG IMPORT (CHINA)","1kg","Kedah",36,11,14,4,20,12,11.11,3.50,3.50,-8.25
2024,"ramadan_raya","after_raya",1131,"UBI KENTANG IMPORT (CHINA)","1kg","Kelantan",52,11,14,10,32,10,19.23,3.99,3.50,-12.39
2024,"ramadan_raya","after_raya",1131,"UBI KENTANG IMPORT (CHINA)","1kg","Melaka",17,11,14,3,7,7,17.65,2.99,3.20,0.00
2024,"ramadan_raya","after_raya",1131,"UBI KENTANG IMPORT (CHINA)","1kg","Negeri Sembilan",25,11,14,5,11,9,20.00,3.20,3.20,0.00
2024,"ramadan_raya","after_raya",1131,"UBI KENTANG IMPORT (CHINA)","1kg","Pahang",89,11,14,15,35,39,16.85,3.49,3.49,0.00
2024,"ramadan_raya","after_raya",1131,"UBI KENTANG IMPORT (CHINA)","1kg","Perak",92,11,14,27,42,23,29.35,3.50,3.50,0.00
2024,"ramadan_raya","after_raya",1131,"UBI KENTANG IMPORT (CHINA)","1kg","Perlis",27,11,14,3,10,14,11.11,3.60,3.50,0.00
2024,"ramadan_raya","after_raya",1131,"UBI KENTANG IMPORT (CHINA)","1kg","Pulau Pinang",69,11,14,11,38,20,15.94,3.50,3.50,-7.04
2024,"ramadan_raya","after_raya",1131,"UBI KENTANG IMPORT (CHINA)","1kg","Sabah",112,11,14,18,41,53,16.07,3.99,3.99,0.00
2024,"ramadan_raya","after_raya",1131,"UBI KENTANG IMPORT (CHINA)","1kg","Sarawak",132,11,14,30,37,65,22.73,3.85,3.75,0.00
2024,"ramadan_raya","after_raya",1131,"UBI KENTANG IMPORT (CHINA)","1kg","Selangor",71,11,14,21,29,21,29.58,2.90,2.90,0.00
2024,"ramadan_raya","after_raya",1131,"UBI KENTANG IMPORT (CHINA)","1kg","Terengganu",70,10,14,8,27,35,11.43,3.50,3.49,0.00
2024,"ramadan_raya","after_raya",1131,"UBI KENTANG IMPORT (CHINA)","1kg","W.P. Kuala Lumpur",83,11,14,21,36,26,25.30,3.20,3.20,0.00
2024,"ramadan_raya","after_raya",1131,"UBI KENTANG IMPORT (CHINA)","1kg","W.P. Labuan",13,11,14,5,5,3,38.46,3.90,4.00,0.00
2024,"ramadan_raya","after_raya",1131,"UBI KENTANG IMPORT (CHINA)","1kg","W.P. Putrajaya",19,11,14,5,11,3,26.32,3.90,3.75,-6.25
2024,"ramadan_raya","after_raya",1431,"DAGING LEMBU TEMPATAN (BAHAGIAN 1 DAGING PAHA (KECUALI BATANG PINANG - TENDERLOIN)","1kg","Johor",10,11,14,0,7,3,0.00,41.00,40.00,-3.72
2024,"ramadan_raya","after_raya",1431,"DAGING LEMBU TEMPATAN (BAHAGIAN 1 DAGING PAHA (KECUALI BATANG PINANG - TENDERLOIN)","1kg","Kedah",12,11,14,0,2,10,0.00,39.00,39.00,0.00
2024,"ramadan_raya","after_raya",1431,"DAGING LEMBU TEMPATAN (BAHAGIAN 1 DAGING PAHA (KECUALI BATANG PINANG - TENDERLOIN)","1kg","Kelantan",18,11,14,1,0,17,5.56,34.00,34.00,0.00
2024,"ramadan_raya","after_raya",1431,"DAGING LEMBU TEMPATAN (BAHAGIAN 1 DAGING PAHA (KECUALI BATANG PINANG - TENDERLOIN)","1kg","Melaka",7,11,14,1,2,4,14.29,40.00,40.00,0.00
2024,"ramadan_raya","after_raya",1431,"DAGING LEMBU TEMPATAN (BAHAGIAN 1 DAGING PAHA (KECUALI BATANG PINANG - TENDERLOIN)","1kg","Negeri Sembilan",7,11,14,1,3,3,14.29,40.00,39.00,0.00
2024,"ramadan_raya","after_raya",1431,"DAGING LEMBU TEMPATAN (BAHAGIAN 1 DAGING PAHA (KECUALI BATANG PINANG - TENDERLOIN)","1kg","Pahang",7,11,14,2,2,3,28.57,39.00,39.00,0.00
2024,"ramadan_raya","after_raya",1431,"DAGING LEMBU TEMPATAN (BAHAGIAN 1 DAGING PAHA (KECUALI BATANG PINANG - TENDERLOIN)","1kg","Perak",20,11,14,4,0,16,20.00,38.00,38.00,0.00
2024,"ramadan_raya","after_raya",1431,"DAGING LEMBU TEMPATAN (BAHAGIAN 1 DAGING PAHA (KECUALI BATANG PINANG - TENDERLOIN)","1kg","Pulau Pinang",18,11,14,0,6,12,0.00,40.00,40.00,0.00
2024,"ramadan_raya","after_raya",1431,"DAGING LEMBU TEMPATAN (BAHAGIAN 1 DAGING PAHA (KECUALI BATANG PINANG - TENDERLOIN)","1kg","Selangor",13,11,14,1,3,9,7.69,39.00,40.00,0.00
2024,"ramadan_raya","after_raya",1431,"DAGING LEMBU TEMPATAN (BAHAGIAN 1 DAGING PAHA (KECUALI BATANG PINANG - TENDERLOIN)","1kg","Terengganu",15,10,14,0,1,14,0.00,36.00,36.00,0.00
2024,"ramadan_raya","after_raya",1555,"UDANG PUTIH/VANNAMEI (TERNAK) (ANTARA 41 HINGGA 60 EKOR SEKILOGRAM)","1kg","Johor",112,11,14,46,43,23,41.07,34.99,34.99,0.00
2024,"ramadan_raya","after_raya",1555,"UDANG PUTIH/VANNAMEI (TERNAK) (ANTARA 41 HINGGA 60 EKOR SEKILOGRAM)","1kg","Kedah",40,11,14,9,15,16,22.50,28.50,28.00,0.00
2024,"ramadan_raya","after_raya",1555,"UDANG PUTIH/VANNAMEI (TERNAK) (ANTARA 41 HINGGA 60 EKOR SEKILOGRAM)","1kg","Kelantan",68,11,14,29,24,15,42.65,33.00,32.20,0.00
2024,"ramadan_raya","after_raya",1555,"UDANG PUTIH/VANNAMEI (TERNAK) (ANTARA 41 HINGGA 60 EKOR SEKILOGRAM)","1kg","Melaka",19,11,14,5,10,4,26.32,35.90,35.90,-2.56
2024,"ramadan_raya","after_raya",1555,"UDANG PUTIH/VANNAMEI (TERNAK) (ANTARA 41 HINGGA 60 EKOR SEKILOGRAM)","1kg","Negeri Sembilan",23,11,14,8,8,7,34.78,34.00,34.00,0.00
2024,"ramadan_raya","after_raya",1555,"UDANG PUTIH/VANNAMEI (TERNAK) (ANTARA 41 HINGGA 60 EKOR SEKILOGRAM)","1kg","Pahang",74,11,14,26,31,17,35.14,37.24,36.95,0.00
2024,"ramadan_raya","after_raya",1555,"UDANG PUTIH/VANNAMEI (TERNAK) (ANTARA 41 HINGGA 60 EKOR SEKILOGRAM)","1kg","Perak",79,11,14,23,28,28,29.11,31.00,30.00,0.00
2024,"ramadan_raya","after_raya",1555,"UDANG PUTIH/VANNAMEI (TERNAK) (ANTARA 41 HINGGA 60 EKOR SEKILOGRAM)","1kg","Perlis",14,11,14,6,4,4,42.86,32.50,31.00,0.00
2024,"ramadan_raya","after_raya",1555,"UDANG PUTIH/VANNAMEI (TERNAK) (ANTARA 41 HINGGA 60 EKOR SEKILOGRAM)","1kg","Pulau Pinang",46,11,14,16,18,12,34.78,32.00,32.00,0.00
2024,"ramadan_raya","after_raya",1555,"UDANG PUTIH/VANNAMEI (TERNAK) (ANTARA 41 HINGGA 60 EKOR SEKILOGRAM)","1kg","Sabah",29,11,14,9,7,13,31.03,33.00,35.00,0.00
2024,"ramadan_raya","after_raya",1555,"UDANG PUTIH/VANNAMEI (TERNAK) (ANTARA 41 HINGGA 60 EKOR SEKILOGRAM)","1kg","Sarawak",37,11,14,14,12,11,37.84,36.00,36.00,0.00
2024,"ramadan_raya","after_raya",1555,"UDANG PUTIH/VANNAMEI (TERNAK) (ANTARA 41 HINGGA 60 EKOR SEKILOGRAM)","1kg","Selangor",77,11,14,32,22,23,41.56,32.00,32.00,0.00
2024,"ramadan_raya","after_raya",1555,"UDANG PUTIH/VANNAMEI (TERNAK) (ANTARA 41 HINGGA 60 EKOR SEKILOGRAM)","1kg","Terengganu",48,10,14,27,10,11,56.25,32.90,34.00,3.04
2024,"ramadan_raya","after_raya",1555,"UDANG PUTIH/VANNAMEI (TERNAK) (ANTARA 41 HINGGA 60 EKOR SEKILOGRAM)","1kg","W.P. Kuala Lumpur",78,11,14,26,26,26,33.33,36.45,36.00,0.00
2024,"ramadan_raya","after_raya",1555,"UDANG PUTIH/VANNAMEI (TERNAK) (ANTARA 41 HINGGA 60 EKOR SEKILOGRAM)","1kg","W.P. Putrajaya",17,11,14,6,5,6,35.29,39.50,39.90,0.00
2024,"ramadan_raya","after_raya",1564,"BAWANG PUTIH IMPORT (CHINA)","1kg","Johor",160,11,14,43,96,21,26.88,12.50,11.00,-7.73
2024,"ramadan_raya","after_raya",1564,"BAWANG PUTIH IMPORT (CHINA)","1kg","Kedah",67,11,14,13,42,12,19.40,12.00,11.00,-8.26
2024,"ramadan_raya","after_raya",1564,"BAWANG PUTIH IMPORT (CHINA)","1kg","Kelantan",59,11,14,14,35,10,23.73,12.00,11.00,-8.33
2024,"ramadan_raya","after_raya",1564,"BAWANG PUTIH IMPORT (CHINA)","1kg","Melaka",27,11,14,5,20,2,18.52,14.00,11.00,-13.33
2024,"ramadan_raya","after_raya",1564,"BAWANG PUTIH IMPORT (CHINA)","1kg","Negeri Sembilan",39,11,14,9,26,4,23.08,12.90,11.00,-9.26
2024,"ramadan_raya","after_raya",1564,"BAWANG PUTIH IMPORT (CHINA)","1kg","Pahang",90,11,14,18,58,14,20.00,12.00,11.00,-8.30
2024,"ramadan_raya","after_raya",1564,"BAWANG PUTIH IMPORT (CHINA)","1kg","Perak",105,11,14,15,83,7,14.29,12.99,11.00,-15.38
2024,"ramadan_raya","after_raya",1564,"BAWANG PUTIH IMPORT (CHINA)","1kg","Perlis",26,11,14,11,7,8,42.31,10.20,11.00,0.00
2024,"ramadan_raya","after_raya",1564,"BAWANG PUTIH IMPORT (CHINA)","1kg","Pulau Pinang",82,11,14,14,63,5,17.07,13.00,11.00,-15.38
2024,"ramadan_raya","after_raya",1564,"BAWANG PUTIH IMPORT (CHINA)","1kg","Sabah",125,11,14,36,33,56,28.80,10.50,10.90,0.00
2024,"ramadan_raya","after_raya",1564,"BAWANG PUTIH IMPORT (CHINA)","1kg","Sarawak",124,11,14,44,55,25,35.48,10.65,10.50,0.00
2024,"ramadan_raya","after_raya",1564,"BAWANG PUTIH IMPORT (CHINA)","1kg","Selangor",81,11,14,28,42,11,34.57,12.00,11.00,-3.85
2024,"ramadan_raya","after_raya",1564,"BAWANG PUTIH IMPORT (CHINA)","1kg","Terengganu",67,10,14,13,36,18,19.40,11.99,11.00,-4.17
2024,"ramadan_raya","after_raya",1564,"BAWANG PUTIH IMPORT (CHINA)","1kg","W.P. Kuala Lumpur",103,11,14,20,72,11,19.42,13.90,11.00,-15.40
2024,"ramadan_raya","after_raya",1564,"BAWANG PUTIH IMPORT (CHINA)","1kg","W.P. Labuan",14,11,14,7,7,0,50.00,10.50,11.00,-0.48
2024,"ramadan_raya","after_raya",1564,"BAWANG PUTIH IMPORT (CHINA)","1kg","W.P. Putrajaya",20,11,14,2,17,1,10.00,13.75,11.25,-12.94
2024,"ramadan_raya","early_ramadan",1,"AYAM BERSIH - STANDARD","1kg","Johor",140,11,12,125,2,13,89.29,8.12,8.69,6.57
2024,"ramadan_raya","early_ramadan",1,"AYAM BERSIH - STANDARD","1kg","Kedah",52,11,13,35,0,17,67.31,9.00,9.40,4.74
2024,"ramadan_raya","early_ramadan",1,"AYAM BERSIH - STANDARD","1kg","Kelantan",74,11,14,60,0,14,81.08,8.30,8.90,6.40
2024,"ramadan_raya","early_ramadan",1,"AYAM BERSIH - STANDARD","1kg","Melaka",19,11,13,16,0,3,84.21,8.50,8.99,4.71
2024,"ramadan_raya","early_ramadan",1,"AYAM BERSIH - STANDARD","1kg","Negeri Sembilan",32,11,14,24,0,8,75.00,8.10,8.60,3.85
2024,"ramadan_raya","early_ramadan",1,"AYAM BERSIH - STANDARD","1kg","Pahang",93,11,14,77,3,13,82.80,7.99,8.69,6.38
2024,"ramadan_raya","early_ramadan",1,"AYAM BERSIH - STANDARD","1kg","Perak",85,11,14,69,2,14,81.18,8.30,8.90,7.51
2024,"ramadan_raya","early_ramadan",1,"AYAM BERSIH - STANDARD","1kg","Perlis",17,11,14,15,0,2,88.24,8.70,9.25,5.56
2024,"ramadan_raya","early_ramadan",1,"AYAM BERSIH - STANDARD","1kg","Pulau Pinang",62,11,14,38,3,21,61.29,9.40,9.40,4.85
2024,"ramadan_raya","early_ramadan",1,"AYAM BERSIH - STANDARD","1kg","Sabah",8,11,14,2,0,6,25.00,12.45,13.00,0.00
2024,"ramadan_raya","early_ramadan",1,"AYAM BERSIH - STANDARD","1kg","Sarawak",11,11,13,0,1,10,0.00,11.30,11.30,0.00
2024,"ramadan_raya","early_ramadan",1,"AYAM BERSIH - STANDARD","1kg","Selangor",80,11,14,70,0,10,87.50,8.24,8.99,6.97
2024,"ramadan_raya","early_ramadan",1,"AYAM BERSIH - STANDARD","1kg","Terengganu",86,10,14,79,0,7,91.86,8.85,9.20,5.41
2024,"ramadan_raya","early_ramadan",1,"AYAM BERSIH - STANDARD","1kg","W.P. Kuala Lumpur",87,11,14,71,4,12,81.61,8.49,9.05,6.05
2024,"ramadan_raya","early_ramadan",1,"AYAM BERSIH - STANDARD","1kg","W.P. Putrajaya",17,11,14,15,1,1,88.24,8.40,8.99,6.79
2024,"ramadan_raya","early_ramadan",94,"CILI MERAH - MINYAK","1kg","Johor",71,11,12,14,36,21,19.72,13.90,13.99,-3.03
2024,"ramadan_raya","early_ramadan",94,"CILI MERAH - MINYAK","1kg","Kedah",19,11,13,3,10,6,15.79,13.99,13.99,-4.61
2024,"ramadan_raya","early_ramadan",94,"CILI MERAH - MINYAK","1kg","Kelantan",25,11,14,3,9,13,12.00,17.00,16.00,0.00
2024,"ramadan_raya","early_ramadan",94,"CILI MERAH - MINYAK","1kg","Melaka",5,11,13,0,2,3,0.00,9.90,8.90,0.00
2024,"ramadan_raya","early_ramadan",94,"CILI MERAH - MINYAK","1kg","Negeri Sembilan",33,11,14,5,18,10,15.15,12.99,13.50,-6.67
2024,"ramadan_raya","early_ramadan",94,"CILI MERAH - MINYAK","1kg","Pahang",87,11,14,9,41,37,10.34,14.99,13.99,0.00
2024,"ramadan_raya","early_ramadan",94,"CILI MERAH - MINYAK","1kg","Perak",50,11,14,7,30,13,14.00,13.99,13.99,-3.75
2024,"ramadan_raya","early_ramadan",94,"CILI MERAH - MINYAK","1kg","Perlis",19,11,14,2,2,15,10.53,15.90,16.00,0.00
2024,"ramadan_raya","early_ramadan",94,"CILI MERAH - MINYAK","1kg","Pulau Pinang",34,11,14,2,17,15,5.88,13.85,12.90,-2.00
2024,"ramadan_raya","early_ramadan",94,"CILI MERAH - MINYAK","1kg","Sabah",20,11,14,2,3,15,10.00,18.65,18.25,0.00
2024,"ramadan_raya","early_ramadan",94,"CILI MERAH - MINYAK","1kg","Sarawak",88,11,14,18,17,53,20.45,22.00,22.00,0.00
2024,"ramadan_raya","early_ramadan",94,"CILI MERAH - MINYAK","1kg","Selangor",68,11,14,12,27,29,17.65,13.00,13.00,0.00
2024,"ramadan_raya","early_ramadan",94,"CILI MERAH - MINYAK","1kg","Terengganu",47,10,14,9,22,16,19.15,14.00,13.99,0.00
2024,"ramadan_raya","early_ramadan",94,"CILI MERAH - MINYAK","1kg","W.P. Kuala Lumpur",80,11,14,12,34,34,15.00,13.84,13.80,0.00
2024,"ramadan_raya","early_ramadan",103,"SANTAN KELAPA SEGAR (BIASA)","1kg","Johor",27,11,12,4,1,22,14.81,8.40,8.50,0.00
2024,"ramadan_raya","early_ramadan",103,"SANTAN KELAPA SEGAR (BIASA)","1kg","Kedah",10,11,13,1,0,9,10.00,12.00,12.00,0.00
2024,"ramadan_raya","early_ramadan",103,"SANTAN KELAPA SEGAR (BIASA)","1kg","Kelantan",15,11,13,0,1,14,0.00,8.90,8.90,0.00
2024,"ramadan_raya","early_ramadan",103,"SANTAN KELAPA SEGAR (BIASA)","1kg","Negeri Sembilan",18,11,14,0,1,17,0.00,8.50,8.50,0.00
2024,"ramadan_raya","early_ramadan",103,"SANTAN KELAPA SEGAR (BIASA)","1kg","Pahang",35,11,14,0,1,34,0.00,6.90,6.90,0.00
2024,"ramadan_raya","early_ramadan",103,"SANTAN KELAPA SEGAR (BIASA)","1kg","Perak",40,11,14,1,2,37,2.50,9.40,9.40,0.00
2024,"ramadan_raya","early_ramadan",103,"SANTAN KELAPA SEGAR (BIASA)","1kg","Pulau Pinang",22,11,14,0,0,22,0.00,12.00,12.00,0.00
2024,"ramadan_raya","early_ramadan",103,"SANTAN KELAPA SEGAR (BIASA)","1kg","Selangor",37,11,14,1,1,35,2.70,6.90,6.99,0.00
2024,"ramadan_raya","early_ramadan",103,"SANTAN KELAPA SEGAR (BIASA)","1kg","Terengganu",9,10,14,1,0,8,11.11,11.00,11.00,0.00
2024,"ramadan_raya","early_ramadan",103,"SANTAN KELAPA SEGAR (BIASA)","1kg","W.P. Kuala Lumpur",40,11,14,1,0,39,2.50,6.55,6.55,0.00
2024,"ramadan_raya","early_ramadan",103,"SANTAN KELAPA SEGAR (BIASA)","1kg","W.P. Putrajaya",5,11,14,0,0,5,0.00,7.00,7.00,0.00
2024,"ramadan_raya","early_ramadan",114,"TOMATO","1kg","Johor",159,11,12,19,101,39,11.95,5.99,4.99,-12.66
2024,"ramadan_raya","early_ramadan",114,"TOMATO","1kg","Kedah",63,11,13,5,46,12,7.94,6.00,5.25,-12.50
2024,"ramadan_raya","early_ramadan",114,"TOMATO","1kg","Kelantan",81,11,14,9,44,28,11.11,5.90,5.00,-6.95
2024,"ramadan_raya","early_ramadan",114,"TOMATO","1kg","Melaka",23,11,13,1,15,7,4.35,5.99,5.00,-14.29
2024,"ramadan_raya","early_ramadan",114,"TOMATO","1kg","Negeri Sembilan",36,11,14,3,26,7,8.33,5.00,4.25,-15.38
2024,"ramadan_raya","early_ramadan",114,"TOMATO","1kg","Pahang",99,11,14,9,62,28,9.09,5.49,4.49,-16.67
2024,"ramadan_raya","early_ramadan",114,"TOMATO","1kg","Perak",93,11,14,16,46,31,17.20,5.50,5.00,0.00
2024,"ramadan_raya","early_ramadan",114,"TOMATO","1kg","Perlis",22,11,14,0,12,10,0.00,6.25,6.00,-2.01
2024,"ramadan_raya","early_ramadan",114,"TOMATO","1kg","Pulau Pinang",76,11,14,5,53,18,6.58,6.00,5.00,-15.49
2024,"ramadan_raya","early_ramadan",114,"TOMATO","1kg","Sabah",77,11,14,8,16,53,10.39,6.50,6.00,0.00
2024,"ramadan_raya","early_ramadan",114,"TOMATO","1kg","Sarawak",93,11,14,13,27,53,13.98,10.90,10.00,0.00
2024,"ramadan_raya","early_ramadan",114,"TOMATO","1kg","Selangor",83,11,14,2,65,16,2.41,5.50,4.49,-16.67
2024,"ramadan_raya","early_ramadan",114,"TOMATO","1kg","Terengganu",75,10,14,4,57,14,5.33,6.50,5.00,-22.22
2024,"ramadan_raya","early_ramadan",114,"TOMATO","1kg","W.P. Kuala Lumpur",113,11,14,8,78,27,7.08,5.90,5.00,-16.22
2024,"ramadan_raya","early_ramadan",114,"TOMATO","1kg","W.P. Labuan",9,11,14,2,2,5,22.22,6.30,6.30,0.00
2024,"ramadan_raya","early_ramadan",114,"TOMATO","1kg","W.P. Putrajaya",21,11,14,0,15,6,0.00,6.50,5.49,-18.35
2024,"ramadan_raya","early_ramadan",129,"BAWANG BESAR KUNING/HOLLAND","1kg","Johor",155,11,12,46,17,92,29.68,4.59,4.99,0.00
2024,"ramadan_raya","early_ramadan",129,"BAWANG BESAR KUNING/HOLLAND","1kg","Kedah",74,11,13,26,6,42,35.14,5.00,5.37,0.00
2024,"ramadan_raya","early_ramadan",129,"BAWANG BESAR KUNING/HOLLAND","1kg","Kelantan",126,11,14,32,4,90,25.40,5.50,5.78,0.00
2024,"ramadan_raya","early_ramadan",129,"BAWANG BESAR KUNING/HOLLAND","1kg","Melaka",26,11,13,4,2,20,15.38,5.00,5.00,0.00
2024,"ramadan_raya","early_ramadan",129,"BAWANG BESAR KUNING/HOLLAND","1kg","Negeri Sembilan",35,11,14,9,8,18,25.71,5.00,5.00,0.00
2024,"ramadan_raya","early_ramadan",129,"BAWANG BESAR KUNING/HOLLAND","1kg","Pahang",97,11,14,21,9,67,21.65,5.00,5.00,0.00
2024,"ramadan_raya","early_ramadan",129,"BAWANG BESAR KUNING/HOLLAND","1kg","Perak",98,11,14,47,16,35,47.96,4.80,5.49,0.00
2024,"ramadan_raya","early_ramadan",129,"BAWANG BESAR KUNING/HOLLAND","1kg","Perlis",35,11,14,16,3,16,45.71,4.50,5.00,0.00
2024,"ramadan_raya","early_ramadan",129,"BAWANG BESAR KUNING/HOLLAND","1kg","Pulau Pinang",75,11,14,23,12,40,30.67,5.00,5.49,0.00
2024,"ramadan_raya","early_ramadan",129,"BAWANG BESAR KUNING/HOLLAND","1kg","Sabah",132,11,14,20,16,96,15.15,6.00,6.00,0.00
2024,"ramadan_raya","early_ramadan",129,"BAWANG BESAR KUNING/HOLLAND","1kg","Sarawak",139,11,14,27,11,101,19.42,5.50,5.50,0.00
2024,"ramadan_raya","early_ramadan",129,"BAWANG BESAR KUNING/HOLLAND","1kg","Selangor",79,11,14,28,14,37,35.44,4.80,4.99,0.00
2024,"ramadan_raya","early_ramadan",129,"BAWANG BESAR KUNING/HOLLAND","1kg","Terengganu",102,10,14,25,3,74,24.51,5.00,5.48,0.00
2024,"ramadan_raya","early_ramadan",129,"BAWANG BESAR KUNING/HOLLAND","1kg","W.P. Kuala Lumpur",101,11,14,32,10,59,31.68,4.99,5.00,0.00
2024,"ramadan_raya","early_ramadan",129,"BAWANG BESAR KUNING/HOLLAND","1kg","W.P. Labuan",14,11,14,2,2,10,14.29,5.95,5.95,0.00
2024,"ramadan_raya","early_ramadan",129,"BAWANG BESAR KUNING/HOLLAND","1kg","W.P. Putrajaya",20,11,14,5,0,15,25.00,5.95,5.95,0.00
2024,"ramadan_raya","early_ramadan",917,"TEPUNG GANDUM NGP (BERBUNGKUS, CAP SAUH)","1kg","Pahang",99,4,5,17,3,79,17.17,3.38,3.40,0.00
2024,"ramadan_raya","early_ramadan",1111,"TELUR AYAM GRED C","30 biji","Johor",108,11,12,2,4,102,1.85,12.30,12.30,0.00
2024,"ramadan_raya","early_ramadan",1111,"TELUR AYAM GRED C","30 biji","Kedah",26,11,13,0,0,26,0.00,12.30,12.30,0.00
2024,"ramadan_raya","early_ramadan",1111,"TELUR AYAM GRED C","30 biji","Kelantan",43,11,14,0,0,43,0.00,12.30,12.30,0.00
2024,"ramadan_raya","early_ramadan",1111,"TELUR AYAM GRED C","30 biji","Melaka",14,11,13,0,0,14,0.00,12.30,12.30,0.00
2024,"ramadan_raya","early_ramadan",1111,"TELUR AYAM GRED C","30 biji","Negeri Sembilan",27,11,14,0,0,27,0.00,12.30,12.30,0.00
2024,"ramadan_raya","early_ramadan",1111,"TELUR AYAM GRED C","30 biji","Pahang",50,11,14,1,0,49,2.00,12.30,12.30,0.00
2024,"ramadan_raya","early_ramadan",1111,"TELUR AYAM GRED C","30 biji","Perak",45,11,14,0,0,45,0.00,12.30,12.30,0.00
2024,"ramadan_raya","early_ramadan",1111,"TELUR AYAM GRED C","30 biji","Pulau Pinang",30,11,14,0,0,30,0.00,12.30,12.30,0.00
2024,"ramadan_raya","early_ramadan",1111,"TELUR AYAM GRED C","30 biji","Sabah",24,11,14,0,0,24,0.00,14.70,14.70,0.00
2024,"ramadan_raya","early_ramadan",1111,"TELUR AYAM GRED C","30 biji","Sarawak",7,11,13,0,0,7,0.00,12.90,12.90,0.00
2024,"ramadan_raya","early_ramadan",1111,"TELUR AYAM GRED C","30 biji","Selangor",51,11,14,0,0,51,0.00,12.30,12.30,0.00
2024,"ramadan_raya","early_ramadan",1111,"TELUR AYAM GRED C","30 biji","Terengganu",45,10,14,0,0,45,0.00,12.30,12.30,0.00
2024,"ramadan_raya","early_ramadan",1111,"TELUR AYAM GRED C","30 biji","W.P. Kuala Lumpur",65,11,14,0,0,65,0.00,12.30,12.30,0.00
2024,"ramadan_raya","early_ramadan",1131,"UBI KENTANG IMPORT (CHINA)","1kg","Johor",142,11,12,38,14,90,26.76,3.18,3.25,0.00
2024,"ramadan_raya","early_ramadan",1131,"UBI KENTANG IMPORT (CHINA)","1kg","Kedah",44,11,13,5,5,34,11.36,3.50,3.50,0.00
2024,"ramadan_raya","early_ramadan",1131,"UBI KENTANG IMPORT (CHINA)","1kg","Kelantan",62,11,14,10,3,49,16.13,3.99,4.00,0.00
2024,"ramadan_raya","early_ramadan",1131,"UBI KENTANG IMPORT (CHINA)","1kg","Melaka",14,11,13,4,0,10,28.57,3.00,3.10,0.00
2024,"ramadan_raya","early_ramadan",1131,"UBI KENTANG IMPORT (CHINA)","1kg","Negeri Sembilan",26,11,14,5,0,21,19.23,3.05,3.05,0.00
2024,"ramadan_raya","early_ramadan",1131,"UBI KENTANG IMPORT (CHINA)","1kg","Pahang",91,11,14,8,6,77,8.79,3.49,3.49,0.00
2024,"ramadan_raya","early_ramadan",1131,"UBI KENTANG IMPORT (CHINA)","1kg","Perak",93,11,14,16,11,66,17.20,3.50,3.50,0.00
2024,"ramadan_raya","early_ramadan",1131,"UBI KENTANG IMPORT (CHINA)","1kg","Perlis",29,11,14,5,1,23,17.24,3.90,4.00,0.00
2024,"ramadan_raya","early_ramadan",1131,"UBI KENTANG IMPORT (CHINA)","1kg","Pulau Pinang",68,11,14,12,9,47,17.65,3.50,3.80,0.00
2024,"ramadan_raya","early_ramadan",1131,"UBI KENTANG IMPORT (CHINA)","1kg","Sabah",114,11,14,9,13,92,7.89,3.99,3.99,0.00
2024,"ramadan_raya","early_ramadan",1131,"UBI KENTANG IMPORT (CHINA)","1kg","Sarawak",136,11,14,17,13,106,12.50,3.90,3.90,0.00
2024,"ramadan_raya","early_ramadan",1131,"UBI KENTANG IMPORT (CHINA)","1kg","Selangor",75,11,14,20,9,46,26.67,2.99,2.90,0.00
2024,"ramadan_raya","early_ramadan",1131,"UBI KENTANG IMPORT (CHINA)","1kg","Terengganu",74,10,14,8,8,58,10.81,3.50,3.49,0.00
2024,"ramadan_raya","early_ramadan",1131,"UBI KENTANG IMPORT (CHINA)","1kg","W.P. Kuala Lumpur",83,11,14,20,7,56,24.10,3.20,3.20,0.00
2024,"ramadan_raya","early_ramadan",1131,"UBI KENTANG IMPORT (CHINA)","1kg","W.P. Labuan",13,11,14,4,1,8,30.77,3.90,4.00,0.00
2024,"ramadan_raya","early_ramadan",1131,"UBI KENTANG IMPORT (CHINA)","1kg","W.P. Putrajaya",21,11,14,6,1,14,28.57,3.90,4.00,0.00
2024,"ramadan_raya","early_ramadan",1431,"DAGING LEMBU TEMPATAN (BAHAGIAN 1 DAGING PAHA (KECUALI BATANG PINANG - TENDERLOIN)","1kg","Johor",11,11,12,0,1,10,0.00,41.00,41.00,0.00
2024,"ramadan_raya","early_ramadan",1431,"DAGING LEMBU TEMPATAN (BAHAGIAN 1 DAGING PAHA (KECUALI BATANG PINANG - TENDERLOIN)","1kg","Kedah",12,11,13,0,1,11,0.00,39.00,39.00,0.00
2024,"ramadan_raya","early_ramadan",1431,"DAGING LEMBU TEMPATAN (BAHAGIAN 1 DAGING PAHA (KECUALI BATANG PINANG - TENDERLOIN)","1kg","Kelantan",18,11,14,0,0,18,0.00,34.00,34.00,0.00
2024,"ramadan_raya","early_ramadan",1431,"DAGING LEMBU TEMPATAN (BAHAGIAN 1 DAGING PAHA (KECUALI BATANG PINANG - TENDERLOIN)","1kg","Melaka",7,11,13,0,1,6,0.00,40.00,40.00,0.00
2024,"ramadan_raya","early_ramadan",1431,"DAGING LEMBU TEMPATAN (BAHAGIAN 1 DAGING PAHA (KECUALI BATANG PINANG - TENDERLOIN)","1kg","Negeri Sembilan",7,11,14,1,1,5,14.29,40.00,40.00,0.00
2024,"ramadan_raya","early_ramadan",1431,"DAGING LEMBU TEMPATAN (BAHAGIAN 1 DAGING PAHA (KECUALI BATANG PINANG - TENDERLOIN)","1kg","Pahang",9,11,14,0,0,9,0.00,38.00,38.00,0.00
2024,"ramadan_raya","early_ramadan",1431,"DAGING LEMBU TEMPATAN (BAHAGIAN 1 DAGING PAHA (KECUALI BATANG PINANG - TENDERLOIN)","1kg","Perak",20,11,14,1,0,19,5.00,38.00,38.00,0.00
2024,"ramadan_raya","early_ramadan",1431,"DAGING LEMBU TEMPATAN (BAHAGIAN 1 DAGING PAHA (KECUALI BATANG PINANG - TENDERLOIN)","1kg","Pulau Pinang",18,11,14,0,0,18,0.00,40.00,40.00,0.00
2024,"ramadan_raya","early_ramadan",1431,"DAGING LEMBU TEMPATAN (BAHAGIAN 1 DAGING PAHA (KECUALI BATANG PINANG - TENDERLOIN)","1kg","Selangor",13,11,14,2,0,11,15.38,39.00,40.00,0.00
2024,"ramadan_raya","early_ramadan",1431,"DAGING LEMBU TEMPATAN (BAHAGIAN 1 DAGING PAHA (KECUALI BATANG PINANG - TENDERLOIN)","1kg","Terengganu",16,10,14,0,0,16,0.00,36.00,36.00,0.00
2024,"ramadan_raya","early_ramadan",1431,"DAGING LEMBU TEMPATAN (BAHAGIAN 1 DAGING PAHA (KECUALI BATANG PINANG - TENDERLOIN)","1kg","W.P. Kuala Lumpur",6,11,14,1,0,5,16.67,43.15,43.15,0.00
2024,"ramadan_raya","early_ramadan",1555,"UDANG PUTIH/VANNAMEI (TERNAK) (ANTARA 41 HINGGA 60 EKOR SEKILOGRAM)","1kg","Johor",114,11,12,49,38,27,42.98,34.95,35.00,0.00
2024,"ramadan_raya","early_ramadan",1555,"UDANG PUTIH/VANNAMEI (TERNAK) (ANTARA 41 HINGGA 60 EKOR SEKILOGRAM)","1kg","Kedah",41,11,13,14,10,17,34.15,28.99,29.00,0.00
2024,"ramadan_raya","early_ramadan",1555,"UDANG PUTIH/VANNAMEI (TERNAK) (ANTARA 41 HINGGA 60 EKOR SEKILOGRAM)","1kg","Kelantan",70,11,14,26,21,23,37.14,33.23,32.25,0.00
2024,"ramadan_raya","early_ramadan",1555,"UDANG PUTIH/VANNAMEI (TERNAK) (ANTARA 41 HINGGA 60 EKOR SEKILOGRAM)","1kg","Melaka",19,11,13,6,11,2,31.58,35.90,36.00,-2.87
2024,"ramadan_raya","early_ramadan",1555,"UDANG PUTIH/VANNAMEI (TERNAK) (ANTARA 41 HINGGA 60 EKOR SEKILOGRAM)","1kg","Negeri Sembilan",23,11,14,7,7,9,30.43,34.00,33.99,0.00
2024,"ramadan_raya","early_ramadan",1555,"UDANG PUTIH/VANNAMEI (TERNAK) (ANTARA 41 HINGGA 60 EKOR SEKILOGRAM)","1kg","Pahang",78,11,14,25,25,28,32.05,37.24,36.99,0.00
2024,"ramadan_raya","early_ramadan",1555,"UDANG PUTIH/VANNAMEI (TERNAK) (ANTARA 41 HINGGA 60 EKOR SEKILOGRAM)","1kg","Perak",79,11,14,27,23,29,34.18,31.49,30.49,0.00
2024,"ramadan_raya","early_ramadan",1555,"UDANG PUTIH/VANNAMEI (TERNAK) (ANTARA 41 HINGGA 60 EKOR SEKILOGRAM)","1kg","Perlis",14,11,14,1,9,4,7.14,32.50,30.45,-3.52
2024,"ramadan_raya","early_ramadan",1555,"UDANG PUTIH/VANNAMEI (TERNAK) (ANTARA 41 HINGGA 60 EKOR SEKILOGRAM)","1kg","Pulau Pinang",45,11,14,18,9,18,40.00,32.00,32.00,0.00
2024,"ramadan_raya","early_ramadan",1555,"UDANG PUTIH/VANNAMEI (TERNAK) (ANTARA 41 HINGGA 60 EKOR SEKILOGRAM)","1kg","Sabah",30,11,14,7,9,14,23.33,33.00,33.00,0.00
2024,"ramadan_raya","early_ramadan",1555,"UDANG PUTIH/VANNAMEI (TERNAK) (ANTARA 41 HINGGA 60 EKOR SEKILOGRAM)","1kg","Sarawak",36,11,14,4,12,20,11.11,35.95,35.45,0.00
2024,"ramadan_raya","early_ramadan",1555,"UDANG PUTIH/VANNAMEI (TERNAK) (ANTARA 41 HINGGA 60 EKOR SEKILOGRAM)","1kg","Selangor",76,11,14,17,21,38,22.37,32.00,31.00,0.00
2024,"ramadan_raya","early_ramadan",1555,"UDANG PUTIH/VANNAMEI (TERNAK) (ANTARA 41 HINGGA 60 EKOR SEKILOGRAM)","1kg","Terengganu",58,10,14,20,17,21,34.48,33.00,32.25,0.00
2024,"ramadan_raya","early_ramadan",1555,"UDANG PUTIH/VANNAMEI (TERNAK) (ANTARA 41 HINGGA 60 EKOR SEKILOGRAM)","1kg","W.P. Kuala Lumpur",81,11,14,28,29,24,34.57,36.00,36.00,0.00
2024,"ramadan_raya","early_ramadan",1555,"UDANG PUTIH/VANNAMEI (TERNAK) (ANTARA 41 HINGGA 60 EKOR SEKILOGRAM)","1kg","W.P. Putrajaya",17,11,14,3,5,9,17.65,39.50,39.90,0.00
2024,"ramadan_raya","early_ramadan",1564,"BAWANG PUTIH IMPORT (CHINA)","1kg","Johor",165,11,12,55,19,91,33.33,12.50,12.89,0.00
2024,"ramadan_raya","early_ramadan",1564,"BAWANG PUTIH IMPORT (CHINA)","1kg","Kedah",71,11,13,17,10,44,23.94,12.00,12.50,0.00
2024,"ramadan_raya","early_ramadan",1564,"BAWANG PUTIH IMPORT (CHINA)","1kg","Kelantan",64,11,14,17,7,40,26.56,11.56,12.00,0.00
2024,"ramadan_raya","early_ramadan",1564,"BAWANG PUTIH IMPORT (CHINA)","1kg","Melaka",27,11,13,11,1,15,40.74,14.00,14.00,0.00
2024,"ramadan_raya","early_ramadan",1564,"BAWANG PUTIH IMPORT (CHINA)","1kg","Negeri Sembilan",41,11,14,11,5,25,26.83,12.99,13.00,0.00
2024,"ramadan_raya","early_ramadan",1564,"BAWANG PUTIH IMPORT (CHINA)","1kg","Pahang",93,11,14,26,5,62,27.96,12.00,12.99,0.00
2024,"ramadan_raya","early_ramadan",1564,"BAWANG PUTIH IMPORT (CHINA)","1kg","Perak",106,11,14,31,14,61,29.25,12.99,13.00,0.00
2024,"ramadan_raya","early_ramadan",1564,"BAWANG PUTIH IMPORT (CHINA)","1kg","Perlis",25,11,14,5,1,19,20.00,10.00,10.00,0.00
2024,"ramadan_raya","early_ramadan",1564,"BAWANG PUTIH IMPORT (CHINA)","1kg","Pulau Pinang",82,11,14,23,10,49,28.05,13.00,13.00,0.00
2024,"ramadan_raya","early_ramadan",1564,"BAWANG PUTIH IMPORT (CHINA)","1kg","Sabah",129,11,14,12,9,108,9.30,10.50,10.50,0.00
2024,"ramadan_raya","early_ramadan",1564,"BAWANG PUTIH IMPORT (CHINA)","1kg","Sarawak",134,11,14,28,11,95,20.90,10.90,10.90,0.00
2024,"ramadan_raya","early_ramadan",1564,"BAWANG PUTIH IMPORT (CHINA)","1kg","Selangor",79,11,14,23,8,48,29.11,12.00,12.50,0.00
2024,"ramadan_raya","early_ramadan",1564,"BAWANG PUTIH IMPORT (CHINA)","1kg","Terengganu",69,10,14,14,7,48,20.29,11.99,11.99,0.00
2024,"ramadan_raya","early_ramadan",1564,"BAWANG PUTIH IMPORT (CHINA)","1kg","W.P. Kuala Lumpur",100,11,14,33,9,58,33.00,13.90,14.00,0.00
2024,"ramadan_raya","early_ramadan",1564,"BAWANG PUTIH IMPORT (CHINA)","1kg","W.P. Labuan",14,11,14,3,2,9,21.43,10.50,10.75,0.00
2024,"ramadan_raya","early_ramadan",1564,"BAWANG PUTIH IMPORT (CHINA)","1kg","W.P. Putrajaya",19,11,14,4,1,14,21.05,13.90,14.30,0.00
2024,"ramadan_raya","raya_lead_up",1,"AYAM BERSIH - STANDARD","1kg","Johor",137,11,14,96,24,17,70.07,8.10,8.44,2.25
2024,"ramadan_raya","raya_lead_up",1,"AYAM BERSIH - STANDARD","1kg","Kedah",52,11,14,26,5,21,50.00,9.00,9.40,0.60
2024,"ramadan_raya","raya_lead_up",1,"AYAM BERSIH - STANDARD","1kg","Kelantan",73,11,12,51,7,15,69.86,8.30,8.70,3.85
2024,"ramadan_raya","raya_lead_up",1,"AYAM BERSIH - STANDARD","1kg","Melaka",19,11,14,11,3,5,57.89,8.50,8.90,1.61
2024,"ramadan_raya","raya_lead_up",1,"AYAM BERSIH - STANDARD","1kg","Negeri Sembilan",32,11,14,16,8,8,50.00,8.10,8.45,0.91
2024,"ramadan_raya","raya_lead_up",1,"AYAM BERSIH - STANDARD","1kg","Pahang",91,11,13,59,8,24,64.84,7.99,8.49,2.56
2024,"ramadan_raya","raya_lead_up",1,"AYAM BERSIH - STANDARD","1kg","Perak",84,11,13,53,14,17,63.10,8.32,8.65,2.88
2024,"ramadan_raya","raya_lead_up",1,"AYAM BERSIH - STANDARD","1kg","Perlis",17,11,13,13,2,2,76.47,8.70,8.99,2.55
2024,"ramadan_raya","raya_lead_up",1,"AYAM BERSIH - STANDARD","1kg","Pulau Pinang",62,11,13,30,9,23,48.39,9.40,9.40,0.00
2024,"ramadan_raya","raya_lead_up",1,"AYAM BERSIH - STANDARD","1kg","Sabah",7,11,13,2,0,5,28.57,11.90,13.00,0.00
2024,"ramadan_raya","raya_lead_up",1,"AYAM BERSIH - STANDARD","1kg","Sarawak",9,11,13,0,1,8,0.00,10.95,10.95,0.00
2024,"ramadan_raya","raya_lead_up",1,"AYAM BERSIH - STANDARD","1kg","Selangor",79,11,13,57,9,13,72.15,8.29,8.69,3.02
2024,"ramadan_raya","raya_lead_up",1,"AYAM BERSIH - STANDARD","1kg","Terengganu",84,10,13,70,4,10,83.33,8.85,8.99,3.15
2024,"ramadan_raya","raya_lead_up",1,"AYAM BERSIH - STANDARD","1kg","W.P. Kuala Lumpur",89,11,13,60,9,20,67.42,8.49,8.99,2.70
2024,"ramadan_raya","raya_lead_up",1,"AYAM BERSIH - STANDARD","1kg","W.P. Putrajaya",16,11,13,14,1,1,87.50,8.43,8.99,2.99
2024,"ramadan_raya","raya_lead_up",94,"CILI MERAH - MINYAK","1kg","Johor",67,11,14,7,54,6,10.45,13.80,10.79,-15.18
2024,"ramadan_raya","raya_lead_up",94,"CILI MERAH - MINYAK","1kg","Kedah",19,11,14,1,16,2,5.26,13.99,10.99,-27.79
2024,"ramadan_raya","raya_lead_up",94,"CILI MERAH - MINYAK","1kg","Kelantan",25,11,12,1,14,10,4.00,17.00,16.00,-5.56
2024,"ramadan_raya","raya_lead_up",94,"CILI MERAH - MINYAK","1kg","Negeri Sembilan",32,11,14,1,27,4,3.13,12.99,11.49,-14.48
2024,"ramadan_raya","raya_lead_up",94,"CILI MERAH - MINYAK","1kg","Pahang",83,11,13,4,60,19,4.82,14.99,11.40,-14.29
2024,"ramadan_raya","raya_lead_up",94,"CILI MERAH - MINYAK","1kg","Perak",50,11,13,4,43,3,8.00,13.99,12.00,-15.51
2024,"ramadan_raya","raya_lead_up",94,"CILI MERAH - MINYAK","1kg","Perlis",15,11,13,2,7,6,13.33,15.90,12.00,0.00
2024,"ramadan_raya","raya_lead_up",94,"CILI MERAH - MINYAK","1kg","Pulau Pinang",32,11,13,2,25,5,6.25,13.40,10.64,-23.73
2024,"ramadan_raya","raya_lead_up",94,"CILI MERAH - MINYAK","1kg","Sabah",19,11,13,7,6,6,36.84,18.00,17.99,0.00
2024,"ramadan_raya","raya_lead_up",94,"CILI MERAH - MINYAK","1kg","Sarawak",83,11,14,15,26,42,18.07,22.00,20.00,0.00
2024,"ramadan_raya","raya_lead_up",94,"CILI MERAH - MINYAK","1kg","Selangor",69,11,13,4,49,16,5.80,13.00,11.49,-15.38
2024,"ramadan_raya","raya_lead_up",94,"CILI MERAH - MINYAK","1kg","Terengganu",44,10,13,3,35,6,6.82,13.99,12.99,-16.67
2024,"ramadan_raya","raya_lead_up",94,"CILI MERAH - MINYAK","1kg","W.P. Kuala Lumpur",80,11,13,5,62,13,6.25,13.89,12.00,-14.31
2024,"ramadan_raya","raya_lead_up",103,"SANTAN KELAPA SEGAR (BIASA)","1kg","Johor",25,11,14,1,1,23,4.00,8.40,8.50,0.00
2024,"ramadan_raya","raya_lead_up",103,"SANTAN KELAPA SEGAR (BIASA)","1kg","Kedah",10,11,14,2,0,8,20.00,12.00,12.00,0.00
2024,"ramadan_raya","raya_lead_up",103,"SANTAN KELAPA SEGAR (BIASA)","1kg","Kelantan",14,11,12,0,1,13,0.00,8.90,8.70,0.00
2024,"ramadan_raya","raya_lead_up",103,"SANTAN KELAPA SEGAR (BIASA)","1kg","Negeri Sembilan",18,11,14,0,1,17,0.00,8.50,8.50,0.00
2024,"ramadan_raya","raya_lead_up",103,"SANTAN KELAPA SEGAR (BIASA)","1kg","Pahang",34,11,13,1,1,32,2.94,6.90,6.90,0.00
2024,"ramadan_raya","raya_lead_up",103,"SANTAN KELAPA SEGAR (BIASA)","1kg","Perak",39,11,13,1,4,34,2.56,9.80,9.80,0.00
2024,"ramadan_raya","raya_lead_up",103,"SANTAN KELAPA SEGAR (BIASA)","1kg","Pulau Pinang",22,11,13,1,0,21,4.55,12.00,12.00,0.00
2024,"ramadan_raya","raya_lead_up",103,"SANTAN KELAPA SEGAR (BIASA)","1kg","Selangor",37,11,13,1,2,34,2.70,6.90,6.90,0.00
2024,"ramadan_raya","raya_lead_up",103,"SANTAN KELAPA SEGAR (BIASA)","1kg","Terengganu",9,10,13,2,0,7,22.22,11.00,11.00,0.00
2024,"ramadan_raya","raya_lead_up",103,"SANTAN KELAPA SEGAR (BIASA)","1kg","W.P. Kuala Lumpur",38,11,13,1,1,36,2.63,6.35,6.40,0.00
2024,"ramadan_raya","raya_lead_up",103,"SANTAN KELAPA SEGAR (BIASA)","1kg","W.P. Putrajaya",5,11,13,0,0,5,0.00,7.00,7.00,0.00
2024,"ramadan_raya","raya_lead_up",114,"TOMATO","1kg","Johor",155,11,14,5,137,13,3.23,5.99,3.99,-30.43
2024,"ramadan_raya","raya_lead_up",114,"TOMATO","1kg","Kedah",63,11,14,3,56,4,4.76,6.00,4.50,-26.87
2024,"ramadan_raya","raya_lead_up",114,"TOMATO","1kg","Kelantan",81,11,12,2,59,20,2.47,5.90,3.99,-25.00
2024,"ramadan_raya","raya_lead_up",114,"TOMATO","1kg","Melaka",24,11,14,0,22,2,0.00,6.00,4.75,-28.21
2024,"ramadan_raya","raya_lead_up",114,"TOMATO","1kg","Negeri Sembilan",35,11,14,1,30,4,2.86,5.00,3.50,-33.39
2024,"ramadan_raya","raya_lead_up",114,"TOMATO","1kg","Pahang",97,11,13,1,86,10,1.03,5.49,3.90,-33.33
2024,"ramadan_raya","raya_lead_up",114,"TOMATO","1kg","Perak",93,11,13,6,75,12,6.45,5.50,4.00,-28.57
2024,"ramadan_raya","raya_lead_up",114,"TOMATO","1kg","Perlis",23,11,13,0,16,7,0.00,6.50,6.00,-20.00
2024,"ramadan_raya","raya_lead_up",114,"TOMATO","1kg","Pulau Pinang",76,11,13,1,65,10,1.32,6.00,4.75,-28.57
2024,"ramadan_raya","raya_lead_up",114,"TOMATO","1kg","Sabah",75,11,13,15,20,40,20.00,6.50,6.00,0.00
2024,"ramadan_raya","raya_lead_up",114,"TOMATO","1kg","Sarawak",91,11,14,11,43,37,12.09,10.90,9.70,0.00
2024,"ramadan_raya","raya_lead_up",114,"TOMATO","1kg","Selangor",83,11,13,1,76,6,1.20,5.50,3.50,-34.15
2024,"ramadan_raya","raya_lead_up",114,"TOMATO","1kg","Terengganu",72,10,13,0,68,4,0.00,6.43,3.97,-33.68
2024,"ramadan_raya","raya_lead_up",114,"TOMATO","1kg","W.P. Kuala Lumpur",113,11,13,2,97,14,1.77,5.90,3.90,-30.00
2024,"ramadan_raya","raya_lead_up",114,"TOMATO","1kg","W.P. Labuan",8,11,13,2,3,3,25.00,6.15,6.00,0.00
2024,"ramadan_raya","raya_lead_up",114,"TOMATO","1kg","W.P. Putrajaya",21,11,13,0,20,1,0.00,6.50,3.95,-31.58
2024,"ramadan_raya","raya_lead_up",129,"BAWANG BESAR KUNING/HOLLAND","1kg","Johor",150,11,14,64,20,66,42.67,4.55,4.99,0.00
2024,"ramadan_raya","raya_lead_up",129,"BAWANG BESAR KUNING/HOLLAND","1kg","Kedah",73,11,14,30,9,34,41.10,5.00,5.50,0.00
2024,"ramadan_raya","raya_lead_up",129,"BAWANG BESAR KUNING/HOLLAND","1kg","Kelantan",121,11,12,34,7,80,28.10,5.50,5.99,0.00
2024,"ramadan_raya","raya_lead_up",129,"BAWANG BESAR KUNING/HOLLAND","1kg","Melaka",26,11,14,9,3,14,34.62,5.00,5.25,0.00
2024,"ramadan_raya","raya_lead_up",129,"BAWANG BESAR KUNING/HOLLAND","1kg","Negeri Sembilan",35,11,14,11,7,17,31.43,5.00,5.00,0.00
2024,"ramadan_raya","raya_lead_up",129,"BAWANG BESAR KUNING/HOLLAND","1kg","Pahang",93,11,13,32,5,56,34.41,4.99,5.00,0.00
2024,"ramadan_raya","raya_lead_up",129,"BAWANG BESAR KUNING/HOLLAND","1kg","Perak",96,11,13,52,13,31,54.17,4.80,5.00,3.96
2024,"ramadan_raya","raya_lead_up",129,"BAWANG BESAR KUNING/HOLLAND","1kg","Perlis",34,11,13,17,2,15,50.00,4.50,5.50,4.69
2024,"ramadan_raya","raya_lead_up",129,"BAWANG BESAR KUNING/HOLLAND","1kg","Pulau Pinang",75,11,13,29,10,36,38.67,5.00,5.49,0.00
2024,"ramadan_raya","raya_lead_up",129,"BAWANG BESAR KUNING/HOLLAND","1kg","Sabah",130,11,13,28,22,80,21.54,6.00,6.00,0.00
2024,"ramadan_raya","raya_lead_up",129,"BAWANG BESAR KUNING/HOLLAND","1kg","Sarawak",139,11,14,37,20,82,26.62,5.50,5.50,0.00
2024,"ramadan_raya","raya_lead_up",129,"BAWANG BESAR KUNING/HOLLAND","1kg","Selangor",78,11,13,31,11,36,39.74,4.80,4.99,0.00
2024,"ramadan_raya","raya_lead_up",129,"BAWANG BESAR KUNING/HOLLAND","1kg","Terengganu",103,10,13,42,4,57,40.78,5.00,5.50,0.00
2024,"ramadan_raya","raya_lead_up",129,"BAWANG BESAR KUNING/HOLLAND","1kg","W.P. Kuala Lumpur",100,11,13,44,12,44,44.00,4.95,5.00,0.00
2024,"ramadan_raya","raya_lead_up",129,"BAWANG BESAR KUNING/HOLLAND","1kg","W.P. Labuan",14,11,13,2,3,9,14.29,5.95,5.90,0.00
2024,"ramadan_raya","raya_lead_up",129,"BAWANG BESAR KUNING/HOLLAND","1kg","W.P. Putrajaya",19,11,13,4,2,13,21.05,5.99,6.00,0.00
2024,"ramadan_raya","raya_lead_up",917,"TEPUNG GANDUM NGP (BERBUNGKUS, CAP SAUH)","1kg","Pahang",96,4,4,12,10,74,12.50,3.34,3.35,0.00
2024,"ramadan_raya","raya_lead_up",1111,"TELUR AYAM GRED C","30 biji","Johor",101,11,14,0,7,94,0.00,12.30,12.30,0.00
2024,"ramadan_raya","raya_lead_up",1111,"TELUR AYAM GRED C","30 biji","Kedah",26,11,14,0,1,25,0.00,12.30,12.30,0.00
2024,"ramadan_raya","raya_lead_up",1111,"TELUR AYAM GRED C","30 biji","Kelantan",41,11,12,0,0,41,0.00,12.30,12.30,0.00
2024,"ramadan_raya","raya_lead_up",1111,"TELUR AYAM GRED C","30 biji","Melaka",13,11,14,0,1,12,0.00,12.30,12.30,0.00
2024,"ramadan_raya","raya_lead_up",1111,"TELUR AYAM GRED C","30 biji","Negeri Sembilan",27,11,14,0,1,26,0.00,12.30,12.30,0.00
2024,"ramadan_raya","raya_lead_up",1111,"TELUR AYAM GRED C","30 biji","Pahang",53,11,13,1,1,51,1.89,12.30,12.30,0.00
2024,"ramadan_raya","raya_lead_up",1111,"TELUR AYAM GRED C","30 biji","Perak",46,11,13,0,1,45,0.00,12.30,12.30,0.00
2024,"ramadan_raya","raya_lead_up",1111,"TELUR AYAM GRED C","30 biji","Perlis",5,11,13,1,1,3,20.00,12.30,12.30,0.00
2024,"ramadan_raya","raya_lead_up",1111,"TELUR AYAM GRED C","30 biji","Pulau Pinang",30,11,13,0,0,30,0.00,12.30,12.30,0.00
2024,"ramadan_raya","raya_lead_up",1111,"TELUR AYAM GRED C","30 biji","Sabah",21,11,13,0,0,21,0.00,14.70,14.70,0.00
2024,"ramadan_raya","raya_lead_up",1111,"TELUR AYAM GRED C","30 biji","Sarawak",7,10,13,0,0,7,0.00,12.90,12.90,0.00
2024,"ramadan_raya","raya_lead_up",1111,"TELUR AYAM GRED C","30 biji","Selangor",50,11,13,1,2,47,2.00,12.30,12.30,0.00
2024,"ramadan_raya","raya_lead_up",1111,"TELUR AYAM GRED C","30 biji","Terengganu",46,10,13,0,0,46,0.00,12.30,12.30,0.00
2024,"ramadan_raya","raya_lead_up",1111,"TELUR AYAM GRED C","30 biji","W.P. Kuala Lumpur",66,11,13,0,5,61,0.00,12.30,12.30,0.00
2024,"ramadan_raya","raya_lead_up",1131,"UBI KENTANG IMPORT (CHINA)","1kg","Johor",137,11,14,30,23,84,21.90,3.20,3.29,0.00
2024,"ramadan_raya","raya_lead_up",1131,"UBI KENTANG IMPORT (CHINA)","1kg","Kedah",42,11,14,2,11,29,4.76,3.50,3.50,0.00
2024,"ramadan_raya","raya_lead_up",1131,"UBI KENTANG IMPORT (CHINA)","1kg","Kelantan",56,11,12,10,13,33,17.86,3.99,4.00,0.00
2024,"ramadan_raya","raya_lead_up",1131,"UBI KENTANG IMPORT (CHINA)","1kg","Melaka",18,11,14,1,4,13,5.56,2.99,3.00,0.00
2024,"ramadan_raya","raya_lead_up",1131,"UBI KENTANG IMPORT (CHINA)","1kg","Negeri Sembilan",26,11,14,6,7,13,23.08,3.05,2.60,0.00
2024,"ramadan_raya","raya_lead_up",1131,"UBI KENTANG IMPORT (CHINA)","1kg","Pahang",91,11,13,15,11,65,16.48,3.49,3.49,0.00
2024,"ramadan_raya","raya_lead_up",1131,"UBI KENTANG IMPORT (CHINA)","1kg","Perak",93,11,13,17,18,58,18.28,3.50,3.50,0.00
2024,"ramadan_raya","raya_lead_up",1131,"UBI KENTANG IMPORT (CHINA)","1kg","Perlis",29,11,13,6,0,23,20.69,3.90,3.99,0.00
2024,"ramadan_raya","raya_lead_up",1131,"UBI KENTANG IMPORT (CHINA)","1kg","Pulau Pinang",71,11,13,9,15,47,12.68,3.50,3.50,0.00
2024,"ramadan_raya","raya_lead_up",1131,"UBI KENTANG IMPORT (CHINA)","1kg","Sabah",113,11,13,19,22,72,16.81,3.99,3.99,0.00
2024,"ramadan_raya","raya_lead_up",1131,"UBI KENTANG IMPORT (CHINA)","1kg","Sarawak",135,11,14,23,19,93,17.04,3.90,3.80,0.00
2024,"ramadan_raya","raya_lead_up",1131,"UBI KENTANG IMPORT (CHINA)","1kg","Selangor",74,11,13,11,18,45,14.86,2.95,2.90,0.00
2024,"ramadan_raya","raya_lead_up",1131,"UBI KENTANG IMPORT (CHINA)","1kg","Terengganu",74,10,13,12,13,49,16.22,3.50,3.49,0.00
2024,"ramadan_raya","raya_lead_up",1131,"UBI KENTANG IMPORT (CHINA)","1kg","W.P. Kuala Lumpur",84,11,13,16,18,50,19.05,3.20,3.00,0.00
2024,"ramadan_raya","raya_lead_up",1131,"UBI KENTANG IMPORT (CHINA)","1kg","W.P. Labuan",13,11,13,4,2,7,30.77,3.90,4.00,0.00
2024,"ramadan_raya","raya_lead_up",1131,"UBI KENTANG IMPORT (CHINA)","1kg","W.P. Putrajaya",21,11,13,5,3,13,23.81,3.90,4.20,0.00
2024,"ramadan_raya","raya_lead_up",1431,"DAGING LEMBU TEMPATAN (BAHAGIAN 1 DAGING PAHA (KECUALI BATANG PINANG - TENDERLOIN)","1kg","Johor",12,11,14,1,2,9,8.33,40.50,40.50,0.00
2024,"ramadan_raya","raya_lead_up",1431,"DAGING LEMBU TEMPATAN (BAHAGIAN 1 DAGING PAHA (KECUALI BATANG PINANG - TENDERLOIN)","1kg","Kedah",12,11,14,0,1,11,0.00,39.00,39.00,0.00
2024,"ramadan_raya","raya_lead_up",1431,"DAGING LEMBU TEMPATAN (BAHAGIAN 1 DAGING PAHA (KECUALI BATANG PINANG - TENDERLOIN)","1kg","Kelantan",18,11,12,0,1,17,0.00,34.00,33.50,0.00
2024,"ramadan_raya","raya_lead_up",1431,"DAGING LEMBU TEMPATAN (BAHAGIAN 1 DAGING PAHA (KECUALI BATANG PINANG - TENDERLOIN)","1kg","Melaka",7,11,14,0,1,6,0.00,40.00,40.00,0.00
2024,"ramadan_raya","raya_lead_up",1431,"DAGING LEMBU TEMPATAN (BAHAGIAN 1 DAGING PAHA (KECUALI BATANG PINANG - TENDERLOIN)","1kg","Negeri Sembilan",7,11,14,1,2,4,14.29,40.00,39.00,0.00
2024,"ramadan_raya","raya_lead_up",1431,"DAGING LEMBU TEMPATAN (BAHAGIAN 1 DAGING PAHA (KECUALI BATANG PINANG - TENDERLOIN)","1kg","Pahang",9,11,13,0,0,9,0.00,38.00,38.00,0.00
2024,"ramadan_raya","raya_lead_up",1431,"DAGING LEMBU TEMPATAN (BAHAGIAN 1 DAGING PAHA (KECUALI BATANG PINANG - TENDERLOIN)","1kg","Perak",20,11,13,1,0,19,5.00,38.00,38.00,0.00
2024,"ramadan_raya","raya_lead_up",1431,"DAGING LEMBU TEMPATAN (BAHAGIAN 1 DAGING PAHA (KECUALI BATANG PINANG - TENDERLOIN)","1kg","Pulau Pinang",18,11,13,0,1,17,0.00,40.00,40.00,0.00
2024,"ramadan_raya","raya_lead_up",1431,"DAGING LEMBU TEMPATAN (BAHAGIAN 1 DAGING PAHA (KECUALI BATANG PINANG - TENDERLOIN)","1kg","Selangor",13,11,13,2,0,11,15.38,39.00,40.00,0.00
2024,"ramadan_raya","raya_lead_up",1431,"DAGING LEMBU TEMPATAN (BAHAGIAN 1 DAGING PAHA (KECUALI BATANG PINANG - TENDERLOIN)","1kg","Terengganu",16,10,13,1,0,15,6.25,36.00,36.00,0.00
2024,"ramadan_raya","raya_lead_up",1431,"DAGING LEMBU TEMPATAN (BAHAGIAN 1 DAGING PAHA (KECUALI BATANG PINANG - TENDERLOIN)","1kg","W.P. Kuala Lumpur",5,11,13,1,0,4,20.00,42.00,42.00,0.00
2024,"ramadan_raya","raya_lead_up",1555,"UDANG PUTIH/VANNAMEI (TERNAK) (ANTARA 41 HINGGA 60 EKOR SEKILOGRAM)","1kg","Johor",110,11,14,57,36,17,51.82,34.99,35.75,0.24
2024,"ramadan_raya","raya_lead_up",1555,"UDANG PUTIH/VANNAMEI (TERNAK) (ANTARA 41 HINGGA 60 EKOR SEKILOGRAM)","1kg","Kedah",39,11,14,12,15,12,30.77,28.99,30.00,0.00
2024,"ramadan_raya","raya_lead_up",1555,"UDANG PUTIH/VANNAMEI (TERNAK) (ANTARA 41 HINGGA 60 EKOR SEKILOGRAM)","1kg","Kelantan",69,11,12,29,22,18,42.03,33.00,33.75,0.00
2024,"ramadan_raya","raya_lead_up",1555,"UDANG PUTIH/VANNAMEI (TERNAK) (ANTARA 41 HINGGA 60 EKOR SEKILOGRAM)","1kg","Melaka",19,11,14,5,10,4,26.32,35.90,34.80,-2.56
2024,"ramadan_raya","raya_lead_up",1555,"UDANG PUTIH/VANNAMEI (TERNAK) (ANTARA 41 HINGGA 60 EKOR SEKILOGRAM)","1kg","Negeri Sembilan",23,11,14,12,10,1,52.17,34.00,33.90,2.95
2024,"ramadan_raya","raya_lead_up",1555,"UDANG PUTIH/VANNAMEI (TERNAK) (ANTARA 41 HINGGA 60 EKOR SEKILOGRAM)","1kg","Pahang",77,11,13,31,22,24,40.26,37.49,37.99,0.00
2024,"ramadan_raya","raya_lead_up",1555,"UDANG PUTIH/VANNAMEI (TERNAK) (ANTARA 41 HINGGA 60 EKOR SEKILOGRAM)","1kg","Perak",79,11,13,27,36,16,34.18,31.00,30.00,0.00
2024,"ramadan_raya","raya_lead_up",1555,"UDANG PUTIH/VANNAMEI (TERNAK) (ANTARA 41 HINGGA 60 EKOR SEKILOGRAM)","1kg","Perlis",13,11,13,6,4,3,46.15,32.99,32.50,0.00
2024,"ramadan_raya","raya_lead_up",1555,"UDANG PUTIH/VANNAMEI (TERNAK) (ANTARA 41 HINGGA 60 EKOR SEKILOGRAM)","1kg","Pulau Pinang",47,11,13,18,14,15,38.30,32.00,32.00,0.00
2024,"ramadan_raya","raya_lead_up",1555,"UDANG PUTIH/VANNAMEI (TERNAK) (ANTARA 41 HINGGA 60 EKOR SEKILOGRAM)","1kg","Sabah",28,11,13,11,7,10,39.29,33.00,33.90,0.00
2024,"ramadan_raya","raya_lead_up",1555,"UDANG PUTIH/VANNAMEI (TERNAK) (ANTARA 41 HINGGA 60 EKOR SEKILOGRAM)","1kg","Sarawak",37,11,13,9,12,16,24.32,36.00,36.00,0.00
2024,"ramadan_raya","raya_lead_up",1555,"UDANG PUTIH/VANNAMEI (TERNAK) (ANTARA 41 HINGGA 60 EKOR SEKILOGRAM)","1kg","Selangor",76,11,13,20,27,29,26.32,32.00,32.95,0.00
2024,"ramadan_raya","raya_lead_up",1555,"UDANG PUTIH/VANNAMEI (TERNAK) (ANTARA 41 HINGGA 60 EKOR SEKILOGRAM)","1kg","Terengganu",53,10,13,25,12,16,47.17,32.99,33.90,0.00
2024,"ramadan_raya","raya_lead_up",1555,"UDANG PUTIH/VANNAMEI (TERNAK) (ANTARA 41 HINGGA 60 EKOR SEKILOGRAM)","1kg","W.P. Kuala Lumpur",79,11,13,25,28,26,31.65,36.00,36.90,0.00
2024,"ramadan_raya","raya_lead_up",1555,"UDANG PUTIH/VANNAMEI (TERNAK) (ANTARA 41 HINGGA 60 EKOR SEKILOGRAM)","1kg","W.P. Putrajaya",17,11,13,3,8,6,17.65,39.50,39.90,0.00
2024,"ramadan_raya","raya_lead_up",1564,"BAWANG PUTIH IMPORT (CHINA)","1kg","Johor",163,11,14,45,25,93,27.61,12.50,12.99,0.00
2024,"ramadan_raya","raya_lead_up",1564,"BAWANG PUTIH IMPORT (CHINA)","1kg","Kedah",71,11,14,22,7,42,30.99,12.00,12.50,0.00
2024,"ramadan_raya","raya_lead_up",1564,"BAWANG PUTIH IMPORT (CHINA)","1kg","Kelantan",61,11,12,21,7,33,34.43,11.99,12.00,0.00
2024,"ramadan_raya","raya_lead_up",1564,"BAWANG PUTIH IMPORT (CHINA)","1kg","Melaka",27,11,14,12,2,13,44.44,14.00,14.00,0.00
2024,"ramadan_raya","raya_lead_up",1564,"BAWANG PUTIH IMPORT (CHINA)","1kg","Negeri Sembilan",40,11,14,10,7,23,25.00,13.00,13.90,0.00
2024,"ramadan_raya","raya_lead_up",1564,"BAWANG PUTIH IMPORT (CHINA)","1kg","Pahang",92,11,13,30,6,56,32.61,12.00,13.00,0.00
2024,"ramadan_raya","raya_lead_up",1564,"BAWANG PUTIH IMPORT (CHINA)","1kg","Perak",105,11,13,22,27,56,20.95,12.99,12.99,0.00
2024,"ramadan_raya","raya_lead_up",1564,"BAWANG PUTIH IMPORT (CHINA)","1kg","Perlis",26,11,13,9,0,17,34.62,10.20,11.00,0.00
2024,"ramadan_raya","raya_lead_up",1564,"BAWANG PUTIH IMPORT (CHINA)","1kg","Pulau Pinang",82,11,13,20,21,41,24.39,13.00,13.00,0.00
2024,"ramadan_raya","raya_lead_up",1564,"BAWANG PUTIH IMPORT (CHINA)","1kg","Sabah",128,11,13,32,14,82,25.00,10.50,10.90,0.00
2024,"ramadan_raya","raya_lead_up",1564,"BAWANG PUTIH IMPORT (CHINA)","1kg","Sarawak",133,11,14,52,13,68,39.10,10.90,10.99,0.00
2024,"ramadan_raya","raya_lead_up",1564,"BAWANG PUTIH IMPORT (CHINA)","1kg","Selangor",81,11,13,32,10,39,39.51,12.00,13.90,0.00
2024,"ramadan_raya","raya_lead_up",1564,"BAWANG PUTIH IMPORT (CHINA)","1kg","Terengganu",69,10,13,23,6,40,33.33,11.99,12.00,0.00
2024,"ramadan_raya","raya_lead_up",1564,"BAWANG PUTIH IMPORT (CHINA)","1kg","W.P. Kuala Lumpur",103,11,13,36,18,49,34.95,13.90,14.00,0.00
2024,"ramadan_raya","raya_lead_up",1564,"BAWANG PUTIH IMPORT (CHINA)","1kg","W.P. Labuan",14,11,13,4,3,7,28.57,10.50,11.10,0.00
2024,"ramadan_raya","raya_lead_up",1564,"BAWANG PUTIH IMPORT (CHINA)","1kg","W.P. Putrajaya",20,11,13,7,2,11,35.00,13.75,14.75,0.00
2025,"chinese_new_year","after",1,"AYAM BERSIH - STANDARD","1kg","Johor",144,13,13,132,0,12,91.67,8.39,8.99,6.78
2025,"chinese_new_year","after",1,"AYAM BERSIH - STANDARD","1kg","Kedah",62,14,13,39,10,13,62.90,8.99,9.40,5.26
2025,"chinese_new_year","after",1,"AYAM BERSIH - STANDARD","1kg","Kelantan",76,14,14,66,0,10,86.84,8.40,9.18,8.19
2025,"chinese_new_year","after",1,"AYAM BERSIH - STANDARD","1kg","Melaka",19,14,14,15,0,4,78.95,8.90,9.20,5.19
2025,"chinese_new_year","after",1,"AYAM BERSIH - STANDARD","1kg","Negeri Sembilan",33,13,13,24,0,9,72.73,8.39,8.80,6.25
2025,"chinese_new_year","after",1,"AYAM BERSIH - STANDARD","1kg","Pahang",101,14,14,89,1,11,88.12,8.39,9.20,8.05
2025,"chinese_new_year","after",1,"AYAM BERSIH - STANDARD","1kg","Perak",84,14,13,64,2,18,76.19,8.48,8.99,5.07
2025,"chinese_new_year","after",1,"AYAM BERSIH - STANDARD","1kg","Perlis",18,14,14,16,1,1,88.89,8.95,9.52,5.57
2025,"chinese_new_year","after",1,"AYAM BERSIH - STANDARD","1kg","Pulau Pinang",65,14,13,36,4,25,55.38,9.00,9.40,3.62
2025,"chinese_new_year","after",1,"AYAM BERSIH - STANDARD","1kg","Sabah",10,14,14,1,0,9,10.00,12.95,12.95,0.00
2025,"chinese_new_year","after",1,"AYAM BERSIH - STANDARD","1kg","Sarawak",13,14,14,1,1,11,7.69,10.80,10.80,0.00
2025,"chinese_new_year","after",1,"AYAM BERSIH - STANDARD","1kg","Selangor",80,14,13,71,4,5,88.75,8.55,9.12,5.83
2025,"chinese_new_year","after",1,"AYAM BERSIH - STANDARD","1kg","Terengganu",88,14,14,75,2,11,85.23,8.95,9.40,5.54
2025,"chinese_new_year","after",1,"AYAM BERSIH - STANDARD","1kg","W.P. Kuala Lumpur",94,14,12,72,5,17,76.60,8.99,9.30,5.46
2025,"chinese_new_year","after",1,"AYAM BERSIH - STANDARD","1kg","W.P. Putrajaya",15,14,12,13,1,1,86.67,8.34,9.10,6.18
2025,"chinese_new_year","after",94,"CILI MERAH - MINYAK","1kg","Johor",91,13,13,30,34,27,32.97,14.99,14.99,0.00
2025,"chinese_new_year","after",94,"CILI MERAH - MINYAK","1kg","Kedah",31,14,13,12,12,7,38.71,13.00,13.98,0.00
2025,"chinese_new_year","after",94,"CILI MERAH - MINYAK","1kg","Kelantan",25,14,14,9,10,6,36.00,16.00,15.00,0.00
2025,"chinese_new_year","after",94,"CILI MERAH - MINYAK","1kg","Melaka",13,14,14,3,8,2,23.08,13.99,14.39,-3.70
2025,"chinese_new_year","after",94,"CILI MERAH - MINYAK","1kg","Negeri Sembilan",36,13,13,12,11,13,33.33,15.00,15.00,0.00
2025,"chinese_new_year","after",94,"CILI MERAH - MINYAK","1kg","Pahang",95,14,14,33,35,27,34.74,14.99,14.99,0.00
2025,"chinese_new_year","after",94,"CILI MERAH - MINYAK","1kg","Perak",60,14,13,21,27,12,35.00,13.95,14.99,0.00
2025,"chinese_new_year","after",94,"CILI MERAH - MINYAK","1kg","Perlis",18,14,14,6,4,8,33.33,12.75,13.95,0.00
2025,"chinese_new_year","after",94,"CILI MERAH - MINYAK","1kg","Pulau Pinang",43,14,13,12,19,12,27.91,14.00,13.98,0.00
2025,"chinese_new_year","after",94,"CILI MERAH - MINYAK","1kg","Sabah",16,14,14,1,4,11,6.25,20.00,19.95,0.00
2025,"chinese_new_year","after",94,"CILI MERAH - MINYAK","1kg","Sarawak",96,14,14,45,16,35,46.88,20.00,20.70,0.00
2025,"chinese_new_year","after",94,"CILI MERAH - MINYAK","1kg","Selangor",73,14,13,33,20,20,45.21,13.50,14.99,0.00
2025,"chinese_new_year","after",94,"CILI MERAH - MINYAK","1kg","Terengganu",48,14,14,28,13,7,58.33,14.99,15.00,5.90
2025,"chinese_new_year","after",94,"CILI MERAH - MINYAK","1kg","W.P. Kuala Lumpur",96,14,12,36,30,30,37.50,15.00,15.00,0.00
2025,"chinese_new_year","after",103,"SANTAN KELAPA SEGAR (BIASA)","1kg","Johor",17,13,13,4,0,13,23.53,10.00,10.00,0.00
2025,"chinese_new_year","after",103,"SANTAN KELAPA SEGAR (BIASA)","1kg","Kedah",8,14,13,4,1,3,50.00,14.50,15.50,3.33
2025,"chinese_new_year","after",103,"SANTAN KELAPA SEGAR (BIASA)","1kg","Kelantan",6,14,14,1,0,5,16.67,12.00,12.00,0.00
2025,"chinese_new_year","after",103,"SANTAN KELAPA SEGAR (BIASA)","1kg","Negeri Sembilan",19,13,13,9,0,10,47.37,10.00,10.00,0.00
2025,"chinese_new_year","after",103,"SANTAN KELAPA SEGAR (BIASA)","1kg","Pahang",31,14,14,8,0,23,25.81,7.99,8.00,0.00
2025,"chinese_new_year","after",103,"SANTAN KELAPA SEGAR (BIASA)","1kg","Perak",42,14,13,9,2,31,21.43,9.10,9.50,0.00
2025,"chinese_new_year","after",103,"SANTAN KELAPA SEGAR (BIASA)","1kg","Pulau Pinang",21,14,13,9,2,10,42.86,15.00,15.00,0.00
2025,"chinese_new_year","after",103,"SANTAN KELAPA SEGAR (BIASA)","1kg","Selangor",32,14,13,5,1,26,15.63,7.29,7.75,0.00
2025,"chinese_new_year","after",103,"SANTAN KELAPA SEGAR (BIASA)","1kg","Terengganu",6,14,14,2,0,4,33.33,16.00,16.00,0.00
2025,"chinese_new_year","after",103,"SANTAN KELAPA SEGAR (BIASA)","1kg","W.P. Kuala Lumpur",39,14,12,8,1,30,20.51,7.18,7.18,0.00
2025,"chinese_new_year","after",103,"SANTAN KELAPA SEGAR (BIASA)","1kg","W.P. Putrajaya",5,14,12,1,0,4,20.00,8.00,8.00,0.00
2025,"chinese_new_year","after",114,"TOMATO","1kg","Johor",162,13,13,83,56,23,51.23,6.99,7.29,2.71
2025,"chinese_new_year","after",114,"TOMATO","1kg","Kedah",71,14,13,34,25,12,47.89,6.88,7.00,0.00
2025,"chinese_new_year","after",114,"TOMATO","1kg","Kelantan",84,14,14,46,24,14,54.76,6.77,7.00,5.62
2025,"chinese_new_year","after",114,"TOMATO","1kg","Melaka",25,14,14,12,10,3,48.00,7.24,7.99,0.00
2025,"chinese_new_year","after",114,"TOMATO","1kg","Negeri Sembilan",39,13,13,18,15,6,46.15,6.50,6.59,0.00
2025,"chinese_new_year","after",114,"TOMATO","1kg","Pahang",110,14,14,57,40,13,51.82,7.00,7.50,3.47
2025,"chinese_new_year","after",114,"TOMATO","1kg","Perak",93,14,13,41,32,20,44.09,6.83,7.00,0.00
2025,"chinese_new_year","after",114,"TOMATO","1kg","Perlis",24,14,14,8,11,5,33.33,7.10,7.00,0.00
2025,"chinese_new_year","after",114,"TOMATO","1kg","Pulau Pinang",84,14,13,29,39,16,34.52,7.00,7.00,0.00
2025,"chinese_new_year","after",114,"TOMATO","1kg","Sabah",59,14,14,34,7,18,57.63,8.00,8.90,5.88
2025,"chinese_new_year","after",114,"TOMATO","1kg","Sarawak",90,14,14,66,4,20,73.33,8.00,11.95,44.72
2025,"chinese_new_year","after",114,"TOMATO","1kg","Selangor",84,14,13,33,40,11,39.29,6.99,6.99,0.00
2025,"chinese_new_year","after",114,"TOMATO","1kg","Terengganu",85,14,14,53,22,10,62.35,7.00,8.00,12.86
2025,"chinese_new_year","after",114,"TOMATO","1kg","W.P. Kuala Lumpur",121,14,12,64,45,12,52.89,6.49,6.99,1.70
2025,"chinese_new_year","after",114,"TOMATO","1kg","W.P. Putrajaya",19,14,12,8,9,2,42.11,6.90,7.90,0.00
2025,"chinese_new_year","after",129,"BAWANG BESAR KUNING/HOLLAND","1kg","Johor",160,13,13,35,44,81,21.88,4.10,4.00,0.00
2025,"chinese_new_year","after",129,"BAWANG BESAR KUNING/HOLLAND","1kg","Kedah",86,14,13,17,19,50,19.77,4.00,4.00,0.00
2025,"chinese_new_year","after",129,"BAWANG BESAR KUNING/HOLLAND","1kg","Kelantan",120,14,14,25,38,57,20.83,4.50,4.50,0.00
2025,"chinese_new_year","after",129,"BAWANG BESAR KUNING/HOLLAND","1kg","Melaka",25,14,14,3,6,16,12.00,4.50,4.50,0.00
2025,"chinese_new_year","after",129,"BAWANG BESAR KUNING/HOLLAND","1kg","Negeri Sembilan",37,13,13,6,8,23,16.22,4.50,4.50,0.00
2025,"chinese_new_year","after",129,"BAWANG BESAR KUNING/HOLLAND","1kg","Pahang",106,14,14,12,28,66,11.32,4.00,3.99,0.00
2025,"chinese_new_year","after",129,"BAWANG BESAR KUNING/HOLLAND","1kg","Perak",99,14,13,15,26,58,15.15,4.00,4.30,0.00
2025,"chinese_new_year","after",129,"BAWANG BESAR KUNING/HOLLAND","1kg","Perlis",32,14,14,3,10,19,9.38,4.50,4.50,0.00
2025,"chinese_new_year","after",129,"BAWANG BESAR KUNING/HOLLAND","1kg","Pulau Pinang",81,14,13,17,23,41,20.99,4.50,4.50,0.00
2025,"chinese_new_year","after",129,"BAWANG BESAR KUNING/HOLLAND","1kg","Sabah",121,14,14,15,17,89,12.40,5.50,5.50,0.00
2025,"chinese_new_year","after",129,"BAWANG BESAR KUNING/HOLLAND","1kg","Sarawak",149,14,14,18,27,104,12.08,4.00,4.00,0.00
2025,"chinese_new_year","after",129,"BAWANG BESAR KUNING/HOLLAND","1kg","Selangor",81,14,13,17,25,39,20.99,3.99,3.75,0.00
2025,"chinese_new_year","after",129,"BAWANG BESAR KUNING/HOLLAND","1kg","Terengganu",107,14,14,13,32,62,12.15,4.20,3.99,0.00
2025,"chinese_new_year","after",129,"BAWANG BESAR KUNING/HOLLAND","1kg","W.P. Kuala Lumpur",119,14,12,32,22,65,26.89,3.90,3.99,0.00
2025,"chinese_new_year","after",129,"BAWANG BESAR KUNING/HOLLAND","1kg","W.P. Labuan",13,14,13,2,3,8,15.38,4.50,4.00,0.00
2025,"chinese_new_year","after",129,"BAWANG BESAR KUNING/HOLLAND","1kg","W.P. Putrajaya",20,14,12,3,8,9,15.00,4.75,4.75,0.00
2025,"chinese_new_year","after",904,"BERAS SUPER CAP RAMBUTAN 5% (IMPORT)","10 kg","Johor",37,13,13,12,6,19,32.43,38.88,38.99,0.00
2025,"chinese_new_year","after",904,"BERAS SUPER CAP RAMBUTAN 5% (IMPORT)","10 kg","Kedah",44,14,13,10,2,32,22.73,37.15,37.75,0.00
2025,"chinese_new_year","after",904,"BERAS SUPER CAP RAMBUTAN 5% (IMPORT)","10 kg","Kelantan",19,14,14,5,1,13,26.32,42.90,42.99,0.00
2025,"chinese_new_year","after",904,"BERAS SUPER CAP RAMBUTAN 5% (IMPORT)","10 kg","Melaka",7,14,14,3,0,4,42.86,37.88,38.50,0.00
2025,"chinese_new_year","after",904,"BERAS SUPER CAP RAMBUTAN 5% (IMPORT)","10 kg","Negeri Sembilan",10,13,13,4,0,6,40.00,37.05,37.75,0.00
2025,"chinese_new_year","after",904,"BERAS SUPER CAP RAMBUTAN 5% (IMPORT)","10 kg","Pahang",25,14,14,8,1,16,32.00,38.88,38.99,0.00
2025,"chinese_new_year","after",904,"BERAS SUPER CAP RAMBUTAN 5% (IMPORT)","10 kg","Perak",53,14,13,19,5,29,35.85,38.88,38.99,0.00
2025,"chinese_new_year","after",904,"BERAS SUPER CAP RAMBUTAN 5% (IMPORT)","10 kg","Pulau Pinang",35,14,13,10,3,22,28.57,37.49,38.90,0.00
2025,"chinese_new_year","after",904,"BERAS SUPER CAP RAMBUTAN 5% (IMPORT)","10 kg","Selangor",25,14,13,8,3,14,32.00,41.80,41.80,0.00
2025,"chinese_new_year","after",904,"BERAS SUPER CAP RAMBUTAN 5% (IMPORT)","10 kg","Terengganu",20,14,14,0,1,19,0.00,38.95,38.95,0.00
2025,"chinese_new_year","after",904,"BERAS SUPER CAP RAMBUTAN 5% (IMPORT)","10 kg","W.P. Kuala Lumpur",39,14,12,13,7,19,33.33,39.57,39.99,0.00
2025,"chinese_new_year","after",904,"BERAS SUPER CAP RAMBUTAN 5% (IMPORT)","10 kg","W.P. Putrajaya",7,14,12,0,1,6,0.00,42.99,42.00,0.00
2025,"chinese_new_year","after",917,"TEPUNG GANDUM NGP (BERBUNGKUS, CAP SAUH)","1kg","Johor",157,4,4,10,13,134,6.37,3.39,3.40,0.00
2025,"chinese_new_year","after",917,"TEPUNG GANDUM NGP (BERBUNGKUS, CAP SAUH)","1kg","Pahang",124,5,4,12,13,99,9.68,3.30,3.30,0.00
2025,"chinese_new_year","after",1111,"TELUR AYAM GRED C","30 biji","Johor",120,13,13,3,25,92,2.50,11.40,11.40,0.00
2025,"chinese_new_year","after",1111,"TELUR AYAM GRED C","30 biji","Kedah",35,14,13,2,7,26,5.71,11.40,11.40,0.00
2025,"chinese_new_year","after",1111,"TELUR AYAM GRED C","30 biji","Kelantan",67,14,14,0,3,64,0.00,11.40,11.40,0.00
2025,"chinese_new_year","after",1111,"TELUR AYAM GRED C","30 biji","Melaka",15,14,14,0,2,13,0.00,11.40,11.40,0.00
2025,"chinese_new_year","after",1111,"TELUR AYAM GRED C","30 biji","Negeri Sembilan",26,13,13,0,4,22,0.00,11.40,11.40,0.00
2025,"chinese_new_year","after",1111,"TELUR AYAM GRED C","30 biji","Pahang",76,14,14,1,9,66,1.32,11.40,11.40,0.00
2025,"chinese_new_year","after",1111,"TELUR AYAM GRED C","30 biji","Perak",74,14,13,3,13,58,4.05,11.40,11.40,0.00
2025,"chinese_new_year","after",1111,"TELUR AYAM GRED C","30 biji","Perlis",10,14,14,0,3,7,0.00,11.40,11.40,0.00
2025,"chinese_new_year","after",1111,"TELUR AYAM GRED C","30 biji","Pulau Pinang",43,14,13,2,7,34,4.65,11.40,11.40,0.00
2025,"chinese_new_year","after",1111,"TELUR AYAM GRED C","30 biji","Sabah",7,14,14,0,0,7,0.00,13.80,13.80,0.00
2025,"chinese_new_year","after",1111,"TELUR AYAM GRED C","30 biji","Sarawak",10,14,14,0,0,10,0.00,12.00,12.00,0.00
2025,"chinese_new_year","after",1111,"TELUR AYAM GRED C","30 biji","Selangor",59,14,13,1,2,56,1.69,11.40,11.40,0.00
2025,"chinese_new_year","after",1111,"TELUR AYAM GRED C","30 biji","Terengganu",58,14,14,0,3,55,0.00,11.40,11.40,0.00
2025,"chinese_new_year","after",1111,"TELUR AYAM GRED C","30 biji","W.P. Kuala Lumpur",83,14,12,3,4,76,3.61,11.40,11.40,0.00
2025,"chinese_new_year","after",1111,"TELUR AYAM GRED C","30 biji","W.P. Putrajaya",9,14,12,0,0,9,0.00,11.40,11.40,0.00
2025,"chinese_new_year","after",1131,"UBI KENTANG IMPORT (CHINA)","1kg","Johor",152,13,13,34,36,82,22.37,3.27,3.25,0.00
2025,"chinese_new_year","after",1131,"UBI KENTANG IMPORT (CHINA)","1kg","Kedah",60,14,13,22,10,28,36.67,3.10,3.25,0.00
2025,"chinese_new_year","after",1131,"UBI KENTANG IMPORT (CHINA)","1kg","Kelantan",72,14,14,17,23,32,23.61,3.62,3.50,0.00
2025,"chinese_new_year","after",1131,"UBI KENTANG IMPORT (CHINA)","1kg","Melaka",22,14,14,5,3,14,22.73,3.25,3.35,0.00
2025,"chinese_new_year","after",1131,"UBI KENTANG IMPORT (CHINA)","1kg","Negeri Sembilan",31,13,13,11,5,15,35.48,2.90,2.90,0.00
2025,"chinese_new_year","after",1131,"UBI KENTANG IMPORT (CHINA)","1kg","Pahang",112,14,14,22,24,66,19.64,3.50,3.50,0.00
2025,"chinese_new_year","after",1131,"UBI KENTANG IMPORT (CHINA)","1kg","Perak",109,14,13,36,30,43,33.03,3.49,3.50,0.00
2025,"chinese_new_year","after",1131,"UBI KENTANG IMPORT (CHINA)","1kg","Perlis",30,14,14,1,6,23,3.33,3.85,3.63,0.00
2025,"chinese_new_year","after",1131,"UBI KENTANG IMPORT (CHINA)","1kg","Pulau Pinang",86,14,13,21,10,55,24.42,3.50,3.50,0.00
2025,"chinese_new_year","after",1131,"UBI KENTANG IMPORT (CHINA)","1kg","Sabah",112,14,14,12,24,76,10.71,3.90,3.90,0.00
2025,"chinese_new_year","after",1131,"UBI KENTANG IMPORT (CHINA)","1kg","Sarawak",153,14,14,25,24,104,16.34,3.35,3.50,0.00
2025,"chinese_new_year","after",1131,"UBI KENTANG IMPORT (CHINA)","1kg","Selangor",73,14,13,18,19,36,24.66,2.99,2.90,0.00
2025,"chinese_new_year","after",1131,"UBI KENTANG IMPORT (CHINA)","1kg","Terengganu",82,14,14,11,15,56,13.41,3.49,3.49,0.00
2025,"chinese_new_year","after",1131,"UBI KENTANG IMPORT (CHINA)","1kg","W.P. Kuala Lumpur",97,14,12,30,18,49,30.93,3.10,3.39,0.00
2025,"chinese_new_year","after",1131,"UBI KENTANG IMPORT (CHINA)","1kg","W.P. Labuan",13,14,13,1,2,10,7.69,3.50,3.90,0.00
2025,"chinese_new_year","after",1131,"UBI KENTANG IMPORT (CHINA)","1kg","W.P. Putrajaya",20,14,12,6,6,8,30.00,3.95,3.85,0.00
2025,"chinese_new_year","after",1431,"DAGING LEMBU TEMPATAN (BAHAGIAN 1 DAGING PAHA (KECUALI BATANG PINANG - TENDERLOIN)","1kg","Johor",12,13,13,0,0,12,0.00,39.00,39.00,0.00
2025,"chinese_new_year","after",1431,"DAGING LEMBU TEMPATAN (BAHAGIAN 1 DAGING PAHA (KECUALI BATANG PINANG - TENDERLOIN)","1kg","Kedah",13,14,13,1,0,12,7.69,38.00,38.00,0.00
2025,"chinese_new_year","after",1431,"DAGING LEMBU TEMPATAN (BAHAGIAN 1 DAGING PAHA (KECUALI BATANG PINANG - TENDERLOIN)","1kg","Kelantan",15,14,14,1,5,9,6.67,26.00,25.00,0.00
2025,"chinese_new_year","after",1431,"DAGING LEMBU TEMPATAN (BAHAGIAN 1 DAGING PAHA (KECUALI BATANG PINANG - TENDERLOIN)","1kg","Melaka",7,14,14,0,0,7,0.00,40.00,40.00,0.00
2025,"chinese_new_year","after",1431,"DAGING LEMBU TEMPATAN (BAHAGIAN 1 DAGING PAHA (KECUALI BATANG PINANG - TENDERLOIN)","1kg","Negeri Sembilan",8,13,13,0,0,8,0.00,39.50,39.50,0.00
2025,"chinese_new_year","after",1431,"DAGING LEMBU TEMPATAN (BAHAGIAN 1 DAGING PAHA (KECUALI BATANG PINANG - TENDERLOIN)","1kg","Pahang",9,14,14,0,1,8,0.00,38.00,38.00,0.00
2025,"chinese_new_year","after",1431,"DAGING LEMBU TEMPATAN (BAHAGIAN 1 DAGING PAHA (KECUALI BATANG PINANG - TENDERLOIN)","1kg","Perak",16,14,13,2,1,13,12.50,36.00,37.00,0.00
2025,"chinese_new_year","after",1431,"DAGING LEMBU TEMPATAN (BAHAGIAN 1 DAGING PAHA (KECUALI BATANG PINANG - TENDERLOIN)","1kg","Pulau Pinang",17,14,13,0,2,15,0.00,40.00,40.00,0.00
2025,"chinese_new_year","after",1431,"DAGING LEMBU TEMPATAN (BAHAGIAN 1 DAGING PAHA (KECUALI BATANG PINANG - TENDERLOIN)","1kg","Selangor",14,14,13,1,0,13,7.14,39.50,39.50,0.00
2025,"chinese_new_year","after",1431,"DAGING LEMBU TEMPATAN (BAHAGIAN 1 DAGING PAHA (KECUALI BATANG PINANG - TENDERLOIN)","1kg","Terengganu",12,14,14,2,3,7,16.67,34.50,31.50,0.00
2025,"chinese_new_year","after",1555,"UDANG PUTIH/VANNAMEI (TERNAK) (ANTARA 41 HINGGA 60 EKOR SEKILOGRAM)","1kg","Johor",121,13,13,71,40,10,58.68,35.99,37.00,2.78
2025,"chinese_new_year","after",1555,"UDANG PUTIH/VANNAMEI (TERNAK) (ANTARA 41 HINGGA 60 EKOR SEKILOGRAM)","1kg","Kedah",44,14,13,25,6,13,56.82,28.94,30.00,3.51
2025,"chinese_new_year","after",1555,"UDANG PUTIH/VANNAMEI (TERNAK) (ANTARA 41 HINGGA 60 EKOR SEKILOGRAM)","1kg","Kelantan",67,14,14,43,13,11,64.18,32.99,35.00,3.03
2025,"chinese_new_year","after",1555,"UDANG PUTIH/VANNAMEI (TERNAK) (ANTARA 41 HINGGA 60 EKOR SEKILOGRAM)","1kg","Melaka",19,14,14,11,5,3,57.89,36.00,36.40,2.70
2025,"chinese_new_year","after",1555,"UDANG PUTIH/VANNAMEI (TERNAK) (ANTARA 41 HINGGA 60 EKOR SEKILOGRAM)","1kg","Negeri Sembilan",23,13,13,16,4,3,69.57,34.00,36.00,6.67
2025,"chinese_new_year","after",1555,"UDANG PUTIH/VANNAMEI (TERNAK) (ANTARA 41 HINGGA 60 EKOR SEKILOGRAM)","1kg","Pahang",72,14,14,37,20,15,51.39,36.99,36.99,1.29
2025,"chinese_new_year","after",1555,"UDANG PUTIH/VANNAMEI (TERNAK) (ANTARA 41 HINGGA 60 EKOR SEKILOGRAM)","1kg","Perak",73,14,13,46,18,9,63.01,30.99,32.00,5.01
2025,"chinese_new_year","after",1555,"UDANG PUTIH/VANNAMEI (TERNAK) (ANTARA 41 HINGGA 60 EKOR SEKILOGRAM)","1kg","Perlis",11,13,14,7,1,3,63.64,30.50,33.00,2.94
2025,"chinese_new_year","after",1555,"UDANG PUTIH/VANNAMEI (TERNAK) (ANTARA 41 HINGGA 60 EKOR SEKILOGRAM)","1kg","Pulau Pinang",52,14,13,33,7,12,63.46,33.00,34.00,5.70
2025,"chinese_new_year","after",1555,"UDANG PUTIH/VANNAMEI (TERNAK) (ANTARA 41 HINGGA 60 EKOR SEKILOGRAM)","1kg","Sabah",32,14,14,9,16,7,28.13,34.50,33.00,-1.00
2025,"chinese_new_year","after",1555,"UDANG PUTIH/VANNAMEI (TERNAK) (ANTARA 41 HINGGA 60 EKOR SEKILOGRAM)","1kg","Sarawak",45,14,14,14,13,18,31.11,35.90,35.45,0.00
2025,"chinese_new_year","after",1555,"UDANG PUTIH/VANNAMEI (TERNAK) (ANTARA 41 HINGGA 60 EKOR SEKILOGRAM)","1kg","Selangor",75,14,13,42,15,18,56.00,33.00,34.00,2.86
2025,"chinese_new_year","after",1555,"UDANG PUTIH/VANNAMEI (TERNAK) (ANTARA 41 HINGGA 60 EKOR SEKILOGRAM)","1kg","Terengganu",44,14,14,31,6,7,70.45,32.00,34.00,5.54
2025,"chinese_new_year","after",1555,"UDANG PUTIH/VANNAMEI (TERNAK) (ANTARA 41 HINGGA 60 EKOR SEKILOGRAM)","1kg","W.P. Kuala Lumpur",70,14,12,37,13,20,52.86,36.42,37.79,1.27
2025,"chinese_new_year","after",1555,"UDANG PUTIH/VANNAMEI (TERNAK) (ANTARA 41 HINGGA 60 EKOR SEKILOGRAM)","1kg","W.P. Putrajaya",13,14,12,9,2,2,69.23,37.40,39.00,3.03
2025,"chinese_new_year","after",1564,"BAWANG PUTIH IMPORT (CHINA)","1kg","Johor",164,13,13,32,46,86,19.51,12.99,12.50,0.00
2025,"chinese_new_year","after",1564,"BAWANG PUTIH IMPORT (CHINA)","1kg","Kedah",74,14,13,10,21,43,13.51,13.00,12.00,0.00
2025,"chinese_new_year","after",1564,"BAWANG PUTIH IMPORT (CHINA)","1kg","Kelantan",57,14,14,16,19,22,28.07,11.90,11.50,0.00
2025,"chinese_new_year","after",1564,"BAWANG PUTIH IMPORT (CHINA)","1kg","Melaka",26,14,14,5,6,15,19.23,14.00,13.90,0.00
2025,"chinese_new_year","after",1564,"BAWANG PUTIH IMPORT (CHINA)","1kg","Negeri Sembilan",37,13,13,10,13,14,27.03,13.20,12.99,0.00
2025,"chinese_new_year","after",1564,"BAWANG PUTIH IMPORT (CHINA)","1kg","Pahang",108,14,14,12,41,55,11.11,14.00,13.00,0.00
2025,"chinese_new_year","after",1564,"BAWANG PUTIH IMPORT (CHINA)","1kg","Perak",118,14,13,23,43,52,19.49,13.00,12.80,0.00
2025,"chinese_new_year","after",1564,"BAWANG PUTIH IMPORT (CHINA)","1kg","Perlis",28,14,14,4,7,17,14.29,11.50,11.50,0.00
2025,"chinese_new_year","after",1564,"BAWANG PUTIH IMPORT (CHINA)","1kg","Pulau Pinang",95,14,13,18,26,51,18.95,13.00,12.99,0.00
2025,"chinese_new_year","after",1564,"BAWANG PUTIH IMPORT (CHINA)","1kg","Sabah",126,14,14,13,52,61,10.32,11.00,10.50,0.00
2025,"chinese_new_year","after",1564,"BAWANG PUTIH IMPORT (CHINA)","1kg","Sarawak",146,14,14,13,45,88,8.90,10.90,10.00,0.00
2025,"chinese_new_year","after",1564,"BAWANG PUTIH IMPORT (CHINA)","1kg","Selangor",81,14,13,21,21,39,25.93,12.00,11.80,0.00
2025,"chinese_new_year","after",1564,"BAWANG PUTIH IMPORT (CHINA)","1kg","Terengganu",69,14,14,7,20,42,10.14,12.00,11.50,0.00
2025,"chinese_new_year","after",1564,"BAWANG PUTIH IMPORT (CHINA)","1kg","W.P. Kuala Lumpur",120,14,12,20,38,62,16.67,13.95,13.00,0.00
2025,"chinese_new_year","after",1564,"BAWANG PUTIH IMPORT (CHINA)","1kg","W.P. Labuan",14,14,13,3,2,9,21.43,11.12,11.00,0.00
2025,"chinese_new_year","after",1564,"BAWANG PUTIH IMPORT (CHINA)","1kg","W.P. Putrajaya",18,14,12,4,7,7,22.22,14.20,12.90,0.00
2025,"chinese_new_year","after",1589,"GULA PUTIH BERTAPIS KASAR (PELBAGAI JENAMA)","1kg","Johor",165,5,4,0,0,165,0.00,2.85,2.85,0.00
2025,"chinese_new_year","after",1589,"GULA PUTIH BERTAPIS KASAR (PELBAGAI JENAMA)","1kg","Pahang",135,5,4,0,0,135,0.00,2.85,2.85,0.00
2025,"chinese_new_year","lead_up",1,"AYAM BERSIH - STANDARD","1kg","Johor",145,13,14,115,4,26,79.31,8.39,8.79,3.62
2025,"chinese_new_year","lead_up",1,"AYAM BERSIH - STANDARD","1kg","Kedah",62,14,13,37,8,17,59.68,9.12,9.35,1.44
2025,"chinese_new_year","lead_up",1,"AYAM BERSIH - STANDARD","1kg","Kelantan",76,14,14,54,1,21,71.05,8.40,8.80,3.62
2025,"chinese_new_year","lead_up",1,"AYAM BERSIH - STANDARD","1kg","Melaka",19,14,14,15,0,4,78.95,8.90,9.20,3.71
2025,"chinese_new_year","lead_up",1,"AYAM BERSIH - STANDARD","1kg","Negeri Sembilan",33,13,13,20,0,13,60.61,8.39,8.60,3.03
2025,"chinese_new_year","lead_up",1,"AYAM BERSIH - STANDARD","1kg","Pahang",101,14,14,79,3,19,78.22,8.39,8.89,3.80
2025,"chinese_new_year","lead_up",1,"AYAM BERSIH - STANDARD","1kg","Perak",84,14,14,52,6,26,61.90,8.48,8.69,3.17
2025,"chinese_new_year","lead_up",1,"AYAM BERSIH - STANDARD","1kg","Perlis",18,14,13,14,2,2,77.78,8.95,9.25,4.46
2025,"chinese_new_year","lead_up",1,"AYAM BERSIH - STANDARD","1kg","Pulau Pinang",67,14,14,30,5,32,44.78,9.40,9.40,0.00
2025,"chinese_new_year","lead_up",1,"AYAM BERSIH - STANDARD","1kg","Sabah",10,14,14,1,0,9,10.00,12.95,12.95,0.00
2025,"chinese_new_year","lead_up",1,"AYAM BERSIH - STANDARD","1kg","Sarawak",13,14,14,1,1,11,7.69,10.80,10.80,0.00
2025,"chinese_new_year","lead_up",1,"AYAM BERSIH - STANDARD","1kg","Selangor",80,14,14,60,5,15,75.00,8.55,8.85,3.14
2025,"chinese_new_year","lead_up",1,"AYAM BERSIH - STANDARD","1kg","Terengganu",88,14,13,65,3,20,73.86,8.95,9.40,3.41
2025,"chinese_new_year","lead_up",1,"AYAM BERSIH - STANDARD","1kg","W.P. Kuala Lumpur",95,14,14,57,5,33,60.00,8.99,9.12,2.38
2025,"chinese_new_year","lead_up",1,"AYAM BERSIH - STANDARD","1kg","W.P. Putrajaya",16,14,14,13,1,2,81.25,8.32,8.90,4.05
2025,"chinese_new_year","lead_up",94,"CILI MERAH - MINYAK","1kg","Johor",92,13,14,27,29,36,29.35,14.99,14.50,0.00
2025,"chinese_new_year","lead_up",94,"CILI MERAH - MINYAK","1kg","Kedah",33,14,13,13,14,6,39.39,14.00,13.99,0.00
2025,"chinese_new_year","lead_up",94,"CILI MERAH - MINYAK","1kg","Kelantan",26,14,14,9,7,10,34.62,16.25,16.00,0.00
2025,"chinese_new_year","lead_up",94,"CILI MERAH - MINYAK","1kg","Melaka",13,14,14,3,4,6,23.08,13.99,14.00,0.00
2025,"chinese_new_year","lead_up",94,"CILI MERAH - MINYAK","1kg","Negeri Sembilan",36,13,13,5,10,21,13.89,15.00,15.00,0.00
2025,"chinese_new_year","lead_up",94,"CILI MERAH - MINYAK","1kg","Pahang",95,14,14,29,21,45,30.53,14.99,14.49,0.00
2025,"chinese_new_year","lead_up",94,"CILI MERAH - MINYAK","1kg","Perak",61,14,14,20,23,18,32.79,13.99,15.00,0.00
2025,"chinese_new_year","lead_up",94,"CILI MERAH - MINYAK","1kg","Perlis",19,14,13,6,4,9,31.58,13.00,13.50,0.00
2025,"chinese_new_year","lead_up",94,"CILI MERAH - MINYAK","1kg","Pulau Pinang",43,14,14,14,20,9,32.56,14.00,13.90,0.00
2025,"chinese_new_year","lead_up",94,"CILI MERAH - MINYAK","1kg","Sabah",19,14,14,2,3,14,10.53,20.00,19.99,0.00
2025,"chinese_new_year","lead_up",94,"CILI MERAH - MINYAK","1kg","Sarawak",100,14,14,26,19,55,26.00,20.00,20.00,0.00
2025,"chinese_new_year","lead_up",94,"CILI MERAH - MINYAK","1kg","Selangor",73,14,14,28,17,28,38.36,13.50,14.00,0.00
2025,"chinese_new_year","lead_up",94,"CILI MERAH - MINYAK","1kg","Terengganu",51,14,13,34,6,11,66.67,14.99,16.29,11.11
2025,"chinese_new_year","lead_up",94,"CILI MERAH - MINYAK","1kg","W.P. Kuala Lumpur",97,14,14,17,25,55,17.53,15.00,15.00,0.00
2025,"chinese_new_year","lead_up",103,"SANTAN KELAPA SEGAR (BIASA)","1kg","Johor",18,13,14,1,0,17,5.56,10.00,10.00,0.00
2025,"chinese_new_year","lead_up",103,"SANTAN KELAPA SEGAR (BIASA)","1kg","Kedah",8,14,13,2,1,5,25.00,14.50,15.00,0.00
2025,"chinese_new_year","lead_up",103,"SANTAN KELAPA SEGAR (BIASA)","1kg","Kelantan",9,14,14,1,0,8,11.11,12.50,12.50,0.00
2025,"chinese_new_year","lead_up",103,"SANTAN KELAPA SEGAR (BIASA)","1kg","Negeri Sembilan",17,13,13,4,0,13,23.53,9.80,9.80,0.00
2025,"chinese_new_year","lead_up",103,"SANTAN KELAPA SEGAR (BIASA)","1kg","Pahang",33,14,14,8,0,25,24.24,7.99,8.00,0.00
2025,"chinese_new_year","lead_up",103,"SANTAN KELAPA SEGAR (BIASA)","1kg","Perak",46,14,14,12,1,33,26.09,9.50,9.88,0.00
2025,"chinese_new_year","lead_up",103,"SANTAN KELAPA SEGAR (BIASA)","1kg","Pulau Pinang",21,14,14,6,1,14,28.57,15.00,15.00,0.00
2025,"chinese_new_year","lead_up",103,"SANTAN KELAPA SEGAR (BIASA)","1kg","Selangor",32,14,14,4,0,28,12.50,7.29,7.75,0.00
2025,"chinese_new_year","lead_up",103,"SANTAN KELAPA SEGAR (BIASA)","1kg","Terengganu",9,14,13,1,0,8,11.11,15.00,15.00,0.00
2025,"chinese_new_year","lead_up",103,"SANTAN KELAPA SEGAR (BIASA)","1kg","W.P. Kuala Lumpur",42,14,14,4,2,36,9.52,7.18,7.18,0.00
2025,"chinese_new_year","lead_up",103,"SANTAN KELAPA SEGAR (BIASA)","1kg","W.P. Putrajaya",5,14,14,0,0,5,0.00,8.00,8.00,0.00
2025,"chinese_new_year","lead_up",114,"TOMATO","1kg","Johor",161,13,14,145,2,14,90.06,6.99,9.00,36.43
2025,"chinese_new_year","lead_up",114,"TOMATO","1kg","Kedah",70,14,13,61,4,5,87.14,6.88,9.50,38.07
2025,"chinese_new_year","lead_up",114,"TOMATO","1kg","Kelantan",85,14,14,67,4,14,78.82,6.75,8.99,33.33
2025,"chinese_new_year","lead_up",114,"TOMATO","1kg","Melaka",25,14,14,20,3,2,80.00,7.24,9.90,33.33
2025,"chinese_new_year","lead_up",114,"TOMATO","1kg","Negeri Sembilan",39,13,13,36,1,2,92.31,6.50,8.98,30.00
2025,"chinese_new_year","lead_up",114,"TOMATO","1kg","Pahang",111,14,14,103,2,6,92.79,7.00,9.50,32.86
2025,"chinese_new_year","lead_up",114,"TOMATO","1kg","Perak",93,14,14,86,1,6,92.47,6.83,9.09,33.33
2025,"chinese_new_year","lead_up",114,"TOMATO","1kg","Perlis",24,14,13,11,8,5,45.83,7.10,7.65,0.00
2025,"chinese_new_year","lead_up",114,"TOMATO","1kg","Pulau Pinang",84,14,14,79,0,5,94.05,7.00,9.34,28.76
2025,"chinese_new_year","lead_up",114,"TOMATO","1kg","Sabah",60,14,14,25,4,31,41.67,8.00,8.79,0.00
2025,"chinese_new_year","lead_up",114,"TOMATO","1kg","Sarawak",108,14,14,51,7,50,47.22,8.65,10.00,0.00
2025,"chinese_new_year","lead_up",114,"TOMATO","1kg","Selangor",84,14,14,76,4,4,90.48,6.99,8.59,26.00
2025,"chinese_new_year","lead_up",114,"TOMATO","1kg","Terengganu",83,14,13,80,0,3,96.39,7.19,10.00,44.93
2025,"chinese_new_year","lead_up",114,"TOMATO","1kg","W.P. Kuala Lumpur",123,14,14,103,7,13,83.74,6.49,8.75,29.07
2025,"chinese_new_year","lead_up",114,"TOMATO","1kg","W.P. Putrajaya",19,14,14,17,0,2,89.47,6.99,8.90,24.64
2025,"chinese_new_year","lead_up",129,"BAWANG BESAR KUNING/HOLLAND","1kg","Johor",159,13,14,20,34,105,12.58,4.00,4.00,0.00
2025,"chinese_new_year","lead_up",129,"BAWANG BESAR KUNING/HOLLAND","1kg","Kedah",87,14,13,9,11,67,10.34,4.00,4.00,0.00
2025,"chinese_new_year","lead_up",129,"BAWANG BESAR KUNING/HOLLAND","1kg","Kelantan",122,14,14,17,31,74,13.93,4.50,4.50,0.00
2025,"chinese_new_year","lead_up",129,"BAWANG BESAR KUNING/HOLLAND","1kg","Melaka",26,14,14,5,5,16,19.23,4.50,4.50,0.00
2025,"chinese_new_year","lead_up",129,"BAWANG BESAR KUNING/HOLLAND","1kg","Negeri Sembilan",37,13,13,4,2,31,10.81,4.50,4.50,0.00
2025,"chinese_new_year","lead_up",129,"BAWANG BESAR KUNING/HOLLAND","1kg","Pahang",108,14,14,13,23,72,12.04,4.00,4.00,0.00
2025,"chinese_new_year","lead_up",129,"BAWANG BESAR KUNING/HOLLAND","1kg","Perak",102,14,14,11,14,77,10.78,4.00,4.10,0.00
2025,"chinese_new_year","lead_up",129,"BAWANG BESAR KUNING/HOLLAND","1kg","Perlis",32,14,13,3,5,24,9.38,4.50,4.50,0.00
2025,"chinese_new_year","lead_up",129,"BAWANG BESAR KUNING/HOLLAND","1kg","Pulau Pinang",83,14,14,7,15,61,8.43,4.50,4.50,0.00
2025,"chinese_new_year","lead_up",129,"BAWANG BESAR KUNING/HOLLAND","1kg","Sabah",118,14,14,13,15,90,11.02,5.50,5.50,0.00
2025,"chinese_new_year","lead_up",129,"BAWANG BESAR KUNING/HOLLAND","1kg","Sarawak",151,14,14,10,26,115,6.62,4.00,4.00,0.00
2025,"chinese_new_year","lead_up",129,"BAWANG BESAR KUNING/HOLLAND","1kg","Selangor",81,14,14,10,17,54,12.35,3.99,3.75,0.00
2025,"chinese_new_year","lead_up",129,"BAWANG BESAR KUNING/HOLLAND","1kg","Terengganu",107,14,13,12,12,83,11.21,4.20,4.00,0.00
2025,"chinese_new_year","lead_up",129,"BAWANG BESAR KUNING/HOLLAND","1kg","W.P. Kuala Lumpur",119,14,14,26,21,72,21.85,3.90,3.99,0.00
2025,"chinese_new_year","lead_up",129,"BAWANG BESAR KUNING/HOLLAND","1kg","W.P. Labuan",14,14,14,1,2,11,7.14,4.70,4.25,0.00
2025,"chinese_new_year","lead_up",129,"BAWANG BESAR KUNING/HOLLAND","1kg","W.P. Putrajaya",20,14,14,2,9,9,10.00,4.75,4.62,0.00
2025,"chinese_new_year","lead_up",904,"BERAS SUPER CAP RAMBUTAN 5% (IMPORT)","10 kg","Johor",38,13,14,0,7,31,0.00,38.99,38.88,0.00
2025,"chinese_new_year","lead_up",904,"BERAS SUPER CAP RAMBUTAN 5% (IMPORT)","10 kg","Kedah",44,14,13,2,0,42,4.55,37.15,37.35,0.00
2025,"chinese_new_year","lead_up",904,"BERAS SUPER CAP RAMBUTAN 5% (IMPORT)","10 kg","Kelantan",20,14,14,0,2,18,0.00,42.95,42.39,0.00
2025,"chinese_new_year","lead_up",904,"BERAS SUPER CAP RAMBUTAN 5% (IMPORT)","10 kg","Melaka",8,14,14,0,0,8,0.00,37.88,37.88,0.00
2025,"chinese_new_year","lead_up",904,"BERAS SUPER CAP RAMBUTAN 5% (IMPORT)","10 kg","Negeri Sembilan",11,13,13,1,0,10,9.09,37.10,37.50,0.00
2025,"chinese_new_year","lead_up",904,"BERAS SUPER CAP RAMBUTAN 5% (IMPORT)","10 kg","Pahang",25,14,14,1,0,24,4.00,38.88,38.88,0.00
2025,"chinese_new_year","lead_up",904,"BERAS SUPER CAP RAMBUTAN 5% (IMPORT)","10 kg","Perak",52,14,14,2,4,46,3.85,38.88,38.88,0.00
2025,"chinese_new_year","lead_up",904,"BERAS SUPER CAP RAMBUTAN 5% (IMPORT)","10 kg","Pulau Pinang",35,14,14,1,2,32,2.86,37.49,37.40,0.00
2025,"chinese_new_year","lead_up",904,"BERAS SUPER CAP RAMBUTAN 5% (IMPORT)","10 kg","Selangor",24,14,14,1,1,22,4.17,41.40,41.40,0.00
2025,"chinese_new_year","lead_up",904,"BERAS SUPER CAP RAMBUTAN 5% (IMPORT)","10 kg","Terengganu",20,14,13,0,0,20,0.00,38.95,38.95,0.00
2025,"chinese_new_year","lead_up",904,"BERAS SUPER CAP RAMBUTAN 5% (IMPORT)","10 kg","W.P. Kuala Lumpur",39,14,14,2,5,32,5.13,39.57,38.88,0.00
2025,"chinese_new_year","lead_up",904,"BERAS SUPER CAP RAMBUTAN 5% (IMPORT)","10 kg","W.P. Putrajaya",9,14,14,1,1,7,11.11,42.99,41.80,0.00
2025,"chinese_new_year","lead_up",917,"TEPUNG GANDUM NGP (BERBUNGKUS, CAP SAUH)","1kg","Johor",161,4,4,7,12,142,4.35,3.40,3.40,0.00
2025,"chinese_new_year","lead_up",917,"TEPUNG GANDUM NGP (BERBUNGKUS, CAP SAUH)","1kg","Pahang",131,5,4,0,11,120,0.00,3.29,3.28,0.00
2025,"chinese_new_year","lead_up",918,"MINYAK MASAK PAKET (PELBAGAI JENAMA)","1kg","Johor",29,4,4,0,0,29,0.00,2.50,2.50,0.00
2025,"chinese_new_year","lead_up",918,"MINYAK MASAK PAKET (PELBAGAI JENAMA)","1kg","Pahang",20,4,4,0,0,20,0.00,2.50,2.50,0.00
2025,"chinese_new_year","lead_up",1111,"TELUR AYAM GRED C","30 biji","Johor",122,13,14,1,24,97,0.82,11.40,11.40,0.00
2025,"chinese_new_year","lead_up",1111,"TELUR AYAM GRED C","30 biji","Kedah",36,14,13,0,11,25,0.00,11.40,11.40,0.00
2025,"chinese_new_year","lead_up",1111,"TELUR AYAM GRED C","30 biji","Kelantan",67,14,14,0,2,65,0.00,11.40,11.40,0.00
2025,"chinese_new_year","lead_up",1111,"TELUR AYAM GRED C","30 biji","Melaka",15,14,14,0,4,11,0.00,11.40,11.40,0.00
2025,"chinese_new_year","lead_up",1111,"TELUR AYAM GRED C","30 biji","Negeri Sembilan",28,13,13,0,5,23,0.00,11.40,11.40,0.00
2025,"chinese_new_year","lead_up",1111,"TELUR AYAM GRED C","30 biji","Pahang",75,14,14,1,5,69,1.33,11.40,11.40,0.00
2025,"chinese_new_year","lead_up",1111,"TELUR AYAM GRED C","30 biji","Perak",79,14,14,3,15,61,3.80,11.40,11.40,0.00
2025,"chinese_new_year","lead_up",1111,"TELUR AYAM GRED C","30 biji","Perlis",11,14,13,0,0,11,0.00,11.40,11.40,0.00
2025,"chinese_new_year","lead_up",1111,"TELUR AYAM GRED C","30 biji","Pulau Pinang",44,14,14,1,7,36,2.27,11.40,11.40,0.00
2025,"chinese_new_year","lead_up",1111,"TELUR AYAM GRED C","30 biji","Sabah",8,14,14,0,0,8,0.00,13.80,13.80,0.00
2025,"chinese_new_year","lead_up",1111,"TELUR AYAM GRED C","30 biji","Sarawak",10,14,14,0,0,10,0.00,12.00,12.00,0.00
2025,"chinese_new_year","lead_up",1111,"TELUR AYAM GRED C","30 biji","Selangor",58,14,14,1,6,51,1.72,11.40,11.40,0.00
2025,"chinese_new_year","lead_up",1111,"TELUR AYAM GRED C","30 biji","Terengganu",57,14,13,0,3,54,0.00,11.40,11.40,0.00
2025,"chinese_new_year","lead_up",1111,"TELUR AYAM GRED C","30 biji","W.P. Kuala Lumpur",83,14,14,3,6,74,3.61,11.40,11.40,0.00
2025,"chinese_new_year","lead_up",1111,"TELUR AYAM GRED C","30 biji","W.P. Putrajaya",9,14,14,1,1,7,11.11,11.40,11.40,0.00
2025,"chinese_new_year","lead_up",1131,"UBI KENTANG IMPORT (CHINA)","1kg","Johor",151,13,14,30,48,73,19.87,3.25,3.00,0.00
2025,"chinese_new_year","lead_up",1131,"UBI KENTANG IMPORT (CHINA)","1kg","Kedah",64,14,13,21,6,37,32.81,3.25,3.25,0.00
2025,"chinese_new_year","lead_up",1131,"UBI KENTANG IMPORT (CHINA)","1kg","Kelantan",71,14,14,15,21,35,21.13,3.74,3.50,0.00
2025,"chinese_new_year","lead_up",1131,"UBI KENTANG IMPORT (CHINA)","1kg","Melaka",23,14,14,3,4,16,13.04,3.49,3.49,0.00
2025,"chinese_new_year","lead_up",1131,"UBI KENTANG IMPORT (CHINA)","1kg","Negeri Sembilan",31,13,13,7,4,20,22.58,2.90,2.90,0.00
2025,"chinese_new_year","lead_up",1131,"UBI KENTANG IMPORT (CHINA)","1kg","Pahang",115,14,14,16,26,73,13.91,3.50,3.50,0.00
2025,"chinese_new_year","lead_up",1131,"UBI KENTANG IMPORT (CHINA)","1kg","Perak",109,14,14,39,25,45,35.78,3.49,3.50,0.00
2025,"chinese_new_year","lead_up",1131,"UBI KENTANG IMPORT (CHINA)","1kg","Perlis",30,14,13,1,1,28,3.33,3.85,3.85,0.00
2025,"chinese_new_year","lead_up",1131,"UBI KENTANG IMPORT (CHINA)","1kg","Pulau Pinang",86,14,14,16,16,54,18.60,3.50,3.50,0.00
2025,"chinese_new_year","lead_up",1131,"UBI KENTANG IMPORT (CHINA)","1kg","Sabah",115,14,14,13,12,90,11.30,3.90,3.90,0.00
2025,"chinese_new_year","lead_up",1131,"UBI KENTANG IMPORT (CHINA)","1kg","Sarawak",156,14,14,9,24,123,5.77,3.50,3.50,0.00
2025,"chinese_new_year","lead_up",1131,"UBI KENTANG IMPORT (CHINA)","1kg","Selangor",73,14,14,18,22,33,24.66,2.99,2.90,0.00
2025,"chinese_new_year","lead_up",1131,"UBI KENTANG IMPORT (CHINA)","1kg","Terengganu",83,14,13,7,7,69,8.43,3.49,3.49,0.00
2025,"chinese_new_year","lead_up",1131,"UBI KENTANG IMPORT (CHINA)","1kg","W.P. Kuala Lumpur",101,14,14,18,26,57,17.82,3.10,3.10,0.00
2025,"chinese_new_year","lead_up",1131,"UBI KENTANG IMPORT (CHINA)","1kg","W.P. Labuan",13,14,14,0,0,13,0.00,3.50,3.50,0.00
2025,"chinese_new_year","lead_up",1131,"UBI KENTANG IMPORT (CHINA)","1kg","W.P. Putrajaya",20,14,14,3,10,7,15.00,3.95,3.68,-2.12
2025,"chinese_new_year","lead_up",1431,"DAGING LEMBU TEMPATAN (BAHAGIAN 1 DAGING PAHA (KECUALI BATANG PINANG - TENDERLOIN)","1kg","Johor",13,13,14,0,0,13,0.00,38.00,38.00,0.00
2025,"chinese_new_year","lead_up",1431,"DAGING LEMBU TEMPATAN (BAHAGIAN 1 DAGING PAHA (KECUALI BATANG PINANG - TENDERLOIN)","1kg","Kedah",13,14,13,0,0,13,0.00,38.00,38.00,0.00
2025,"chinese_new_year","lead_up",1431,"DAGING LEMBU TEMPATAN (BAHAGIAN 1 DAGING PAHA (KECUALI BATANG PINANG - TENDERLOIN)","1kg","Kelantan",16,14,14,0,4,12,0.00,26.50,25.50,0.00
2025,"chinese_new_year","lead_up",1431,"DAGING LEMBU TEMPATAN (BAHAGIAN 1 DAGING PAHA (KECUALI BATANG PINANG - TENDERLOIN)","1kg","Melaka",7,14,14,0,0,7,0.00,40.00,40.00,0.00
2025,"chinese_new_year","lead_up",1431,"DAGING LEMBU TEMPATAN (BAHAGIAN 1 DAGING PAHA (KECUALI BATANG PINANG - TENDERLOIN)","1kg","Negeri Sembilan",8,13,13,0,0,8,0.00,39.50,39.50,0.00
2025,"chinese_new_year","lead_up",1431,"DAGING LEMBU TEMPATAN (BAHAGIAN 1 DAGING PAHA (KECUALI BATANG PINANG - TENDERLOIN)","1kg","Pahang",9,14,14,0,1,8,0.00,38.00,38.00,0.00
2025,"chinese_new_year","lead_up",1431,"DAGING LEMBU TEMPATAN (BAHAGIAN 1 DAGING PAHA (KECUALI BATANG PINANG - TENDERLOIN)","1kg","Perak",17,14,14,2,1,14,11.76,36.00,36.00,0.00
2025,"chinese_new_year","lead_up",1431,"DAGING LEMBU TEMPATAN (BAHAGIAN 1 DAGING PAHA (KECUALI BATANG PINANG - TENDERLOIN)","1kg","Pulau Pinang",19,14,14,0,1,18,0.00,40.00,40.00,0.00
2025,"chinese_new_year","lead_up",1431,"DAGING LEMBU TEMPATAN (BAHAGIAN 1 DAGING PAHA (KECUALI BATANG PINANG - TENDERLOIN)","1kg","Selangor",15,14,14,0,0,15,0.00,39.00,39.00,0.00
2025,"chinese_new_year","lead_up",1431,"DAGING LEMBU TEMPATAN (BAHAGIAN 1 DAGING PAHA (KECUALI BATANG PINANG - TENDERLOIN)","1kg","Terengganu",10,14,13,2,2,6,20.00,34.50,33.00,0.00
2025,"chinese_new_year","lead_up",1431,"DAGING LEMBU TEMPATAN (BAHAGIAN 1 DAGING PAHA (KECUALI BATANG PINANG - TENDERLOIN)","1kg","W.P. Kuala Lumpur",5,14,14,0,0,5,0.00,57.90,57.90,0.00
2025,"chinese_new_year","lead_up",1555,"UDANG PUTIH/VANNAMEI (TERNAK) (ANTARA 41 HINGGA 60 EKOR SEKILOGRAM)","1kg","Johor",128,13,14,66,41,21,51.56,35.99,35.99,1.31
2025,"chinese_new_year","lead_up",1555,"UDANG PUTIH/VANNAMEI (TERNAK) (ANTARA 41 HINGGA 60 EKOR SEKILOGRAM)","1kg","Kedah",49,14,13,24,9,16,48.98,29.50,30.00,0.00
2025,"chinese_new_year","lead_up",1555,"UDANG PUTIH/VANNAMEI (TERNAK) (ANTARA 41 HINGGA 60 EKOR SEKILOGRAM)","1kg","Kelantan",68,14,14,35,15,18,51.47,32.99,34.89,2.71
2025,"chinese_new_year","lead_up",1555,"UDANG PUTIH/VANNAMEI (TERNAK) (ANTARA 41 HINGGA 60 EKOR SEKILOGRAM)","1kg","Melaka",18,14,14,10,5,3,55.56,35.95,36.00,2.96
2025,"chinese_new_year","lead_up",1555,"UDANG PUTIH/VANNAMEI (TERNAK) (ANTARA 41 HINGGA 60 EKOR SEKILOGRAM)","1kg","Negeri Sembilan",23,13,13,6,7,10,26.09,34.00,34.00,0.00
2025,"chinese_new_year","lead_up",1555,"UDANG PUTIH/VANNAMEI (TERNAK) (ANTARA 41 HINGGA 60 EKOR SEKILOGRAM)","1kg","Pahang",75,14,14,32,25,18,42.67,37.49,36.99,0.00
2025,"chinese_new_year","lead_up",1555,"UDANG PUTIH/VANNAMEI (TERNAK) (ANTARA 41 HINGGA 60 EKOR SEKILOGRAM)","1kg","Perak",75,14,14,32,27,16,42.67,30.99,30.94,0.00
2025,"chinese_new_year","lead_up",1555,"UDANG PUTIH/VANNAMEI (TERNAK) (ANTARA 41 HINGGA 60 EKOR SEKILOGRAM)","1kg","Perlis",12,14,13,6,3,3,50.00,30.25,31.00,1.72
2025,"chinese_new_year","lead_up",1555,"UDANG PUTIH/VANNAMEI (TERNAK) (ANTARA 41 HINGGA 60 EKOR SEKILOGRAM)","1kg","Pulau Pinang",57,14,14,25,17,15,43.86,33.00,32.00,0.00
2025,"chinese_new_year","lead_up",1555,"UDANG PUTIH/VANNAMEI (TERNAK) (ANTARA 41 HINGGA 60 EKOR SEKILOGRAM)","1kg","Sabah",32,14,14,6,11,15,18.75,34.00,33.00,0.00
2025,"chinese_new_year","lead_up",1555,"UDANG PUTIH/VANNAMEI (TERNAK) (ANTARA 41 HINGGA 60 EKOR SEKILOGRAM)","1kg","Sarawak",49,14,14,15,11,23,30.61,35.00,35.90,0.00
2025,"chinese_new_year","lead_up",1555,"UDANG PUTIH/VANNAMEI (TERNAK) (ANTARA 41 HINGGA 60 EKOR SEKILOGRAM)","1kg","Selangor",76,14,14,25,27,24,32.89,32.95,32.89,0.00
2025,"chinese_new_year","lead_up",1555,"UDANG PUTIH/VANNAMEI (TERNAK) (ANTARA 41 HINGGA 60 EKOR SEKILOGRAM)","1kg","Terengganu",42,14,13,24,5,13,57.14,32.00,33.70,2.30
2025,"chinese_new_year","lead_up",1555,"UDANG PUTIH/VANNAMEI (TERNAK) (ANTARA 41 HINGGA 60 EKOR SEKILOGRAM)","1kg","W.P. Kuala Lumpur",78,14,14,27,27,24,34.62,37.45,36.99,0.00
2025,"chinese_new_year","lead_up",1555,"UDANG PUTIH/VANNAMEI (TERNAK) (ANTARA 41 HINGGA 60 EKOR SEKILOGRAM)","1kg","W.P. Putrajaya",15,14,14,3,6,6,20.00,39.50,38.45,0.00
2025,"chinese_new_year","lead_up",1564,"BAWANG PUTIH IMPORT (CHINA)","1kg","Johor",165,13,14,13,67,85,7.88,12.99,12.25,0.00
2025,"chinese_new_year","lead_up",1564,"BAWANG PUTIH IMPORT (CHINA)","1kg","Kedah",76,14,13,0,12,64,0.00,13.00,12.95,0.00
2025,"chinese_new_year","lead_up",1564,"BAWANG PUTIH IMPORT (CHINA)","1kg","Kelantan",56,14,14,5,19,32,8.93,11.70,11.60,0.00
2025,"chinese_new_year","lead_up",1564,"BAWANG PUTIH IMPORT (CHINA)","1kg","Melaka",27,14,14,2,9,16,7.41,14.00,13.90,0.00
2025,"chinese_new_year","lead_up",1564,"BAWANG PUTIH IMPORT (CHINA)","1kg","Negeri Sembilan",39,13,13,2,11,26,5.13,13.90,13.88,0.00
2025,"chinese_new_year","lead_up",1564,"BAWANG PUTIH IMPORT (CHINA)","1kg","Pahang",109,14,14,7,36,66,6.42,14.00,13.25,0.00
2025,"chinese_new_year","lead_up",1564,"BAWANG PUTIH IMPORT (CHINA)","1kg","Perak",119,14,14,5,61,53,4.20,13.00,12.80,-2.08
2025,"chinese_new_year","lead_up",1564,"BAWANG PUTIH IMPORT (CHINA)","1kg","Perlis",29,14,13,2,1,26,6.90,11.50,11.50,0.00
2025,"chinese_new_year","lead_up",1564,"BAWANG PUTIH IMPORT (CHINA)","1kg","Pulau Pinang",96,14,14,7,38,51,7.29,13.00,13.00,0.00
2025,"chinese_new_year","lead_up",1564,"BAWANG PUTIH IMPORT (CHINA)","1kg","Sabah",132,14,14,11,37,84,8.33,11.00,11.00,0.00
2025,"chinese_new_year","lead_up",1564,"BAWANG PUTIH IMPORT (CHINA)","1kg","Sarawak",155,14,14,11,48,96,7.10,10.90,10.50,0.00
2025,"chinese_new_year","lead_up",1564,"BAWANG PUTIH IMPORT (CHINA)","1kg","Selangor",82,14,14,6,30,46,7.32,12.00,12.00,0.00
2025,"chinese_new_year","lead_up",1564,"BAWANG PUTIH IMPORT (CHINA)","1kg","Terengganu",70,14,13,2,4,64,2.86,12.00,12.00,0.00
2025,"chinese_new_year","lead_up",1564,"BAWANG PUTIH IMPORT (CHINA)","1kg","W.P. Kuala Lumpur",122,14,14,8,42,72,6.56,13.90,13.60,0.00
2025,"chinese_new_year","lead_up",1564,"BAWANG PUTIH IMPORT (CHINA)","1kg","W.P. Labuan",14,14,14,4,0,10,28.57,11.12,11.95,0.00
2025,"chinese_new_year","lead_up",1564,"BAWANG PUTIH IMPORT (CHINA)","1kg","W.P. Putrajaya",18,14,14,1,11,6,5.56,14.20,12.95,-6.32
2025,"chinese_new_year","lead_up",1589,"GULA PUTIH BERTAPIS KASAR (PELBAGAI JENAMA)","1kg","Johor",164,5,4,0,0,164,0.00,2.85,2.85,0.00
2025,"chinese_new_year","lead_up",1589,"GULA PUTIH BERTAPIS KASAR (PELBAGAI JENAMA)","1kg","Pahang",135,5,4,0,1,134,0.00,2.85,2.85,0.00
2025,"deepavali","after",1,"AYAM BERSIH - STANDARD","1kg","Johor",175,14,14,157,4,14,89.71,7.99,8.79,7.61
2025,"deepavali","after",1,"AYAM BERSIH - STANDARD","1kg","Kedah",77,14,14,57,1,19,74.03,8.49,8.99,4.12
2025,"deepavali","after",1,"AYAM BERSIH - STANDARD","1kg","Kelantan",89,12,14,79,1,9,88.76,8.20,8.90,7.39
2025,"deepavali","after",1,"AYAM BERSIH - STANDARD","1kg","Melaka",36,14,14,28,0,8,77.78,7.99,8.79,7.77
2025,"deepavali","after",1,"AYAM BERSIH - STANDARD","1kg","Negeri Sembilan",48,14,14,37,1,10,77.08,8.10,8.73,6.36
2025,"deepavali","after",1,"AYAM BERSIH - STANDARD","1kg","Pahang",109,14,14,92,1,16,84.40,7.99,8.70,7.80
2025,"deepavali","after",1,"AYAM BERSIH - STANDARD","1kg","Perak",120,14,14,95,2,23,79.17,7.99,8.42,5.20
2025,"deepavali","after",1,"AYAM BERSIH - STANDARD","1kg","Perlis",20,14,14,18,1,1,90.00,8.69,9.02,5.18
2025,"deepavali","after",1,"AYAM BERSIH - STANDARD","1kg","Pulau Pinang",87,14,14,56,1,30,64.37,8.50,8.90,4.30
2025,"deepavali","after",1,"AYAM BERSIH - STANDARD","1kg","Sabah",14,14,14,0,3,11,0.00,12.95,12.90,0.00
2025,"deepavali","after",1,"AYAM BERSIH - STANDARD","1kg","Sarawak",22,14,14,4,2,16,18.18,10.85,10.85,0.00
2025,"deepavali","after",1,"AYAM BERSIH - STANDARD","1kg","Selangor",101,14,14,84,3,14,83.17,8.10,8.69,5.26
2025,"deepavali","after",1,"AYAM BERSIH - STANDARD","1kg","Terengganu",93,14,14,82,4,7,88.17,8.45,8.99,7.27
2025,"deepavali","after",1,"AYAM BERSIH - STANDARD","1kg","W.P. Kuala Lumpur",114,14,14,96,1,17,84.21,8.50,9.02,5.61
2025,"deepavali","after",1,"AYAM BERSIH - STANDARD","1kg","W.P. Putrajaya",21,14,14,19,1,1,90.48,8.19,8.79,5.61
2025,"deepavali","after",94,"CILI MERAH - MINYAK","1kg","Johor",112,14,14,30,39,43,26.79,13.00,13.00,0.00
2025,"deepavali","after",94,"CILI MERAH - MINYAK","1kg","Kedah",47,14,14,16,16,15,34.04,12.99,12.90,0.00
2025,"deepavali","after",94,"CILI MERAH - MINYAK","1kg","Kelantan",26,12,14,8,8,10,30.77,14.45,14.90,0.00
2025,"deepavali","after",94,"CILI MERAH - MINYAK","1kg","Melaka",19,14,14,10,4,5,52.63,13.00,12.49,1.21
2025,"deepavali","after",94,"CILI MERAH - MINYAK","1kg","Negeri Sembilan",54,14,14,17,20,17,31.48,14.45,13.00,0.00
2025,"deepavali","after",94,"CILI MERAH - MINYAK","1kg","Pahang",100,14,14,31,42,27,31.00,13.10,13.45,0.00
2025,"deepavali","after",94,"CILI MERAH - MINYAK","1kg","Perak",101,14,14,48,29,24,47.52,13.00,13.99,0.00
2025,"deepavali","after",94,"CILI MERAH - MINYAK","1kg","Perlis",20,14,14,3,10,7,15.00,15.00,15.00,-0.28
2025,"deepavali","after",94,"CILI MERAH - MINYAK","1kg","Pulau Pinang",66,14,14,25,18,23,37.88,12.99,12.99,0.00
2025,"deepavali","after",94,"CILI MERAH - MINYAK","1kg","Sabah",24,14,14,9,10,5,37.50,22.25,19.99,0.00
2025,"deepavali","after",94,"CILI MERAH - MINYAK","1kg","Sarawak",133,14,14,17,77,39,12.78,20.00,17.99,-7.06
2025,"deepavali","after",94,"CILI MERAH - MINYAK","1kg","Selangor",106,14,14,34,35,37,32.08,12.99,13.29,0.00
2025,"deepavali","after",94,"CILI MERAH - MINYAK","1kg","Terengganu",48,14,14,15,24,9,31.25,12.15,12.73,-0.24
2025,"deepavali","after",94,"CILI MERAH - MINYAK","1kg","W.P. Kuala Lumpur",133,14,14,43,55,35,32.33,14.90,14.50,0.00
2025,"deepavali","after",103,"SANTAN KELAPA SEGAR (BIASA)","1kg","Johor",37,4,4,4,0,33,10.81,10.98,10.98,0.00
2025,"deepavali","after",103,"SANTAN KELAPA SEGAR (BIASA)","1kg","Pahang",31,4,4,1,1,29,3.23,9.90,10.00,0.00
2025,"deepavali","after",114,"TOMATO","1kg","Johor",198,14,14,57,94,47,28.79,4.90,4.60,0.00
2025,"deepavali","after",114,"TOMATO","1kg","Kedah",86,14,14,30,31,25,34.88,4.49,4.55,0.00
2025,"deepavali","after",114,"TOMATO","1kg","Kelantan",106,12,14,31,45,30,29.25,4.50,4.90,0.00
2025,"deepavali","after",114,"TOMATO","1kg","Melaka",45,14,14,10,22,13,22.22,4.90,4.50,0.00
2025,"deepavali","after",114,"TOMATO","1kg","Negeri Sembilan",56,14,14,16,30,10,28.57,5.00,4.63,-4.36
2025,"deepavali","after",114,"TOMATO","1kg","Pahang",123,14,14,45,42,36,36.59,4.50,4.50,0.00
2025,"deepavali","after",114,"TOMATO","1kg","Perak",131,14,14,59,36,36,45.04,4.20,4.50,0.00
2025,"deepavali","after",114,"TOMATO","1kg","Perlis",24,14,14,10,7,7,41.67,5.10,5.35,0.00
2025,"deepavali","after",114,"TOMATO","1kg","Pulau Pinang",117,14,14,32,39,46,27.35,4.90,4.90,0.00
2025,"deepavali","after",114,"TOMATO","1kg","Sabah",115,14,14,29,49,37,25.22,7.50,7.00,0.00
2025,"deepavali","after",114,"TOMATO","1kg","Sarawak",153,14,14,35,61,57,22.88,8.00,7.59,0.00
2025,"deepavali","after",114,"TOMATO","1kg","Selangor",116,14,14,43,47,26,37.07,4.49,4.55,0.00
2025,"deepavali","after",114,"TOMATO","1kg","Terengganu",101,14,14,36,41,24,35.64,4.99,4.80,0.00
2025,"deepavali","after",114,"TOMATO","1kg","W.P. Kuala Lumpur",158,14,14,72,41,45,45.57,4.25,4.50,0.00
2025,"deepavali","after",114,"TOMATO","1kg","W.P. Labuan",9,14,14,1,1,7,11.11,8.90,8.90,0.00
2025,"deepavali","after",114,"TOMATO","1kg","W.P. Putrajaya",26,14,14,11,6,9,42.31,4.21,4.70,0.00
2025,"deepavali","after",129,"BAWANG BESAR KUNING/HOLLAND","1kg","Johor",193,14,14,27,39,127,13.99,3.90,3.90,0.00
2025,"deepavali","after",129,"BAWANG BESAR KUNING/HOLLAND","1kg","Kedah",97,14,14,8,9,80,8.25,3.90,3.90,0.00
2025,"deepavali","after",129,"BAWANG BESAR KUNING/HOLLAND","1kg","Kelantan",159,12,14,27,29,103,16.98,4.00,4.00,0.00
2025,"deepavali","after",129,"BAWANG BESAR KUNING/HOLLAND","1kg","Melaka",51,14,14,2,5,44,3.92,3.99,4.00,0.00
2025,"deepavali","after",129,"BAWANG BESAR KUNING/HOLLAND","1kg","Negeri Sembilan",62,14,14,6,12,44,9.68,3.99,3.90,0.00
2025,"deepavali","after",129,"BAWANG BESAR KUNING/HOLLAND","1kg","Pahang",131,14,14,15,20,96,11.45,3.99,3.99,0.00
2025,"deepavali","after",129,"BAWANG BESAR KUNING/HOLLAND","1kg","Perak",142,14,14,18,38,86,12.68,3.49,3.00,0.00
2025,"deepavali","after",129,"BAWANG BESAR KUNING/HOLLAND","1kg","Perlis",29,14,14,3,6,20,10.34,4.00,4.00,0.00
2025,"deepavali","after",129,"BAWANG BESAR KUNING/HOLLAND","1kg","Pulau Pinang",122,14,14,17,18,87,13.93,3.99,3.99,0.00
2025,"deepavali","after",129,"BAWANG BESAR KUNING/HOLLAND","1kg","Sabah",159,14,14,15,34,110,9.43,4.99,4.90,0.00
2025,"deepavali","after",129,"BAWANG BESAR KUNING/HOLLAND","1kg","Sarawak",219,14,14,24,46,149,10.96,4.25,4.00,0.00
2025,"deepavali","after",129,"BAWANG BESAR KUNING/HOLLAND","1kg","Selangor",121,14,14,12,24,85,9.92,3.79,3.60,0.00
2025,"deepavali","after",129,"BAWANG BESAR KUNING/HOLLAND","1kg","Terengganu",124,14,14,13,16,95,10.48,3.90,3.85,0.00
2025,"deepavali","after",129,"BAWANG BESAR KUNING/HOLLAND","1kg","W.P. Kuala Lumpur",159,14,14,31,25,103,19.50,3.90,3.79,0.00
2025,"deepavali","after",129,"BAWANG BESAR KUNING/HOLLAND","1kg","W.P. Labuan",14,14,14,1,5,8,7.14,4.20,4.15,0.00
2025,"deepavali","after",129,"BAWANG BESAR KUNING/HOLLAND","1kg","W.P. Putrajaya",26,14,14,5,3,18,19.23,3.99,3.99,0.00
2025,"deepavali","after",904,"BERAS SUPER CAP RAMBUTAN 5% (IMPORT)","10 kg","Pulau Pinang",50,4,4,7,8,35,14.00,35.00,34.99,0.00
2025,"deepavali","after",917,"TEPUNG GANDUM NGP (BERBUNGKUS, CAP SAUH)","1kg","Johor",186,4,4,14,27,145,7.53,3.20,3.20,0.00
2025,"deepavali","after",917,"TEPUNG GANDUM NGP (BERBUNGKUS, CAP SAUH)","1kg","Pahang",146,4,4,8,10,128,5.48,3.20,3.20,0.00
2025,"deepavali","after",918,"MINYAK MASAK PAKET (PELBAGAI JENAMA)","1kg","Johor",51,4,4,0,1,50,0.00,2.50,2.50,0.00
2025,"deepavali","after",1111,"TELUR AYAM GRED C","30 biji","Johor",147,14,14,6,119,22,4.08,13.20,12.45,-6.67
2025,"deepavali","after",1111,"TELUR AYAM GRED C","30 biji","Kedah",41,14,14,3,34,4,7.32,13.20,12.10,-8.51
2025,"deepavali","after",1111,"TELUR AYAM GRED C","30 biji","Kelantan",90,12,14,11,65,14,12.22,13.75,12.90,-5.64
2025,"deepavali","after",1111,"TELUR AYAM GRED C","30 biji","Melaka",36,14,14,1,34,1,2.78,13.50,12.63,-6.79
2025,"deepavali","after",1111,"TELUR AYAM GRED C","30 biji","Negeri Sembilan",36,14,14,4,27,5,11.11,13.20,12.42,-5.45
2025,"deepavali","after",1111,"TELUR AYAM GRED C","30 biji","Pahang",82,14,14,15,59,8,18.29,13.20,12.60,-5.19
2025,"deepavali","after",1111,"TELUR AYAM GRED C","30 biji","Perak",112,14,14,7,93,12,6.25,13.43,12.19,-7.05
2025,"deepavali","after",1111,"TELUR AYAM GRED C","30 biji","Perlis",10,14,14,0,10,0,0.00,12.99,12.40,-3.92
2025,"deepavali","after",1111,"TELUR AYAM GRED C","30 biji","Pulau Pinang",70,14,14,3,53,14,4.29,13.29,12.40,-6.53
2025,"deepavali","after",1111,"TELUR AYAM GRED C","30 biji","Sabah",8,14,14,1,0,7,12.50,15.00,15.00,0.00
2025,"deepavali","after",1111,"TELUR AYAM GRED C","30 biji","Sarawak",43,14,14,20,3,20,46.51,14.50,14.90,0.00
2025,"deepavali","after",1111,"TELUR AYAM GRED C","30 biji","Selangor",83,14,14,4,64,15,4.82,13.20,12.75,-4.44
2025,"deepavali","after",1111,"TELUR AYAM GRED C","30 biji","Terengganu",67,14,14,9,49,9,13.43,13.80,12.90,-4.86
2025,"deepavali","after",1111,"TELUR AYAM GRED C","30 biji","W.P. Kuala Lumpur",110,14,14,12,72,26,10.91,13.20,12.90,-3.76
2025,"deepavali","after",1111,"TELUR AYAM GRED C","30 biji","W.P. Putrajaya",14,14,14,2,9,3,14.29,13.50,12.95,-3.43
2025,"deepavali","after",1131,"UBI KENTANG IMPORT (CHINA)","1kg","Johor",176,14,14,17,40,119,9.66,2.99,2.99,0.00
2025,"deepavali","after",1131,"UBI KENTANG IMPORT (CHINA)","1kg","Kedah",80,14,14,14,13,53,17.50,3.00,3.00,0.00
2025,"deepavali","after",1131,"UBI KENTANG IMPORT (CHINA)","1kg","Kelantan",61,12,14,7,8,46,11.48,3.50,3.50,0.00
2025,"deepavali","after",1131,"UBI KENTANG IMPORT (CHINA)","1kg","Melaka",49,14,14,2,8,39,4.08,3.50,3.50,0.00
2025,"deepavali","after",1131,"UBI KENTANG IMPORT (CHINA)","1kg","Negeri Sembilan",41,14,14,3,7,31,7.32,2.90,2.99,0.00
2025,"deepavali","after",1131,"UBI KENTANG IMPORT (CHINA)","1kg","Pahang",129,14,14,8,16,105,6.20,3.50,3.50,0.00
2025,"deepavali","after",1131,"UBI KENTANG IMPORT (CHINA)","1kg","Perak",145,14,14,17,34,94,11.72,3.00,3.00,0.00
2025,"deepavali","after",1131,"UBI KENTANG IMPORT (CHINA)","1kg","Perlis",25,14,14,2,2,21,8.00,3.50,3.50,0.00
2025,"deepavali","after",1131,"UBI KENTANG IMPORT (CHINA)","1kg","Pulau Pinang",121,14,14,14,29,78,11.57,3.50,3.50,0.00
2025,"deepavali","after",1131,"UBI KENTANG IMPORT (CHINA)","1kg","Sabah",148,14,14,15,30,103,10.14,3.50,3.50,0.00
2025,"deepavali","after",1131,"UBI KENTANG IMPORT (CHINA)","1kg","Sarawak",211,14,14,25,34,152,11.85,3.20,3.00,0.00
2025,"deepavali","after",1131,"UBI KENTANG IMPORT (CHINA)","1kg","Selangor",105,14,14,12,29,64,11.43,3.00,3.00,0.00
2025,"deepavali","after",1131,"UBI KENTANG IMPORT (CHINA)","1kg","Terengganu",96,14,14,9,7,80,9.38,3.33,3.40,0.00
2025,"deepavali","after",1131,"UBI KENTANG IMPORT (CHINA)","1kg","W.P. Kuala Lumpur",145,14,14,16,28,101,11.03,3.20,3.20,0.00
2025,"deepavali","after",1131,"UBI KENTANG IMPORT (CHINA)","1kg","W.P. Labuan",14,14,14,2,3,9,14.29,3.15,3.15,0.00
2025,"deepavali","after",1131,"UBI KENTANG IMPORT (CHINA)","1kg","W.P. Putrajaya",26,14,14,4,4,18,15.38,3.50,3.70,0.00
2025,"deepavali","after",1431,"DAGING LEMBU TEMPATAN (BAHAGIAN 1 DAGING PAHA (KECUALI BATANG PINANG - TENDERLOIN)","1kg","Johor",8,4,4,0,0,8,0.00,39.00,39.00,0.00
2025,"deepavali","after",1555,"UDANG PUTIH/VANNAMEI (TERNAK) (ANTARA 41 HINGGA 60 EKOR SEKILOGRAM)","1kg","Johor",145,14,14,49,61,35,33.79,35.00,34.99,0.00
2025,"deepavali","after",1555,"UDANG PUTIH/VANNAMEI (TERNAK) (ANTARA 41 HINGGA 60 EKOR SEKILOGRAM)","1kg","Kedah",56,14,14,14,21,21,25.00,30.00,30.00,0.00
2025,"deepavali","after",1555,"UDANG PUTIH/VANNAMEI (TERNAK) (ANTARA 41 HINGGA 60 EKOR SEKILOGRAM)","1kg","Kelantan",80,12,14,25,37,18,31.25,32.90,32.38,0.00
2025,"deepavali","after",1555,"UDANG PUTIH/VANNAMEI (TERNAK) (ANTARA 41 HINGGA 60 EKOR SEKILOGRAM)","1kg","Melaka",36,14,14,12,10,14,33.33,33.95,34.00,0.00
2025,"deepavali","after",1555,"UDANG PUTIH/VANNAMEI (TERNAK) (ANTARA 41 HINGGA 60 EKOR SEKILOGRAM)","1kg","Negeri Sembilan",42,14,14,14,17,11,33.33,32.55,32.80,0.00
2025,"deepavali","after",1555,"UDANG PUTIH/VANNAMEI (TERNAK) (ANTARA 41 HINGGA 60 EKOR SEKILOGRAM)","1kg","Pahang",81,14,14,16,47,18,19.75,35.00,32.99,-2.17
2025,"deepavali","after",1555,"UDANG PUTIH/VANNAMEI (TERNAK) (ANTARA 41 HINGGA 60 EKOR SEKILOGRAM)","1kg","Perak",108,14,14,32,38,38,29.63,30.00,30.00,0.00
2025,"deepavali","after",1555,"UDANG PUTIH/VANNAMEI (TERNAK) (ANTARA 41 HINGGA 60 EKOR SEKILOGRAM)","1kg","Perlis",16,14,14,5,6,5,31.25,32.00,31.00,0.00
2025,"deepavali","after",1555,"UDANG PUTIH/VANNAMEI (TERNAK) (ANTARA 41 HINGGA 60 EKOR SEKILOGRAM)","1kg","Pulau Pinang",74,14,14,20,21,33,27.03,32.00,32.00,0.00
2025,"deepavali","after",1555,"UDANG PUTIH/VANNAMEI (TERNAK) (ANTARA 41 HINGGA 60 EKOR SEKILOGRAM)","1kg","Sabah",40,14,14,11,13,16,27.50,35.90,36.90,0.00
2025,"deepavali","after",1555,"UDANG PUTIH/VANNAMEI (TERNAK) (ANTARA 41 HINGGA 60 EKOR SEKILOGRAM)","1kg","Sarawak",75,14,14,20,19,36,26.67,35.90,36.00,0.00
2025,"deepavali","after",1555,"UDANG PUTIH/VANNAMEI (TERNAK) (ANTARA 41 HINGGA 60 EKOR SEKILOGRAM)","1kg","Selangor",92,14,14,26,40,26,28.26,32.95,32.90,0.00
2025,"deepavali","after",1555,"UDANG PUTIH/VANNAMEI (TERNAK) (ANTARA 41 HINGGA 60 EKOR SEKILOGRAM)","1kg","Terengganu",55,14,14,17,23,15,30.91,32.99,32.00,0.00
2025,"deepavali","after",1555,"UDANG PUTIH/VANNAMEI (TERNAK) (ANTARA 41 HINGGA 60 EKOR SEKILOGRAM)","1kg","W.P. Kuala Lumpur",105,14,14,27,40,38,25.71,35.00,35.30,0.00
2025,"deepavali","after",1555,"UDANG PUTIH/VANNAMEI (TERNAK) (ANTARA 41 HINGGA 60 EKOR SEKILOGRAM)","1kg","W.P. Labuan",8,14,14,1,1,6,12.50,39.90,39.90,0.00
2025,"deepavali","after",1555,"UDANG PUTIH/VANNAMEI (TERNAK) (ANTARA 41 HINGGA 60 EKOR SEKILOGRAM)","1kg","W.P. Putrajaya",21,14,14,6,6,9,28.57,37.99,37.50,0.00
2025,"deepavali","after",1564,"BAWANG PUTIH IMPORT (CHINA)","1kg","Johor",201,14,14,31,38,132,15.42,9.99,9.99,0.00
2025,"deepavali","after",1564,"BAWANG PUTIH IMPORT (CHINA)","1kg","Kedah",89,14,14,16,19,54,17.98,8.90,8.99,0.00
2025,"deepavali","after",1564,"BAWANG PUTIH IMPORT (CHINA)","1kg","Kelantan",73,12,14,10,16,47,13.70,8.99,8.99,0.00
2025,"deepavali","after",1564,"BAWANG PUTIH IMPORT (CHINA)","1kg","Melaka",52,14,14,6,6,40,11.54,11.00,10.99,0.00
2025,"deepavali","after",1564,"BAWANG PUTIH IMPORT (CHINA)","1kg","Negeri Sembilan",60,14,14,7,13,40,11.67,10.00,10.00,0.00
2025,"deepavali","after",1564,"BAWANG PUTIH IMPORT (CHINA)","1kg","Pahang",143,14,14,21,22,100,14.69,10.90,10.00,0.00
2025,"deepavali","after",1564,"BAWANG PUTIH IMPORT (CHINA)","1kg","Perak",160,14,14,22,30,108,13.75,9.90,9.90,0.00
2025,"deepavali","after",1564,"BAWANG PUTIH IMPORT (CHINA)","1kg","Perlis",26,14,14,4,2,20,15.38,10.00,10.00,0.00
2025,"deepavali","after",1564,"BAWANG PUTIH IMPORT (CHINA)","1kg","Pulau Pinang",137,14,14,25,21,91,18.25,10.00,10.00,0.00
2025,"deepavali","after",1564,"BAWANG PUTIH IMPORT (CHINA)","1kg","Sabah",167,14,14,26,38,103,15.57,8.99,8.99,0.00
2025,"deepavali","after",1564,"BAWANG PUTIH IMPORT (CHINA)","1kg","Sarawak",213,14,14,25,31,157,11.74,8.15,8.00,0.00
2025,"deepavali","after",1564,"BAWANG PUTIH IMPORT (CHINA)","1kg","Selangor",117,14,14,13,23,81,11.11,9.90,9.90,0.00
2025,"deepavali","after",1564,"BAWANG PUTIH IMPORT (CHINA)","1kg","Terengganu",89,14,14,17,15,57,19.10,10.00,10.00,0.00
2025,"deepavali","after",1564,"BAWANG PUTIH IMPORT (CHINA)","1kg","W.P. Kuala Lumpur",156,14,14,20,21,115,12.82,10.75,10.50,0.00
2025,"deepavali","after",1564,"BAWANG PUTIH IMPORT (CHINA)","1kg","W.P. Labuan",14,14,14,3,3,8,21.43,8.00,7.90,0.00
2025,"deepavali","after",1564,"BAWANG PUTIH IMPORT (CHINA)","1kg","W.P. Putrajaya",25,14,14,3,4,18,12.00,11.00,11.25,0.00
2025,"deepavali","after",1589,"GULA PUTIH BERTAPIS KASAR (PELBAGAI JENAMA)","1kg","Johor",203,4,4,1,0,202,0.49,2.85,2.85,0.00
2025,"deepavali","after",1589,"GULA PUTIH BERTAPIS KASAR (PELBAGAI JENAMA)","1kg","Pahang",169,4,4,0,0,169,0.00,2.85,2.85,0.00
2025,"deepavali","lead_up",1,"AYAM BERSIH - STANDARD","1kg","Johor",175,14,14,129,13,33,73.71,7.99,8.29,3.03
2025,"deepavali","lead_up",1,"AYAM BERSIH - STANDARD","1kg","Kedah",77,14,14,40,6,31,51.95,8.49,8.65,1.74
2025,"deepavali","lead_up",1,"AYAM BERSIH - STANDARD","1kg","Kelantan",88,12,14,60,4,24,68.18,8.25,8.50,3.64
2025,"deepavali","lead_up",1,"AYAM BERSIH - STANDARD","1kg","Melaka",36,14,14,23,1,12,63.89,7.99,8.29,2.50
2025,"deepavali","lead_up",1,"AYAM BERSIH - STANDARD","1kg","Negeri Sembilan",48,14,14,34,1,13,70.83,8.10,8.50,3.58
2025,"deepavali","lead_up",1,"AYAM BERSIH - STANDARD","1kg","Pahang",110,14,14,82,4,24,74.55,8.00,8.39,3.75
2025,"deepavali","lead_up",1,"AYAM BERSIH - STANDARD","1kg","Perak",121,14,14,78,2,41,64.46,7.99,8.29,2.29
2025,"deepavali","lead_up",1,"AYAM BERSIH - STANDARD","1kg","Perlis",20,14,14,9,1,10,45.00,8.69,8.69,0.00
2025,"deepavali","lead_up",1,"AYAM BERSIH - STANDARD","1kg","Pulau Pinang",87,14,14,42,4,41,48.28,8.50,8.59,0.00
2025,"deepavali","lead_up",1,"AYAM BERSIH - STANDARD","1kg","Sabah",17,14,14,0,1,16,0.00,13.00,13.00,0.00
2025,"deepavali","lead_up",1,"AYAM BERSIH - STANDARD","1kg","Sarawak",24,14,13,2,1,21,8.33,10.85,10.85,0.00
2025,"deepavali","lead_up",1,"AYAM BERSIH - STANDARD","1kg","Selangor",102,14,14,68,4,30,66.67,8.15,8.39,2.47
2025,"deepavali","lead_up",1,"AYAM BERSIH - STANDARD","1kg","Terengganu",93,14,14,56,9,28,60.22,8.45,8.69,2.27
2025,"deepavali","lead_up",1,"AYAM BERSIH - STANDARD","1kg","W.P. Kuala Lumpur",114,14,14,80,1,33,70.18,8.50,8.75,3.12
2025,"deepavali","lead_up",1,"AYAM BERSIH - STANDARD","1kg","W.P. Putrajaya",21,14,14,14,1,6,66.67,8.19,8.40,2.57
2025,"deepavali","lead_up",94,"CILI MERAH - MINYAK","1kg","Johor",114,14,14,38,36,40,33.33,13.00,13.95,0.00
2025,"deepavali","lead_up",94,"CILI MERAH - MINYAK","1kg","Kedah",49,14,14,25,13,11,51.02,13.00,13.90,3.57
2025,"deepavali","lead_up",94,"CILI MERAH - MINYAK","1kg","Kelantan",27,12,14,9,6,12,33.33,14.90,14.99,0.00
2025,"deepavali","lead_up",94,"CILI MERAH - MINYAK","1kg","Melaka",22,14,14,12,4,6,54.55,13.75,13.50,2.44
2025,"deepavali","lead_up",94,"CILI MERAH - MINYAK","1kg","Negeri Sembilan",54,14,14,14,24,16,25.93,14.45,14.25,0.00
2025,"deepavali","lead_up",94,"CILI MERAH - MINYAK","1kg","Pahang",103,14,14,33,23,47,32.04,13.50,13.99,0.00
2025,"deepavali","lead_up",94,"CILI MERAH - MINYAK","1kg","Perak",102,14,14,52,23,27,50.98,13.00,14.00,2.73
2025,"deepavali","lead_up",94,"CILI MERAH - MINYAK","1kg","Perlis",19,14,14,5,2,12,26.32,15.00,15.50,0.00
2025,"deepavali","lead_up",94,"CILI MERAH - MINYAK","1kg","Pulau Pinang",69,14,14,34,15,20,49.28,13.00,14.00,0.00
2025,"deepavali","lead_up",94,"CILI MERAH - MINYAK","1kg","Sabah",25,14,14,6,3,16,24.00,22.79,23.00,0.00
2025,"deepavali","lead_up",94,"CILI MERAH - MINYAK","1kg","Sarawak",141,14,13,22,54,65,15.60,20.50,18.99,0.00
2025,"deepavali","lead_up",94,"CILI MERAH - MINYAK","1kg","Selangor",106,14,14,39,23,44,36.79,12.99,13.00,0.00
2025,"deepavali","lead_up",94,"CILI MERAH - MINYAK","1kg","Terengganu",53,14,14,15,21,17,28.30,12.30,12.89,0.00
2025,"deepavali","lead_up",94,"CILI MERAH - MINYAK","1kg","W.P. Kuala Lumpur",133,14,14,51,26,56,38.35,14.90,14.99,0.00
2025,"deepavali","lead_up",103,"SANTAN KELAPA SEGAR (BIASA)","1kg","Johor",35,4,4,3,0,32,8.57,10.98,10.98,0.00
2025,"deepavali","lead_up",103,"SANTAN KELAPA SEGAR (BIASA)","1kg","Pahang",35,4,4,1,0,34,2.86,9.90,9.90,0.00
2025,"deepavali","lead_up",114,"TOMATO","1kg","Johor",198,14,14,79,43,76,39.90,4.90,4.99,0.00
2025,"deepavali","lead_up",114,"TOMATO","1kg","Kedah",86,14,14,43,15,28,50.00,4.49,4.99,0.48
2025,"deepavali","lead_up",114,"TOMATO","1kg","Kelantan",108,12,14,41,22,45,37.96,4.50,4.90,0.00
2025,"deepavali","lead_up",114,"TOMATO","1kg","Melaka",46,14,14,20,12,14,43.48,4.94,4.99,0.00
2025,"deepavali","lead_up",114,"TOMATO","1kg","Negeri Sembilan",56,14,14,27,12,17,48.21,5.00,5.00,0.00
2025,"deepavali","lead_up",114,"TOMATO","1kg","Pahang",124,14,14,56,14,54,45.16,4.50,4.99,0.00
2025,"deepavali","lead_up",114,"TOMATO","1kg","Perak",132,14,14,82,19,31,62.12,4.23,4.78,6.01
2025,"deepavali","lead_up",114,"TOMATO","1kg","Perlis",25,14,14,8,3,14,32.00,5.00,5.00,0.00
2025,"deepavali","lead_up",114,"TOMATO","1kg","Pulau Pinang",117,14,14,54,21,42,46.15,4.90,5.00,0.00
2025,"deepavali","lead_up",114,"TOMATO","1kg","Sabah",118,14,14,25,24,69,21.19,7.50,7.50,0.00
2025,"deepavali","lead_up",114,"TOMATO","1kg","Sarawak",160,14,13,25,38,97,15.63,8.00,8.00,0.00
2025,"deepavali","lead_up",114,"TOMATO","1kg","Selangor",116,14,14,60,24,32,51.72,4.49,4.75,1.50
2025,"deepavali","lead_up",114,"TOMATO","1kg","Terengganu",103,14,14,54,20,29,52.43,4.99,5.00,2.16
2025,"deepavali","lead_up",114,"TOMATO","1kg","W.P. Kuala Lumpur",159,14,14,103,17,39,64.78,4.25,4.70,5.28
2025,"deepavali","lead_up",114,"TOMATO","1kg","W.P. Labuan",8,14,14,2,3,3,25.00,8.90,7.98,0.00
2025,"deepavali","lead_up",114,"TOMATO","1kg","W.P. Putrajaya",27,14,14,15,2,10,55.56,4.30,4.90,2.57
2025,"deepavali","lead_up",129,"BAWANG BESAR KUNING/HOLLAND","1kg","Johor",192,14,14,13,27,152,6.77,3.90,3.90,0.00
2025,"deepavali","lead_up",129,"BAWANG BESAR KUNING/HOLLAND","1kg","Kedah",97,14,14,8,6,83,8.25,3.90,3.90,0.00
2025,"deepavali","lead_up",129,"BAWANG BESAR KUNING/HOLLAND","1kg","Kelantan",163,12,14,22,12,129,13.50,4.00,4.00,0.00
2025,"deepavali","lead_up",129,"BAWANG BESAR KUNING/HOLLAND","1kg","Melaka",51,14,14,0,3,48,0.00,3.99,3.99,0.00
2025,"deepavali","lead_up",129,"BAWANG BESAR KUNING/HOLLAND","1kg","Negeri Sembilan",62,14,14,0,8,54,0.00,3.99,3.95,0.00
2025,"deepavali","lead_up",129,"BAWANG BESAR KUNING/HOLLAND","1kg","Pahang",133,14,14,11,21,101,8.27,3.99,3.90,0.00
2025,"deepavali","lead_up",129,"BAWANG BESAR KUNING/HOLLAND","1kg","Perak",140,14,14,11,26,103,7.86,3.49,3.00,0.00
2025,"deepavali","lead_up",129,"BAWANG BESAR KUNING/HOLLAND","1kg","Perlis",30,14,14,3,2,25,10.00,4.00,4.00,0.00
2025,"deepavali","lead_up",129,"BAWANG BESAR KUNING/HOLLAND","1kg","Pulau Pinang",124,14,14,10,16,98,8.06,3.99,3.99,0.00
2025,"deepavali","lead_up",129,"BAWANG BESAR KUNING/HOLLAND","1kg","Sabah",161,14,14,15,26,120,9.32,4.99,4.99,0.00
2025,"deepavali","lead_up",129,"BAWANG BESAR KUNING/HOLLAND","1kg","Sarawak",219,14,14,22,28,169,10.05,4.25,4.20,0.00
2025,"deepavali","lead_up",129,"BAWANG BESAR KUNING/HOLLAND","1kg","Selangor",121,14,14,11,16,94,9.09,3.79,3.80,0.00
2025,"deepavali","lead_up",129,"BAWANG BESAR KUNING/HOLLAND","1kg","Terengganu",128,14,14,10,10,108,7.81,3.95,3.95,0.00
2025,"deepavali","lead_up",129,"BAWANG BESAR KUNING/HOLLAND","1kg","W.P. Kuala Lumpur",160,14,14,21,18,121,13.13,3.90,3.85,0.00
2025,"deepavali","lead_up",129,"BAWANG BESAR KUNING/HOLLAND","1kg","W.P. Labuan",14,14,14,0,2,12,0.00,4.20,4.20,0.00
2025,"deepavali","lead_up",129,"BAWANG BESAR KUNING/HOLLAND","1kg","W.P. Putrajaya",27,14,14,2,2,23,7.41,3.99,3.99,0.00
2025,"deepavali","lead_up",917,"TEPUNG GANDUM NGP (BERBUNGKUS, CAP SAUH)","1kg","Johor",184,4,4,11,18,155,5.98,3.20,3.20,0.00
2025,"deepavali","lead_up",917,"TEPUNG GANDUM NGP (BERBUNGKUS, CAP SAUH)","1kg","Pahang",150,4,4,4,5,141,2.67,3.20,3.20,0.00
2025,"deepavali","lead_up",918,"MINYAK MASAK PAKET (PELBAGAI JENAMA)","1kg","Johor",58,4,4,0,1,57,0.00,2.50,2.50,0.00
2025,"deepavali","lead_up",1111,"TELUR AYAM GRED C","30 biji","Johor",146,14,14,58,24,64,39.73,13.20,13.20,0.00
2025,"deepavali","lead_up",1111,"TELUR AYAM GRED C","30 biji","Kedah",41,14,14,14,11,16,34.15,13.20,13.30,0.00
2025,"deepavali","lead_up",1111,"TELUR AYAM GRED C","30 biji","Kelantan",89,12,14,21,22,46,23.60,13.70,13.80,0.00
2025,"deepavali","lead_up",1111,"TELUR AYAM GRED C","30 biji","Melaka",36,14,14,20,8,8,55.56,13.50,13.55,1.49
2025,"deepavali","lead_up",1111,"TELUR AYAM GRED C","30 biji","Negeri Sembilan",36,14,14,20,7,9,55.56,13.20,13.20,1.45
2025,"deepavali","lead_up",1111,"TELUR AYAM GRED C","30 biji","Pahang",84,14,14,44,15,25,52.38,13.20,13.20,1.12
2025,"deepavali","lead_up",1111,"TELUR AYAM GRED C","30 biji","Perak",118,14,14,53,32,33,44.92,13.40,13.20,0.00
2025,"deepavali","lead_up",1111,"TELUR AYAM GRED C","30 biji","Perlis",10,14,14,7,1,2,70.00,12.99,13.40,2.30
2025,"deepavali","lead_up",1111,"TELUR AYAM GRED C","30 biji","Pulau Pinang",70,14,14,24,12,34,34.29,13.29,13.20,0.00
2025,"deepavali","lead_up",1111,"TELUR AYAM GRED C","30 biji","Sabah",10,14,13,0,0,10,0.00,15.05,15.05,0.00
2025,"deepavali","lead_up",1111,"TELUR AYAM GRED C","30 biji","Sarawak",52,14,13,19,2,31,36.54,14.50,14.90,0.00
2025,"deepavali","lead_up",1111,"TELUR AYAM GRED C","30 biji","Selangor",86,14,14,45,8,33,52.33,13.20,13.20,1.12
2025,"deepavali","lead_up",1111,"TELUR AYAM GRED C","30 biji","Terengganu",69,14,14,34,11,24,49.28,13.80,13.80,0.00
2025,"deepavali","lead_up",1111,"TELUR AYAM GRED C","30 biji","W.P. Kuala Lumpur",112,14,14,43,16,53,38.39,13.20,13.20,0.00
2025,"deepavali","lead_up",1111,"TELUR AYAM GRED C","30 biji","W.P. Putrajaya",14,14,14,7,3,4,50.00,13.50,13.65,0.19
2025,"deepavali","lead_up",1131,"UBI KENTANG IMPORT (CHINA)","1kg","Johor",177,14,14,16,29,132,9.04,2.99,2.99,0.00
2025,"deepavali","lead_up",1131,"UBI KENTANG IMPORT (CHINA)","1kg","Kedah",80,14,14,9,9,62,11.25,3.00,3.00,0.00
2025,"deepavali","lead_up",1131,"UBI KENTANG IMPORT (CHINA)","1kg","Kelantan",68,12,14,12,7,49,17.65,3.50,3.50,0.00
2025,"deepavali","lead_up",1131,"UBI KENTANG IMPORT (CHINA)","1kg","Melaka",49,14,14,1,7,41,2.04,3.50,3.50,0.00
2025,"deepavali","lead_up",1131,"UBI KENTANG IMPORT (CHINA)","1kg","Negeri Sembilan",42,14,14,3,6,33,7.14,2.95,3.00,0.00
2025,"deepavali","lead_up",1131,"UBI KENTANG IMPORT (CHINA)","1kg","Pahang",134,14,14,4,12,118,2.99,3.50,3.50,0.00
2025,"deepavali","lead_up",1131,"UBI KENTANG IMPORT (CHINA)","1kg","Perak",145,14,14,16,21,108,11.03,3.00,3.00,0.00
2025,"deepavali","lead_up",1131,"UBI KENTANG IMPORT (CHINA)","1kg","Perlis",25,14,14,1,0,24,4.00,3.50,3.50,0.00
2025,"deepavali","lead_up",1131,"UBI KENTANG IMPORT (CHINA)","1kg","Pulau Pinang",122,14,14,11,26,85,9.02,3.50,3.50,0.00
2025,"deepavali","lead_up",1131,"UBI KENTANG IMPORT (CHINA)","1kg","Sabah",153,14,14,13,16,124,8.50,3.50,3.50,0.00
2025,"deepavali","lead_up",1131,"UBI KENTANG IMPORT (CHINA)","1kg","Sarawak",210,14,14,17,21,172,8.10,3.20,3.00,0.00
2025,"deepavali","lead_up",1131,"UBI KENTANG IMPORT (CHINA)","1kg","Selangor",108,14,14,11,20,77,10.19,3.00,3.00,0.00
2025,"deepavali","lead_up",1131,"UBI KENTANG IMPORT (CHINA)","1kg","Terengganu",97,14,14,7,8,82,7.22,3.40,3.40,0.00
2025,"deepavali","lead_up",1131,"UBI KENTANG IMPORT (CHINA)","1kg","W.P. Kuala Lumpur",146,14,14,9,20,117,6.16,3.20,3.20,0.00
2025,"deepavali","lead_up",1131,"UBI KENTANG IMPORT (CHINA)","1kg","W.P. Labuan",14,14,14,2,1,11,14.29,3.15,3.40,0.00
2025,"deepavali","lead_up",1131,"UBI KENTANG IMPORT (CHINA)","1kg","W.P. Putrajaya",26,14,14,3,4,19,11.54,3.50,3.70,0.00
2025,"deepavali","lead_up",1431,"DAGING LEMBU TEMPATAN (BAHAGIAN 1 DAGING PAHA (KECUALI BATANG PINANG - TENDERLOIN)","1kg","Johor",8,4,4,0,0,8,0.00,39.00,39.00,0.00
2025,"deepavali","lead_up",1555,"UDANG PUTIH/VANNAMEI (TERNAK) (ANTARA 41 HINGGA 60 EKOR SEKILOGRAM)","1kg","Johor",147,14,14,41,66,40,27.89,35.00,34.99,0.00
2025,"deepavali","lead_up",1555,"UDANG PUTIH/VANNAMEI (TERNAK) (ANTARA 41 HINGGA 60 EKOR SEKILOGRAM)","1kg","Kedah",56,14,14,14,20,22,25.00,30.00,29.99,0.00
2025,"deepavali","lead_up",1555,"UDANG PUTIH/VANNAMEI (TERNAK) (ANTARA 41 HINGGA 60 EKOR SEKILOGRAM)","1kg","Kelantan",82,12,14,30,30,22,36.59,32.90,32.00,0.00
2025,"deepavali","lead_up",1555,"UDANG PUTIH/VANNAMEI (TERNAK) (ANTARA 41 HINGGA 60 EKOR SEKILOGRAM)","1kg","Melaka",36,14,14,11,14,11,30.56,33.95,34.00,0.00
2025,"deepavali","lead_up",1555,"UDANG PUTIH/VANNAMEI (TERNAK) (ANTARA 41 HINGGA 60 EKOR SEKILOGRAM)","1kg","Negeri Sembilan",44,14,14,11,15,18,25.00,32.70,32.00,0.00
2025,"deepavali","lead_up",1555,"UDANG PUTIH/VANNAMEI (TERNAK) (ANTARA 41 HINGGA 60 EKOR SEKILOGRAM)","1kg","Pahang",81,14,14,23,33,25,28.40,34.99,34.50,0.00
2025,"deepavali","lead_up",1555,"UDANG PUTIH/VANNAMEI (TERNAK) (ANTARA 41 HINGGA 60 EKOR SEKILOGRAM)","1kg","Perak",109,14,14,37,41,31,33.94,30.00,30.00,0.00
2025,"deepavali","lead_up",1555,"UDANG PUTIH/VANNAMEI (TERNAK) (ANTARA 41 HINGGA 60 EKOR SEKILOGRAM)","1kg","Perlis",16,14,14,2,6,8,12.50,32.00,30.00,0.00
2025,"deepavali","lead_up",1555,"UDANG PUTIH/VANNAMEI (TERNAK) (ANTARA 41 HINGGA 60 EKOR SEKILOGRAM)","1kg","Pulau Pinang",77,14,14,19,26,32,24.68,32.00,31.90,0.00
2025,"deepavali","lead_up",1555,"UDANG PUTIH/VANNAMEI (TERNAK) (ANTARA 41 HINGGA 60 EKOR SEKILOGRAM)","1kg","Sabah",40,14,14,12,8,20,30.00,35.90,37.95,0.00
2025,"deepavali","lead_up",1555,"UDANG PUTIH/VANNAMEI (TERNAK) (ANTARA 41 HINGGA 60 EKOR SEKILOGRAM)","1kg","Sarawak",82,14,13,18,15,49,21.95,35.15,35.15,0.00
2025,"deepavali","lead_up",1555,"UDANG PUTIH/VANNAMEI (TERNAK) (ANTARA 41 HINGGA 60 EKOR SEKILOGRAM)","1kg","Selangor",95,14,14,25,35,35,26.32,32.99,32.00,0.00
2025,"deepavali","lead_up",1555,"UDANG PUTIH/VANNAMEI (TERNAK) (ANTARA 41 HINGGA 60 EKOR SEKILOGRAM)","1kg","Terengganu",56,14,14,16,21,19,28.57,32.95,32.25,0.00
2025,"deepavali","lead_up",1555,"UDANG PUTIH/VANNAMEI (TERNAK) (ANTARA 41 HINGGA 60 EKOR SEKILOGRAM)","1kg","W.P. Kuala Lumpur",104,14,14,24,36,44,23.08,35.00,35.50,0.00
2025,"deepavali","lead_up",1555,"UDANG PUTIH/VANNAMEI (TERNAK) (ANTARA 41 HINGGA 60 EKOR SEKILOGRAM)","1kg","W.P. Labuan",9,14,14,0,5,4,0.00,39.90,37.90,-5.01
2025,"deepavali","lead_up",1555,"UDANG PUTIH/VANNAMEI (TERNAK) (ANTARA 41 HINGGA 60 EKOR SEKILOGRAM)","1kg","W.P. Putrajaya",21,14,14,6,6,9,28.57,37.99,37.99,0.00
2025,"deepavali","lead_up",1564,"BAWANG PUTIH IMPORT (CHINA)","1kg","Johor",199,14,14,25,28,146,12.56,9.99,9.99,0.00
2025,"deepavali","lead_up",1564,"BAWANG PUTIH IMPORT (CHINA)","1kg","Kedah",91,14,14,11,15,65,12.09,8.90,9.50,0.00
2025,"deepavali","lead_up",1564,"BAWANG PUTIH IMPORT (CHINA)","1kg","Kelantan",73,12,14,7,8,58,9.59,8.99,8.99,0.00
2025,"deepavali","lead_up",1564,"BAWANG PUTIH IMPORT (CHINA)","1kg","Melaka",53,14,14,6,5,42,11.32,11.00,10.99,0.00
2025,"deepavali","lead_up",1564,"BAWANG PUTIH IMPORT (CHINA)","1kg","Negeri Sembilan",60,14,14,6,10,44,10.00,10.00,10.00,0.00
2025,"deepavali","lead_up",1564,"BAWANG PUTIH IMPORT (CHINA)","1kg","Pahang",150,14,14,9,17,124,6.00,10.00,10.00,0.00
2025,"deepavali","lead_up",1564,"BAWANG PUTIH IMPORT (CHINA)","1kg","Perak",162,14,14,12,19,131,7.41,9.90,9.90,0.00
2025,"deepavali","lead_up",1564,"BAWANG PUTIH IMPORT (CHINA)","1kg","Perlis",26,14,14,2,2,22,7.69,10.00,10.00,0.00
2025,"deepavali","lead_up",1564,"BAWANG PUTIH IMPORT (CHINA)","1kg","Pulau Pinang",139,14,14,11,16,112,7.91,10.00,10.00,0.00
2025,"deepavali","lead_up",1564,"BAWANG PUTIH IMPORT (CHINA)","1kg","Sabah",168,14,14,21,17,130,12.50,8.99,8.99,0.00
2025,"deepavali","lead_up",1564,"BAWANG PUTIH IMPORT (CHINA)","1kg","Sarawak",214,14,14,16,20,178,7.48,8.18,8.00,0.00
2025,"deepavali","lead_up",1564,"BAWANG PUTIH IMPORT (CHINA)","1kg","Selangor",120,14,14,14,15,91,11.67,9.90,9.90,0.00
2025,"deepavali","lead_up",1564,"BAWANG PUTIH IMPORT (CHINA)","1kg","Terengganu",90,14,14,11,11,68,12.22,10.00,10.00,0.00
2025,"deepavali","lead_up",1564,"BAWANG PUTIH IMPORT (CHINA)","1kg","W.P. Kuala Lumpur",156,14,14,14,8,134,8.97,10.75,10.50,0.00
2025,"deepavali","lead_up",1564,"BAWANG PUTIH IMPORT (CHINA)","1kg","W.P. Labuan",14,14,14,3,1,10,21.43,8.00,8.25,0.00
2025,"deepavali","lead_up",1564,"BAWANG PUTIH IMPORT (CHINA)","1kg","W.P. Putrajaya",25,14,14,2,2,21,8.00,11.00,11.25,0.00
2025,"deepavali","lead_up",1589,"GULA PUTIH BERTAPIS KASAR (PELBAGAI JENAMA)","1kg","Johor",205,4,5,0,0,205,0.00,2.85,2.85,0.00
2025,"deepavali","lead_up",1589,"GULA PUTIH BERTAPIS KASAR (PELBAGAI JENAMA)","1kg","Pahang",170,4,4,0,0,170,0.00,2.85,2.85,0.00
2025,"ramadan_raya","after_raya",1,"AYAM BERSIH - STANDARD","1kg","Johor",142,12,14,68,49,25,47.89,8.52,8.59,0.00
2025,"ramadan_raya","after_raya",1,"AYAM BERSIH - STANDARD","1kg","Kedah",62,12,14,29,9,24,46.77,8.99,9.15,0.00
2025,"ramadan_raya","after_raya",1,"AYAM BERSIH - STANDARD","1kg","Kelantan",76,12,14,47,11,18,61.84,8.65,8.90,2.13
2025,"ramadan_raya","after_raya",1,"AYAM BERSIH - STANDARD","1kg","Melaka",20,11,13,9,4,7,45.00,8.80,8.90,0.00
2025,"ramadan_raya","after_raya",1,"AYAM BERSIH - STANDARD","1kg","Negeri Sembilan",32,12,14,19,5,8,59.38,8.39,8.62,0.62
2025,"ramadan_raya","after_raya",1,"AYAM BERSIH - STANDARD","1kg","Pahang",100,12,14,56,31,13,56.00,8.59,8.80,1.49
2025,"ramadan_raya","after_raya",1,"AYAM BERSIH - STANDARD","1kg","Perak",93,12,14,49,19,25,52.69,8.59,8.79,1.02
2025,"ramadan_raya","after_raya",1,"AYAM BERSIH - STANDARD","1kg","Perlis",17,12,14,14,0,3,82.35,8.99,9.30,3.00
2025,"ramadan_raya","after_raya",1,"AYAM BERSIH - STANDARD","1kg","Pulau Pinang",65,12,14,31,6,28,47.69,9.20,9.10,0.00
2025,"ramadan_raya","after_raya",1,"AYAM BERSIH - STANDARD","1kg","Sabah",9,12,13,0,0,9,0.00,13.00,13.00,0.00
2025,"ramadan_raya","after_raya",1,"AYAM BERSIH - STANDARD","1kg","Sarawak",15,12,14,0,1,14,0.00,10.60,10.60,0.00
2025,"ramadan_raya","after_raya",1,"AYAM BERSIH - STANDARD","1kg","Selangor",80,12,14,51,11,18,63.75,8.59,8.83,1.87
2025,"ramadan_raya","after_raya",1,"AYAM BERSIH - STANDARD","1kg","Terengganu",88,12,14,62,15,11,70.45,8.90,9.19,2.92
2025,"ramadan_raya","after_raya",1,"AYAM BERSIH - STANDARD","1kg","W.P. Kuala Lumpur",93,12,14,59,15,19,63.44,8.95,9.10,2.15
2025,"ramadan_raya","after_raya",1,"AYAM BERSIH - STANDARD","1kg","W.P. Putrajaya",15,12,14,9,4,2,60.00,8.39,8.70,1.27
2025,"ramadan_raya","after_raya",94,"CILI MERAH - MINYAK","1kg","Johor",84,12,14,12,54,18,14.29,14.50,11.99,-10.63
2025,"ramadan_raya","after_raya",94,"CILI MERAH - MINYAK","1kg","Kedah",30,12,14,3,26,1,10.00,14.90,11.99,-15.42
2025,"ramadan_raya","after_raya",94,"CILI MERAH - MINYAK","1kg","Kelantan",26,12,14,4,18,4,15.38,16.59,13.50,-11.11
2025,"ramadan_raya","after_raya",94,"CILI MERAH - MINYAK","1kg","Melaka",14,11,13,2,11,1,14.29,13.99,11.74,-10.61
2025,"ramadan_raya","after_raya",94,"CILI MERAH - MINYAK","1kg","Negeri Sembilan",34,12,14,6,21,7,17.65,15.00,12.50,-7.63
2025,"ramadan_raya","after_raya",94,"CILI MERAH - MINYAK","1kg","Pahang",91,12,14,11,61,19,12.09,14.90,12.99,-8.34
2025,"ramadan_raya","after_raya",94,"CILI MERAH - MINYAK","1kg","Perak",64,12,14,8,47,9,12.50,15.00,13.25,-11.12
2025,"ramadan_raya","after_raya",94,"CILI MERAH - MINYAK","1kg","Perlis",21,12,14,5,10,6,23.81,15.00,13.90,0.00
2025,"ramadan_raya","after_raya",94,"CILI MERAH - MINYAK","1kg","Pulau Pinang",40,12,14,3,32,5,7.50,12.99,11.99,-11.12
2025,"ramadan_raya","after_raya",94,"CILI MERAH - MINYAK","1kg","Sabah",12,12,13,2,10,0,16.67,24.50,17.50,-24.08
2025,"ramadan_raya","after_raya",94,"CILI MERAH - MINYAK","1kg","Sarawak",93,12,14,20,60,13,21.51,22.90,17.49,-12.73
2025,"ramadan_raya","after_raya",94,"CILI MERAH - MINYAK","1kg","Selangor",73,12,14,8,49,16,10.96,13.99,12.50,-6.67
2025,"ramadan_raya","after_raya",94,"CILI MERAH - MINYAK","1kg","Terengganu",45,12,14,5,34,6,11.11,15.00,12.99,-9.18
2025,"ramadan_raya","after_raya",94,"CILI MERAH - MINYAK","1kg","W.P. Kuala Lumpur",96,12,14,17,57,22,17.71,15.00,12.99,-4.66
2025,"ramadan_raya","after_raya",103,"SANTAN KELAPA SEGAR (BIASA)","1kg","Johor",16,12,14,11,1,4,68.75,10.00,12.00,10.24
2025,"ramadan_raya","after_raya",103,"SANTAN KELAPA SEGAR (BIASA)","1kg","Kedah",7,12,14,4,0,3,57.14,16.50,18.00,5.26
2025,"ramadan_raya","after_raya",103,"SANTAN KELAPA SEGAR (BIASA)","1kg","Negeri Sembilan",17,12,14,10,0,7,58.82,11.60,12.00,3.45
2025,"ramadan_raya","after_raya",103,"SANTAN KELAPA SEGAR (BIASA)","1kg","Pahang",28,12,14,15,3,10,53.57,8.00,9.65,8.03
2025,"ramadan_raya","after_raya",103,"SANTAN KELAPA SEGAR (BIASA)","1kg","Perak",46,12,14,32,6,8,69.57,9.80,10.00,9.35
2025,"ramadan_raya","after_raya",103,"SANTAN KELAPA SEGAR (BIASA)","1kg","Pulau Pinang",20,12,14,7,3,10,35.00,16.00,16.50,0.00
2025,"ramadan_raya","after_raya",103,"SANTAN KELAPA SEGAR (BIASA)","1kg","Selangor",29,12,14,16,2,11,55.17,7.90,9.00,8.82
2025,"ramadan_raya","after_raya",103,"SANTAN KELAPA SEGAR (BIASA)","1kg","Terengganu",5,12,14,4,0,1,80.00,16.00,16.00,6.67
2025,"ramadan_raya","after_raya",103,"SANTAN KELAPA SEGAR (BIASA)","1kg","W.P. Kuala Lumpur",42,12,14,20,5,17,47.62,7.40,7.99,0.00
2025,"ramadan_raya","after_raya",103,"SANTAN KELAPA SEGAR (BIASA)","1kg","W.P. Putrajaya",6,12,14,2,0,4,33.33,8.90,9.00,0.00
2025,"ramadan_raya","after_raya",114,"TOMATO","1kg","Johor",162,12,14,8,143,11,4.94,6.50,5.25,-22.14
2025,"ramadan_raya","after_raya",114,"TOMATO","1kg","Kedah",70,12,14,7,59,4,10.00,6.60,5.80,-20.00
2025,"ramadan_raya","after_raya",114,"TOMATO","1kg","Kelantan",83,12,14,4,69,10,4.82,6.45,5.00,-25.04
2025,"ramadan_raya","after_raya",114,"TOMATO","1kg","Melaka",25,11,13,1,23,1,4.00,6.99,6.00,-25.93
2025,"ramadan_raya","after_raya",114,"TOMATO","1kg","Negeri Sembilan",37,12,14,1,34,2,2.70,6.29,4.99,-23.11
2025,"ramadan_raya","after_raya",114,"TOMATO","1kg","Pahang",112,12,14,9,102,1,8.04,6.90,5.20,-27.78
2025,"ramadan_raya","after_raya",114,"TOMATO","1kg","Perak",99,12,14,3,91,5,3.03,6.50,5.39,-18.75
2025,"ramadan_raya","after_raya",114,"TOMATO","1kg","Perlis",26,12,14,2,21,3,7.69,6.77,5.78,-17.71
2025,"ramadan_raya","after_raya",114,"TOMATO","1kg","Pulau Pinang",86,12,14,5,78,3,5.81,6.55,5.00,-22.33
2025,"ramadan_raya","after_raya",114,"TOMATO","1kg","Sabah",76,12,13,2,68,6,2.63,8.95,7.00,-21.37
2025,"ramadan_raya","after_raya",114,"TOMATO","1kg","Sarawak",102,12,14,8,84,10,7.84,11.95,7.95,-25.34
2025,"ramadan_raya","after_raya",114,"TOMATO","1kg","Selangor",84,12,14,4,75,5,4.76,6.50,5.00,-17.55
2025,"ramadan_raya","after_raya",114,"TOMATO","1kg","Terengganu",88,12,14,3,79,6,3.41,7.90,5.94,-26.69
2025,"ramadan_raya","after_raya",114,"TOMATO","1kg","W.P. Kuala Lumpur",122,12,14,8,103,11,6.56,6.27,5.60,-15.82
2025,"ramadan_raya","after_raya",114,"TOMATO","1kg","W.P. Labuan",8,12,14,0,6,2,0.00,10.40,7.90,-25.63
2025,"ramadan_raya","after_raya",114,"TOMATO","1kg","W.P. Putrajaya",20,12,14,0,20,0,0.00,7.02,5.74,-23.63
2025,"ramadan_raya","after_raya",129,"BAWANG BESAR KUNING/HOLLAND","1kg","Johor",158,12,14,21,74,63,13.29,3.99,3.99,0.00
2025,"ramadan_raya","after_raya",129,"BAWANG BESAR KUNING/HOLLAND","1kg","Kedah",86,12,14,8,38,40,9.30,4.00,4.00,0.00
2025,"ramadan_raya","after_raya",129,"BAWANG BESAR KUNING/HOLLAND","1kg","Kelantan",116,12,14,15,57,44,12.93,4.50,4.00,0.00
2025,"ramadan_raya","after_raya",129,"BAWANG BESAR KUNING/HOLLAND","1kg","Melaka",26,11,13,1,12,13,3.85,4.50,4.50,0.00
2025,"ramadan_raya","after_raya",129,"BAWANG BESAR KUNING/HOLLAND","1kg","Negeri Sembilan",37,12,14,6,16,15,16.22,4.00,4.30,0.00
2025,"ramadan_raya","after_raya",129,"BAWANG BESAR KUNING/HOLLAND","1kg","Pahang",112,12,14,10,44,58,8.93,4.00,3.99,0.00
2025,"ramadan_raya","after_raya",129,"BAWANG BESAR KUNING/HOLLAND","1kg","Perak",112,12,14,15,59,38,13.39,4.00,4.10,-4.37
2025,"ramadan_raya","after_raya",129,"BAWANG BESAR KUNING/HOLLAND","1kg","Perlis",32,12,14,4,12,16,12.50,4.50,4.50,0.00
2025,"ramadan_raya","after_raya",129,"BAWANG BESAR KUNING/HOLLAND","1kg","Pulau Pinang",85,12,14,10,43,32,11.76,4.00,4.00,-4.37
2025,"ramadan_raya","after_raya",129,"BAWANG BESAR KUNING/HOLLAND","1kg","Sabah",121,12,13,18,67,36,14.88,5.49,4.99,-5.41
2025,"ramadan_raya","after_raya",129,"BAWANG BESAR KUNING/HOLLAND","1kg","Sarawak",157,12,14,26,49,82,16.56,4.00,4.20,0.00
2025,"ramadan_raya","after_raya",129,"BAWANG BESAR KUNING/HOLLAND","1kg","Selangor",81,12,14,17,37,27,20.99,3.99,3.99,0.00
2025,"ramadan_raya","after_raya",129,"BAWANG BESAR KUNING/HOLLAND","1kg","Terengganu",108,12,14,16,45,47,14.81,3.99,3.99,0.00
2025,"ramadan_raya","after_raya",129,"BAWANG BESAR KUNING/HOLLAND","1kg","W.P. Kuala Lumpur",120,12,14,26,40,54,21.67,3.90,3.99,0.00
2025,"ramadan_raya","after_raya",129,"BAWANG BESAR KUNING/HOLLAND","1kg","W.P. Labuan",13,12,14,0,5,8,0.00,4.00,4.00,0.00
2025,"ramadan_raya","after_raya",129,"BAWANG BESAR KUNING/HOLLAND","1kg","W.P. Putrajaya",19,12,14,1,13,5,5.26,4.50,4.25,-6.69
2025,"ramadan_raya","after_raya",904,"BERAS SUPER CAP RAMBUTAN 5% (IMPORT)","10 kg","Johor",36,12,14,2,19,15,5.56,38.99,37.99,-0.14
2025,"ramadan_raya","after_raya",904,"BERAS SUPER CAP RAMBUTAN 5% (IMPORT)","10 kg","Kedah",44,12,14,3,20,21,6.82,37.10,36.95,0.00
2025,"ramadan_raya","after_raya",904,"BERAS SUPER CAP RAMBUTAN 5% (IMPORT)","10 kg","Kelantan",20,12,14,4,6,10,20.00,40.24,41.08,0.00
2025,"ramadan_raya","after_raya",904,"BERAS SUPER CAP RAMBUTAN 5% (IMPORT)","10 kg","Melaka",7,11,13,1,3,3,14.29,37.90,37.20,0.00
2025,"ramadan_raya","after_raya",904,"BERAS SUPER CAP RAMBUTAN 5% (IMPORT)","10 kg","Negeri Sembilan",9,12,14,2,4,3,22.22,37.50,37.10,0.00
2025,"ramadan_raya","after_raya",904,"BERAS SUPER CAP RAMBUTAN 5% (IMPORT)","10 kg","Pahang",24,12,14,0,10,14,0.00,38.95,37.99,0.00
2025,"ramadan_raya","after_raya",904,"BERAS SUPER CAP RAMBUTAN 5% (IMPORT)","10 kg","Perak",55,12,14,6,27,22,10.91,38.90,37.99,0.00
2025,"ramadan_raya","after_raya",904,"BERAS SUPER CAP RAMBUTAN 5% (IMPORT)","10 kg","Pulau Pinang",37,12,14,5,12,20,13.51,36.99,36.90,0.00
2025,"ramadan_raya","after_raya",904,"BERAS SUPER CAP RAMBUTAN 5% (IMPORT)","10 kg","Selangor",22,12,14,2,16,4,9.09,38.99,37.40,-0.14
2025,"ramadan_raya","after_raya",904,"BERAS SUPER CAP RAMBUTAN 5% (IMPORT)","10 kg","Terengganu",21,12,14,3,5,13,14.29,38.95,38.50,0.00
2025,"ramadan_raya","after_raya",904,"BERAS SUPER CAP RAMBUTAN 5% (IMPORT)","10 kg","W.P. Kuala Lumpur",37,12,14,6,19,12,16.22,38.99,38.00,-0.14
2025,"ramadan_raya","after_raya",904,"BERAS SUPER CAP RAMBUTAN 5% (IMPORT)","10 kg","W.P. Putrajaya",8,12,14,1,3,4,12.50,40.50,39.00,0.00
2025,"ramadan_raya","after_raya",917,"TEPUNG GANDUM NGP (BERBUNGKUS, CAP SAUH)","1kg","Johor",159,6,4,9,29,121,5.66,3.30,3.30,0.00
2025,"ramadan_raya","after_raya",917,"TEPUNG GANDUM NGP (BERBUNGKUS, CAP SAUH)","1kg","Pahang",126,4,4,9,20,97,7.14,3.33,3.30,0.00
2025,"ramadan_raya","after_raya",918,"MINYAK MASAK PAKET (PELBAGAI JENAMA)","1kg","Johor",23,5,4,0,0,23,0.00,2.50,2.50,0.00
2025,"ramadan_raya","after_raya",1111,"TELUR AYAM GRED C","30 biji","Johor",115,12,14,1,87,27,0.87,11.40,6.90,-39.47
2025,"ramadan_raya","after_raya",1111,"TELUR AYAM GRED C","30 biji","Kedah",37,12,14,0,33,4,0.00,11.40,6.30,-43.66
2025,"ramadan_raya","after_raya",1111,"TELUR AYAM GRED C","30 biji","Kelantan",58,12,14,0,37,21,0.00,11.40,8.99,-21.10
2025,"ramadan_raya","after_raya",1111,"TELUR AYAM GRED C","30 biji","Melaka",15,11,13,0,12,3,0.00,11.40,6.99,-38.68
2025,"ramadan_raya","after_raya",1111,"TELUR AYAM GRED C","30 biji","Negeri Sembilan",24,12,14,0,20,4,0.00,11.40,5.99,-45.50
2025,"ramadan_raya","after_raya",1111,"TELUR AYAM GRED C","30 biji","Pahang",76,12,14,0,57,19,0.00,11.40,6.99,-38.68
2025,"ramadan_raya","after_raya",1111,"TELUR AYAM GRED C","30 biji","Perak",92,12,14,0,78,14,0.00,11.40,6.90,-39.47
2025,"ramadan_raya","after_raya",1111,"TELUR AYAM GRED C","30 biji","Perlis",11,12,14,0,10,1,0.00,11.40,6.30,-43.42
2025,"ramadan_raya","after_raya",1111,"TELUR AYAM GRED C","30 biji","Pulau Pinang",47,12,14,0,27,20,0.00,11.40,6.60,-38.25
2025,"ramadan_raya","after_raya",1111,"TELUR AYAM GRED C","30 biji","Sarawak",11,12,14,0,0,11,0.00,12.00,12.00,0.00
2025,"ramadan_raya","after_raya",1111,"TELUR AYAM GRED C","30 biji","Selangor",61,12,14,0,50,11,0.00,11.40,6.49,-40.54
2025,"ramadan_raya","after_raya",1111,"TELUR AYAM GRED C","30 biji","Terengganu",55,12,14,1,33,21,1.82,11.40,9.99,-12.37
2025,"ramadan_raya","after_raya",1111,"TELUR AYAM GRED C","30 biji","W.P. Kuala Lumpur",80,12,14,1,58,21,1.25,11.40,7.07,-37.28
2025,"ramadan_raya","after_raya",1111,"TELUR AYAM GRED C","30 biji","W.P. Putrajaya",9,12,14,0,7,2,0.00,11.40,7.99,-29.85
2025,"ramadan_raya","after_raya",1131,"UBI KENTANG IMPORT (CHINA)","1kg","Johor",147,12,14,20,62,65,13.61,3.30,3.00,0.00
2025,"ramadan_raya","after_raya",1131,"UBI KENTANG IMPORT (CHINA)","1kg","Kedah",60,12,14,6,24,30,10.00,3.50,3.20,0.00
2025,"ramadan_raya","after_raya",1131,"UBI KENTANG IMPORT (CHINA)","1kg","Kelantan",60,12,14,11,33,16,18.33,3.50,3.50,-6.67
2025,"ramadan_raya","after_raya",1131,"UBI KENTANG IMPORT (CHINA)","1kg","Melaka",22,11,13,4,9,9,18.18,3.50,3.35,0.00
2025,"ramadan_raya","after_raya",1131,"UBI KENTANG IMPORT (CHINA)","1kg","Negeri Sembilan",29,12,14,3,15,11,10.34,2.90,2.90,-6.25
2025,"ramadan_raya","after_raya",1131,"UBI KENTANG IMPORT (CHINA)","1kg","Pahang",113,12,14,12,60,41,10.62,3.50,3.50,-6.25
2025,"ramadan_raya","after_raya",1131,"UBI KENTANG IMPORT (CHINA)","1kg","Perak",111,12,14,9,65,37,8.11,3.50,3.50,-6.25
2025,"ramadan_raya","after_raya",1131,"UBI KENTANG IMPORT (CHINA)","1kg","Perlis",31,12,14,2,13,16,6.45,3.50,3.50,0.00
2025,"ramadan_raya","after_raya",1131,"UBI KENTANG IMPORT (CHINA)","1kg","Pulau Pinang",84,12,14,10,43,31,11.90,3.50,3.50,-2.39
2025,"ramadan_raya","after_raya",1131,"UBI KENTANG IMPORT (CHINA)","1kg","Sabah",107,12,13,9,58,40,8.41,3.80,3.50,-5.13
2025,"ramadan_raya","after_raya",1131,"UBI KENTANG IMPORT (CHINA)","1kg","Sarawak",158,12,14,29,42,87,18.35,3.50,3.50,0.00
2025,"ramadan_raya","after_raya",1131,"UBI KENTANG IMPORT (CHINA)","1kg","Selangor",73,12,14,9,42,22,12.33,2.90,2.89,-7.14
2025,"ramadan_raya","after_raya",1131,"UBI KENTANG IMPORT (CHINA)","1kg","Terengganu",77,12,14,13,23,41,16.88,3.49,3.49,0.00
2025,"ramadan_raya","after_raya",1131,"UBI KENTANG IMPORT (CHINA)","1kg","W.P. Kuala Lumpur",102,12,14,11,54,37,10.78,3.40,3.20,-3.28
2025,"ramadan_raya","after_raya",1131,"UBI KENTANG IMPORT (CHINA)","1kg","W.P. Labuan",13,12,14,5,5,3,38.46,3.50,3.50,0.00
2025,"ramadan_raya","after_raya",1131,"UBI KENTANG IMPORT (CHINA)","1kg","W.P. Putrajaya",20,12,14,1,16,3,5.00,3.95,3.63,-14.96
2025,"ramadan_raya","after_raya",1431,"DAGING LEMBU TEMPATAN (BAHAGIAN 1 DAGING PAHA (KECUALI BATANG PINANG - TENDERLOIN)","1kg","Johor",12,12,14,1,4,7,8.33,38.00,38.50,0.00
2025,"ramadan_raya","after_raya",1431,"DAGING LEMBU TEMPATAN (BAHAGIAN 1 DAGING PAHA (KECUALI BATANG PINANG - TENDERLOIN)","1kg","Kedah",13,12,14,4,5,4,30.77,36.00,35.00,0.00
2025,"ramadan_raya","after_raya",1431,"DAGING LEMBU TEMPATAN (BAHAGIAN 1 DAGING PAHA (KECUALI BATANG PINANG - TENDERLOIN)","1kg","Kelantan",15,12,14,9,2,4,60.00,25.00,28.00,4.00
2025,"ramadan_raya","after_raya",1431,"DAGING LEMBU TEMPATAN (BAHAGIAN 1 DAGING PAHA (KECUALI BATANG PINANG - TENDERLOIN)","1kg","Melaka",6,11,13,2,3,1,33.33,39.00,38.50,-1.25
2025,"ramadan_raya","after_raya",1431,"DAGING LEMBU TEMPATAN (BAHAGIAN 1 DAGING PAHA (KECUALI BATANG PINANG - TENDERLOIN)","1kg","Negeri Sembilan",7,12,14,0,2,5,0.00,39.00,39.00,0.00
2025,"ramadan_raya","after_raya",1431,"DAGING LEMBU TEMPATAN (BAHAGIAN 1 DAGING PAHA (KECUALI BATANG PINANG - TENDERLOIN)","1kg","Pahang",9,12,14,2,2,5,22.22,38.00,38.50,0.00
2025,"ramadan_raya","after_raya",1431,"DAGING LEMBU TEMPATAN (BAHAGIAN 1 DAGING PAHA (KECUALI BATANG PINANG - TENDERLOIN)","1kg","Perak",20,12,14,4,4,12,20.00,36.00,36.00,0.00
2025,"ramadan_raya","after_raya",1431,"DAGING LEMBU TEMPATAN (BAHAGIAN 1 DAGING PAHA (KECUALI BATANG PINANG - TENDERLOIN)","1kg","Pulau Pinang",16,12,14,2,4,10,12.50,40.00,38.50,0.00
2025,"ramadan_raya","after_raya",1431,"DAGING LEMBU TEMPATAN (BAHAGIAN 1 DAGING PAHA (KECUALI BATANG PINANG - TENDERLOIN)","1kg","Selangor",14,12,14,1,4,9,7.14,39.50,39.00,0.00
2025,"ramadan_raya","after_raya",1431,"DAGING LEMBU TEMPATAN (BAHAGIAN 1 DAGING PAHA (KECUALI BATANG PINANG - TENDERLOIN)","1kg","Terengganu",13,12,14,4,5,4,30.77,30.00,30.00,0.00
2025,"ramadan_raya","after_raya",1555,"UDANG PUTIH/VANNAMEI (TERNAK) (ANTARA 41 HINGGA 60 EKOR SEKILOGRAM)","1kg","Johor",120,12,14,70,38,12,58.33,36.00,36.37,2.64
2025,"ramadan_raya","after_raya",1555,"UDANG PUTIH/VANNAMEI (TERNAK) (ANTARA 41 HINGGA 60 EKOR SEKILOGRAM)","1kg","Kedah",42,12,14,20,16,6,47.62,30.00,30.00,0.00
2025,"ramadan_raya","after_raya",1555,"UDANG PUTIH/VANNAMEI (TERNAK) (ANTARA 41 HINGGA 60 EKOR SEKILOGRAM)","1kg","Kelantan",68,12,14,23,31,14,33.82,36.00,34.99,0.00
2025,"ramadan_raya","after_raya",1555,"UDANG PUTIH/VANNAMEI (TERNAK) (ANTARA 41 HINGGA 60 EKOR SEKILOGRAM)","1kg","Melaka",18,11,13,11,3,4,61.11,35.00,36.45,5.30
2025,"ramadan_raya","after_raya",1555,"UDANG PUTIH/VANNAMEI (TERNAK) (ANTARA 41 HINGGA 60 EKOR SEKILOGRAM)","1kg","Negeri Sembilan",22,12,14,10,10,2,45.45,34.95,34.95,0.00
2025,"ramadan_raya","after_raya",1555,"UDANG PUTIH/VANNAMEI (TERNAK) (ANTARA 41 HINGGA 60 EKOR SEKILOGRAM)","1kg","Pahang",73,12,14,21,37,15,28.77,36.99,36.99,-1.19
2025,"ramadan_raya","after_raya",1555,"UDANG PUTIH/VANNAMEI (TERNAK) (ANTARA 41 HINGGA 60 EKOR SEKILOGRAM)","1kg","Perak",83,12,14,52,16,15,62.65,32.00,34.00,3.62
2025,"ramadan_raya","after_raya",1555,"UDANG PUTIH/VANNAMEI (TERNAK) (ANTARA 41 HINGGA 60 EKOR SEKILOGRAM)","1kg","Perlis",14,12,14,4,8,2,28.57,33.00,31.00,-2.30
2025,"ramadan_raya","after_raya",1555,"UDANG PUTIH/VANNAMEI (TERNAK) (ANTARA 41 HINGGA 60 EKOR SEKILOGRAM)","1kg","Pulau Pinang",56,12,14,30,17,9,53.57,33.50,35.00,1.73
2025,"ramadan_raya","after_raya",1555,"UDANG PUTIH/VANNAMEI (TERNAK) (ANTARA 41 HINGGA 60 EKOR SEKILOGRAM)","1kg","Sabah",23,12,13,10,8,5,43.48,33.00,32.90,0.00
2025,"ramadan_raya","after_raya",1555,"UDANG PUTIH/VANNAMEI (TERNAK) (ANTARA 41 HINGGA 60 EKOR SEKILOGRAM)","1kg","Sarawak",47,12,14,22,8,17,46.81,36.00,37.50,0.00
2025,"ramadan_raya","after_raya",1555,"UDANG PUTIH/VANNAMEI (TERNAK) (ANTARA 41 HINGGA 60 EKOR SEKILOGRAM)","1kg","Selangor",75,12,14,35,32,8,46.67,33.50,34.00,0.00
2025,"ramadan_raya","after_raya",1555,"UDANG PUTIH/VANNAMEI (TERNAK) (ANTARA 41 HINGGA 60 EKOR SEKILOGRAM)","1kg","Terengganu",44,12,14,19,17,8,43.18,34.00,33.00,0.00
2025,"ramadan_raya","after_raya",1555,"UDANG PUTIH/VANNAMEI (TERNAK) (ANTARA 41 HINGGA 60 EKOR SEKILOGRAM)","1kg","W.P. Kuala Lumpur",72,12,14,33,22,17,45.83,37.95,37.90,0.00
2025,"ramadan_raya","after_raya",1555,"UDANG PUTIH/VANNAMEI (TERNAK) (ANTARA 41 HINGGA 60 EKOR SEKILOGRAM)","1kg","W.P. Putrajaya",14,12,14,8,4,2,57.14,38.95,39.65,2.44
2025,"ramadan_raya","after_raya",1564,"BAWANG PUTIH IMPORT (CHINA)","1kg","Johor",163,12,14,10,107,46,6.13,12.90,11.00,-6.00
2025,"ramadan_raya","after_raya",1564,"BAWANG PUTIH IMPORT (CHINA)","1kg","Kedah",73,12,14,2,51,20,2.74,12.50,11.00,-5.67
2025,"ramadan_raya","after_raya",1564,"BAWANG PUTIH IMPORT (CHINA)","1kg","Kelantan",55,12,14,10,29,16,18.18,11.50,11.00,-0.82
2025,"ramadan_raya","after_raya",1564,"BAWANG PUTIH IMPORT (CHINA)","1kg","Melaka",27,11,13,4,13,10,14.81,14.00,12.00,0.00
2025,"ramadan_raya","after_raya",1564,"BAWANG PUTIH IMPORT (CHINA)","1kg","Negeri Sembilan",37,12,14,3,25,9,8.11,13.90,11.00,-11.43
2025,"ramadan_raya","after_raya",1564,"BAWANG PUTIH IMPORT (CHINA)","1kg","Pahang",113,12,14,6,67,40,5.31,13.90,12.00,-7.65
2025,"ramadan_raya","after_raya",1564,"BAWANG PUTIH IMPORT (CHINA)","1kg","Perak",131,12,14,11,78,42,8.40,12.90,11.00,-4.35
2025,"ramadan_raya","after_raya",1564,"BAWANG PUTIH IMPORT (CHINA)","1kg","Perlis",28,12,14,4,13,11,14.29,11.50,11.00,0.00
2025,"ramadan_raya","after_raya",1564,"BAWANG PUTIH IMPORT (CHINA)","1kg","Pulau Pinang",94,12,14,6,60,28,6.38,13.00,11.48,-6.67
2025,"ramadan_raya","after_raya",1564,"BAWANG PUTIH IMPORT (CHINA)","1kg","Sabah",122,12,13,17,59,46,13.93,10.99,10.50,0.00
2025,"ramadan_raya","after_raya",1564,"BAWANG PUTIH IMPORT (CHINA)","1kg","Sarawak",145,12,14,26,61,58,17.93,10.90,10.00,0.00
2025,"ramadan_raya","after_raya",1564,"BAWANG PUTIH IMPORT (CHINA)","1kg","Selangor",82,12,14,10,41,31,12.20,12.00,11.00,-0.34
2025,"ramadan_raya","after_raya",1564,"BAWANG PUTIH IMPORT (CHINA)","1kg","Terengganu",70,12,14,7,36,27,10.00,11.99,11.00,-4.00
2025,"ramadan_raya","after_raya",1564,"BAWANG PUTIH IMPORT (CHINA)","1kg","W.P. Kuala Lumpur",117,12,14,10,69,38,8.55,13.99,11.95,-4.20
2025,"ramadan_raya","after_raya",1564,"BAWANG PUTIH IMPORT (CHINA)","1kg","W.P. Labuan",13,12,14,1,4,8,7.69,11.60,11.00,0.00
2025,"ramadan_raya","after_raya",1564,"BAWANG PUTIH IMPORT (CHINA)","1kg","W.P. Putrajaya",20,12,14,3,11,6,15.00,13.70,12.65,-4.24
2025,"ramadan_raya","after_raya",1589,"GULA PUTIH BERTAPIS KASAR (PELBAGAI JENAMA)","1kg","Johor",162,6,4,0,0,162,0.00,2.85,2.85,0.00
2025,"ramadan_raya","after_raya",1589,"GULA PUTIH BERTAPIS KASAR (PELBAGAI JENAMA)","1kg","Pahang",136,4,4,0,0,136,0.00,2.85,2.85,0.00
2025,"ramadan_raya","early_ramadan",1,"AYAM BERSIH - STANDARD","1kg","Johor",143,12,12,114,8,21,79.72,8.55,8.99,5.00
2025,"ramadan_raya","early_ramadan",1,"AYAM BERSIH - STANDARD","1kg","Kedah",61,12,13,35,3,23,57.38,8.99,9.40,2.17
2025,"ramadan_raya","early_ramadan",1,"AYAM BERSIH - STANDARD","1kg","Kelantan",77,12,14,59,2,16,76.62,8.70,9.00,4.83
2025,"ramadan_raya","early_ramadan",1,"AYAM BERSIH - STANDARD","1kg","Melaka",20,11,14,13,2,5,65.00,8.80,9.02,3.96
2025,"ramadan_raya","early_ramadan",1,"AYAM BERSIH - STANDARD","1kg","Negeri Sembilan",34,12,14,22,1,11,64.71,8.39,8.90,3.62
2025,"ramadan_raya","early_ramadan",1,"AYAM BERSIH - STANDARD","1kg","Pahang",100,12,14,81,1,18,81.00,8.59,9.17,5.27
2025,"ramadan_raya","early_ramadan",1,"AYAM BERSIH - STANDARD","1kg","Perak",93,12,14,58,7,28,62.37,8.59,8.69,2.36
2025,"ramadan_raya","early_ramadan",1,"AYAM BERSIH - STANDARD","1kg","Perlis",17,12,14,16,0,1,94.12,8.99,9.49,5.75
2025,"ramadan_raya","early_ramadan",1,"AYAM BERSIH - STANDARD","1kg","Pulau Pinang",66,12,14,31,3,32,46.97,9.30,9.40,0.00
2025,"ramadan_raya","early_ramadan",1,"AYAM BERSIH - STANDARD","1kg","Sabah",10,12,14,1,0,9,10.00,12.95,12.95,0.00
2025,"ramadan_raya","early_ramadan",1,"AYAM BERSIH - STANDARD","1kg","Sarawak",15,12,14,0,2,13,0.00,10.60,10.60,0.00
2025,"ramadan_raya","early_ramadan",1,"AYAM BERSIH - STANDARD","1kg","Selangor",80,12,14,59,6,15,73.75,8.59,9.00,4.09
2025,"ramadan_raya","early_ramadan",1,"AYAM BERSIH - STANDARD","1kg","Terengganu",87,12,13,73,3,11,83.91,8.90,9.49,5.00
2025,"ramadan_raya","early_ramadan",1,"AYAM BERSIH - STANDARD","1kg","W.P. Kuala Lumpur",93,12,14,65,9,19,69.89,8.95,9.30,4.45
2025,"ramadan_raya","early_ramadan",1,"AYAM BERSIH - STANDARD","1kg","W.P. Putrajaya",15,12,14,10,1,4,66.67,8.39,8.80,4.14
2025,"ramadan_raya","early_ramadan",94,"CILI MERAH - MINYAK","1kg","Johor",88,12,12,19,35,34,21.59,14.99,13.99,0.00
2025,"ramadan_raya","early_ramadan",94,"CILI MERAH - MINYAK","1kg","Kedah",30,12,13,5,15,10,16.67,14.20,13.95,-1.52
2025,"ramadan_raya","early_ramadan",94,"CILI MERAH - MINYAK","1kg","Kelantan",26,12,14,8,5,13,30.77,16.59,16.25,0.00
2025,"ramadan_raya","early_ramadan",94,"CILI MERAH - MINYAK","1kg","Melaka",16,11,14,1,9,6,6.25,14.00,12.99,-4.32
2025,"ramadan_raya","early_ramadan",94,"CILI MERAH - MINYAK","1kg","Negeri Sembilan",36,12,14,12,11,13,33.33,15.00,14.75,0.00
2025,"ramadan_raya","early_ramadan",94,"CILI MERAH - MINYAK","1kg","Pahang",94,12,14,11,29,54,11.70,14.70,13.99,0.00
2025,"ramadan_raya","early_ramadan",94,"CILI MERAH - MINYAK","1kg","Perak",62,12,14,11,21,30,17.74,15.00,14.64,0.00
2025,"ramadan_raya","early_ramadan",94,"CILI MERAH - MINYAK","1kg","Perlis",21,12,14,4,3,14,19.05,15.00,15.00,0.00
2025,"ramadan_raya","early_ramadan",94,"CILI MERAH - MINYAK","1kg","Pulau Pinang",41,12,14,7,16,18,17.07,12.99,12.99,0.00
2025,"ramadan_raya","early_ramadan",94,"CILI MERAH - MINYAK","1kg","Sabah",10,12,14,2,2,6,20.00,24.50,27.99,0.00
2025,"ramadan_raya","early_ramadan",94,"CILI MERAH - MINYAK","1kg","Sarawak",90,12,14,55,8,27,61.11,22.90,25.00,5.01
2025,"ramadan_raya","early_ramadan",94,"CILI MERAH - MINYAK","1kg","Selangor",72,12,14,9,31,32,12.50,13.98,13.00,0.00
2025,"ramadan_raya","early_ramadan",94,"CILI MERAH - MINYAK","1kg","Terengganu",47,12,13,7,29,11,14.89,15.00,14.50,-6.67
2025,"ramadan_raya","early_ramadan",94,"CILI MERAH - MINYAK","1kg","W.P. Kuala Lumpur",96,12,14,18,25,53,18.75,15.20,15.00,0.00
2025,"ramadan_raya","early_ramadan",103,"SANTAN KELAPA SEGAR (BIASA)","1kg","Johor",19,12,12,8,1,10,42.11,10.00,11.00,0.00
2025,"ramadan_raya","early_ramadan",103,"SANTAN KELAPA SEGAR (BIASA)","1kg","Kedah",8,12,13,2,0,6,25.00,16.25,18.00,0.00
2025,"ramadan_raya","early_ramadan",103,"SANTAN KELAPA SEGAR (BIASA)","1kg","Kelantan",5,12,14,2,0,3,40.00,13.00,13.00,0.00
2025,"ramadan_raya","early_ramadan",103,"SANTAN KELAPA SEGAR (BIASA)","1kg","Negeri Sembilan",19,12,14,4,0,15,21.05,11.00,12.00,0.00
2025,"ramadan_raya","early_ramadan",103,"SANTAN KELAPA SEGAR (BIASA)","1kg","Pahang",35,12,14,6,4,25,17.14,9.00,9.00,0.00
2025,"ramadan_raya","early_ramadan",103,"SANTAN KELAPA SEGAR (BIASA)","1kg","Perak",49,12,14,16,2,31,32.65,9.80,9.80,0.00
2025,"ramadan_raya","early_ramadan",103,"SANTAN KELAPA SEGAR (BIASA)","1kg","Pulau Pinang",20,12,14,1,2,17,5.00,16.00,16.00,0.00
2025,"ramadan_raya","early_ramadan",103,"SANTAN KELAPA SEGAR (BIASA)","1kg","Selangor",32,12,14,7,0,25,21.88,7.75,7.95,0.00
2025,"ramadan_raya","early_ramadan",103,"SANTAN KELAPA SEGAR (BIASA)","1kg","Terengganu",6,12,13,2,0,4,33.33,16.00,16.00,0.00
2025,"ramadan_raya","early_ramadan",103,"SANTAN KELAPA SEGAR (BIASA)","1kg","W.P. Kuala Lumpur",42,12,14,8,1,33,19.05,7.30,7.50,0.00
2025,"ramadan_raya","early_ramadan",103,"SANTAN KELAPA SEGAR (BIASA)","1kg","W.P. Putrajaya",6,12,14,0,0,6,0.00,8.90,8.90,0.00
2025,"ramadan_raya","early_ramadan",114,"TOMATO","1kg","Johor",157,12,12,109,12,36,69.43,6.50,7.49,10.02
2025,"ramadan_raya","early_ramadan",114,"TOMATO","1kg","Kedah",70,12,13,47,12,11,67.14,6.72,7.27,12.18
2025,"ramadan_raya","early_ramadan",114,"TOMATO","1kg","Kelantan",85,12,14,50,13,22,58.82,6.49,7.00,5.46
2025,"ramadan_raya","early_ramadan",114,"TOMATO","1kg","Melaka",23,11,14,15,6,2,65.22,6.99,7.50,10.76
2025,"ramadan_raya","early_ramadan",114,"TOMATO","1kg","Negeri Sembilan",39,12,14,27,5,7,69.23,6.20,6.99,11.63
2025,"ramadan_raya","early_ramadan",114,"TOMATO","1kg","Pahang",112,12,14,85,8,19,75.89,6.85,7.97,12.33
2025,"ramadan_raya","early_ramadan",114,"TOMATO","1kg","Perak",99,12,14,67,15,17,67.68,6.50,7.00,6.67
2025,"ramadan_raya","early_ramadan",114,"TOMATO","1kg","Perlis",26,12,14,13,4,9,50.00,6.77,7.65,0.08
2025,"ramadan_raya","early_ramadan",114,"TOMATO","1kg","Pulau Pinang",86,12,14,61,6,19,70.93,6.55,7.00,8.58
2025,"ramadan_raya","early_ramadan",114,"TOMATO","1kg","Sabah",74,12,14,12,9,53,16.22,8.90,8.99,0.00
2025,"ramadan_raya","early_ramadan",114,"TOMATO","1kg","Sarawak",109,12,14,14,39,56,12.84,11.99,11.45,0.00
2025,"ramadan_raya","early_ramadan",114,"TOMATO","1kg","Selangor",84,12,14,61,10,13,72.62,6.50,7.00,7.88
2025,"ramadan_raya","early_ramadan",114,"TOMATO","1kg","Terengganu",88,12,13,48,22,18,54.55,7.90,8.00,5.49
2025,"ramadan_raya","early_ramadan",114,"TOMATO","1kg","W.P. Kuala Lumpur",123,12,14,76,16,31,61.79,6.29,6.99,7.69
2025,"ramadan_raya","early_ramadan",114,"TOMATO","1kg","W.P. Labuan",7,12,14,1,2,4,14.29,9.90,9.90,0.00
2025,"ramadan_raya","early_ramadan",114,"TOMATO","1kg","W.P. Putrajaya",20,12,14,11,1,8,55.00,7.02,8.00,4.90
2025,"ramadan_raya","early_ramadan",129,"BAWANG BESAR KUNING/HOLLAND","1kg","Johor",157,12,12,7,25,125,4.46,3.99,3.99,0.00
2025,"ramadan_raya","early_ramadan",129,"BAWANG BESAR KUNING/HOLLAND","1kg","Kedah",87,12,13,7,16,64,8.05,4.00,4.00,0.00
2025,"ramadan_raya","early_ramadan",129,"BAWANG BESAR KUNING/HOLLAND","1kg","Kelantan",118,12,14,14,23,81,11.86,4.50,4.50,0.00
2025,"ramadan_raya","early_ramadan",129,"BAWANG BESAR KUNING/HOLLAND","1kg","Melaka",25,11,14,2,1,22,8.00,4.50,4.50,0.00
2025,"ramadan_raya","early_ramadan",129,"BAWANG BESAR KUNING/HOLLAND","1kg","Negeri Sembilan",37,12,14,7,10,20,18.92,4.00,4.20,0.00
2025,"ramadan_raya","early_ramadan",129,"BAWANG BESAR KUNING/HOLLAND","1kg","Pahang",110,12,14,5,9,96,4.55,4.00,3.99,0.00
2025,"ramadan_raya","early_ramadan",129,"BAWANG BESAR KUNING/HOLLAND","1kg","Perak",114,12,14,11,25,78,9.65,4.00,4.00,0.00
2025,"ramadan_raya","early_ramadan",129,"BAWANG BESAR KUNING/HOLLAND","1kg","Perlis",33,12,14,2,1,30,6.06,4.50,4.50,0.00
2025,"ramadan_raya","early_ramadan",129,"BAWANG BESAR KUNING/HOLLAND","1kg","Pulau Pinang",84,12,14,10,20,54,11.90,4.10,4.35,0.00
2025,"ramadan_raya","early_ramadan",129,"BAWANG BESAR KUNING/HOLLAND","1kg","Sabah",128,12,14,15,16,97,11.72,5.33,4.99,0.00
2025,"ramadan_raya","early_ramadan",129,"BAWANG BESAR KUNING/HOLLAND","1kg","Sarawak",165,12,14,26,18,121,15.76,4.40,4.40,0.00
2025,"ramadan_raya","early_ramadan",129,"BAWANG BESAR KUNING/HOLLAND","1kg","Selangor",82,12,14,5,24,53,6.10,3.99,3.99,0.00
2025,"ramadan_raya","early_ramadan",129,"BAWANG BESAR KUNING/HOLLAND","1kg","Terengganu",109,12,13,9,12,88,8.26,3.99,3.99,0.00
2025,"ramadan_raya","early_ramadan",129,"BAWANG BESAR KUNING/HOLLAND","1kg","W.P. Kuala Lumpur",121,12,14,6,26,89,4.96,3.90,3.90,0.00
2025,"ramadan_raya","early_ramadan",129,"BAWANG BESAR KUNING/HOLLAND","1kg","W.P. Labuan",13,12,14,0,2,11,0.00,4.00,4.00,0.00
2025,"ramadan_raya","early_ramadan",129,"BAWANG BESAR KUNING/HOLLAND","1kg","W.P. Putrajaya",20,12,14,1,3,16,5.00,4.75,4.75,0.00
2025,"ramadan_raya","early_ramadan",904,"BERAS SUPER CAP RAMBUTAN 5% (IMPORT)","10 kg","Johor",38,12,12,3,8,27,7.89,38.99,38.99,0.00
2025,"ramadan_raya","early_ramadan",904,"BERAS SUPER CAP RAMBUTAN 5% (IMPORT)","10 kg","Kedah",46,12,13,2,9,35,4.35,37.00,36.99,0.00
2025,"ramadan_raya","early_ramadan",904,"BERAS SUPER CAP RAMBUTAN 5% (IMPORT)","10 kg","Kelantan",17,12,14,1,5,11,5.88,38.99,38.99,0.00
2025,"ramadan_raya","early_ramadan",904,"BERAS SUPER CAP RAMBUTAN 5% (IMPORT)","10 kg","Melaka",7,11,14,2,2,3,28.57,37.90,38.99,0.00
2025,"ramadan_raya","early_ramadan",904,"BERAS SUPER CAP RAMBUTAN 5% (IMPORT)","10 kg","Negeri Sembilan",10,12,14,1,3,6,10.00,37.30,37.05,0.00
2025,"ramadan_raya","early_ramadan",904,"BERAS SUPER CAP RAMBUTAN 5% (IMPORT)","10 kg","Pahang",22,12,14,0,1,21,0.00,38.99,38.95,0.00
2025,"ramadan_raya","early_ramadan",904,"BERAS SUPER CAP RAMBUTAN 5% (IMPORT)","10 kg","Perak",55,12,14,4,11,40,7.27,38.90,38.90,0.00
2025,"ramadan_raya","early_ramadan",904,"BERAS SUPER CAP RAMBUTAN 5% (IMPORT)","10 kg","Pulau Pinang",37,12,14,0,9,28,0.00,36.99,36.90,0.00
2025,"ramadan_raya","early_ramadan",904,"BERAS SUPER CAP RAMBUTAN 5% (IMPORT)","10 kg","Selangor",24,12,14,1,11,12,4.17,38.99,38.85,0.00
2025,"ramadan_raya","early_ramadan",904,"BERAS SUPER CAP RAMBUTAN 5% (IMPORT)","10 kg","Terengganu",22,12,13,1,2,19,4.55,38.93,38.77,0.00
2025,"ramadan_raya","early_ramadan",904,"BERAS SUPER CAP RAMBUTAN 5% (IMPORT)","10 kg","W.P. Kuala Lumpur",37,12,14,6,11,20,16.22,38.99,38.99,0.00
2025,"ramadan_raya","early_ramadan",904,"BERAS SUPER CAP RAMBUTAN 5% (IMPORT)","10 kg","W.P. Putrajaya",8,12,14,0,2,6,0.00,40.50,39.75,0.00
2025,"ramadan_raya","early_ramadan",917,"TEPUNG GANDUM NGP (BERBUNGKUS, CAP SAUH)","1kg","Pahang",125,4,4,6,15,104,4.80,3.35,3.30,0.00
2025,"ramadan_raya","early_ramadan",1111,"TELUR AYAM GRED C","30 biji","Johor",118,12,12,1,33,84,0.85,11.40,11.39,0.00
2025,"ramadan_raya","early_ramadan",1111,"TELUR AYAM GRED C","30 biji","Kedah",38,12,13,0,16,22,0.00,11.40,10.99,0.00
2025,"ramadan_raya","early_ramadan",1111,"TELUR AYAM GRED C","30 biji","Kelantan",63,12,14,1,8,54,1.59,11.40,11.40,0.00
2025,"ramadan_raya","early_ramadan",1111,"TELUR AYAM GRED C","30 biji","Melaka",14,11,14,0,3,11,0.00,11.40,11.40,0.00
2025,"ramadan_raya","early_ramadan",1111,"TELUR AYAM GRED C","30 biji","Negeri Sembilan",26,12,14,0,9,17,0.00,11.40,11.40,0.00
2025,"ramadan_raya","early_ramadan",1111,"TELUR AYAM GRED C","30 biji","Pahang",79,12,14,3,16,60,3.80,11.40,11.40,0.00
2025,"ramadan_raya","early_ramadan",1111,"TELUR AYAM GRED C","30 biji","Perak",88,12,14,0,34,54,0.00,11.40,11.40,0.00
2025,"ramadan_raya","early_ramadan",1111,"TELUR AYAM GRED C","30 biji","Perlis",12,12,14,0,3,9,0.00,10.90,10.85,0.00
2025,"ramadan_raya","early_ramadan",1111,"TELUR AYAM GRED C","30 biji","Pulau Pinang",45,12,14,0,16,29,0.00,11.40,11.40,0.00
2025,"ramadan_raya","early_ramadan",1111,"TELUR AYAM GRED C","30 biji","Sarawak",12,12,14,1,0,11,8.33,12.00,12.00,0.00
2025,"ramadan_raya","early_ramadan",1111,"TELUR AYAM GRED C","30 biji","Selangor",61,12,14,2,23,36,3.28,11.40,11.40,0.00
2025,"ramadan_raya","early_ramadan",1111,"TELUR AYAM GRED C","30 biji","Terengganu",55,12,13,0,6,49,0.00,11.40,11.40,0.00
2025,"ramadan_raya","early_ramadan",1111,"TELUR AYAM GRED C","30 biji","W.P. Kuala Lumpur",83,12,14,1,16,66,1.20,11.40,11.40,0.00
2025,"ramadan_raya","early_ramadan",1111,"TELUR AYAM GRED C","30 biji","W.P. Putrajaya",10,12,14,0,4,6,0.00,11.40,11.40,0.00
2025,"ramadan_raya","early_ramadan",1131,"UBI KENTANG IMPORT (CHINA)","1kg","Johor",151,12,12,17,23,111,11.26,3.25,3.30,0.00
2025,"ramadan_raya","early_ramadan",1131,"UBI KENTANG IMPORT (CHINA)","1kg","Kedah",65,12,13,10,8,47,15.38,3.50,3.50,0.00
2025,"ramadan_raya","early_ramadan",1131,"UBI KENTANG IMPORT (CHINA)","1kg","Kelantan",70,12,14,16,6,48,22.86,3.50,3.50,0.00
2025,"ramadan_raya","early_ramadan",1131,"UBI KENTANG IMPORT (CHINA)","1kg","Melaka",21,11,14,2,2,17,9.52,3.50,3.50,0.00
2025,"ramadan_raya","early_ramadan",1131,"UBI KENTANG IMPORT (CHINA)","1kg","Negeri Sembilan",29,12,14,2,6,21,6.90,2.90,2.90,0.00
2025,"ramadan_raya","early_ramadan",1131,"UBI KENTANG IMPORT (CHINA)","1kg","Pahang",112,12,14,8,13,91,7.14,3.50,3.50,0.00
2025,"ramadan_raya","early_ramadan",1131,"UBI KENTANG IMPORT (CHINA)","1kg","Perak",116,12,14,16,26,74,13.79,3.50,3.45,0.00
2025,"ramadan_raya","early_ramadan",1131,"UBI KENTANG IMPORT (CHINA)","1kg","Perlis",31,12,14,0,2,29,0.00,3.50,3.50,0.00
2025,"ramadan_raya","early_ramadan",1131,"UBI KENTANG IMPORT (CHINA)","1kg","Pulau Pinang",90,12,14,9,10,71,10.00,3.50,3.50,0.00
2025,"ramadan_raya","early_ramadan",1131,"UBI KENTANG IMPORT (CHINA)","1kg","Sabah",112,12,14,4,12,96,3.57,3.85,3.70,0.00
2025,"ramadan_raya","early_ramadan",1131,"UBI KENTANG IMPORT (CHINA)","1kg","Sarawak",161,12,14,30,15,116,18.63,3.50,3.50,0.00
2025,"ramadan_raya","early_ramadan",1131,"UBI KENTANG IMPORT (CHINA)","1kg","Selangor",74,12,14,5,22,47,6.76,2.90,2.90,0.00
2025,"ramadan_raya","early_ramadan",1131,"UBI KENTANG IMPORT (CHINA)","1kg","Terengganu",80,12,13,2,11,67,2.50,3.49,3.49,0.00
2025,"ramadan_raya","early_ramadan",1131,"UBI KENTANG IMPORT (CHINA)","1kg","W.P. Kuala Lumpur",103,12,14,6,27,70,5.83,3.39,3.39,0.00
2025,"ramadan_raya","early_ramadan",1131,"UBI KENTANG IMPORT (CHINA)","1kg","W.P. Labuan",12,12,14,1,1,10,8.33,3.70,3.70,0.00
2025,"ramadan_raya","early_ramadan",1131,"UBI KENTANG IMPORT (CHINA)","1kg","W.P. Putrajaya",20,12,14,0,6,14,0.00,3.95,3.65,0.00
2025,"ramadan_raya","early_ramadan",1431,"DAGING LEMBU TEMPATAN (BAHAGIAN 1 DAGING PAHA (KECUALI BATANG PINANG - TENDERLOIN)","1kg","Johor",12,12,12,0,0,12,0.00,38.00,38.00,0.00
2025,"ramadan_raya","early_ramadan",1431,"DAGING LEMBU TEMPATAN (BAHAGIAN 1 DAGING PAHA (KECUALI BATANG PINANG - TENDERLOIN)","1kg","Kedah",14,12,13,2,4,8,14.29,36.00,33.00,0.00
2025,"ramadan_raya","early_ramadan",1431,"DAGING LEMBU TEMPATAN (BAHAGIAN 1 DAGING PAHA (KECUALI BATANG PINANG - TENDERLOIN)","1kg","Kelantan",16,12,14,5,1,10,31.25,25.00,27.00,0.00
2025,"ramadan_raya","early_ramadan",1431,"DAGING LEMBU TEMPATAN (BAHAGIAN 1 DAGING PAHA (KECUALI BATANG PINANG - TENDERLOIN)","1kg","Melaka",6,11,14,0,0,6,0.00,39.00,39.00,0.00
2025,"ramadan_raya","early_ramadan",1431,"DAGING LEMBU TEMPATAN (BAHAGIAN 1 DAGING PAHA (KECUALI BATANG PINANG - TENDERLOIN)","1kg","Negeri Sembilan",8,12,14,0,1,7,0.00,38.50,38.50,0.00
2025,"ramadan_raya","early_ramadan",1431,"DAGING LEMBU TEMPATAN (BAHAGIAN 1 DAGING PAHA (KECUALI BATANG PINANG - TENDERLOIN)","1kg","Pahang",9,12,14,1,0,8,11.11,38.00,38.00,0.00
2025,"ramadan_raya","early_ramadan",1431,"DAGING LEMBU TEMPATAN (BAHAGIAN 1 DAGING PAHA (KECUALI BATANG PINANG - TENDERLOIN)","1kg","Perak",20,12,14,1,3,16,5.00,36.00,36.00,0.00
2025,"ramadan_raya","early_ramadan",1431,"DAGING LEMBU TEMPATAN (BAHAGIAN 1 DAGING PAHA (KECUALI BATANG PINANG - TENDERLOIN)","1kg","Perlis",5,12,14,4,0,1,80.00,27.50,30.00,9.09
2025,"ramadan_raya","early_ramadan",1431,"DAGING LEMBU TEMPATAN (BAHAGIAN 1 DAGING PAHA (KECUALI BATANG PINANG - TENDERLOIN)","1kg","Pulau Pinang",17,12,14,1,0,16,5.88,40.00,40.00,0.00
2025,"ramadan_raya","early_ramadan",1431,"DAGING LEMBU TEMPATAN (BAHAGIAN 1 DAGING PAHA (KECUALI BATANG PINANG - TENDERLOIN)","1kg","Selangor",15,12,14,1,1,13,6.67,40.00,40.00,0.00
2025,"ramadan_raya","early_ramadan",1431,"DAGING LEMBU TEMPATAN (BAHAGIAN 1 DAGING PAHA (KECUALI BATANG PINANG - TENDERLOIN)","1kg","Terengganu",14,12,13,2,2,10,14.29,30.00,30.00,0.00
2025,"ramadan_raya","early_ramadan",1431,"DAGING LEMBU TEMPATAN (BAHAGIAN 1 DAGING PAHA (KECUALI BATANG PINANG - TENDERLOIN)","1kg","W.P. Kuala Lumpur",6,11,14,0,1,5,0.00,45.45,45.45,0.00
2025,"ramadan_raya","early_ramadan",1555,"UDANG PUTIH/VANNAMEI (TERNAK) (ANTARA 41 HINGGA 60 EKOR SEKILOGRAM)","1kg","Johor",119,12,12,52,39,28,43.70,36.00,36.99,0.00
2025,"ramadan_raya","early_ramadan",1555,"UDANG PUTIH/VANNAMEI (TERNAK) (ANTARA 41 HINGGA 60 EKOR SEKILOGRAM)","1kg","Kedah",43,12,13,20,10,13,46.51,30.00,32.00,0.00
2025,"ramadan_raya","early_ramadan",1555,"UDANG PUTIH/VANNAMEI (TERNAK) (ANTARA 41 HINGGA 60 EKOR SEKILOGRAM)","1kg","Kelantan",71,12,14,27,25,19,38.03,36.00,35.00,0.00
2025,"ramadan_raya","early_ramadan",1555,"UDANG PUTIH/VANNAMEI (TERNAK) (ANTARA 41 HINGGA 60 EKOR SEKILOGRAM)","1kg","Melaka",18,11,14,7,5,6,38.89,35.00,37.49,0.00
2025,"ramadan_raya","early_ramadan",1555,"UDANG PUTIH/VANNAMEI (TERNAK) (ANTARA 41 HINGGA 60 EKOR SEKILOGRAM)","1kg","Negeri Sembilan",23,12,14,9,8,6,39.13,34.00,34.99,0.00
2025,"ramadan_raya","early_ramadan",1555,"UDANG PUTIH/VANNAMEI (TERNAK) (ANTARA 41 HINGGA 60 EKOR SEKILOGRAM)","1kg","Pahang",78,12,14,31,31,16,39.74,36.99,36.70,0.00
2025,"ramadan_raya","early_ramadan",1555,"UDANG PUTIH/VANNAMEI (TERNAK) (ANTARA 41 HINGGA 60 EKOR SEKILOGRAM)","1kg","Perak",83,12,14,38,22,23,45.78,32.00,32.90,0.00
2025,"ramadan_raya","early_ramadan",1555,"UDANG PUTIH/VANNAMEI (TERNAK) (ANTARA 41 HINGGA 60 EKOR SEKILOGRAM)","1kg","Perlis",13,12,14,5,3,5,38.46,32.00,33.50,0.00
2025,"ramadan_raya","early_ramadan",1555,"UDANG PUTIH/VANNAMEI (TERNAK) (ANTARA 41 HINGGA 60 EKOR SEKILOGRAM)","1kg","Pulau Pinang",56,12,14,26,13,17,46.43,33.50,34.75,0.00
2025,"ramadan_raya","early_ramadan",1555,"UDANG PUTIH/VANNAMEI (TERNAK) (ANTARA 41 HINGGA 60 EKOR SEKILOGRAM)","1kg","Sabah",31,12,14,9,1,21,29.03,33.00,34.90,0.00
2025,"ramadan_raya","early_ramadan",1555,"UDANG PUTIH/VANNAMEI (TERNAK) (ANTARA 41 HINGGA 60 EKOR SEKILOGRAM)","1kg","Sarawak",51,12,14,15,14,22,29.41,35.90,36.00,0.00
2025,"ramadan_raya","early_ramadan",1555,"UDANG PUTIH/VANNAMEI (TERNAK) (ANTARA 41 HINGGA 60 EKOR SEKILOGRAM)","1kg","Selangor",74,12,14,24,29,21,32.43,33.75,33.00,0.00
2025,"ramadan_raya","early_ramadan",1555,"UDANG PUTIH/VANNAMEI (TERNAK) (ANTARA 41 HINGGA 60 EKOR SEKILOGRAM)","1kg","Terengganu",47,12,13,21,11,15,44.68,34.00,34.00,0.00
2025,"ramadan_raya","early_ramadan",1555,"UDANG PUTIH/VANNAMEI (TERNAK) (ANTARA 41 HINGGA 60 EKOR SEKILOGRAM)","1kg","W.P. Kuala Lumpur",72,12,14,24,25,23,33.33,37.37,37.85,0.00
2025,"ramadan_raya","early_ramadan",1555,"UDANG PUTIH/VANNAMEI (TERNAK) (ANTARA 41 HINGGA 60 EKOR SEKILOGRAM)","1kg","W.P. Putrajaya",12,12,14,6,2,4,50.00,37.40,39.70,0.64
2025,"ramadan_raya","early_ramadan",1564,"BAWANG PUTIH IMPORT (CHINA)","1kg","Johor",165,12,12,13,24,128,7.88,12.90,12.99,0.00
2025,"ramadan_raya","early_ramadan",1564,"BAWANG PUTIH IMPORT (CHINA)","1kg","Kedah",74,12,13,5,14,55,6.76,12.50,12.00,0.00
2025,"ramadan_raya","early_ramadan",1564,"BAWANG PUTIH IMPORT (CHINA)","1kg","Kelantan",56,12,14,7,8,41,12.50,11.50,11.50,0.00
2025,"ramadan_raya","early_ramadan",1564,"BAWANG PUTIH IMPORT (CHINA)","1kg","Melaka",26,11,14,2,1,23,7.69,14.00,14.00,0.00
2025,"ramadan_raya","early_ramadan",1564,"BAWANG PUTIH IMPORT (CHINA)","1kg","Negeri Sembilan",39,12,14,3,12,24,7.69,13.90,13.20,0.00
2025,"ramadan_raya","early_ramadan",1564,"BAWANG PUTIH IMPORT (CHINA)","1kg","Pahang",112,12,14,10,10,92,8.93,13.90,13.99,0.00
2025,"ramadan_raya","early_ramadan",1564,"BAWANG PUTIH IMPORT (CHINA)","1kg","Perak",131,12,14,10,21,100,7.63,12.90,12.99,0.00
2025,"ramadan_raya","early_ramadan",1564,"BAWANG PUTIH IMPORT (CHINA)","1kg","Perlis",28,12,14,2,1,25,7.14,11.50,11.35,0.00
2025,"ramadan_raya","early_ramadan",1564,"BAWANG PUTIH IMPORT (CHINA)","1kg","Pulau Pinang",95,12,14,14,16,65,14.74,13.00,13.00,0.00
2025,"ramadan_raya","early_ramadan",1564,"BAWANG PUTIH IMPORT (CHINA)","1kg","Sabah",127,12,14,17,16,94,13.39,10.99,11.00,0.00
2025,"ramadan_raya","early_ramadan",1564,"BAWANG PUTIH IMPORT (CHINA)","1kg","Sarawak",153,12,14,17,16,120,11.11,10.90,10.90,0.00
2025,"ramadan_raya","early_ramadan",1564,"BAWANG PUTIH IMPORT (CHINA)","1kg","Selangor",82,12,14,3,15,64,3.66,12.00,12.00,0.00
2025,"ramadan_raya","early_ramadan",1564,"BAWANG PUTIH IMPORT (CHINA)","1kg","Terengganu",71,12,13,5,11,55,7.04,11.99,11.50,0.00
2025,"ramadan_raya","early_ramadan",1564,"BAWANG PUTIH IMPORT (CHINA)","1kg","W.P. Kuala Lumpur",118,12,14,10,17,91,8.47,13.99,13.99,0.00
2025,"ramadan_raya","early_ramadan",1564,"BAWANG PUTIH IMPORT (CHINA)","1kg","W.P. Labuan",14,12,14,1,1,12,7.14,11.75,11.95,0.00
2025,"ramadan_raya","early_ramadan",1564,"BAWANG PUTIH IMPORT (CHINA)","1kg","W.P. Putrajaya",20,12,14,3,1,16,15.00,13.70,14.25,0.00
2025,"ramadan_raya","early_ramadan",1589,"GULA PUTIH BERTAPIS KASAR (PELBAGAI JENAMA)","1kg","Pahang",137,4,4,0,0,137,0.00,2.85,2.85,0.00
2025,"ramadan_raya","raya_lead_up",1,"AYAM BERSIH - STANDARD","1kg","Johor",144,12,12,91,19,34,63.19,8.55,8.80,2.28
2025,"ramadan_raya","raya_lead_up",1,"AYAM BERSIH - STANDARD","1kg","Kedah",61,12,13,32,4,25,52.46,8.99,9.39,0.96
2025,"ramadan_raya","raya_lead_up",1,"AYAM BERSIH - STANDARD","1kg","Kelantan",76,12,12,47,11,18,61.84,8.65,8.90,2.40
2025,"ramadan_raya","raya_lead_up",1,"AYAM BERSIH - STANDARD","1kg","Melaka",20,11,14,11,4,5,55.00,8.80,8.80,1.65
2025,"ramadan_raya","raya_lead_up",1,"AYAM BERSIH - STANDARD","1kg","Negeri Sembilan",34,12,14,18,5,11,52.94,8.39,8.65,0.43
2025,"ramadan_raya","raya_lead_up",1,"AYAM BERSIH - STANDARD","1kg","Pahang",101,12,13,63,10,28,62.38,8.59,8.79,2.38
2025,"ramadan_raya","raya_lead_up",1,"AYAM BERSIH - STANDARD","1kg","Perak",93,12,13,47,12,34,50.54,8.59,8.79,0.55
2025,"ramadan_raya","raya_lead_up",1,"AYAM BERSIH - STANDARD","1kg","Perlis",17,12,13,16,1,0,94.12,8.99,9.60,6.06
2025,"ramadan_raya","raya_lead_up",1,"AYAM BERSIH - STANDARD","1kg","Pulau Pinang",65,12,13,32,5,28,49.23,9.20,9.40,0.00
2025,"ramadan_raya","raya_lead_up",1,"AYAM BERSIH - STANDARD","1kg","Sabah",9,12,14,0,0,9,0.00,13.00,13.00,0.00
2025,"ramadan_raya","raya_lead_up",1,"AYAM BERSIH - STANDARD","1kg","Sarawak",15,12,14,0,2,13,0.00,10.60,10.60,0.00
2025,"ramadan_raya","raya_lead_up",1,"AYAM BERSIH - STANDARD","1kg","Selangor",80,12,13,54,11,15,67.50,8.59,8.75,2.31
2025,"ramadan_raya","raya_lead_up",1,"AYAM BERSIH - STANDARD","1kg","Terengganu",88,12,12,66,10,12,75.00,8.90,9.39,3.45
2025,"ramadan_raya","raya_lead_up",1,"AYAM BERSIH - STANDARD","1kg","W.P. Kuala Lumpur",93,12,13,66,8,19,70.97,8.95,9.19,2.44
2025,"ramadan_raya","raya_lead_up",1,"AYAM BERSIH - STANDARD","1kg","W.P. Putrajaya",15,12,13,13,1,1,86.67,8.39,8.99,5.01
2025,"ramadan_raya","raya_lead_up",94,"CILI MERAH - MINYAK","1kg","Johor",90,12,12,10,47,33,11.11,14.99,13.00,-3.49
2025,"ramadan_raya","raya_lead_up",94,"CILI MERAH - MINYAK","1kg","Kedah",31,12,13,1,27,3,3.23,15.90,12.90,-12.08
2025,"ramadan_raya","raya_lead_up",94,"CILI MERAH - MINYAK","1kg","Kelantan",26,12,12,3,18,5,11.54,16.59,14.95,-6.10
2025,"ramadan_raya","raya_lead_up",94,"CILI MERAH - MINYAK","1kg","Melaka",15,11,14,3,11,1,20.00,13.99,11.74,-11.11
2025,"ramadan_raya","raya_lead_up",94,"CILI MERAH - MINYAK","1kg","Negeri Sembilan",37,12,14,7,20,10,18.92,15.00,14.00,-4.17
2025,"ramadan_raya","raya_lead_up",94,"CILI MERAH - MINYAK","1kg","Pahang",95,12,13,15,50,30,15.79,14.90,13.99,-3.45
2025,"ramadan_raya","raya_lead_up",94,"CILI MERAH - MINYAK","1kg","Perak",63,12,13,9,44,10,14.29,15.00,13.00,-11.12
2025,"ramadan_raya","raya_lead_up",94,"CILI MERAH - MINYAK","1kg","Perlis",23,12,13,5,11,7,21.74,15.00,15.00,0.00
2025,"ramadan_raya","raya_lead_up",94,"CILI MERAH - MINYAK","1kg","Pulau Pinang",38,12,13,4,32,2,10.53,12.99,11.70,-12.23
2025,"ramadan_raya","raya_lead_up",94,"CILI MERAH - MINYAK","1kg","Sabah",10,12,13,2,5,3,20.00,24.50,23.99,-6.25
2025,"ramadan_raya","raya_lead_up",94,"CILI MERAH - MINYAK","1kg","Sarawak",98,12,14,33,47,18,33.67,22.90,21.00,0.00
2025,"ramadan_raya","raya_lead_up",94,"CILI MERAH - MINYAK","1kg","Selangor",72,12,13,9,45,18,12.50,14.00,12.00,-6.27
2025,"ramadan_raya","raya_lead_up",94,"CILI MERAH - MINYAK","1kg","Terengganu",47,12,12,5,34,8,10.64,15.00,13.99,-8.14
2025,"ramadan_raya","raya_lead_up",94,"CILI MERAH - MINYAK","1kg","W.P. Kuala Lumpur",97,12,13,17,60,20,17.53,15.00,15.00,-8.34
2025,"ramadan_raya","raya_lead_up",103,"SANTAN KELAPA SEGAR (BIASA)","1kg","Johor",18,12,12,9,2,7,50.00,10.00,11.00,2.39
2025,"ramadan_raya","raya_lead_up",103,"SANTAN KELAPA SEGAR (BIASA)","1kg","Kedah",8,12,13,3,0,5,37.50,16.25,17.75,0.00
2025,"ramadan_raya","raya_lead_up",103,"SANTAN KELAPA SEGAR (BIASA)","1kg","Kelantan",6,12,12,2,1,3,33.33,12.50,12.50,0.00
2025,"ramadan_raya","raya_lead_up",103,"SANTAN KELAPA SEGAR (BIASA)","1kg","Negeri Sembilan",18,12,14,7,0,11,38.89,11.00,11.50,0.00
2025,"ramadan_raya","raya_lead_up",103,"SANTAN KELAPA SEGAR (BIASA)","1kg","Pahang",34,12,13,14,3,17,41.18,8.50,9.50,0.00
2025,"ramadan_raya","raya_lead_up",103,"SANTAN KELAPA SEGAR (BIASA)","1kg","Perak",48,12,13,27,3,18,56.25,9.80,10.00,7.42
2025,"ramadan_raya","raya_lead_up",103,"SANTAN KELAPA SEGAR (BIASA)","1kg","Pulau Pinang",20,12,13,7,4,9,35.00,16.00,16.50,0.00
2025,"ramadan_raya","raya_lead_up",103,"SANTAN KELAPA SEGAR (BIASA)","1kg","Selangor",29,12,13,16,1,12,55.17,7.90,9.00,8.33
2025,"ramadan_raya","raya_lead_up",103,"SANTAN KELAPA SEGAR (BIASA)","1kg","Terengganu",6,12,12,2,1,3,33.33,15.50,15.50,0.00
2025,"ramadan_raya","raya_lead_up",103,"SANTAN KELAPA SEGAR (BIASA)","1kg","W.P. Kuala Lumpur",41,12,13,16,4,21,39.02,7.30,7.90,0.00
2025,"ramadan_raya","raya_lead_up",103,"SANTAN KELAPA SEGAR (BIASA)","1kg","W.P. Putrajaya",6,12,13,2,0,4,33.33,8.90,9.23,0.00
2025,"ramadan_raya","raya_lead_up",114,"TOMATO","1kg","Johor",163,12,12,30,107,26,18.40,6.50,6.20,-9.11
2025,"ramadan_raya","raya_lead_up",114,"TOMATO","1kg","Kedah",70,12,13,16,49,5,22.86,6.60,6.00,-9.10
2025,"ramadan_raya","raya_lead_up",114,"TOMATO","1kg","Kelantan",85,12,12,16,53,16,18.82,6.49,5.99,-9.23
2025,"ramadan_raya","raya_lead_up",114,"TOMATO","1kg","Melaka",25,11,14,1,18,6,4.00,6.99,6.50,-11.32
2025,"ramadan_raya","raya_lead_up",114,"TOMATO","1kg","Negeri Sembilan",39,12,14,3,27,9,7.69,6.20,5.99,-7.70
2025,"ramadan_raya","raya_lead_up",114,"TOMATO","1kg","Pahang",113,12,13,15,88,10,13.27,6.90,6.00,-14.31
2025,"ramadan_raya","raya_lead_up",114,"TOMATO","1kg","Perak",99,12,13,6,78,15,6.06,6.50,5.99,-11.13
2025,"ramadan_raya","raya_lead_up",114,"TOMATO","1kg","Perlis",26,12,13,6,18,2,23.08,6.77,6.50,-5.70
2025,"ramadan_raya","raya_lead_up",114,"TOMATO","1kg","Pulau Pinang",86,12,13,14,66,6,16.28,6.55,6.10,-8.35
2025,"ramadan_raya","raya_lead_up",114,"TOMATO","1kg","Sabah",78,12,14,16,32,30,20.51,9.00,8.69,0.00
2025,"ramadan_raya","raya_lead_up",114,"TOMATO","1kg","Sarawak",101,12,14,7,76,18,6.93,11.90,8.50,-20.83
2025,"ramadan_raya","raya_lead_up",114,"TOMATO","1kg","Selangor",84,12,13,12,64,8,14.29,6.50,5.99,-9.11
2025,"ramadan_raya","raya_lead_up",114,"TOMATO","1kg","Terengganu",88,12,12,11,75,2,12.50,7.90,6.49,-16.67
2025,"ramadan_raya","raya_lead_up",114,"TOMATO","1kg","W.P. Kuala Lumpur",123,12,13,24,81,18,19.51,6.29,5.99,-7.14
2025,"ramadan_raya","raya_lead_up",114,"TOMATO","1kg","W.P. Labuan",8,12,13,2,3,3,25.00,10.40,9.00,0.00
2025,"ramadan_raya","raya_lead_up",114,"TOMATO","1kg","W.P. Putrajaya",20,12,13,3,14,3,15.00,7.02,6.50,-7.24
2025,"ramadan_raya","raya_lead_up",129,"BAWANG BESAR KUNING/HOLLAND","1kg","Johor",159,12,12,15,57,87,9.43,3.99,4.00,0.00
2025,"ramadan_raya","raya_lead_up",129,"BAWANG BESAR KUNING/HOLLAND","1kg","Kedah",87,12,13,7,24,56,8.05,4.00,3.99,0.00
2025,"ramadan_raya","raya_lead_up",129,"BAWANG BESAR KUNING/HOLLAND","1kg","Kelantan",117,12,12,11,58,48,9.40,4.50,4.00,0.00
2025,"ramadan_raya","raya_lead_up",129,"BAWANG BESAR KUNING/HOLLAND","1kg","Melaka",26,11,14,0,11,15,0.00,4.50,4.50,0.00
2025,"ramadan_raya","raya_lead_up",129,"BAWANG BESAR KUNING/HOLLAND","1kg","Negeri Sembilan",37,12,14,8,16,13,21.62,4.00,4.50,0.00
2025,"ramadan_raya","raya_lead_up",129,"BAWANG BESAR KUNING/HOLLAND","1kg","Pahang",111,12,13,9,48,54,8.11,3.99,3.99,0.00
2025,"ramadan_raya","raya_lead_up",129,"BAWANG BESAR KUNING/HOLLAND","1kg","Perak",112,12,13,9,53,50,8.04,4.00,4.20,0.00
2025,"ramadan_raya","raya_lead_up",129,"BAWANG BESAR KUNING/HOLLAND","1kg","Perlis",33,12,13,3,14,16,9.09,4.50,4.50,0.00
2025,"ramadan_raya","raya_lead_up",129,"BAWANG BESAR KUNING/HOLLAND","1kg","Pulau Pinang",85,12,13,11,47,27,12.94,4.00,4.49,-5.88
2025,"ramadan_raya","raya_lead_up",129,"BAWANG BESAR KUNING/HOLLAND","1kg","Sabah",124,12,14,14,45,65,11.29,5.44,4.99,0.00
2025,"ramadan_raya","raya_lead_up",129,"BAWANG BESAR KUNING/HOLLAND","1kg","Sarawak",163,12,14,28,51,84,17.18,4.40,4.40,0.00
2025,"ramadan_raya","raya_lead_up",129,"BAWANG BESAR KUNING/HOLLAND","1kg","Selangor",82,12,13,11,39,32,13.41,3.99,3.90,0.00
2025,"ramadan_raya","raya_lead_up",129,"BAWANG BESAR KUNING/HOLLAND","1kg","Terengganu",108,12,12,12,48,48,11.11,3.99,3.99,0.00
2025,"ramadan_raya","raya_lead_up",129,"BAWANG BESAR KUNING/HOLLAND","1kg","W.P. Kuala Lumpur",120,12,13,9,62,49,7.50,3.90,3.85,-1.60
2025,"ramadan_raya","raya_lead_up",129,"BAWANG BESAR KUNING/HOLLAND","1kg","W.P. Labuan",13,12,13,2,5,6,15.38,4.00,4.25,0.00
2025,"ramadan_raya","raya_lead_up",129,"BAWANG BESAR KUNING/HOLLAND","1kg","W.P. Putrajaya",20,12,13,1,12,7,5.00,4.75,4.50,-6.20
2025,"ramadan_raya","raya_lead_up",904,"BERAS SUPER CAP RAMBUTAN 5% (IMPORT)","10 kg","Johor",35,12,12,7,9,19,20.00,38.99,38.99,0.00
2025,"ramadan_raya","raya_lead_up",904,"BERAS SUPER CAP RAMBUTAN 5% (IMPORT)","10 kg","Kedah",46,12,13,8,11,27,17.39,37.00,37.00,0.00
2025,"ramadan_raya","raya_lead_up",904,"BERAS SUPER CAP RAMBUTAN 5% (IMPORT)","10 kg","Kelantan",19,12,12,5,5,9,26.32,38.99,40.20,0.00
2025,"ramadan_raya","raya_lead_up",904,"BERAS SUPER CAP RAMBUTAN 5% (IMPORT)","10 kg","Melaka",7,11,14,2,2,3,28.57,37.90,39.90,0.00
2025,"ramadan_raya","raya_lead_up",904,"BERAS SUPER CAP RAMBUTAN 5% (IMPORT)","10 kg","Negeri Sembilan",10,12,14,4,2,4,40.00,37.30,38.25,0.00
2025,"ramadan_raya","raya_lead_up",904,"BERAS SUPER CAP RAMBUTAN 5% (IMPORT)","10 kg","Pahang",24,12,13,0,2,22,0.00,38.95,38.90,0.00
2025,"ramadan_raya","raya_lead_up",904,"BERAS SUPER CAP RAMBUTAN 5% (IMPORT)","10 kg","Perak",56,12,13,9,9,38,16.07,38.90,38.90,0.00
2025,"ramadan_raya","raya_lead_up",904,"BERAS SUPER CAP RAMBUTAN 5% (IMPORT)","10 kg","Pulau Pinang",37,12,13,9,5,23,24.32,36.99,37.40,0.00
2025,"ramadan_raya","raya_lead_up",904,"BERAS SUPER CAP RAMBUTAN 5% (IMPORT)","10 kg","Selangor",24,12,13,6,11,7,25.00,38.99,40.30,0.00
2025,"ramadan_raya","raya_lead_up",904,"BERAS SUPER CAP RAMBUTAN 5% (IMPORT)","10 kg","Terengganu",22,12,12,3,4,15,13.64,38.95,38.50,0.00
2025,"ramadan_raya","raya_lead_up",904,"BERAS SUPER CAP RAMBUTAN 5% (IMPORT)","10 kg","W.P. Kuala Lumpur",35,12,13,6,14,15,17.14,38.99,38.90,0.00
2025,"ramadan_raya","raya_lead_up",904,"BERAS SUPER CAP RAMBUTAN 5% (IMPORT)","10 kg","W.P. Putrajaya",8,12,13,2,2,4,25.00,40.50,39.60,0.00
2025,"ramadan_raya","raya_lead_up",917,"TEPUNG GANDUM NGP (BERBUNGKUS, CAP SAUH)","1kg","Johor",162,6,5,8,22,132,4.94,3.30,3.30,0.00
2025,"ramadan_raya","raya_lead_up",917,"TEPUNG GANDUM NGP (BERBUNGKUS, CAP SAUH)","1kg","Pahang",126,4,4,13,13,100,10.32,3.33,3.30,0.00
2025,"ramadan_raya","raya_lead_up",1111,"TELUR AYAM GRED C","30 biji","Johor",119,12,12,0,65,54,0.00,11.40,10.65,-4.46
2025,"ramadan_raya","raya_lead_up",1111,"TELUR AYAM GRED C","30 biji","Kedah",37,12,13,0,25,12,0.00,11.40,8.50,-22.66
2025,"ramadan_raya","raya_lead_up",1111,"TELUR AYAM GRED C","30 biji","Kelantan",64,12,12,0,23,41,0.00,11.40,11.40,0.00
2025,"ramadan_raya","raya_lead_up",1111,"TELUR AYAM GRED C","30 biji","Melaka",15,11,14,0,9,6,0.00,11.40,9.30,-18.42
2025,"ramadan_raya","raya_lead_up",1111,"TELUR AYAM GRED C","30 biji","Negeri Sembilan",26,12,14,0,17,9,0.00,11.40,10.05,-11.84
2025,"ramadan_raya","raya_lead_up",1111,"TELUR AYAM GRED C","30 biji","Pahang",80,12,13,1,44,35,1.25,11.40,10.32,-6.94
2025,"ramadan_raya","raya_lead_up",1111,"TELUR AYAM GRED C","30 biji","Perak",96,12,13,0,65,31,0.00,11.40,8.49,-25.48
2025,"ramadan_raya","raya_lead_up",1111,"TELUR AYAM GRED C","30 biji","Perlis",11,12,13,0,10,1,0.00,10.90,9.00,-19.30
2025,"ramadan_raya","raya_lead_up",1111,"TELUR AYAM GRED C","30 biji","Pulau Pinang",45,12,13,0,23,22,0.00,11.40,10.99,-0.95
2025,"ramadan_raya","raya_lead_up",1111,"TELUR AYAM GRED C","30 biji","Sabah",5,12,13,0,0,5,0.00,13.80,13.80,0.00
2025,"ramadan_raya","raya_lead_up",1111,"TELUR AYAM GRED C","30 biji","Sarawak",13,12,14,0,0,13,0.00,12.00,12.00,0.00
2025,"ramadan_raya","raya_lead_up",1111,"TELUR AYAM GRED C","30 biji","Selangor",63,12,13,1,42,20,1.59,11.40,8.90,-21.93
2025,"ramadan_raya","raya_lead_up",1111,"TELUR AYAM GRED C","30 biji","Terengganu",58,12,12,0,15,43,0.00,11.40,11.40,0.00
2025,"ramadan_raya","raya_lead_up",1111,"TELUR AYAM GRED C","30 biji","W.P. Kuala Lumpur",83,12,13,1,35,47,1.20,11.40,11.40,0.00
2025,"ramadan_raya","raya_lead_up",1111,"TELUR AYAM GRED C","30 biji","W.P. Putrajaya",10,12,13,0,7,3,0.00,11.40,10.43,-7.89
2025,"ramadan_raya","raya_lead_up",1131,"UBI KENTANG IMPORT (CHINA)","1kg","Johor",147,12,12,16,53,78,10.88,3.39,3.00,0.00
2025,"ramadan_raya","raya_lead_up",1131,"UBI KENTANG IMPORT (CHINA)","1kg","Kedah",63,12,13,6,21,36,9.52,3.50,3.50,0.00
2025,"ramadan_raya","raya_lead_up",1131,"UBI KENTANG IMPORT (CHINA)","1kg","Kelantan",70,12,12,12,36,22,17.14,3.50,3.50,-5.27
2025,"ramadan_raya","raya_lead_up",1131,"UBI KENTANG IMPORT (CHINA)","1kg","Melaka",22,11,14,4,9,9,18.18,3.50,3.50,0.00
2025,"ramadan_raya","raya_lead_up",1131,"UBI KENTANG IMPORT (CHINA)","1kg","Negeri Sembilan",31,12,14,2,16,13,6.45,2.98,2.90,-6.25
2025,"ramadan_raya","raya_lead_up",1131,"UBI KENTANG IMPORT (CHINA)","1kg","Pahang",113,12,13,10,67,36,8.85,3.50,3.50,-7.43
2025,"ramadan_raya","raya_lead_up",1131,"UBI KENTANG IMPORT (CHINA)","1kg","Perak",113,12,13,13,68,32,11.50,3.50,3.50,-8.03
2025,"ramadan_raya","raya_lead_up",1131,"UBI KENTANG IMPORT (CHINA)","1kg","Perlis",30,12,13,1,18,11,3.33,3.63,3.50,-10.26
2025,"ramadan_raya","raya_lead_up",1131,"UBI KENTANG IMPORT (CHINA)","1kg","Pulau Pinang",89,12,13,6,52,31,6.74,3.50,3.50,-8.37
2025,"ramadan_raya","raya_lead_up",1131,"UBI KENTANG IMPORT (CHINA)","1kg","Sabah",109,12,14,8,36,65,7.34,3.90,3.50,0.00
2025,"ramadan_raya","raya_lead_up",1131,"UBI KENTANG IMPORT (CHINA)","1kg","Sarawak",159,12,14,27,47,85,16.98,3.50,3.50,0.00
2025,"ramadan_raya","raya_lead_up",1131,"UBI KENTANG IMPORT (CHINA)","1kg","Selangor",72,12,13,9,48,15,12.50,2.90,2.89,-8.37
2025,"ramadan_raya","raya_lead_up",1131,"UBI KENTANG IMPORT (CHINA)","1kg","Terengganu",79,12,12,8,33,38,10.13,3.49,3.49,0.00
2025,"ramadan_raya","raya_lead_up",1131,"UBI KENTANG IMPORT (CHINA)","1kg","W.P. Kuala Lumpur",102,12,13,4,63,35,3.92,3.39,3.20,-8.37
2025,"ramadan_raya","raya_lead_up",1131,"UBI KENTANG IMPORT (CHINA)","1kg","W.P. Labuan",13,12,13,2,8,3,15.38,3.50,3.50,-3.01
2025,"ramadan_raya","raya_lead_up",1131,"UBI KENTANG IMPORT (CHINA)","1kg","W.P. Putrajaya",20,12,13,1,13,6,5.00,3.95,3.50,-10.43
2025,"ramadan_raya","raya_lead_up",1431,"DAGING LEMBU TEMPATAN (BAHAGIAN 1 DAGING PAHA (KECUALI BATANG PINANG - TENDERLOIN)","1kg","Johor",13,12,12,1,4,8,7.69,38.00,38.00,0.00
2025,"ramadan_raya","raya_lead_up",1431,"DAGING LEMBU TEMPATAN (BAHAGIAN 1 DAGING PAHA (KECUALI BATANG PINANG - TENDERLOIN)","1kg","Kedah",14,12,13,4,4,6,28.57,36.00,34.50,0.00
2025,"ramadan_raya","raya_lead_up",1431,"DAGING LEMBU TEMPATAN (BAHAGIAN 1 DAGING PAHA (KECUALI BATANG PINANG - TENDERLOIN)","1kg","Kelantan",16,12,12,6,2,8,37.50,25.00,27.00,0.00
2025,"ramadan_raya","raya_lead_up",1431,"DAGING LEMBU TEMPATAN (BAHAGIAN 1 DAGING PAHA (KECUALI BATANG PINANG - TENDERLOIN)","1kg","Melaka",6,11,14,1,3,2,16.67,39.00,38.50,-0.63
2025,"ramadan_raya","raya_lead_up",1431,"DAGING LEMBU TEMPATAN (BAHAGIAN 1 DAGING PAHA (KECUALI BATANG PINANG - TENDERLOIN)","1kg","Negeri Sembilan",8,12,14,0,3,5,0.00,38.50,38.50,0.00
2025,"ramadan_raya","raya_lead_up",1431,"DAGING LEMBU TEMPATAN (BAHAGIAN 1 DAGING PAHA (KECUALI BATANG PINANG - TENDERLOIN)","1kg","Pahang",9,12,13,1,2,6,11.11,38.00,38.00,0.00
2025,"ramadan_raya","raya_lead_up",1431,"DAGING LEMBU TEMPATAN (BAHAGIAN 1 DAGING PAHA (KECUALI BATANG PINANG - TENDERLOIN)","1kg","Perak",20,12,13,2,5,13,10.00,36.00,36.00,0.00
2025,"ramadan_raya","raya_lead_up",1431,"DAGING LEMBU TEMPATAN (BAHAGIAN 1 DAGING PAHA (KECUALI BATANG PINANG - TENDERLOIN)","1kg","Perlis",5,12,13,5,0,0,100.00,27.50,30.00,9.09
2025,"ramadan_raya","raya_lead_up",1431,"DAGING LEMBU TEMPATAN (BAHAGIAN 1 DAGING PAHA (KECUALI BATANG PINANG - TENDERLOIN)","1kg","Pulau Pinang",17,12,13,2,9,6,11.76,40.00,39.00,-2.50
2025,"ramadan_raya","raya_lead_up",1431,"DAGING LEMBU TEMPATAN (BAHAGIAN 1 DAGING PAHA (KECUALI BATANG PINANG - TENDERLOIN)","1kg","Selangor",15,12,13,0,6,9,0.00,40.00,39.00,0.00
2025,"ramadan_raya","raya_lead_up",1431,"DAGING LEMBU TEMPATAN (BAHAGIAN 1 DAGING PAHA (KECUALI BATANG PINANG - TENDERLOIN)","1kg","Terengganu",11,12,12,2,4,5,18.18,30.00,30.00,0.00
2025,"ramadan_raya","raya_lead_up",1431,"DAGING LEMBU TEMPATAN (BAHAGIAN 1 DAGING PAHA (KECUALI BATANG PINANG - TENDERLOIN)","1kg","W.P. Kuala Lumpur",6,11,11,1,1,4,16.67,46.95,48.95,0.00
2025,"ramadan_raya","raya_lead_up",1555,"UDANG PUTIH/VANNAMEI (TERNAK) (ANTARA 41 HINGGA 60 EKOR SEKILOGRAM)","1kg","Johor",126,12,12,72,30,24,57.14,36.50,37.00,1.77
2025,"ramadan_raya","raya_lead_up",1555,"UDANG PUTIH/VANNAMEI (TERNAK) (ANTARA 41 HINGGA 60 EKOR SEKILOGRAM)","1kg","Kedah",42,12,13,26,10,6,61.90,30.00,31.45,3.10
2025,"ramadan_raya","raya_lead_up",1555,"UDANG PUTIH/VANNAMEI (TERNAK) (ANTARA 41 HINGGA 60 EKOR SEKILOGRAM)","1kg","Kelantan",70,12,12,32,27,11,45.71,36.00,35.00,0.00
2025,"ramadan_raya","raya_lead_up",1555,"UDANG PUTIH/VANNAMEI (TERNAK) (ANTARA 41 HINGGA 60 EKOR SEKILOGRAM)","1kg","Melaka",18,11,14,11,1,6,61.11,35.00,37.00,3.64
2025,"ramadan_raya","raya_lead_up",1555,"UDANG PUTIH/VANNAMEI (TERNAK) (ANTARA 41 HINGGA 60 EKOR SEKILOGRAM)","1kg","Negeri Sembilan",23,12,14,12,6,5,52.17,34.00,35.90,2.70
2025,"ramadan_raya","raya_lead_up",1555,"UDANG PUTIH/VANNAMEI (TERNAK) (ANTARA 41 HINGGA 60 EKOR SEKILOGRAM)","1kg","Pahang",78,12,13,38,20,20,48.72,37.24,37.87,0.00
2025,"ramadan_raya","raya_lead_up",1555,"UDANG PUTIH/VANNAMEI (TERNAK) (ANTARA 41 HINGGA 60 EKOR SEKILOGRAM)","1kg","Perak",84,12,13,52,20,12,61.90,32.00,33.00,4.11
2025,"ramadan_raya","raya_lead_up",1555,"UDANG PUTIH/VANNAMEI (TERNAK) (ANTARA 41 HINGGA 60 EKOR SEKILOGRAM)","1kg","Perlis",14,12,13,8,2,4,57.14,33.00,33.00,0.86
2025,"ramadan_raya","raya_lead_up",1555,"UDANG PUTIH/VANNAMEI (TERNAK) (ANTARA 41 HINGGA 60 EKOR SEKILOGRAM)","1kg","Pulau Pinang",56,12,13,27,15,14,48.21,33.75,34.50,0.00
2025,"ramadan_raya","raya_lead_up",1555,"UDANG PUTIH/VANNAMEI (TERNAK) (ANTARA 41 HINGGA 60 EKOR SEKILOGRAM)","1kg","Sabah",29,12,14,13,8,8,44.83,34.90,35.00,0.00
2025,"ramadan_raya","raya_lead_up",1555,"UDANG PUTIH/VANNAMEI (TERNAK) (ANTARA 41 HINGGA 60 EKOR SEKILOGRAM)","1kg","Sarawak",50,12,14,22,13,15,44.00,35.95,36.15,0.00
2025,"ramadan_raya","raya_lead_up",1555,"UDANG PUTIH/VANNAMEI (TERNAK) (ANTARA 41 HINGGA 60 EKOR SEKILOGRAM)","1kg","Selangor",73,12,13,40,22,11,54.79,34.00,35.00,2.51
2025,"ramadan_raya","raya_lead_up",1555,"UDANG PUTIH/VANNAMEI (TERNAK) (ANTARA 41 HINGGA 60 EKOR SEKILOGRAM)","1kg","Terengganu",40,12,12,27,9,4,67.50,34.00,34.75,4.48
2025,"ramadan_raya","raya_lead_up",1555,"UDANG PUTIH/VANNAMEI (TERNAK) (ANTARA 41 HINGGA 60 EKOR SEKILOGRAM)","1kg","W.P. Kuala Lumpur",73,12,13,32,25,16,43.84,36.99,36.99,0.00
2025,"ramadan_raya","raya_lead_up",1555,"UDANG PUTIH/VANNAMEI (TERNAK) (ANTARA 41 HINGGA 60 EKOR SEKILOGRAM)","1kg","W.P. Putrajaya",14,12,13,8,3,3,57.14,38.95,39.40,2.44
2025,"ramadan_raya","raya_lead_up",1564,"BAWANG PUTIH IMPORT (CHINA)","1kg","Johor",164,12,12,10,81,73,6.10,12.90,11.60,0.00
2025,"ramadan_raya","raya_lead_up",1564,"BAWANG PUTIH IMPORT (CHINA)","1kg","Kedah",75,12,13,12,27,36,16.00,12.50,11.00,0.00
2025,"ramadan_raya","raya_lead_up",1564,"BAWANG PUTIH IMPORT (CHINA)","1kg","Kelantan",55,12,12,10,30,15,18.18,11.50,11.00,-2.22
2025,"ramadan_raya","raya_lead_up",1564,"BAWANG PUTIH IMPORT (CHINA)","1kg","Melaka",27,11,14,3,18,6,11.11,14.00,11.00,-13.33
2025,"ramadan_raya","raya_lead_up",1564,"BAWANG PUTIH IMPORT (CHINA)","1kg","Negeri Sembilan",39,12,14,6,26,7,15.38,13.90,11.00,-11.55
2025,"ramadan_raya","raya_lead_up",1564,"BAWANG PUTIH IMPORT (CHINA)","1kg","Pahang",113,12,13,4,101,8,3.54,13.90,11.00,-18.20
2025,"ramadan_raya","raya_lead_up",1564,"BAWANG PUTIH IMPORT (CHINA)","1kg","Perak",135,12,13,12,104,19,8.89,12.90,11.00,-15.38
2025,"ramadan_raya","raya_lead_up",1564,"BAWANG PUTIH IMPORT (CHINA)","1kg","Perlis",30,12,13,2,16,12,6.67,11.50,11.00,-3.07
2025,"ramadan_raya","raya_lead_up",1564,"BAWANG PUTIH IMPORT (CHINA)","1kg","Pulau Pinang",95,12,13,7,74,14,7.37,13.00,11.00,-15.38
2025,"ramadan_raya","raya_lead_up",1564,"BAWANG PUTIH IMPORT (CHINA)","1kg","Sabah",125,12,14,12,45,68,9.60,10.99,10.50,0.00
2025,"ramadan_raya","raya_lead_up",1564,"BAWANG PUTIH IMPORT (CHINA)","1kg","Sarawak",154,12,14,20,76,58,12.99,10.90,10.00,0.00
2025,"ramadan_raya","raya_lead_up",1564,"BAWANG PUTIH IMPORT (CHINA)","1kg","Selangor",82,12,13,8,54,20,9.76,12.00,11.00,-9.53
2025,"ramadan_raya","raya_lead_up",1564,"BAWANG PUTIH IMPORT (CHINA)","1kg","Terengganu",71,12,12,5,45,21,7.04,11.99,11.00,-6.00
2025,"ramadan_raya","raya_lead_up",1564,"BAWANG PUTIH IMPORT (CHINA)","1kg","W.P. Kuala Lumpur",118,12,13,7,96,15,5.93,13.99,11.00,-20.86
2025,"ramadan_raya","raya_lead_up",1564,"BAWANG PUTIH IMPORT (CHINA)","1kg","W.P. Labuan",13,12,13,1,8,4,7.69,11.60,11.00,-5.17
2025,"ramadan_raya","raya_lead_up",1564,"BAWANG PUTIH IMPORT (CHINA)","1kg","W.P. Putrajaya",20,12,13,2,16,2,10.00,13.70,11.00,-14.77
2025,"ramadan_raya","raya_lead_up",1589,"GULA PUTIH BERTAPIS KASAR (PELBAGAI JENAMA)","1kg","Johor",165,6,5,0,0,165,0.00,2.85,2.85,0.00
2025,"ramadan_raya","raya_lead_up",1589,"GULA PUTIH BERTAPIS KASAR (PELBAGAI JENAMA)","1kg","Pahang",137,4,4,0,0,137,0.00,2.85,2.85,0.00
