year,festival,target_window,item_code,state,reference_days,target_days,reference_premises,target_premises,common_premises,coverage_pass,failure_reasons,matched_reference_days,matched_target_days,matched_common_premises,matched_coverage_pass
2023,chinese_new_year,lead_up,1,Johor,13,14,108,109,108,True,,13,14,108,True
2023,chinese_new_year,lead_up,1,Kedah,13,14,52,54,52,True,,13,14,52,True
2023,chinese_new_year,lead_up,1,Kelantan,13,14,71,74,71,True,,13,14,71,True
2023,chinese_new_year,lead_up,1,Melaka,11,14,18,19,18,True,,11,14,18,True
2023,chinese_new_year,lead_up,1,Negeri Sembilan,11,13,34,33,33,True,,11,13,33,True
2023,chinese_new_year,lead_up,1,Pahang,11,14,72,71,71,True,,11,14,71,True
2023,chinese_new_year,lead_up,1,Perak,11,14,78,78,78,True,,11,14,78,True
2023,chinese_new_year,lead_up,1,Perlis,12,14,15,15,15,True,,12,14,15,True
2023,chinese_new_year,lead_up,1,Pulau Pinang,11,14,68,69,68,True,,11,14,68,True
2023,chinese_new_year,lead_up,1,Sabah,11,14,9,9,9,True,,11,14,9,True
2023,chinese_new_year,lead_up,1,Sarawak,11,14,14,13,13,True,,11,14,13,True
2023,chinese_new_year,lead_up,1,Selangor,11,14,85,85,85,True,,11,14,85,True
2023,chinese_new_year,lead_up,1,Terengganu,13,14,76,75,75,True,,13,14,75,True
2023,chinese_new_year,lead_up,1,W.P. Kuala Lumpur,11,14,80,80,78,True,,11,14,78,True
2023,chinese_new_year,lead_up,1,W.P. Labuan,11,14,2,1,1,False,reference_premises_below_5; target_premises_below_5; common_premises_below_5,11,14,1,False
2023,chinese_new_year,lead_up,1,W.P. Putrajaya,11,14,13,13,13,True,,11,14,13,True
2023,chinese_new_year,lead_up,1111,Johor,13,14,47,56,40,True,,13,14,40,True
2023,chinese_new_year,lead_up,1111,Kedah,12,14,12,15,11,True,,12,13,11,True
2023,chinese_new_year,lead_up,1111,Kelantan,13,14,22,29,15,True,,13,14,15,True
2023,chinese_new_year,lead_up,1111,Melaka,11,14,9,13,8,True,,11,14,8,True
2023,chinese_new_year,lead_up,1111,Negeri Sembilan,11,13,15,18,14,True,,11,13,14,True
2023,chinese_new_year,lead_up,1111,Pahang,11,14,26,31,22,True,,11,14,22,True
2023,chinese_new_year,lead_up,1111,Perak,11,14,26,30,22,True,,11,14,22,True
2023,chinese_new_year,lead_up,1111,Perlis,0,1,0,2,0,False,reference_dates_below_4; target_dates_below_4; reference_premises_below_5; target_premises_below_5; common_premises_below_5,0,0,0,False
2023,chinese_new_year,lead_up,1111,Pulau Pinang,11,14,22,26,20,True,,11,14,20,True
2023,chinese_new_year,lead_up,1111,Sabah,11,14,27,42,26,True,,11,14,26,True
2023,chinese_new_year,lead_up,1111,Sarawak,11,14,11,15,10,True,,11,12,10,True
2023,chinese_new_year,lead_up,1111,Selangor,11,14,29,32,22,True,,11,14,22,True
2023,chinese_new_year,lead_up,1111,Terengganu,13,13,13,31,6,True,,9,11,6,True
2023,chinese_new_year,lead_up,1111,W.P. Kuala Lumpur,11,14,41,34,28,True,,11,14,28,True
2023,chinese_new_year,lead_up,1111,W.P. Labuan,0,0,0,0,0,False,reference_dates_below_4; target_dates_below_4; reference_premises_below_5; target_premises_below_5; common_premises_below_5,0,0,0,False
2023,chinese_new_year,lead_up,1111,W.P. Putrajaya,11,10,5,5,4,False,common_premises_below_5,7,10,4,False
2023,chinese_new_year,lead_up,904,Johor,2,4,30,29,25,False,reference_dates_below_4,2,3,25,False
2023,chinese_new_year,lead_up,904,Kedah,2,3,47,46,46,False,reference_dates_below_4; target_dates_below_4,2,3,46,False
2023,chinese_new_year,lead_up,904,Kelantan,2,3,9,11,6,False,reference_dates_below_4; target_dates_below_4,2,3,6,False
2023,chinese_new_year,lead_up,904,Melaka,1,3,4,6,4,False,reference_dates_below_4; target_dates_below_4; reference_premises_below_5; common_premises_below_5,1,3,4,False
2023,chinese_new_year,lead_up,904,Negeri Sembilan,1,3,11,13,11,False,reference_dates_below_4; target_dates_below_4,1,3,11,False
2023,chinese_new_year,lead_up,904,Pahang,1,3,22,23,21,False,reference_dates_below_4; target_dates_below_4,1,3,21,False
2023,chinese_new_year,lead_up,904,Perak,1,3,45,52,45,False,reference_dates_below_4; target_dates_below_4,1,3,45,False
2023,chinese_new_year,lead_up,904,Perlis,1,3,13,16,13,False,reference_dates_below_4; target_dates_below_4,1,3,13,False
2023,chinese_new_year,lead_up,904,Pulau Pinang,1,3,28,29,26,False,reference_dates_below_4; target_dates_below_4,1,3,26,False
2023,chinese_new_year,lead_up,904,Sabah,0,0,0,0,0,False,reference_dates_below_4; target_dates_below_4; reference_premises_below_5; target_premises_below_5; common_premises_below_5,0,0,0,False
2023,chinese_new_year,lead_up,904,Sarawak,0,0,0,0,0,False,reference_dates_below_4; target_dates_below_4; reference_premises_below_5; target_premises_below_5; common_premises_below_5,0,0,0,False
2023,chinese_new_year,lead_up,904,Selangor,1,3,28,32,28,False,reference_dates_below_4; target_dates_below_4,1,3,28,False
2023,chinese_new_year,lead_up,904,Terengganu,2,3,27,27,23,False,reference_dates_below_4; target_dates_below_4,2,3,23,False
2023,chinese_new_year,lead_up,904,W.P. Kuala Lumpur,1,3,34,34,33,False,reference_dates_below_4; target_dates_below_4,1,3,33,False
2023,chinese_new_year,lead_up,904,W.P. Labuan,0,0,0,0,0,False,reference_dates_below_4; target_dates_below_4; reference_premises_below_5; target_premises_below_5; common_premises_below_5,0,0,0,False
2023,chinese_new_year,lead_up,904,W.P. Putrajaya,1,3,3,4,3,False,reference_dates_below_4; target_dates_below_4; reference_premises_below_5; target_premises_below_5; common_premises_below_5,1,3,3,False
2023,chinese_new_year,lead_up,918,Johor,13,14,41,49,36,True,,13,14,36,True
2023,chinese_new_year,lead_up,918,Kedah,13,14,52,55,48,True,,13,14,48,True
2023,chinese_new_year,lead_up,918,Kelantan,13,14,93,100,88,True,,13,14,88,True
2023,chinese_new_year,lead_up,918,Melaka,10,14,15,18,12,True,,10,14,12,True
2023,chinese_new_year,lead_up,918,Negeri Sembilan,11,13,15,20,10,True,,9,13,10,True
2023,chinese_new_year,lead_up,918,Pahang,11,14,44,59,41,True,,11,14,41,True
2023,chinese_new_year,lead_up,918,Perak,11,14,32,39,28,True,,11,14,28,True
2023,chinese_new_year,lead_up,918,Perlis,12,14,22,34,21,True,,12,14,21,True
2023,chinese_new_year,lead_up,918,Pulau Pinang,9,14,34,43,31,True,,9,14,31,True
2023,chinese_new_year,lead_up,918,Sabah,11,14,24,27,22,True,,11,14,22,True
2023,chinese_new_year,lead_up,918,Sarawak,11,14,30,42,23,True,,11,14,23,True
2023,chinese_new_year,lead_up,918,Selangor,11,14,62,68,60,True,,11,14,60,True
2023,chinese_new_year,lead_up,918,Terengganu,13,14,66,69,53,True,,13,14,53,True
2023,chinese_new_year,lead_up,918,W.P. Kuala Lumpur,11,14,49,56,42,True,,11,14,42,True
2023,chinese_new_year,lead_up,918,W.P. Labuan,11,14,6,7,4,False,common_premises_below_5,11,14,4,False
2023,chinese_new_year,lead_up,918,W.P. Putrajaya,11,12,5,9,4,False,common_premises_below_5,11,12,4,False
2023,chinese_new_year,lead_up,1589,Johor,3,5,132,129,129,False,reference_dates_below_4,3,5,129,False
2023,chinese_new_year,lead_up,1589,Kedah,2,3,86,83,83,False,reference_dates_below_4; target_dates_below_4,2,3,83,False
2023,chinese_new_year,lead_up,1589,Kelantan,4,3,143,145,143,False,target_dates_below_4,4,3,143,False
2023,chinese_new_year,lead_up,1589,Melaka,2,3,26,27,26,False,reference_dates_below_4; target_dates_below_4,2,3,26,False
2023,chinese_new_year,lead_up,1589,Negeri Sembilan,1,3,37,42,37,False,reference_dates_below_4; target_dates_below_4,1,3,37,False
2023,chinese_new_year,lead_up,1589,Pahang,1,5,75,82,75,False,reference_dates_below_4,1,5,75,False
2023,chinese_new_year,lead_up,1589,Perak,1,3,91,101,90,False,reference_dates_below_4; target_dates_below_4,1,3,90,False
2023,chinese_new_year,lead_up,1589,Perlis,2,3,34,40,34,False,reference_dates_below_4; target_dates_below_4,2,3,34,False
2023,chinese_new_year,lead_up,1589,Pulau Pinang,1,3,87,91,86,False,reference_dates_below_4; target_dates_below_4,1,3,86,False
2023,chinese_new_year,lead_up,1589,Sabah,1,3,83,90,83,False,reference_dates_below_4; target_dates_below_4,1,3,83,False
2023,chinese_new_year,lead_up,1589,Sarawak,2,3,119,132,119,False,reference_dates_below_4; target_dates_below_4,2,3,119,False
2023,chinese_new_year,lead_up,1589,Selangor,2,5,84,90,84,False,reference_dates_below_4,2,5,84,False
2023,chinese_new_year,lead_up,1589,Terengganu,2,3,106,106,103,False,reference_dates_below_4; target_dates_below_4,2,3,103,False
2023,chinese_new_year,lead_up,1589,W.P. Kuala Lumpur,1,4,100,108,98,False,reference_dates_below_4,1,4,98,False
2023,chinese_new_year,lead_up,1589,W.P. Labuan,1,3,11,11,11,False,reference_dates_below_4; target_dates_below_4,1,3,11,False
2023,chinese_new_year,lead_up,1589,W.P. Putrajaya,1,4,17,21,17,False,reference_dates_below_4,1,4,17,False
2023,chinese_new_year,lead_up,917,Johor,3,6,122,122,120,False,reference_dates_below_4,3,6,120,False
2023,chinese_new_year,lead_up,917,Kedah,2,3,68,63,63,False,reference_dates_below_4; target_dates_below_4,2,3,63,False
2023,chinese_new_year,lead_up,917,Kelantan,4,3,94,110,91,False,target_dates_below_4,4,3,91,False
2023,chinese_new_year,lead_up,917,Melaka,2,3,22,25,22,False,reference_dates_below_4; target_dates_below_4,2,3,22,False
2023,chinese_new_year,lead_up,917,Negeri Sembilan,1,3,33,38,33,False,reference_dates_below_4; target_dates_below_4,1,3,33,False
2023,chinese_new_year,lead_up,917,Pahang,1,5,76,82,75,False,reference_dates_below_4,1,5,75,False
2023,chinese_new_year,lead_up,917,Perak,1,3,74,84,70,False,reference_dates_below_4; target_dates_below_4,1,3,70,False
2023,chinese_new_year,lead_up,917,Perlis,1,3,28,34,27,False,reference_dates_below_4; target_dates_below_4,1,3,27,False
2023,chinese_new_year,lead_up,917,Pulau Pinang,1,3,60,69,58,False,reference_dates_below_4; target_dates_below_4,1,3,58,False
2023,chinese_new_year,lead_up,917,Sabah,1,3,26,31,24,False,reference_dates_below_4; target_dates_below_4,1,3,24,False
2023,chinese_new_year,lead_up,917,Sarawak,2,3,26,37,23,False,reference_dates_below_4; target_dates_below_4,2,3,23,False
2023,chinese_new_year,lead_up,917,Selangor,2,5,71,78,69,False,reference_dates_below_4,2,5,69,False
2023,chinese_new_year,lead_up,917,Terengganu,2,3,90,98,86,False,reference_dates_below_4; target_dates_below_4,2,3,86,False
2023,chinese_new_year,lead_up,917,W.P. Kuala Lumpur,1,4,91,96,88,False,reference_dates_below_4,1,4,88,False
2023,chinese_new_year,lead_up,917,W.P. Labuan,1,3,4,5,4,False,reference_dates_below_4; target_dates_below_4; reference_premises_below_5; common_premises_below_5,1,3,4,False
2023,chinese_new_year,lead_up,917,W.P. Putrajaya,1,4,18,17,17,False,reference_dates_below_4,1,4,17,False
2023,chinese_new_year,lead_up,129,Johor,13,14,121,124,121,True,,13,14,121,True
2023,chinese_new_year,lead_up,129,Kedah,13,14,80,80,78,True,,13,14,78,True
2023,chinese_new_year,lead_up,129,Kelantan,13,14,126,128,122,True,,13,14,122,True
2023,chinese_new_year,lead_up,129,Melaka,11,14,24,25,24,True,,11,14,24,True
2023,chinese_new_year,lead_up,129,Negeri Sembilan,11,13,34,37,34,True,,11,13,34,True
2023,chinese_new_year,lead_up,129,Pahang,11,14,77,78,77,True,,11,14,77,True
2023,chinese_new_year,lead_up,129,Perak,11,14,81,81,81,True,,11,14,81,True
2023,chinese_new_year,lead_up,129,Perlis,12,14,29,32,29,True,,12,14,29,True
2023,chinese_new_year,lead_up,129,Pulau Pinang,11,14,73,76,73,True,,11,14,73,True
2023,chinese_new_year,lead_up,129,Sabah,11,14,129,134,129,True,,11,14,129,True
2023,chinese_new_year,lead_up,129,Sarawak,12,14,134,145,134,True,,12,14,134,True
2023,chinese_new_year,lead_up,129,Selangor,11,14,83,84,83,True,,11,14,83,True
2023,chinese_new_year,lead_up,129,Terengganu,13,14,102,106,102,True,,13,14,102,True
2023,chinese_new_year,lead_up,129,W.P. Kuala Lumpur,11,14,100,101,99,True,,11,14,99,True
2023,chinese_new_year,lead_up,129,W.P. Labuan,11,14,14,14,14,True,,11,14,14,True
2023,chinese_new_year,lead_up,129,W.P. Putrajaya,11,14,18,18,18,True,,11,14,18,True
2023,chinese_new_year,lead_up,1564,Johor,13,14,134,136,133,True,,13,14,133,True
2023,chinese_new_year,lead_up,1564,Kedah,13,14,74,76,74,True,,13,14,74,True
2023,chinese_new_year,lead_up,1564,Kelantan,13,14,76,75,72,True,,13,14,72,True
2023,chinese_new_year,lead_up,1564,Melaka,11,14,26,27,26,True,,11,14,26,True
2023,chinese_new_year,lead_up,1564,Negeri Sembilan,11,13,39,40,39,True,,11,13,39,True
2023,chinese_new_year,lead_up,1564,Pahang,11,14,74,79,74,True,,11,14,74,True
2023,chinese_new_year,lead_up,1564,Perak,11,14,89,91,89,True,,11,14,89,True
2023,chinese_new_year,lead_up,1564,Perlis,12,14,25,29,24,True,,12,14,24,True
2023,chinese_new_year,lead_up,1564,Pulau Pinang,11,14,81,85,81,True,,11,14,81,True
2023,chinese_new_year,lead_up,1564,Sabah,11,14,130,130,127,True,,11,14,127,True
2023,chinese_new_year,lead_up,1564,Sarawak,12,14,125,137,125,True,,12,14,125,True
2023,chinese_new_year,lead_up,1564,Selangor,11,14,87,88,86,True,,11,14,86,True
2023,chinese_new_year,lead_up,1564,Terengganu,13,14,78,76,76,True,,13,14,76,True
2023,chinese_new_year,lead_up,1564,W.P. Kuala Lumpur,11,14,108,110,108,True,,11,14,108,True
2023,chinese_new_year,lead_up,1564,W.P. Labuan,11,14,14,14,14,True,,11,14,14,True
2023,chinese_new_year,lead_up,1564,W.P. Putrajaya,11,14,16,18,16,True,,11,14,16,True
2023,chinese_new_year,lead_up,1131,Johor,13,14,115,118,112,True,,13,14,112,True
2023,chinese_new_year,lead_up,1131,Kedah,13,14,49,52,48,True,,13,14,48,True
2023,chinese_new_year,lead_up,1131,Kelantan,13,14,62,66,56,True,,13,14,56,True
2023,chinese_new_year,lead_up,1131,Melaka,11,14,17,18,16,True,,11,14,16,True
2023,chinese_new_year,lead_up,1131,Negeri Sembilan,11,13,28,34,27,True,,11,13,27,True
2023,chinese_new_year,lead_up,1131,Pahang,11,14,71,78,71,True,,11,14,71,True
2023,chinese_new_year,lead_up,1131,Perak,11,14,84,86,82,True,,11,14,82,True
2023,chinese_new_year,lead_up,1131,Perlis,12,14,21,26,21,True,,12,14,21,True
2023,chinese_new_year,lead_up,1131,Pulau Pinang,11,14,77,82,76,True,,11,14,76,True
2023,chinese_new_year,lead_up,1131,Sabah,11,14,106,117,104,True,,11,14,104,True
2023,chinese_new_year,lead_up,1131,Sarawak,11,14,112,133,111,True,,11,14,111,True
2023,chinese_new_year,lead_up,1131,Selangor,11,14,78,81,78,True,,11,14,78,True
2023,chinese_new_year,lead_up,1131,Terengganu,13,14,75,74,72,True,,13,14,72,True
2023,chinese_new_year,lead_up,1131,W.P. Kuala Lumpur,11,14,93,101,92,True,,11,14,92,True
2023,chinese_new_year,lead_up,1131,W.P. Labuan,11,14,14,14,14,True,,11,14,14,True
2023,chinese_new_year,lead_up,1131,W.P. Putrajaya,11,14,17,19,17,True,,11,14,17,True
2023,chinese_new_year,lead_up,94,Johor,13,14,54,54,49,True,,13,14,49,True
2023,chinese_new_year,lead_up,94,Kedah,13,14,26,24,23,True,,13,14,23,True
2023,chinese_new_year,lead_up,94,Kelantan,13,14,22,22,20,True,,13,14,20,True
2023,chinese_new_year,lead_up,94,Melaka,10,14,1,1,1,False,reference_premises_below_5; target_premises_below_5; common_premises_below_5,10,14,1,False
2023,chinese_new_year,lead_up,94,Negeri Sembilan,11,13,30,32,30,True,,11,13,30,True
2023,chinese_new_year,lead_up,94,Pahang,11,14,64,64,63,True,,11,14,63,True
2023,chinese_new_year,lead_up,94,Perak,11,14,45,44,43,True,,11,14,43,True
2023,chinese_new_year,lead_up,94,Perlis,12,14,14,13,11,True,,12,14,11,True
2023,chinese_new_year,lead_up,94,Pulau Pinang,11,14,40,40,39,True,,11,14,39,True
2023,chinese_new_year,lead_up,94,Sabah,11,14,25,22,19,True,,11,14,19,True
2023,chinese_new_year,lead_up,94,Sarawak,12,14,86,89,81,True,,12,14,81,True
2023,chinese_new_year,lead_up,94,Selangor,11,14,76,78,75,True,,11,14,75,True
2023,chinese_new_year,lead_up,94,Terengganu,13,14,47,46,46,True,,13,14,46,True
2023,chinese_new_year,lead_up,94,W.P. Kuala Lumpur,11,14,86,88,83,True,,11,14,83,True
2023,chinese_new_year,lead_up,94,W.P. Labuan,11,14,2,1,1,False,reference_premises_below_5; target_premises_below_5; common_premises_below_5,10,14,1,False
2023,chinese_new_year,lead_up,94,W.P. Putrajaya,11,14,3,4,3,False,reference_premises_below_5; target_premises_below_5; common_premises_below_5,11,14,3,False
2023,chinese_new_year,lead_up,114,Johor,13,14,123,123,119,True,,13,14,119,True
2023,chinese_new_year,lead_up,114,Kedah,13,14,64,64,64,True,,13,14,64,True
2023,chinese_new_year,lead_up,114,Kelantan,13,14,81,82,78,True,,13,14,78,True
2023,chinese_new_year,lead_up,114,Melaka,11,14,24,25,24,True,,11,14,24,True
2023,chinese_new_year,lead_up,114,Negeri Sembilan,11,13,35,36,34,True,,11,13,34,True
2023,chinese_new_year,lead_up,114,Pahang,11,14,77,80,77,True,,11,14,77,True
2023,chinese_new_year,lead_up,114,Perak,11,14,85,85,85,True,,11,14,85,True
2023,chinese_new_year,lead_up,114,Perlis,12,14,21,21,21,True,,12,14,21,True
2023,chinese_new_year,lead_up,114,Pulau Pinang,11,14,78,77,76,True,,11,14,76,True
2023,chinese_new_year,lead_up,114,Sabah,11,14,82,85,79,True,,11,14,79,True
2023,chinese_new_year,lead_up,114,Sarawak,12,14,76,91,71,True,,12,14,71,True
2023,chinese_new_year,lead_up,114,Selangor,11,14,88,90,88,True,,11,14,88,True
2023,chinese_new_year,lead_up,114,Terengganu,13,14,70,67,62,True,,13,14,62,True
2023,chinese_new_year,lead_up,114,W.P. Kuala Lumpur,11,14,110,112,110,True,,11,14,110,True
2023,chinese_new_year,lead_up,114,W.P. Labuan,11,14,12,12,12,True,,11,14,12,True
2023,chinese_new_year,lead_up,114,W.P. Putrajaya,11,14,19,19,19,True,,11,14,19,True
2023,chinese_new_year,lead_up,103,Johor,13,14,20,21,20,True,,13,14,20,True
2023,chinese_new_year,lead_up,103,Kedah,13,14,9,9,9,True,,13,14,9,True
2023,chinese_new_year,lead_up,103,Kelantan,13,14,13,17,13,True,,13,14,13,True
2023,chinese_new_year,lead_up,103,Melaka,4,9,1,2,1,False,reference_premises_below_5; target_premises_below_5; common_premises_below_5,4,8,1,False
2023,chinese_new_year,lead_up,103,Negeri Sembilan,11,13,20,20,20,True,,11,13,20,True
2023,chinese_new_year,lead_up,103,Pahang,11,14,30,30,30,True,,11,14,30,True
2023,chinese_new_year,lead_up,103,Perak,11,14,42,41,41,True,,11,14,41,True
2023,chinese_new_year,lead_up,103,Perlis,0,0,0,0,0,False,reference_dates_below_4; target_dates_below_4; reference_premises_below_5; target_premises_below_5; common_premises_below_5,0,0,0,False
2023,chinese_new_year,lead_up,103,Pulau Pinang,11,14,25,26,25,True,,11,14,25,True
2023,chinese_new_year,lead_up,103,Sabah,11,14,2,2,2,False,reference_premises_below_5; target_premises_below_5; common_premises_below_5,11,14,2,False
2023,chinese_new_year,lead_up,103,Sarawak,11,14,2,1,1,False,reference_premises_below_5; target_premises_below_5; common_premises_below_5,11,14,1,False
2023,chinese_new_year,lead_up,103,Selangor,11,14,37,36,36,True,,11,14,36,True
2023,chinese_new_year,lead_up,103,Terengganu,13,14,10,10,10,True,,13,14,10,True
2023,chinese_new_year,lead_up,103,W.P. Kuala Lumpur,11,14,39,40,39,True,,11,14,39,True
2023,chinese_new_year,lead_up,103,W.P. Labuan,0,0,0,0,0,False,reference_dates_below_4; target_dates_below_4; reference_premises_below_5; target_premises_below_5; common_premises_below_5,0,0,0,False
2023,chinese_new_year,lead_up,103,W.P. Putrajaya,11,14,6,5,5,True,,11,14,5,True
2023,chinese_new_year,lead_up,1431,Johor,13,14,9,9,9,True,,13,14,9,True
2023,chinese_new_year,lead_up,1431,Kedah,13,14,12,12,12,True,,13,14,12,True
2023,chinese_new_year,lead_up,1431,Kelantan,13,14,18,17,17,True,,13,14,17,True
2023,chinese_new_year,lead_up,1431,Melaka,11,14,7,7,7,True,,11,14,7,True
2023,chinese_new_year,lead_up,1431,Negeri Sembilan,11,13,10,9,9,True,,11,13,9,True
2023,chinese_new_year,lead_up,1431,Pahang,11,14,8,8,8,True,,11,14,8,True
2023,chinese_new_year,lead_up,1431,Perak,11,14,18,19,18,True,,11,14,18,True
2023,chinese_new_year,lead_up,1431,Perlis,12,14,4,4,4,False,reference_premises_below_5; target_premises_below_5; common_premises_below_5,12,14,4,False
2023,chinese_new_year,lead_up,1431,Pulau Pinang,11,14,15,15,15,True,,11,14,15,True
2023,chinese_new_year,lead_up,1431,Sabah,11,14,2,2,2,False,reference_premises_below_5; target_premises_below_5; common_premises_below_5,11,14,2,False
2023,chinese_new_year,lead_up,1431,Sarawak,11,14,4,3,3,False,reference_premises_below_5; target_premises_below_5; common_premises_below_5,11,14,3,False
2023,chinese_new_year,lead_up,1431,Selangor,11,14,12,13,12,True,,11,14,12,True
2023,chinese_new_year,lead_up,1431,Terengganu,13,14,14,14,13,True,,13,14,13,True
2023,chinese_new_year,lead_up,1431,W.P. Kuala Lumpur,11,14,7,7,6,True,,11,14,6,True
2023,chinese_new_year,lead_up,1431,W.P. Labuan,0,0,0,0,0,False,reference_dates_below_4; target_dates_below_4; reference_premises_below_5; target_premises_below_5; common_premises_below_5,0,0,0,False
2023,chinese_new_year,lead_up,1431,W.P. Putrajaya,5,7,1,1,1,False,reference_premises_below_5; target_premises_below_5; common_premises_below_5,5,7,1,False
2023,chinese_new_year,lead_up,1555,Johor,13,14,93,97,91,True,,13,14,91,True
2023,chinese_new_year,lead_up,1555,Kedah,13,14,41,43,41,True,,13,14,41,True
2023,chinese_new_year,lead_up,1555,Kelantan,13,14,62,67,62,True,,13,14,62,True
2023,chinese_new_year,lead_up,1555,Melaka,11,14,19,20,19,True,,11,14,19,True
2023,chinese_new_year,lead_up,1555,Negeri Sembilan,11,13,25,24,24,True,,11,13,24,True
2023,chinese_new_year,lead_up,1555,Pahang,11,14,66,67,63,True,,11,14,63,True
2023,chinese_new_year,lead_up,1555,Perak,11,14,76,78,76,True,,11,14,76,True
2023,chinese_new_year,lead_up,1555,Perlis,12,14,12,13,12,True,,12,14,12,True
2023,chinese_new_year,lead_up,1555,Pulau Pinang,11,14,53,56,50,True,,11,14,50,True
2023,chinese_new_year,lead_up,1555,Sabah,11,14,28,27,27,True,,11,14,27,True
2023,chinese_new_year,lead_up,1555,Sarawak,11,14,34,45,34,True,,11,14,34,True
2023,chinese_new_year,lead_up,1555,Selangor,11,14,79,82,77,True,,11,14,77,True
2023,chinese_new_year,lead_up,1555,Terengganu,13,14,54,63,51,True,,13,14,51,True
2023,chinese_new_year,lead_up,1555,W.P. Kuala Lumpur,11,14,79,88,77,True,,11,14,77,True
2023,chinese_new_year,lead_up,1555,W.P. Labuan,0,0,0,0,0,False,reference_dates_below_4; target_dates_below_4; reference_premises_below_5; target_premises_below_5; common_premises_below_5,0,0,0,False
2023,chinese_new_year,lead_up,1555,W.P. Putrajaya,11,14,14,15,14,True,,11,14,14,True
2023,chinese_new_year,lead_up,193,Johor,2,3,29,31,29,False,reference_dates_below_4; target_dates_below_4,2,3,29,False
2023,chinese_new_year,lead_up,193,Kedah,2,3,85,84,81,False,reference_dates_below_4; target_dates_below_4,2,3,81,False
2023,chinese_new_year,lead_up,193,Kelantan,2,3,7,9,7,False,reference_dates_below_4; target_dates_below_4,2,3,7,False
2023,chinese_new_year,lead_up,193,Melaka,1,3,5,4,4,False,reference_dates_below_4; target_dates_below_4; target_premises_below_5; common_premises_below_5,1,3,4,False
2023,chinese_new_year,lead_up,193,Negeri Sembilan,1,3,21,22,20,False,reference_dates_below_4; target_dates_below_4,1,3,20,False
2023,chinese_new_year,lead_up,193,Pahang,1,3,48,51,47,False,reference_dates_below_4; target_dates_below_4,1,3,47,False
2023,chinese_new_year,lead_up,193,Perak,1,3,72,82,71,False,reference_dates_below_4; target_dates_below_4,1,3,71,False
2023,chinese_new_year,lead_up,193,Perlis,1,3,30,36,30,False,reference_dates_below_4; target_dates_below_4,1,3,30,False
2023,chinese_new_year,lead_up,193,Pulau Pinang,1,3,54,58,51,False,reference_dates_below_4; target_dates_below_4,1,3,51,False
2023,chinese_new_year,lead_up,193,Sabah,1,3,54,57,51,False,reference_dates_below_4; target_dates_below_4,1,3,51,False
2023,chinese_new_year,lead_up,193,Sarawak,1,3,64,77,63,False,reference_dates_below_4; target_dates_below_4,1,3,63,False
2023,chinese_new_year,lead_up,193,Selangor,2,4,57,66,56,False,reference_dates_below_4,2,4,56,False
2023,chinese_new_year,lead_up,193,Terengganu,2,3,12,12,12,False,reference_dates_below_4; target_dates_below_4,2,3,12,False
2023,chinese_new_year,lead_up,193,W.P. Kuala Lumpur,1,4,76,81,76,False,reference_dates_below_4,1,4,76,False
2023,chinese_new_year,lead_up,193,W.P. Labuan,1,3,5,5,5,False,reference_dates_below_4; target_dates_below_4,1,3,5,False
2023,chinese_new_year,lead_up,193,W.P. Putrajaya,1,4,7,11,7,False,reference_dates_below_4,1,3,7,False
2023,chinese_new_year,after,1,Johor,13,13,108,109,108,True,,13,13,108,True
2023,chinese_new_year,after,1,Kedah,13,13,52,54,52,True,,13,13,52,True
2023,chinese_new_year,after,1,Kelantan,13,14,71,71,70,True,,13,14,70,True
2023,chinese_new_year,after,1,Melaka,11,13,18,19,18,True,,11,13,18,True
2023,chinese_new_year,after,1,Negeri Sembilan,11,11,34,34,34,True,,11,11,34,True
2023,chinese_new_year,after,1,Pahang,11,13,72,71,71,True,,11,13,71,True
2023,chinese_new_year,after,1,Perak,11,11,78,79,78,True,,11,11,78,True
2023,chinese_new_year,after,1,Perlis,12,13,15,16,15,True,,12,13,15,True
2023,chinese_new_year,after,1,Pulau Pinang,11,11,68,68,68,True,,11,11,68,True
2023,chinese_new_year,after,1,Sabah,11,13,9,9,9,True,,11,13,9,True
2023,chinese_new_year,after,1,Sarawak,11,13,14,13,13,True,,11,13,13,True
2023,chinese_new_year,after,1,Selangor,11,11,85,86,85,True,,11,11,85,True
2023,chinese_new_year,after,1,Terengganu,13,14,76,78,76,True,,13,14,76,True
2023,chinese_new_year,after,1,W.P. Kuala Lumpur,11,10,80,82,79,True,,11,10,79,True
2023,chinese_new_year,after,1,W.P. Labuan,11,12,2,1,1,False,reference_premises_below_5; target_premises_below_5; common_premises_below_5,11,12,1,False
2023,chinese_new_year,after,1,W.P. Putrajaya,11,10,13,13,13,True,,11,10,13,True
2023,chinese_new_year,after,1111,Johor,13,13,47,49,33,True,,13,13,33,True
2023,chinese_new_year,after,1111,Kedah,12,13,12,13,10,True,,12,13,10,True
2023,chinese_new_year,after,1111,Kelantan,13,13,22,21,10,True,,13,12,10,True
2023,chinese_new_year,after,1111,Melaka,11,13,9,17,9,True,,11,13,9,True
2023,chinese_new_year,after,1111,Negeri Sembilan,11,11,15,15,13,True,,11,11,13,True
2023,chinese_new_year,after,1111,Pahang,11,13,26,30,17,True,,11,13,17,True
2023,chinese_new_year,after,1111,Perak,11,11,26,34,25,True,,11,11,25,True
2023,chinese_new_year,after,1111,Perlis,0,3,0,3,0,False,reference_dates_below_4; target_dates_below_4; reference_premises_below_5; target_premises_below_5; common_premises_below_5,0,0,0,False
2023,chinese_new_year,after,1111,Pulau Pinang,11,11,22,20,16,True,,11,11,16,True
2023,chinese_new_year,after,1111,Sabah,11,13,27,33,24,True,,11,13,24,True
2023,chinese_new_year,after,1111,Sarawak,11,13,11,14,8,True,,11,11,8,True
2023,chinese_new_year,after,1111,Selangor,11,11,29,35,25,True,,11,11,25,True
2023,chinese_new_year,after,1111,Terengganu,13,14,13,27,7,True,,9,13,7,True
2023,chinese_new_year,after,1111,W.P. Kuala Lumpur,11,10,41,36,25,True,,11,10,25,True
2023,chinese_new_year,after,1111,W.P. Labuan,0,0,0,0,0,False,reference_dates_below_4; target_dates_below_4; reference_premises_below_5; target_premises_below_5; common_premises_below_5,0,0,0,False
2023,chinese_new_year,after,1111,W.P. Putrajaya,11,9,5,4,4,False,target_premises_below_5; common_premises_below_5,7,9,4,False
2023,chinese_new_year,after,904,Johor,2,3,30,30,26,False,reference_dates_below_4; target_dates_below_4,2,2,26,False
2023,chinese_new_year,after,904,Kedah,2,2,47,39,39,False,reference_dates_below_4; target_dates_below_4,2,2,39,False
2023,chinese_new_year,after,904,Kelantan,2,3,9,13,7,False,reference_dates_below_4; target_dates_below_4,2,3,7,False
2023,chinese_new_year,after,904,Melaka,1,2,4,5,3,False,reference_dates_below_4; target_dates_below_4; reference_premises_below_5; common_premises_below_5,1,2,3,False
2023,chinese_new_year,after,904,Negeri Sembilan,1,2,11,11,9,False,reference_dates_below_4; target_dates_below_4,1,2,9,False
2023,chinese_new_year,after,904,Pahang,1,2,22,22,20,False,reference_dates_below_4; target_dates_below_4,1,2,20,False
2023,chinese_new_year,after,904,Perak,1,2,45,46,40,False,reference_dates_below_4; target_dates_below_4,1,2,40,False
2023,chinese_new_year,after,904,Perlis,1,2,13,12,10,False,reference_dates_below_4; target_dates_below_4,1,2,10,False
2023,chinese_new_year,after,904,Pulau Pinang,1,2,28,26,23,False,reference_dates_below_4; target_dates_below_4,1,2,23,False
2023,chinese_new_year,after,904,Sabah,0,0,0,0,0,False,reference_dates_below_4; target_dates_below_4; reference_premises_below_5; target_premises_below_5; common_premises_below_5,0,0,0,False
2023,chinese_new_year,after,904,Sarawak,0,0,0,0,0,False,reference_dates_below_4; target_dates_below_4; reference_premises_below_5; target_premises_below_5; common_premises_below_5,0,0,0,False
2023,chinese_new_year,after,904,Selangor,1,2,28,30,25,False,reference_dates_below_4; target_dates_below_4,1,2,25,False
2023,chinese_new_year,after,904,Terengganu,2,2,27,26,19,False,reference_dates_below_4; target_dates_below_4,2,2,19,False
2023,chinese_new_year,after,904,W.P. Kuala Lumpur,1,2,34,33,29,False,reference_dates_below_4; target_dates_below_4,1,2,29,False
2023,chinese_new_year,after,904,W.P. Labuan,0,0,0,0,0,False,reference_dates_below_4; target_dates_below_4; reference_premises_below_5; target_premises_below_5; common_premises_below_5,0,0,0,False
2023,chinese_new_year,after,904,W.P. Putrajaya,1,2,3,3,2,False,reference_dates_below_4; target_dates_below_4; reference_premises_below_5; target_premises_below_5; common_premises_below_5,1,2,2,False
2023,chinese_new_year,after,918,Johor,13,13,41,39,27,True,,13,13,27,True
2023,chinese_new_year,after,918,Kedah,13,13,52,50,41,True,,13,13,41,True
2023,chinese_new_year,after,918,Kelantan,13,14,93,89,80,True,,13,14,80,True
2023,chinese_new_year,after,918,Melaka,10,13,15,14,10,True,,10,13,10,True
2023,chinese_new_year,after,918,Negeri Sembilan,11,11,15,24,13,True,,10,9,13,True
2023,chinese_new_year,after,918,Pahang,11,13,44,50,37,True,,11,13,37,True
2023,chinese_new_year,after,918,Perak,11,11,32,36,22,True,,11,11,22,True
2023,chinese_new_year,after,918,Perlis,12,13,22,31,17,True,,12,13,17,True
2023,chinese_new_year,after,918,Pulau Pinang,9,11,34,34,29,True,,9,11,29,True
2023,chinese_new_year,after,918,Sabah,11,13,24,21,17,True,,11,13,17,True
2023,chinese_new_year,after,918,Sarawak,11,13,30,40,23,True,,11,13,23,True
2023,chinese_new_year,after,918,Selangor,11,11,62,57,53,True,,11,11,53,True
2023,chinese_new_year,after,918,Terengganu,13,14,66,77,54,True,,13,14,54,True
2023,chinese_new_year,after,918,W.P. Kuala Lumpur,11,10,49,50,37,True,,11,10,37,True
2023,chinese_new_year,after,918,W.P. Labuan,11,12,6,8,6,True,,11,12,6,True
2023,chinese_new_year,after,918,W.P. Putrajaya,11,8,5,6,3,False,common_premises_below_5,5,7,3,False
2023,chinese_new_year,after,1589,Johor,3,3,132,125,125,False,reference_dates_below_4; target_dates_below_4,3,3,125,False
2023,chinese_new_year,after,1589,Kedah,2,2,86,81,81,False,reference_dates_below_4; target_dates_below_4,2,2,81,False
2023,chinese_new_year,after,1589,Kelantan,4,3,143,146,143,False,target_dates_below_4,4,3,143,False
2023,chinese_new_year,after,1589,Melaka,2,2,26,27,26,False,reference_dates_below_4; target_dates_below_4,2,2,26,False
2023,chinese_new_year,after,1589,Negeri Sembilan,1,2,37,41,37,False,reference_dates_below_4; target_dates_below_4,1,2,37,False
2023,chinese_new_year,after,1589,Pahang,1,3,75,82,75,False,reference_dates_below_4; target_dates_below_4,1,3,75,False
2023,chinese_new_year,after,1589,Perak,1,2,91,98,88,False,reference_dates_below_4; target_dates_below_4,1,2,88,False
2023,chinese_new_year,after,1589,Perlis,2,2,34,39,34,False,reference_dates_below_4; target_dates_below_4,2,2,34,False
2023,chinese_new_year,after,1589,Pulau Pinang,1,2,87,88,84,False,reference_dates_below_4; target_dates_below_4,1,2,84,False
2023,chinese_new_year,after,1589,Sabah,1,2,83,89,82,False,reference_dates_below_4; target_dates_below_4,1,2,82,False
2023,chinese_new_year,after,1589,Sarawak,2,3,119,125,113,False,reference_dates_below_4; target_dates_below_4,2,3,113,False
2023,chinese_new_year,after,1589,Selangor,2,2,84,88,81,False,reference_dates_below_4; target_dates_below_4,2,2,81,False
2023,chinese_new_year,after,1589,Terengganu,2,2,106,104,101,False,reference_dates_below_4; target_dates_below_4,2,2,101,False
2023,chinese_new_year,after,1589,W.P. Kuala Lumpur,1,2,100,108,98,False,reference_dates_below_4; target_dates_below_4,1,2,98,False
2023,chinese_new_year,after,1589,W.P. Labuan,1,2,11,11,11,False,reference_dates_below_4; target_dates_below_4,1,2,11,False
2023,chinese_new_year,after,1589,W.P. Putrajaya,1,2,17,21,17,False,reference_dates_below_4; target_dates_below_4,1,2,17,False
2023,chinese_new_year,after,917,Johor,3,4,122,116,114,False,reference_dates_below_4,3,4,114,False
2023,chinese_new_year,after,917,Kedah,2,2,68,64,63,False,reference_dates_below_4; target_dates_below_4,2,2,63,False
2023,chinese_new_year,after,917,Kelantan,4,3,94,99,81,False,target_dates_below_4,4,3,81,False
2023,chinese_new_year,after,917,Melaka,2,2,22,23,20,False,reference_dates_below_4; target_dates_below_4,2,2,20,False
2023,chinese_new_year,after,917,Negeri Sembilan,1,2,33,34,30,False,reference_dates_below_4; target_dates_below_4,1,2,30,False
2023,chinese_new_year,after,917,Pahang,1,3,76,80,74,False,reference_dates_below_4; target_dates_below_4,1,3,74,False
2023,chinese_new_year,after,917,Perak,1,2,74,79,65,False,reference_dates_below_4; target_dates_below_4,1,2,65,False
2023,chinese_new_year,after,917,Perlis,1,2,28,33,26,False,reference_dates_below_4; target_dates_below_4,1,2,26,False
2023,chinese_new_year,after,917,Pulau Pinang,1,2,60,65,55,False,reference_dates_below_4; target_dates_below_4,1,2,55,False
2023,chinese_new_year,after,917,Sabah,1,2,26,34,24,False,reference_dates_below_4; target_dates_below_4,1,2,24,False
2023,chinese_new_year,after,917,Sarawak,2,2,26,36,21,False,reference_dates_below_4; target_dates_below_4,2,2,21,False
2023,chinese_new_year,after,917,Selangor,2,2,71,72,64,False,reference_dates_below_4; target_dates_below_4,2,2,64,False
2023,chinese_new_year,after,917,Terengganu,2,2,90,98,84,False,reference_dates_below_4; target_dates_below_4,2,2,84,False
2023,chinese_new_year,after,917,W.P. Kuala Lumpur,1,2,91,94,84,False,reference_dates_below_4; target_dates_below_4,1,2,84,False
2023,chinese_new_year,after,917,W.P. Labuan,1,2,4,4,3,False,reference_dates_below_4; target_dates_below_4; reference_premises_below_5; target_premises_below_5; common_premises_below_5,1,2,3,False
2023,chinese_new_year,after,917,W.P. Putrajaya,1,2,18,16,16,False,reference_dates_below_4; target_dates_below_4,1,2,16,False
2023,chinese_new_year,after,129,Johor,13,13,121,122,119,True,,13,13,119,True
2023,chinese_new_year,after,129,Kedah,13,13,80,79,77,True,,13,13,77,True
2023,chinese_new_year,after,129,Kelantan,13,14,126,127,120,True,,13,14,120,True
2023,chinese_new_year,after,129,Melaka,11,13,24,25,24,True,,11,13,24,True
2023,chinese_new_year,after,129,Negeri Sembilan,11,11,34,33,31,True,,11,11,31,True
2023,chinese_new_year,after,129,Pahang,11,13,77,78,77,True,,11,13,77,True
2023,chinese_new_year,after,129,Perak,11,11,81,80,80,True,,11,11,80,True
2023,chinese_new_year,after,129,Perlis,12,13,29,32,28,True,,12,13,28,True
2023,chinese_new_year,after,129,Pulau Pinang,11,11,73,77,73,True,,11,11,73,True
2023,chinese_new_year,after,129,Sabah,11,13,129,131,126,True,,11,13,126,True
2023,chinese_new_year,after,129,Sarawak,12,13,134,139,129,True,,12,13,129,True
2023,chinese_new_year,after,129,Selangor,11,11,83,84,83,True,,11,11,83,True
2023,chinese_new_year,after,129,Terengganu,13,14,102,105,101,True,,13,14,101,True
2023,chinese_new_year,after,129,W.P. Kuala Lumpur,11,10,100,101,99,True,,11,10,99,True
2023,chinese_new_year,after,129,W.P. Labuan,11,12,14,14,14,True,,11,12,14,True
2023,chinese_new_year,after,129,W.P. Putrajaya,11,10,18,19,18,True,,11,10,18,True
2023,chinese_new_year,after,1564,Johor,13,13,134,136,132,True,,13,13,132,True
2023,chinese_new_year,after,1564,Kedah,13,13,74,75,72,True,,13,13,72,True
2023,chinese_new_year,after,1564,Kelantan,13,14,76,74,70,True,,13,14,70,True
2023,chinese_new_year,after,1564,Melaka,11,13,26,27,26,True,,11,13,26,True
2023,chinese_new_year,after,1564,Negeri Sembilan,11,11,39,40,39,True,,11,11,39,True
2023,chinese_new_year,after,1564,Pahang,11,13,74,78,74,True,,11,13,74,True
2023,chinese_new_year,after,1564,Perak,11,11,89,89,87,True,,11,11,87,True
2023,chinese_new_year,after,1564,Perlis,12,13,25,28,24,True,,12,13,24,True
2023,chinese_new_year,after,1564,Pulau Pinang,11,11,81,85,81,True,,11,11,81,True
2023,chinese_new_year,after,1564,Sabah,11,13,130,124,120,True,,11,13,120,True
2023,chinese_new_year,after,1564,Sarawak,12,13,125,129,117,True,,11,13,117,True
2023,chinese_new_year,after,1564,Selangor,11,11,87,87,84,True,,11,11,84,True
2023,chinese_new_year,after,1564,Terengganu,13,14,78,75,72,True,,13,14,72,True
2023,chinese_new_year,after,1564,W.P. Kuala Lumpur,11,10,108,107,104,True,,11,10,104,True
2023,chinese_new_year,after,1564,W.P. Labuan,11,12,14,14,14,True,,11,12,14,True
2023,chinese_new_year,after,1564,W.P. Putrajaya,11,10,16,18,15,True,,11,10,15,True
2023,chinese_new_year,after,1131,Johor,13,13,115,119,111,True,,13,13,111,True
2023,chinese_new_year,after,1131,Kedah,13,13,49,56,48,True,,13,13,48,True
2023,chinese_new_year,after,1131,Kelantan,13,14,62,64,52,True,,13,14,52,True
2023,chinese_new_year,after,1131,Melaka,11,13,17,19,17,True,,11,13,17,True
2023,chinese_new_year,after,1131,Negeri Sembilan,11,11,28,30,26,True,,11,11,26,True
2023,chinese_new_year,after,1131,Pahang,11,13,71,76,69,True,,11,13,69,True
2023,chinese_new_year,after,1131,Perak,11,11,84,86,82,True,,11,11,82,True
2023,chinese_new_year,after,1131,Perlis,12,13,21,24,19,True,,12,13,19,True
2023,chinese_new_year,after,1131,Pulau Pinang,11,11,77,80,74,True,,11,11,74,True
2023,chinese_new_year,after,1131,Sabah,11,13,106,115,103,True,,11,13,103,True
2023,chinese_new_year,after,1131,Sarawak,11,13,112,132,109,True,,11,13,109,True
2023,chinese_new_year,after,1131,Selangor,11,11,78,83,78,True,,11,11,78,True
2023,chinese_new_year,after,1131,Terengganu,13,14,75,75,71,True,,13,14,71,True
2023,chinese_new_year,after,1131,W.P. Kuala Lumpur,11,10,93,101,90,True,,11,10,90,True
2023,chinese_new_year,after,1131,W.P. Labuan,11,12,14,14,14,True,,11,12,14,True
2023,chinese_new_year,after,1131,W.P. Putrajaya,11,10,17,19,17,True,,11,10,17,True
2023,chinese_new_year,after,94,Johor,13,13,54,56,46,True,,13,13,46,True
2023,chinese_new_year,after,94,Kedah,13,13,26,25,24,True,,13,13,24,True
2023,chinese_new_year,after,94,Kelantan,13,14,22,22,17,True,,13,14,17,True
2023,chinese_new_year,after,94,Melaka,10,9,1,2,1,False,reference_premises_below_5; target_premises_below_5; common_premises_below_5,10,9,1,False
2023,chinese_new_year,after,94,Negeri Sembilan,11,11,30,31,29,True,,11,11,29,True
2023,chinese_new_year,after,94,Pahang,11,13,64,66,63,True,,11,13,63,True
2023,chinese_new_year,after,94,Perak,11,11,45,46,42,True,,11,11,42,True
2023,chinese_new_year,after,94,Perlis,12,13,14,13,10,True,,12,13,10,True
2023,chinese_new_year,after,94,Pulau Pinang,11,11,40,39,37,True,,11,11,37,True
2023,chinese_new_year,after,94,Sabah,11,13,25,18,15,True,,11,13,15,True
2023,chinese_new_year,after,94,Sarawak,12,13,86,81,72,True,,12,13,72,True
2023,chinese_new_year,after,94,Selangor,11,11,76,80,74,True,,11,11,74,True
2023,chinese_new_year,after,94,Terengganu,13,14,47,53,45,True,,13,14,45,True
2023,chinese_new_year,after,94,W.P. Kuala Lumpur,11,10,86,84,80,True,,11,10,80,True
2023,chinese_new_year,after,94,W.P. Labuan,11,12,2,1,1,False,reference_premises_below_5; target_premises_below_5; common_premises_below_5,10,12,1,False
2023,chinese_new_year,after,94,W.P. Putrajaya,11,10,3,5,3,False,reference_premises_below_5; common_premises_below_5,11,10,3,False
2023,chinese_new_year,after,114,Johor,13,13,123,122,118,True,,13,13,118,True
2023,chinese_new_year,after,114,Kedah,13,13,64,66,64,True,,13,13,64,True
2023,chinese_new_year,after,114,Kelantan,13,14,81,83,79,True,,13,14,79,True
2023,chinese_new_year,after,114,Melaka,11,13,24,24,23,True,,11,13,23,True
2023,chinese_new_year,after,114,Negeri Sembilan,11,11,35,36,35,True,,11,11,35,True
2023,chinese_new_year,after,114,Pahang,11,13,77,79,77,True,,11,13,77,True
2023,chinese_new_year,after,114,Perak,11,11,85,85,84,True,,11,11,84,True
2023,chinese_new_year,after,114,Perlis,12,13,21,20,20,True,,12,13,20,True
2023,chinese_new_year,after,114,Pulau Pinang,11,11,78,77,76,True,,11,11,76,True
2023,chinese_new_year,after,114,Sabah,11,13,82,81,71,True,,11,13,71,True
2023,chinese_new_year,after,114,Sarawak,12,13,76,79,63,True,,12,13,63,True
2023,chinese_new_year,after,114,Selangor,11,11,88,91,88,True,,11,11,88,True
2023,chinese_new_year,after,114,Terengganu,13,14,70,65,59,True,,13,14,59,True
2023,chinese_new_year,after,114,W.P. Kuala Lumpur,11,10,110,113,110,True,,11,10,110,True
2023,chinese_new_year,after,114,W.P. Labuan,11,12,12,8,8,True,,11,12,8,True
2023,chinese_new_year,after,114,W.P. Putrajaya,11,10,19,19,19,True,,11,10,19,True
2023,chinese_new_year,after,103,Johor,13,13,20,20,19,True,,13,13,19,True
2023,chinese_new_year,after,103,Kedah,13,13,9,9,9,True,,13,13,9,True
2023,chinese_new_year,after,103,Kelantan,13,14,13,17,13,True,,13,14,13,True
2023,chinese_new_year,after,103,Melaka,4,2,1,1,0,False,target_dates_below_4; reference_premises_below_5; target_premises_below_5; common_premises_below_5,0,0,0,False
2023,chinese_new_year,after,103,Negeri Sembilan,11,11,20,20,20,True,,11,11,20,True
2023,chinese_new_year,after,103,Pahang,11,13,30,30,30,True,,11,13,30,True
2023,chinese_new_year,after,103,Perak,11,11,42,40,40,True,,11,11,40,True
2023,chinese_new_year,after,103,Perlis,0,0,0,0,0,False,reference_dates_below_4; target_dates_below_4; reference_premises_below_5; target_premises_below_5; common_premises_below_5,0,0,0,False
2023,chinese_new_year,after,103,Pulau Pinang,11,11,25,25,25,True,,11,11,25,True
2023,chinese_new_year,after,103,Sabah,11,13,2,2,2,False,reference_premises_below_5; target_premises_below_5; common_premises_below_5,11,13,2,False
2023,chinese_new_year,after,103,Sarawak,11,13,2,2,2,False,reference_premises_below_5; target_premises_below_5; common_premises_below_5,11,13,2,False
2023,chinese_new_year,after,103,Selangor,11,11,37,36,36,True,,11,11,36,True
2023,chinese_new_year,after,103,Terengganu,13,14,10,11,10,True,,13,14,10,True
2023,chinese_new_year,after,103,W.P. Kuala Lumpur,11,10,39,39,38,True,,11,10,38,True
2023,chinese_new_year,after,103,W.P. Labuan,0,0,0,0,0,False,reference_dates_below_4; target_dates_below_4; reference_premises_below_5; target_premises_below_5; common_premises_below_5,0,0,0,False
2023,chinese_new_year,after,103,W.P. Putrajaya,11,10,6,5,5,True,,11,10,5,True
2023,chinese_new_year,after,1431,Johor,13,13,9,8,8,True,,13,13,8,True
2023,chinese_new_year,after,1431,Kedah,13,13,12,11,11,True,,13,13,11,True
2023,chinese_new_year,after,1431,Kelantan,13,14,18,18,18,True,,13,14,18,True
2023,chinese_new_year,after,1431,Melaka,11,13,7,7,7,True,,11,13,7,True
2023,chinese_new_year,after,1431,Negeri Sembilan,11,11,10,10,10,True,,11,11,10,True
2023,chinese_new_year,after,1431,Pahang,11,13,8,8,8,True,,11,13,8,True
2023,chinese_new_year,after,1431,Perak,11,11,18,19,18,True,,11,11,18,True
2023,chinese_new_year,after,1431,Perlis,12,13,4,5,4,False,reference_premises_below_5; common_premises_below_5,12,13,4,False
2023,chinese_new_year,after,1431,Pulau Pinang,11,11,15,16,15,True,,11,11,15,True
2023,chinese_new_year,after,1431,Sabah,11,13,2,4,2,False,reference_premises_below_5; target_premises_below_5; common_premises_below_5,11,13,2,False
2023,chinese_new_year,after,1431,Sarawak,11,13,4,4,4,False,reference_premises_below_5; target_premises_below_5; common_premises_below_5,11,13,4,False
2023,chinese_new_year,after,1431,Selangor,11,11,12,13,12,True,,11,11,12,True
2023,chinese_new_year,after,1431,Terengganu,13,14,14,16,14,True,,13,14,14,True
2023,chinese_new_year,after,1431,W.P. Kuala Lumpur,11,10,7,7,5,True,,11,10,5,True
2023,chinese_new_year,after,1431,W.P. Labuan,0,0,0,0,0,False,reference_dates_below_4; target_dates_below_4; reference_premises_below_5; target_premises_below_5; common_premises_below_5,0,0,0,False
2023,chinese_new_year,after,1431,W.P. Putrajaya,5,10,1,1,1,False,reference_premises_below_5; target_premises_below_5; common_premises_below_5,5,10,1,False
2023,chinese_new_year,after,1555,Johor,13,13,93,84,80,True,,13,13,80,True
2023,chinese_new_year,after,1555,Kedah,13,13,41,42,39,True,,13,13,39,True
2023,chinese_new_year,after,1555,Kelantan,13,14,62,65,59,True,,13,14,59,True
2023,chinese_new_year,after,1555,Melaka,11,13,19,19,18,True,,11,13,18,True
2023,chinese_new_year,after,1555,Negeri Sembilan,11,11,25,25,25,True,,11,11,25,True
2023,chinese_new_year,after,1555,Pahang,11,13,66,66,63,True,,11,13,63,True
2023,chinese_new_year,after,1555,Perak,11,11,76,75,75,True,,11,11,75,True
2023,chinese_new_year,after,1555,Perlis,12,13,12,13,11,True,,12,13,11,True
2023,chinese_new_year,after,1555,Pulau Pinang,11,11,53,49,46,True,,11,11,46,True
2023,chinese_new_year,after,1555,Sabah,11,13,28,26,24,True,,11,13,24,True
2023,chinese_new_year,after,1555,Sarawak,11,13,34,35,27,True,,11,13,27,True
2023,chinese_new_year,after,1555,Selangor,11,11,79,82,77,True,,11,11,77,True
2023,chinese_new_year,after,1555,Terengganu,13,14,54,54,44,True,,13,14,44,True
2023,chinese_new_year,after,1555,W.P. Kuala Lumpur,11,10,79,77,70,True,,11,10,70,True
2023,chinese_new_year,after,1555,W.P. Labuan,0,0,0,0,0,False,reference_dates_below_4; target_dates_below_4; reference_premises_below_5; target_premises_below_5; common_premises_below_5,0,0,0,False
2023,chinese_new_year,after,1555,W.P. Putrajaya,11,10,14,15,14,True,,11,10,14,True
2023,chinese_new_year,after,193,Johor,2,2,29,29,27,False,reference_dates_below_4; target_dates_below_4,2,2,27,False
2023,chinese_new_year,after,193,Kedah,2,2,85,83,80,False,reference_dates_below_4; target_dates_below_4,2,2,80,False
2023,chinese_new_year,after,193,Kelantan,2,2,7,8,6,False,reference_dates_below_4; target_dates_below_4,2,2,6,False
2023,chinese_new_year,after,193,Melaka,1,2,5,4,4,False,reference_dates_below_4; target_dates_below_4; target_premises_below_5; common_premises_below_5,1,2,4,False
2023,chinese_new_year,after,193,Negeri Sembilan,1,2,21,22,20,False,reference_dates_below_4; target_dates_below_4,1,2,20,False
2023,chinese_new_year,after,193,Pahang,1,2,48,47,43,False,reference_dates_below_4; target_dates_below_4,1,2,43,False
2023,chinese_new_year,after,193,Perak,1,2,72,73,63,False,reference_dates_below_4; target_dates_below_4,1,2,63,False
2023,chinese_new_year,after,193,Perlis,1,2,30,35,29,False,reference_dates_below_4; target_dates_below_4,1,2,29,False
2023,chinese_new_year,after,193,Pulau Pinang,1,2,54,59,52,False,reference_dates_below_4; target_dates_below_4,1,2,52,False
2023,chinese_new_year,after,193,Sabah,1,2,54,60,50,False,reference_dates_below_4; target_dates_below_4,1,2,50,False
2023,chinese_new_year,after,193,Sarawak,1,3,64,69,55,False,reference_dates_below_4; target_dates_below_4,1,2,55,False
2023,chinese_new_year,after,193,Selangor,2,2,57,61,52,False,reference_dates_below_4; target_dates_below_4,2,2,52,False
2023,chinese_new_year,after,193,Terengganu,2,2,12,11,11,False,reference_dates_below_4; target_dates_below_4,2,2,11,False
2023,chinese_new_year,after,193,W.P. Kuala Lumpur,1,2,76,72,68,False,reference_dates_below_4; target_dates_below_4,1,2,68,False
2023,chinese_new_year,after,193,W.P. Labuan,1,2,5,6,5,False,reference_dates_below_4; target_dates_below_4,1,2,5,False
2023,chinese_new_year,after,193,W.P. Putrajaya,1,2,7,11,7,False,reference_dates_below_4; target_dates_below_4,1,2,7,False
2023,deepavali,lead_up,1,Johor,13,14,108,108,108,True,,13,14,108,True
2023,deepavali,lead_up,1,Kedah,13,14,55,55,55,True,,13,14,55,True
2023,deepavali,lead_up,1,Kelantan,13,14,75,73,73,True,,13,14,73,True
2023,deepavali,lead_up,1,Melaka,13,14,19,20,19,True,,13,14,19,True
2023,deepavali,lead_up,1,Negeri Sembilan,13,14,31,32,31,True,,13,14,31,True
2023,deepavali,lead_up,1,Pahang,13,14,76,79,76,True,,13,14,76,True
2023,deepavali,lead_up,1,Perak,13,13,82,82,82,True,,13,13,82,True
2023,deepavali,lead_up,1,Perlis,13,14,16,16,16,True,,13,14,16,True
2023,deepavali,lead_up,1,Pulau Pinang,13,14,65,64,64,True,,13,14,64,True
2023,deepavali,lead_up,1,Sabah,13,14,7,7,6,True,,13,14,6,True
2023,deepavali,lead_up,1,Sarawak,13,14,9,11,9,True,,13,14,9,True
2023,deepavali,lead_up,1,Selangor,13,14,80,80,80,True,,13,14,80,True
2023,deepavali,lead_up,1,Terengganu,13,14,85,86,85,True,,13,14,85,True
2023,deepavali,lead_up,1,W.P. Kuala Lumpur,13,14,84,82,82,True,,13,14,82,True
2023,deepavali,lead_up,1,W.P. Labuan,13,14,1,2,1,False,reference_premises_below_5; target_premises_below_5; common_premises_below_5,13,14,1,False
2023,deepavali,lead_up,1,W.P. Putrajaya,13,14,14,14,14,True,,13,14,14,True
2023,deepavali,lead_up,1111,Johor,13,14,77,79,70,True,,13,14,70,True
2023,deepavali,lead_up,1111,Kedah,13,14,26,27,23,True,,13,14,23,True
2023,deepavali,lead_up,1111,Kelantan,13,14,40,40,28,True,,13,14,28,True
2023,deepavali,lead_up,1111,Melaka,13,14,12,14,12,True,,13,14,12,True
2023,deepavali,lead_up,1111,Negeri Sembilan,13,14,26,27,24,True,,13,14,24,True
2023,deepavali,lead_up,1111,Pahang,13,14,40,35,30,True,,13,14,30,True
2023,deepavali,lead_up,1111,Perak,13,13,44,41,38,True,,13,13,38,True
2023,deepavali,lead_up,1111,Perlis,11,10,4,3,3,False,reference_premises_below_5; target_premises_below_5; common_premises_below_5,10,10,3,False
2023,deepavali,lead_up,1111,Pulau Pinang,13,14,32,31,30,True,,13,14,30,True
2023,deepavali,lead_up,1111,Sabah,13,14,34,36,27,True,,13,14,27,True
2023,deepavali,lead_up,1111,Sarawak,13,14,8,10,5,True,,13,14,5,True
2023,deepavali,lead_up,1111,Selangor,13,14,37,40,33,True,,13,14,33,True
2023,deepavali,lead_up,1111,Terengganu,13,14,33,37,23,True,,13,14,23,True
2023,deepavali,lead_up,1111,W.P. Kuala Lumpur,13,14,45,46,37,True,,13,14,37,True
2023,deepavali,lead_up,1111,W.P. Labuan,0,0,0,0,0,False,reference_dates_below_4; target_dates_below_4; reference_premises_below_5; target_premises_below_5; common_premises_below_5,0,0,0,False
2023,deepavali,lead_up,1111,W.P. Putrajaya,8,11,5,5,3,False,common_premises_below_5,6,9,3,False
2023,deepavali,lead_up,904,Johor,13,14,25,33,25,True,,13,14,25,True
2023,deepavali,lead_up,904,Kedah,13,14,46,47,45,True,,13,14,45,True
2023,deepavali,lead_up,904,Kelantan,13,14,20,23,19,True,,13,14,19,True
2023,deepavali,lead_up,904,Melaka,13,14,6,7,6,True,,13,14,6,True
2023,deepavali,lead_up,904,Negeri Sembilan,13,14,13,14,12,True,,13,14,12,True
2023,deepavali,lead_up,904,Pahang,13,14,24,23,22,True,,13,14,22,True
2023,deepavali,lead_up,904,Perak,13,13,46,47,42,True,,13,13,42,True
2023,deepavali,lead_up,904,Perlis,13,14,13,14,13,True,,13,14,13,True
2023,deepavali,lead_up,904,Pulau Pinang,13,14,39,39,37,True,,13,14,37,True
2023,deepavali,lead_up,904,Sabah,0,0,0,0,0,False,reference_dates_below_4; target_dates_below_4; reference_premises_below_5; target_premises_below_5; common_premises_below_5,0,0,0,False
2023,deepavali,lead_up,904,Sarawak,0,0,0,0,0,False,reference_dates_below_4; target_dates_below_4; reference_premises_below_5; target_premises_below_5; common_premises_below_5,0,0,0,False
2023,deepavali,lead_up,904,Selangor,13,14,27,29,27,True,,13,14,27,True
2023,deepavali,lead_up,904,Terengganu,13,14,21,23,18,True,,13,14,18,True
2023,deepavali,lead_up,904,W.P. Kuala Lumpur,13,14,26,31,25,True,,13,14,25,True
2023,deepavali,lead_up,904,W.P. Labuan,0,0,0,0,0,False,reference_dates_below_4; target_dates_below_4; reference_premises_below_5; target_premises_below_5; common_premises_below_5,0,0,0,False
2023,deepavali,lead_up,904,W.P. Putrajaya,13,14,5,6,5,True,,13,14,5,True
2023,deepavali,lead_up,918,Johor,13,14,34,48,31,True,,13,14,31,True
2023,deepavali,lead_up,918,Kedah,13,14,51,47,44,True,,13,14,44,True
2023,deepavali,lead_up,918,Kelantan,13,14,100,99,95,True,,13,14,95,True
2023,deepavali,lead_up,918,Melaka,12,12,11,12,9,True,,12,12,9,True
2023,deepavali,lead_up,918,Negeri Sembilan,13,13,14,16,10,True,,13,12,10,True
2023,deepavali,lead_up,918,Pahang,13,14,59,47,45,True,,13,14,45,True
2023,deepavali,lead_up,918,Perak,13,12,32,28,23,True,,13,12,23,True
2023,deepavali,lead_up,918,Perlis,13,14,31,34,30,True,,13,14,30,True
2023,deepavali,lead_up,918,Pulau Pinang,12,12,36,31,28,True,,12,12,28,True
2023,deepavali,lead_up,918,Sabah,13,14,37,33,27,True,,13,14,27,True
2023,deepavali,lead_up,918,Sarawak,13,14,41,30,27,True,,13,14,27,True
2023,deepavali,lead_up,918,Selangor,13,14,48,48,37,True,,13,14,37,True
2023,deepavali,lead_up,918,Terengganu,13,14,73,75,62,True,,13,14,62,True
2023,deepavali,lead_up,918,W.P. Kuala Lumpur,13,14,36,38,29,True,,13,14,29,True
2023,deepavali,lead_up,918,W.P. Labuan,13,14,6,7,6,True,,13,14,6,True
2023,deepavali,lead_up,918,W.P. Putrajaya,6,7,2,3,1,False,reference_premises_below_5; target_premises_below_5; common_premises_below_5,4,6,1,False
2023,deepavali,lead_up,1589,Johor,4,5,91,93,77,True,,4,5,77,True
2023,deepavali,lead_up,1589,Kedah,2,3,55,48,44,False,reference_dates_below_4; target_dates_below_4,2,3,44,False
2023,deepavali,lead_up,1589,Kelantan,2,3,114,117,107,False,reference_dates_below_4; target_dates_below_4,2,3,107,False
2023,deepavali,lead_up,1589,Melaka,2,4,18,18,16,False,reference_dates_below_4,2,4,16,False
2023,deepavali,lead_up,1589,Negeri Sembilan,2,3,21,26,18,False,reference_dates_below_4; target_dates_below_4,2,3,18,False
2023,deepavali,lead_up,1589,Pahang,3,4,56,63,51,False,reference_dates_below_4,3,4,51,False
2023,deepavali,lead_up,1589,Perak,2,3,67,66,55,False,reference_dates_below_4; target_dates_below_4,2,3,55,False
2023,deepavali,lead_up,1589,Perlis,2,3,21,23,16,False,reference_dates_below_4; target_dates_below_4,2,3,16,False
2023,deepavali,lead_up,1589,Pulau Pinang,2,4,70,66,63,False,reference_dates_below_4,2,4,63,False
2023,deepavali,lead_up,1589,Sabah,2,4,73,71,63,False,reference_dates_below_4,2,3,63,False
2023,deepavali,lead_up,1589,Sarawak,7,12,81,77,67,True,,7,12,67,True
2023,deepavali,lead_up,1589,Selangor,2,4,54,64,46,False,reference_dates_below_4,2,4,46,False
2023,deepavali,lead_up,1589,Terengganu,2,3,52,64,40,False,reference_dates_below_4; target_dates_below_4,2,3,40,False
2023,deepavali,lead_up,1589,W.P. Kuala Lumpur,3,4,76,79,68,False,reference_dates_below_4,3,4,68,False
2023,deepavali,lead_up,1589,W.P. Labuan,2,3,10,10,9,False,reference_dates_below_4; target_dates_below_4,2,3,9,False
2023,deepavali,lead_up,1589,W.P. Putrajaya,2,3,8,14,8,False,reference_dates_below_4; target_dates_below_4,2,3,8,False
2023,deepavali,lead_up,917,Johor,4,6,123,123,123,True,,4,6,123,True
2023,deepavali,lead_up,917,Kedah,2,3,74,75,73,False,reference_dates_below_4; target_dates_below_4,2,3,73,False
2023,deepavali,lead_up,917,Kelantan,2,3,113,115,107,False,reference_dates_below_4; target_dates_below_4,2,3,107,False
2023,deepavali,lead_up,917,Melaka,2,4,26,27,26,False,reference_dates_below_4,2,4,26,False
2023,deepavali,lead_up,917,Negeri Sembilan,2,3,40,42,40,False,reference_dates_below_4; target_dates_below_4,2,3,40,False
2023,deepavali,lead_up,917,Pahang,4,5,81,82,80,True,,4,5,80,True
2023,deepavali,lead_up,917,Perak,2,3,93,96,92,False,reference_dates_below_4; target_dates_below_4,2,3,92,False
2023,deepavali,lead_up,917,Perlis,2,3,38,38,37,False,reference_dates_below_4; target_dates_below_4,2,3,37,False
2023,deepavali,lead_up,917,Pulau Pinang,2,4,79,81,78,False,reference_dates_below_4,2,4,78,False
2023,deepavali,lead_up,917,Sabah,2,4,37,44,34,False,reference_dates_below_4,2,4,34,False
2023,deepavali,lead_up,917,Sarawak,2,3,41,45,38,False,reference_dates_below_4; target_dates_below_4,2,3,38,False
2023,deepavali,lead_up,917,Selangor,2,4,67,74,64,False,reference_dates_below_4,2,4,64,False
2023,deepavali,lead_up,917,Terengganu,2,3,97,102,97,False,reference_dates_below_4; target_dates_below_4,2,3,97,False
2023,deepavali,lead_up,917,W.P. Kuala Lumpur,3,4,96,99,95,False,reference_dates_below_4,3,4,95,False
2023,deepavali,lead_up,917,W.P. Labuan,2,3,8,8,8,False,reference_dates_below_4; target_dates_below_4,2,3,8,False
2023,deepavali,lead_up,917,W.P. Putrajaya,3,3,17,17,16,False,reference_dates_below_4; target_dates_below_4,3,3,16,False
2023,deepavali,lead_up,129,Johor,13,14,123,124,123,True,,13,14,123,True
2023,deepavali,lead_up,129,Kedah,13,14,75,74,74,True,,13,14,74,True
2023,deepavali,lead_up,129,Kelantan,13,14,127,125,122,True,,13,14,122,True
2023,deepavali,lead_up,129,Melaka,13,14,24,26,24,True,,13,14,24,True
2023,deepavali,lead_up,129,Negeri Sembilan,13,14,33,36,33,True,,13,14,33,True
2023,deepavali,lead_up,129,Pahang,13,14,75,74,74,True,,13,14,74,True
2023,deepavali,lead_up,129,Perak,13,13,79,80,79,True,,13,13,79,True
2023,deepavali,lead_up,129,Perlis,13,14,35,36,34,True,,13,14,34,True
2023,deepavali,lead_up,129,Pulau Pinang,13,14,74,75,74,True,,13,14,74,True
2023,deepavali,lead_up,129,Sabah,13,14,130,129,128,True,,13,14,128,True
2023,deepavali,lead_up,129,Sarawak,13,14,140,141,140,True,,13,14,140,True
2023,deepavali,lead_up,129,Selangor,13,14,81,80,80,True,,13,14,80,True
2023,deepavali,lead_up,129,Terengganu,13,14,104,102,102,True,,13,14,102,True
2023,deepavali,lead_up,129,W.P. Kuala Lumpur,13,14,99,99,98,True,,13,14,98,True
2023,deepavali,lead_up,129,W.P. Labuan,13,14,14,14,14,True,,13,14,14,True
2023,deepavali,lead_up,129,W.P. Putrajaya,13,14,19,19,19,True,,13,14,19,True
2023,deepavali,lead_up,1564,Johor,13,14,135,135,135,True,,13,14,135,True
2023,deepavali,lead_up,1564,Kedah,13,14,71,70,70,True,,13,14,70,True
2023,deepavali,lead_up,1564,Kelantan,13,14,68,67,66,True,,13,14,66,True
2023,deepavali,lead_up,1564,Melaka,13,14,27,27,27,True,,13,14,27,True
2023,deepavali,lead_up,1564,Negeri Sembilan,13,14,38,40,38,True,,13,14,38,True
2023,deepavali,lead_up,1564,Pahang,13,14,73,71,70,True,,13,14,70,True
2023,deepavali,lead_up,1564,Perak,13,13,90,90,90,True,,13,13,90,True
2023,deepavali,lead_up,1564,Perlis,13,14,28,26,25,True,,13,14,25,True
2023,deepavali,lead_up,1564,Pulau Pinang,13,14,81,81,81,True,,13,14,81,True
2023,deepavali,lead_up,1564,Sabah,13,14,126,128,125,True,,13,14,125,True
2023,deepavali,lead_up,1564,Sarawak,13,14,133,132,131,True,,13,14,131,True
2023,deepavali,lead_up,1564,Selangor,13,14,81,82,80,True,,13,14,80,True
2023,deepavali,lead_up,1564,Terengganu,13,14,73,74,72,True,,13,14,72,True
2023,deepavali,lead_up,1564,W.P. Kuala Lumpur,13,14,104,103,103,True,,13,14,103,True
2023,deepavali,lead_up,1564,W.P. Labuan,13,14,14,14,14,True,,13,14,14,True
2023,deepavali,lead_up,1564,W.P. Putrajaya,13,14,19,19,19,True,,13,14,19,True
2023,deepavali,lead_up,1131,Johor,13,14,113,114,110,True,,13,14,110,True
2023,deepavali,lead_up,1131,Kedah,13,14,47,47,45,True,,13,14,45,True
2023,deepavali,lead_up,1131,Kelantan,13,14,71,70,68,True,,13,14,68,True
2023,deepavali,lead_up,1131,Melaka,13,14,16,16,16,True,,13,14,16,True
2023,deepavali,lead_up,1131,Negeri Sembilan,13,14,24,23,22,True,,13,14,22,True
2023,deepavali,lead_up,1131,Pahang,13,14,68,69,68,True,,13,14,68,True
2023,deepavali,lead_up,1131,Perak,13,13,81,80,80,True,,13,13,80,True
2023,deepavali,lead_up,1131,Perlis,13,14,27,26,25,True,,13,14,25,True
2023,deepavali,lead_up,1131,Pulau Pinang,13,14,69,72,66,True,,13,14,66,True
2023,deepavali,lead_up,1131,Sabah,13,14,111,115,110,True,,13,14,110,True
2023,deepavali,lead_up,1131,Sarawak,13,14,139,140,138,True,,13,14,138,True
2023,deepavali,lead_up,1131,Selangor,13,14,72,72,70,True,,13,14,70,True
2023,deepavali,lead_up,1131,Terengganu,13,14,73,74,71,True,,13,14,71,True
2023,deepavali,lead_up,1131,W.P. Kuala Lumpur,13,14,80,78,77,True,,13,14,77,True
2023,deepavali,lead_up,1131,W.P. Labuan,13,14,14,14,14,True,,13,14,14,True
2023,deepavali,lead_up,1131,W.P. Putrajaya,13,14,19,20,19,True,,13,14,19,True
2023,deepavali,lead_up,94,Johor,13,14,67,69,63,True,,13,14,63,True
2023,deepavali,lead_up,94,Kedah,13,14,25,24,24,True,,13,14,24,True
2023,deepavali,lead_up,94,Kelantan,13,14,25,25,25,True,,13,14,25,True
2023,deepavali,lead_up,94,Melaka,13,14,3,3,3,False,reference_premises_below_5; target_premises_below_5; common_premises_below_5,13,14,3,False
2023,deepavali,lead_up,94,Negeri Sembilan,13,14,30,30,29,True,,13,14,29,True
2023,deepavali,lead_up,94,Pahang,13,14,72,73,70,True,,13,14,70,True
2023,deepavali,lead_up,94,Perak,13,13,49,48,48,True,,13,13,48,True
2023,deepavali,lead_up,94,Perlis,13,14,17,16,15,True,,13,14,15,True
2023,deepavali,lead_up,94,Pulau Pinang,13,14,41,44,40,True,,13,14,40,True
2023,deepavali,lead_up,94,Sabah,13,14,16,24,11,True,,13,14,11,True
2023,deepavali,lead_up,94,Sarawak,13,14,89,93,87,True,,13,14,87,True
2023,deepavali,lead_up,94,Selangor,13,14,71,66,65,True,,13,14,65,True
2023,deepavali,lead_up,94,Terengganu,13,14,47,45,44,True,,13,14,44,True
2023,deepavali,lead_up,94,W.P. Kuala Lumpur,13,14,84,85,80,True,,13,14,80,True
2023,deepavali,lead_up,94,W.P. Labuan,0,0,0,0,0,False,reference_dates_below_4; target_dates_below_4; reference_premises_below_5; target_premises_below_5; common_premises_below_5,0,0,0,False
2023,deepavali,lead_up,94,W.P. Putrajaya,0,0,0,0,0,False,reference_dates_below_4; target_dates_below_4; reference_premises_below_5; target_premises_below_5; common_premises_below_5,0,0,0,False
2023,deepavali,lead_up,114,Johor,13,14,127,128,127,True,,13,14,127,True
2023,deepavali,lead_up,114,Kedah,13,14,63,63,63,True,,13,14,63,True
2023,deepavali,lead_up,114,Kelantan,13,14,84,83,82,True,,13,14,82,True
2023,deepavali,lead_up,114,Melaka,13,14,25,25,25,True,,13,14,25,True
2023,deepavali,lead_up,114,Negeri Sembilan,13,14,34,37,34,True,,13,14,34,True
2023,deepavali,lead_up,114,Pahang,13,14,78,79,78,True,,13,14,78,True
2023,deepavali,lead_up,114,Perak,13,13,86,85,85,True,,13,13,85,True
2023,deepavali,lead_up,114,Perlis,13,14,21,21,21,True,,13,14,21,True
2023,deepavali,lead_up,114,Pulau Pinang,13,14,76,76,76,True,,13,14,76,True
2023,deepavali,lead_up,114,Sabah,13,14,71,81,67,True,,13,14,67,True
2023,deepavali,lead_up,114,Sarawak,13,14,94,94,91,True,,13,14,91,True
2023,deepavali,lead_up,114,Selangor,13,14,83,83,82,True,,13,14,82,True
2023,deepavali,lead_up,114,Terengganu,13,14,83,86,81,True,,13,14,81,True
2023,deepavali,lead_up,114,W.P. Kuala Lumpur,13,14,112,110,110,True,,13,14,110,True
2023,deepavali,lead_up,114,W.P. Labuan,13,14,8,10,6,True,,13,14,6,True
2023,deepavali,lead_up,114,W.P. Putrajaya,13,14,19,19,19,True,,13,14,19,True
2023,deepavali,lead_up,103,Johor,13,14,24,24,24,True,,13,14,24,True
2023,deepavali,lead_up,103,Kedah,13,14,10,11,10,True,,13,14,10,True
2023,deepavali,lead_up,103,Kelantan,13,14,16,14,14,True,,13,14,14,True
2023,deepavali,lead_up,103,Melaka,0,0,0,0,0,False,reference_dates_below_4; target_dates_below_4; reference_premises_below_5; target_premises_below_5; common_premises_below_5,0,0,0,False
2023,deepavali,lead_up,103,Negeri Sembilan,13,14,17,18,17,True,,13,14,17,True
2023,deepavali,lead_up,103,Pahang,13,14,33,34,33,True,,13,14,33,True
2023,deepavali,lead_up,103,Perak,13,13,43,44,43,True,,13,13,43,True
2023,deepavali,lead_up,103,Perlis,0,0,0,0,0,False,reference_dates_below_4; target_dates_below_4; reference_premises_below_5; target_premises_below_5; common_premises_below_5,0,0,0,False
2023,deepavali,lead_up,103,Pulau Pinang,13,14,23,23,23,True,,13,14,23,True
2023,deepavali,lead_up,103,Sabah,13,14,2,3,2,False,reference_premises_below_5; target_premises_below_5; common_premises_below_5,13,14,2,False
2023,deepavali,lead_up,103,Sarawak,13,14,1,1,1,False,reference_premises_below_5; target_premises_below_5; common_premises_below_5,13,14,1,False
2023,deepavali,lead_up,103,Selangor,13,14,34,36,33,True,,13,14,33,True
2023,deepavali,lead_up,103,Terengganu,13,14,12,11,11,True,,13,14,11,True
2023,deepavali,lead_up,103,W.P. Kuala Lumpur,13,14,41,41,41,True,,13,14,41,True
2023,deepavali,lead_up,103,W.P. Labuan,0,0,0,0,0,False,reference_dates_below_4; target_dates_below_4; reference_premises_below_5; target_premises_below_5; common_premises_below_5,0,0,0,False
2023,deepavali,lead_up,103,W.P. Putrajaya,13,14,7,7,6,True,,13,14,6,True
2023,deepavali,lead_up,1431,Johor,13,14,7,7,6,True,,13,14,6,True
2023,deepavali,lead_up,1431,Kedah,13,14,13,12,12,True,,13,14,12,True
2023,deepavali,lead_up,1431,Kelantan,13,14,18,18,18,True,,13,14,18,True
2023,deepavali,lead_up,1431,Melaka,13,14,6,6,6,True,,13,14,6,True
2023,deepavali,lead_up,1431,Negeri Sembilan,13,14,6,7,6,True,,13,14,6,True
2023,deepavali,lead_up,1431,Pahang,13,14,9,9,9,True,,13,14,9,True
2023,deepavali,lead_up,1431,Perak,13,13,18,18,18,True,,13,13,18,True
2023,deepavali,lead_up,1431,Perlis,13,14,2,2,2,False,reference_premises_below_5; target_premises_below_5; common_premises_below_5,13,14,2,False
2023,deepavali,lead_up,1431,Pulau Pinang,13,14,18,17,17,True,,13,14,17,True
2023,deepavali,lead_up,1431,Sabah,13,14,3,3,3,False,reference_premises_below_5; target_premises_below_5; common_premises_below_5,13,14,3,False
2023,deepavali,lead_up,1431,Sarawak,13,14,3,3,3,False,reference_premises_below_5; target_premises_below_5; common_premises_below_5,13,14,3,False
2023,deepavali,lead_up,1431,Selangor,13,14,11,13,11,True,,13,14,11,True
2023,deepavali,lead_up,1431,Terengganu,13,14,14,15,14,True,,13,14,14,True
2023,deepavali,lead_up,1431,W.P. Kuala Lumpur,13,14,5,5,4,False,common_premises_below_5,13,14,4,False
2023,deepavali,lead_up,1431,W.P. Labuan,0,0,0,0,0,False,reference_dates_below_4; target_dates_below_4; reference_premises_below_5; target_premises_below_5; common_premises_below_5,0,0,0,False
2023,deepavali,lead_up,1431,W.P. Putrajaya,8,7,2,1,1,False,reference_premises_below_5; target_premises_below_5; common_premises_below_5,7,7,1,False
2023,deepavali,lead_up,1555,Johor,13,14,96,97,94,True,,13,14,94,True
2023,deepavali,lead_up,1555,Kedah,13,14,43,44,43,True,,13,14,43,True
2023,deepavali,lead_up,1555,Kelantan,13,14,67,70,67,True,,13,14,67,True
2023,deepavali,lead_up,1555,Melaka,13,14,20,20,20,True,,13,14,20,True
2023,deepavali,lead_up,1555,Negeri Sembilan,13,14,23,24,23,True,,13,14,23,True
2023,deepavali,lead_up,1555,Pahang,13,14,69,72,68,True,,13,14,68,True
2023,deepavali,lead_up,1555,Perak,13,13,79,78,78,True,,13,13,78,True
2023,deepavali,lead_up,1555,Perlis,13,14,15,13,13,True,,13,14,13,True
2023,deepavali,lead_up,1555,Pulau Pinang,13,14,52,54,50,True,,13,14,50,True
2023,deepavali,lead_up,1555,Sabah,13,14,30,31,27,True,,13,14,27,True
2023,deepavali,lead_up,1555,Sarawak,13,14,41,39,35,True,,13,14,35,True
2023,deepavali,lead_up,1555,Selangor,13,14,72,77,72,True,,13,14,72,True
2023,deepavali,lead_up,1555,Terengganu,13,14,59,63,57,True,,13,14,57,True
2023,deepavali,lead_up,1555,W.P. Kuala Lumpur,13,14,81,81,77,True,,13,14,77,True
2023,deepavali,lead_up,1555,W.P. Labuan,0,0,0,0,0,False,reference_dates_below_4; target_dates_below_4; reference_premises_below_5; target_premises_below_5; common_premises_below_5,0,0,0,False
2023,deepavali,lead_up,1555,W.P. Putrajaya,13,14,14,15,14,True,,13,14,14,True
2023,deepavali,lead_up,193,Johor,2,3,30,31,30,False,reference_dates_below_4; target_dates_below_4,2,3,30,False
2023,deepavali,lead_up,193,Kedah,2,3,81,81,80,False,reference_dates_below_4; target_dates_below_4,2,3,80,False
2023,deepavali,lead_up,193,Kelantan,2,3,10,10,10,False,reference_dates_below_4; target_dates_below_4,2,3,10,False
2023,deepavali,lead_up,193,Melaka,2,3,5,6,5,False,reference_dates_below_4; target_dates_below_4,2,3,5,False
2023,deepavali,lead_up,193,Negeri Sembilan,2,3,21,24,21,False,reference_dates_below_4; target_dates_below_4,2,3,21,False
2023,deepavali,lead_up,193,Pahang,2,3,45,46,44,False,reference_dates_below_4; target_dates_below_4,2,3,44,False
2023,deepavali,lead_up,193,Perak,2,3,84,84,81,False,reference_dates_below_4; target_dates_below_4,2,3,81,False
2023,deepavali,lead_up,193,Perlis,2,3,38,39,38,False,reference_dates_below_4; target_dates_below_4,2,3,38,False
2023,deepavali,lead_up,193,Pulau Pinang,2,4,62,66,61,False,reference_dates_below_4,2,4,61,False
2023,deepavali,lead_up,193,Sabah,2,4,57,60,56,False,reference_dates_below_4,2,4,56,False
2023,deepavali,lead_up,193,Sarawak,7,8,79,87,78,True,,7,8,78,True
2023,deepavali,lead_up,193,Selangor,2,4,61,62,60,False,reference_dates_below_4,2,4,60,False
2023,deepavali,lead_up,193,Terengganu,2,3,14,13,13,False,reference_dates_below_4; target_dates_below_4,2,3,13,False
2023,deepavali,lead_up,193,W.P. Kuala Lumpur,3,4,82,83,80,False,reference_dates_below_4,3,4,80,False
2023,deepavali,lead_up,193,W.P. Labuan,2,3,3,2,2,False,reference_dates_below_4; target_dates_below_4; reference_premises_below_5; target_premises_below_5; common_premises_below_5,2,3,2,False
2023,deepavali,lead_up,193,W.P. Putrajaya,2,3,9,11,9,False,reference_dates_below_4; target_dates_below_4,2,3,9,False
2023,deepavali,after,1,Johor,13,14,108,106,106,True,,13,14,106,True
2023,deepavali,after,1,Kedah,13,14,55,54,54,True,,13,14,54,True
2023,deepavali,after,1,Kelantan,13,14,75,74,74,True,,13,14,74,True
2023,deepavali,after,1,Melaka,13,14,19,19,19,True,,13,14,19,True
2023,deepavali,after,1,Negeri Sembilan,13,14,31,31,30,True,,13,14,30,True
2023,deepavali,after,1,Pahang,13,14,76,79,76,True,,13,14,76,True
2023,deepavali,after,1,Perak,13,14,82,82,82,True,,13,14,82,True
2023,deepavali,after,1,Perlis,13,14,16,16,16,True,,13,14,16,True
2023,deepavali,after,1,Pulau Pinang,13,14,65,63,63,True,,13,14,63,True
2023,deepavali,after,1,Sabah,13,14,7,7,6,True,,13,14,6,True
2023,deepavali,after,1,Sarawak,13,14,9,10,8,True,,13,14,8,True
2023,deepavali,after,1,Selangor,13,14,80,80,80,True,,13,14,80,True
2023,deepavali,after,1,Terengganu,13,14,85,86,85,True,,13,14,85,True
2023,deepavali,after,1,W.P. Kuala Lumpur,13,14,84,84,82,True,,13,14,82,True
2023,deepavali,after,1,W.P. Labuan,13,14,1,3,1,False,reference_premises_below_5; target_premises_below_5; common_premises_below_5,13,14,1,False
2023,deepavali,after,1,W.P. Putrajaya,13,14,14,14,14,True,,13,14,14,True
2023,deepavali,after,1111,Johor,13,14,77,83,70,True,,13,14,70,True
2023,deepavali,after,1111,Kedah,13,14,26,25,21,True,,13,14,21,True
2023,deepavali,after,1111,Kelantan,13,14,40,38,29,True,,13,14,29,True
2023,deepavali,after,1111,Melaka,13,14,12,15,12,True,,13,14,12,True
2023,deepavali,after,1111,Negeri Sembilan,13,14,26,27,25,True,,13,14,25,True
2023,deepavali,after,1111,Pahang,13,14,40,41,35,True,,13,14,35,True
2023,deepavali,after,1111,Perak,13,14,44,40,39,True,,13,14,39,True
2023,deepavali,after,1111,Perlis,11,12,4,4,3,False,reference_premises_below_5; target_premises_below_5; common_premises_below_5,10,11,3,False
2023,deepavali,after,1111,Pulau Pinang,13,14,32,32,31,True,,13,14,31,True
2023,deepavali,after,1111,Sabah,13,14,34,32,23,True,,13,14,23,True
2023,deepavali,after,1111,Sarawak,13,14,8,7,5,True,,13,14,5,True
2023,deepavali,after,1111,Selangor,13,14,37,37,32,True,,13,14,32,True
2023,deepavali,after,1111,Terengganu,13,14,33,36,19,True,,13,14,19,True
2023,deepavali,after,1111,W.P. Kuala Lumpur,13,14,45,52,40,True,,13,14,40,True
2023,deepavali,after,1111,W.P. Labuan,0,2,0,1,0,False,reference_dates_below_4; target_dates_below_4; reference_premises_below_5; target_premises_below_5; common_premises_below_5,0,0,0,False
2023,deepavali,after,1111,W.P. Putrajaya,8,14,5,5,4,False,common_premises_below_5,8,14,4,False
2023,deepavali,after,904,Johor,13,14,25,30,20,True,,13,14,20,True
2023,deepavali,after,904,Kedah,13,14,46,42,41,True,,13,14,41,True
2023,deepavali,after,904,Kelantan,13,14,20,21,16,True,,13,14,16,True
2023,deepavali,after,904,Melaka,13,14,6,7,6,True,,13,14,6,True
2023,deepavali,after,904,Negeri Sembilan,13,14,13,13,11,True,,13,14,11,True
2023,deepavali,after,904,Pahang,13,14,24,23,22,True,,13,14,22,True
2023,deepavali,after,904,Perak,13,14,46,47,42,True,,13,14,42,True
2023,deepavali,after,904,Perlis,13,14,13,13,13,True,,13,14,13,True
2023,deepavali,after,904,Pulau Pinang,13,14,39,39,36,True,,13,14,36,True
2023,deepavali,after,904,Sabah,0,0,0,0,0,False,reference_dates_below_4; target_dates_below_4; reference_premises_below_5; target_premises_below_5; common_premises_below_5,0,0,0,False
2023,deepavali,after,904,Sarawak,0,0,0,0,0,False,reference_dates_below_4; target_dates_below_4; reference_premises_below_5; target_premises_below_5; common_premises_below_5,0,0,0,False
2023,deepavali,after,904,Selangor,13,14,27,27,25,True,,13,14,25,True
2023,deepavali,after,904,Terengganu,13,14,21,24,17,True,,13,14,17,True
2023,deepavali,after,904,W.P. Kuala Lumpur,13,14,26,33,24,True,,13,14,24,True
2023,deepavali,after,904,W.P. Labuan,0,0,0,0,0,False,reference_dates_below_4; target_dates_below_4; reference_premises_below_5; target_premises_below_5; common_premises_below_5,0,0,0,False
2023,deepavali,after,904,W.P. Putrajaya,13,14,5,5,4,False,common_premises_below_5,12,14,4,False
2023,deepavali,after,918,Johor,13,14,34,41,28,True,,13,14,28,True
2023,deepavali,after,918,Kedah,13,14,51,46,42,True,,13,14,42,True
2023,deepavali,after,918,Kelantan,13,14,100,101,93,True,,13,14,93,True
2023,deepavali,after,918,Melaka,12,13,11,14,10,True,,12,13,10,True
2023,deepavali,after,918,Negeri Sembilan,13,13,14,13,11,True,,13,13,11,True
2023,deepavali,after,918,Pahang,13,14,59,53,49,True,,13,14,49,True
2023,deepavali,after,918,Perak,13,11,32,30,26,True,,12,11,26,True
2023,deepavali,after,918,Perlis,13,14,31,33,29,True,,13,14,29,True
2023,deepavali,after,918,Pulau Pinang,12,10,36,31,27,True,,12,10,27,True
2023,deepavali,after,918,Sabah,13,14,37,25,21,True,,13,14,21,True
2023,deepavali,after,918,Sarawak,13,14,41,38,27,True,,13,14,27,True
2023,deepavali,after,918,Selangor,13,14,48,47,37,True,,13,14,37,True
2023,deepavali,after,918,Terengganu,13,14,73,63,53,True,,13,14,53,True
2023,deepavali,after,918,W.P. Kuala Lumpur,13,14,36,29,22,True,,13,14,22,True
2023,deepavali,after,918,W.P. Labuan,13,14,6,7,6,True,,13,14,6,True
2023,deepavali,after,918,W.P. Putrajaya,6,6,2,3,2,False,reference_premises_below_5; target_premises_below_5; common_premises_below_5,6,6,2,False
2023,deepavali,after,1589,Johor,4,4,91,92,75,True,,4,4,75,True
2023,deepavali,after,1589,Kedah,2,2,55,53,44,False,reference_dates_below_4; target_dates_below_4,2,2,44,False
2023,deepavali,after,1589,Kelantan,2,2,114,118,104,False,reference_dates_below_4; target_dates_below_4,2,2,104,False
2023,deepavali,after,1589,Melaka,2,2,18,9,7,False,reference_dates_below_4; target_dates_below_4,2,2,7,False
2023,deepavali,after,1589,Negeri Sembilan,2,2,21,24,17,False,reference_dates_below_4; target_dates_below_4,2,2,17,False
2023,deepavali,after,1589,Pahang,3,2,56,63,47,False,reference_dates_below_4; target_dates_below_4,2,2,47,False
2023,deepavali,after,1589,Perak,2,2,67,70,59,False,reference_dates_below_4; target_dates_below_4,2,2,59,False
2023,deepavali,after,1589,Perlis,2,2,21,25,16,False,reference_dates_below_4; target_dates_below_4,2,2,16,False
2023,deepavali,after,1589,Pulau Pinang,2,3,70,64,60,False,reference_dates_below_4; target_dates_below_4,2,3,60,False
2023,deepavali,after,1589,Sabah,2,2,73,67,61,False,reference_dates_below_4; target_dates_below_4,2,2,61,False
2023,deepavali,after,1589,Sarawak,7,6,81,49,41,True,,7,6,41,True
2023,deepavali,after,1589,Selangor,2,2,54,59,44,False,reference_dates_below_4; target_dates_below_4,2,2,44,False
2023,deepavali,after,1589,Terengganu,2,2,52,65,38,False,reference_dates_below_4; target_dates_below_4,2,2,38,False
2023,deepavali,after,1589,W.P. Kuala Lumpur,3,3,76,72,64,False,reference_dates_below_4; target_dates_below_4,3,3,64,False
2023,deepavali,after,1589,W.P. Labuan,2,2,10,4,3,False,reference_dates_below_4; target_dates_below_4; target_premises_below_5; common_premises_below_5,2,2,3,False
2023,deepavali,after,1589,W.P. Putrajaya,2,2,8,14,8,False,reference_dates_below_4; target_dates_below_4,2,2,8,False
2023,deepavali,after,917,Johor,4,4,123,121,120,True,,4,4,120,True
2023,deepavali,after,917,Kedah,2,2,74,74,71,False,reference_dates_below_4; target_dates_below_4,2,2,71,False
2023,deepavali,after,917,Kelantan,2,3,113,117,103,False,reference_dates_below_4; target_dates_below_4,2,2,103,False
2023,deepavali,after,917,Melaka,2,2,26,25,24,False,reference_dates_below_4; target_dates_below_4,2,2,24,False
2023,deepavali,after,917,Negeri Sembilan,2,2,40,42,40,False,reference_dates_below_4; target_dates_below_4,2,2,40,False
2023,deepavali,after,917,Pahang,4,4,81,78,76,True,,4,4,76,True
2023,deepavali,after,917,Perak,2,2,93,96,91,False,reference_dates_below_4; target_dates_below_4,2,2,91,False
2023,deepavali,after,917,Perlis,2,2,38,36,35,False,reference_dates_below_4; target_dates_below_4,2,2,35,False
2023,deepavali,after,917,Pulau Pinang,2,3,79,78,75,False,reference_dates_below_4; target_dates_below_4,2,3,75,False
2023,deepavali,after,917,Sabah,2,2,37,37,25,False,reference_dates_below_4; target_dates_below_4,2,2,25,False
2023,deepavali,after,917,Sarawak,2,2,41,49,36,False,reference_dates_below_4; target_dates_below_4,2,2,36,False
2023,deepavali,after,917,Selangor,2,2,67,73,65,False,reference_dates_below_4; target_dates_below_4,2,2,65,False
2023,deepavali,after,917,Terengganu,2,2,97,96,92,False,reference_dates_below_4; target_dates_below_4,2,2,92,False
2023,deepavali,after,917,W.P. Kuala Lumpur,3,3,96,89,89,False,reference_dates_below_4; target_dates_below_4,3,3,89,False
2023,deepavali,after,917,W.P. Labuan,2,2,8,7,7,False,reference_dates_below_4; target_dates_below_4,2,2,7,False
2023,deepavali,after,917,W.P. Putrajaya,3,2,17,18,15,False,reference_dates_below_4; target_dates_below_4,3,2,15,False
2023,deepavali,after,129,Johor,13,14,123,124,123,True,,13,14,123,True
2023,deepavali,after,129,Kedah,13,14,75,74,74,True,,13,14,74,True
2023,deepavali,after,129,Kelantan,13,14,127,129,125,True,,13,14,125,True
2023,deepavali,after,129,Melaka,13,14,24,26,24,True,,13,14,24,True
2023,deepavali,after,129,Negeri Sembilan,13,14,33,34,32,True,,13,14,32,True
2023,deepavali,after,129,Pahang,13,14,75,73,73,True,,13,14,73,True
2023,deepavali,after,129,Perak,13,14,79,79,78,True,,13,14,78,True
2023,deepavali,after,129,Perlis,13,14,35,36,34,True,,13,14,34,True
2023,deepavali,after,129,Pulau Pinang,13,14,74,76,74,True,,13,14,74,True
2023,deepavali,after,129,Sabah,13,14,130,131,129,True,,13,14,129,True
2023,deepavali,after,129,Sarawak,13,14,140,141,140,True,,13,14,140,True
2023,deepavali,after,129,Selangor,13,14,81,78,78,True,,13,14,78,True
2023,deepavali,after,129,Terengganu,13,14,104,106,104,True,,13,14,104,True
2023,deepavali,after,129,W.P. Kuala Lumpur,13,14,99,100,98,True,,13,14,98,True
2023,deepavali,after,129,W.P. Labuan,13,14,14,14,14,True,,13,14,14,True
2023,deepavali,after,129,W.P. Putrajaya,13,14,19,18,18,True,,13,14,18,True
2023,deepavali,after,1564,Johor,13,14,135,135,135,True,,13,14,135,True
2023,deepavali,after,1564,Kedah,13,14,71,71,70,True,,13,14,70,True
2023,deepavali,after,1564,Kelantan,13,14,68,67,65,True,,13,14,65,True
2023,deepavali,after,1564,Melaka,13,14,27,27,27,True,,13,14,27,True
2023,deepavali,after,1564,Negeri Sembilan,13,14,38,39,37,True,,13,14,37,True
2023,deepavali,after,1564,Pahang,13,14,73,70,69,True,,13,14,69,True
2023,deepavali,after,1564,Perak,13,14,90,90,90,True,,13,14,90,True
2023,deepavali,after,1564,Perlis,13,14,28,27,25,True,,13,14,25,True
2023,deepavali,after,1564,Pulau Pinang,13,14,81,82,81,True,,13,14,81,True
2023,deepavali,after,1564,Sabah,13,14,126,128,125,True,,13,14,125,True
2023,deepavali,after,1564,Sarawak,13,14,133,133,131,True,,13,14,131,True
2023,deepavali,after,1564,Selangor,13,14,81,82,80,True,,13,14,80,True
2023,deepavali,after,1564,Terengganu,13,14,73,72,71,True,,13,14,71,True
2023,deepavali,after,1564,W.P. Kuala Lumpur,13,14,104,104,104,True,,13,14,104,True
2023,deepavali,after,1564,W.P. Labuan,13,14,14,14,14,True,,13,14,14,True
2023,deepavali,after,1564,W.P. Putrajaya,13,14,19,17,17,True,,13,14,17,True
2023,deepavali,after,1131,Johor,13,14,113,114,107,True,,13,14,107,True
2023,deepavali,after,1131,Kedah,13,14,47,45,44,True,,13,14,44,True
2023,deepavali,after,1131,Kelantan,13,14,71,70,65,True,,13,14,65,True
2023,deepavali,after,1131,Melaka,13,14,16,16,16,True,,13,14,16,True
2023,deepavali,after,1131,Negeri Sembilan,13,14,24,25,23,True,,13,14,23,True
2023,deepavali,after,1131,Pahang,13,14,68,70,67,True,,13,14,67,True
2023,deepavali,after,1131,Perak,13,14,81,82,80,True,,13,14,80,True
2023,deepavali,after,1131,Perlis,13,14,27,25,24,True,,13,14,24,True
2023,deepavali,after,1131,Pulau Pinang,13,14,69,70,65,True,,13,14,65,True
2023,deepavali,after,1131,Sabah,13,14,111,112,108,True,,13,14,108,True
2023,deepavali,after,1131,Sarawak,13,14,139,137,136,True,,13,14,136,True
2023,deepavali,after,1131,Selangor,13,14,72,74,72,True,,13,14,72,True
2023,deepavali,after,1131,Terengganu,13,14,73,75,71,True,,13,14,71,True
2023,deepavali,after,1131,W.P. Kuala Lumpur,13,14,80,76,75,True,,13,14,75,True
2023,deepavali,after,1131,W.P. Labuan,13,14,14,14,14,True,,13,14,14,True
2023,deepavali,after,1131,W.P. Putrajaya,13,14,19,20,19,True,,13,14,19,True
2023,deepavali,after,94,Johor,13,14,67,68,60,True,,13,14,60,True
2023,deepavali,after,94,Kedah,13,14,25,25,23,True,,13,14,23,True
2023,deepavali,after,94,Kelantan,13,14,25,25,24,True,,13,14,24,True
2023,deepavali,after,94,Melaka,13,12,3,2,2,False,reference_premises_below_5; target_premises_below_5; common_premises_below_5,9,12,2,False
2023,deepavali,after,94,Negeri Sembilan,13,14,30,31,28,True,,13,14,28,True
2023,deepavali,after,94,Pahang,13,14,72,70,66,True,,13,14,66,True
2023,deepavali,after,94,Perak,13,14,49,47,46,True,,13,14,46,True
2023,deepavali,after,94,Perlis,13,14,17,16,14,True,,13,14,14,True
2023,deepavali,after,94,Pulau Pinang,13,14,41,36,33,True,,13,14,33,True
2023,deepavali,after,94,Sabah,13,14,16,26,12,True,,13,14,12,True
2023,deepavali,after,94,Sarawak,13,14,89,91,83,True,,13,14,83,True
2023,deepavali,after,94,Selangor,13,14,71,70,66,True,,13,14,66,True
2023,deepavali,after,94,Terengganu,13,14,47,44,41,True,,13,14,41,True
2023,deepavali,after,94,W.P. Kuala Lumpur,13,14,84,81,78,True,,13,14,78,True
2023,deepavali,after,94,W.P. Labuan,0,0,0,0,0,False,reference_dates_below_4; target_dates_below_4; reference_premises_below_5; target_premises_below_5; common_premises_below_5,0,0,0,False
2023,deepavali,after,94,W.P. Putrajaya,0,0,0,0,0,False,reference_dates_below_4; target_dates_below_4; reference_premises_below_5; target_premises_below_5; common_premises_below_5,0,0,0,False
2023,deepavali,after,114,Johor,13,14,127,125,124,True,,13,14,124,True
2023,deepavali,after,114,Kedah,13,14,63,63,63,True,,13,14,63,True
2023,deepavali,after,114,Kelantan,13,14,84,83,82,True,,13,14,82,True
2023,deepavali,after,114,Melaka,13,14,25,25,25,True,,13,14,25,True
2023,deepavali,after,114,Negeri Sembilan,13,14,34,35,33,True,,13,14,33,True
2023,deepavali,after,114,Pahang,13,14,78,78,77,True,,13,14,77,True
2023,deepavali,after,114,Perak,13,14,86,85,85,True,,13,14,85,True
2023,deepavali,after,114,Perlis,13,14,21,22,21,True,,13,14,21,True
2023,deepavali,after,114,Pulau Pinang,13,14,76,76,76,True,,13,14,76,True
2023,deepavali,after,114,Sabah,13,14,71,80,64,True,,13,14,64,True
2023,deepavali,after,114,Sarawak,13,14,94,92,88,True,,13,14,88,True
2023,deepavali,after,114,Selangor,13,14,83,84,82,True,,13,14,82,True
2023,deepavali,after,114,Terengganu,13,14,83,81,74,True,,13,14,74,True
2023,deepavali,after,114,W.P. Kuala Lumpur,13,14,112,111,111,True,,13,14,111,True
2023,deepavali,after,114,W.P. Labuan,13,14,8,8,5,True,,13,14,5,True
2023,deepavali,after,114,W.P. Putrajaya,13,14,19,19,19,True,,13,14,19,True
2023,deepavali,after,103,Johor,13,14,24,23,23,True,,13,14,23,True
2023,deepavali,after,103,Kedah,13,14,10,11,10,True,,13,14,10,True
2023,deepavali,after,103,Kelantan,13,14,16,16,13,True,,13,14,13,True
2023,deepavali,after,103,Melaka,0,0,0,0,0,False,reference_dates_below_4; target_dates_below_4; reference_premises_below_5; target_premises_below_5; common_premises_below_5,0,0,0,False
2023,deepavali,after,103,Negeri Sembilan,13,14,17,19,17,True,,13,14,17,True
2023,deepavali,after,103,Pahang,13,14,33,34,33,True,,13,14,33,True
2023,deepavali,after,103,Perak,13,14,43,44,42,True,,13,14,42,True
2023,deepavali,after,103,Perlis,0,1,0,1,0,False,reference_dates_below_4; target_dates_below_4; reference_premises_below_5; target_premises_below_5; common_premises_below_5,0,0,0,False
2023,deepavali,after,103,Pulau Pinang,13,14,23,23,23,True,,13,14,23,True
2023,deepavali,after,103,Sabah,13,14,2,3,2,False,reference_premises_below_5; target_premises_below_5; common_premises_below_5,13,14,2,False
2023,deepavali,after,103,Sarawak,13,14,1,1,1,False,reference_premises_below_5; target_premises_below_5; common_premises_below_5,13,14,1,False
2023,deepavali,after,103,Selangor,13,14,34,37,33,True,,13,14,33,True
2023,deepavali,after,103,Terengganu,13,14,12,10,10,True,,13,14,10,True
2023,deepavali,after,103,W.P. Kuala Lumpur,13,14,41,39,39,True,,13,14,39,True
2023,deepavali,after,103,W.P. Labuan,0,0,0,0,0,False,reference_dates_below_4; target_dates_below_4; reference_premises_below_5; target_premises_below_5; common_premises_below_5,0,0,0,False
2023,deepavali,after,103,W.P. Putrajaya,13,14,7,7,6,True,,13,14,6,True
2023,deepavali,after,1431,Johor,13,14,7,8,7,True,,13,14,7,True
2023,deepavali,after,1431,Kedah,13,14,13,12,12,True,,13,14,12,True
2023,deepavali,after,1431,Kelantan,13,14,18,18,18,True,,13,14,18,True
2023,deepavali,after,1431,Melaka,13,14,6,6,6,True,,13,14,6,True
2023,deepavali,after,1431,Negeri Sembilan,13,14,6,7,6,True,,13,14,6,True
2023,deepavali,after,1431,Pahang,13,14,9,9,9,True,,13,14,9,True
2023,deepavali,after,1431,Perak,13,14,18,18,17,True,,13,14,17,True
2023,deepavali,after,1431,Perlis,13,14,2,2,2,False,reference_premises_below_5; target_premises_below_5; common_premises_below_5,13,14,2,False
2023,deepavali,after,1431,Pulau Pinang,13,14,18,17,17,True,,13,14,17,True
2023,deepavali,after,1431,Sabah,13,14,3,3,3,False,reference_premises_below_5; target_premises_below_5; common_premises_below_5,13,14,3,False
2023,deepavali,after,1431,Sarawak,13,14,3,3,3,False,reference_premises_below_5; target_premises_below_5; common_premises_below_5,13,14,3,False
2023,deepavali,after,1431,Selangor,13,14,11,13,11,True,,13,14,11,True
2023,deepavali,after,1431,Terengganu,13,14,14,15,14,True,,13,14,14,True
2023,deepavali,after,1431,W.P. Kuala Lumpur,13,14,5,6,5,True,,13,14,5,True
2023,deepavali,after,1431,W.P. Labuan,0,0,0,0,0,False,reference_dates_below_4; target_dates_below_4; reference_premises_below_5; target_premises_below_5; common_premises_below_5,0,0,0,False
2023,deepavali,after,1431,W.P. Putrajaya,8,8,2,1,1,False,reference_premises_below_5; target_premises_below_5; common_premises_below_5,7,8,1,False
2023,deepavali,after,1555,Johor,13,14,96,95,87,True,,13,14,87,True
2023,deepavali,after,1555,Kedah,13,14,43,44,43,True,,13,14,43,True
2023,deepavali,after,1555,Kelantan,13,14,67,71,67,True,,13,14,67,True
2023,deepavali,after,1555,Melaka,13,14,20,20,20,True,,13,14,20,True
2023,deepavali,after,1555,Negeri Sembilan,13,14,23,24,23,True,,13,14,23,True
2023,deepavali,after,1555,Pahang,13,14,69,70,67,True,,13,14,67,True
2023,deepavali,after,1555,Perak,13,14,79,78,78,True,,13,14,78,True
2023,deepavali,after,1555,Perlis,13,14,15,14,14,True,,13,14,14,True
2023,deepavali,after,1555,Pulau Pinang,13,14,52,53,49,True,,13,14,49,True
2023,deepavali,after,1555,Sabah,13,14,30,27,26,True,,13,14,26,True
2023,deepavali,after,1555,Sarawak,13,14,41,39,33,True,,13,14,33,True
2023,deepavali,after,1555,Selangor,13,14,72,74,70,True,,13,14,70,True
2023,deepavali,after,1555,Terengganu,13,14,59,55,50,True,,13,14,50,True
2023,deepavali,after,1555,W.P. Kuala Lumpur,13,14,81,77,74,True,,13,14,74,True
2023,deepavali,after,1555,W.P. Labuan,0,0,0,0,0,False,reference_dates_below_4; target_dates_below_4; reference_premises_below_5; target_premises_below_5; common_premises_below_5,0,0,0,False
2023,deepavali,after,1555,W.P. Putrajaya,13,14,14,15,14,True,,13,14,14,True
2023,deepavali,after,193,Johor,2,2,30,32,30,False,reference_dates_below_4; target_dates_below_4,2,2,30,False
2023,deepavali,after,193,Kedah,2,2,81,83,81,False,reference_dates_below_4; target_dates_below_4,2,2,81,False
2023,deepavali,after,193,Kelantan,2,2,10,10,10,False,reference_dates_below_4; target_dates_below_4,2,2,10,False
2023,deepavali,after,193,Melaka,2,2,5,6,5,False,reference_dates_below_4; target_dates_below_4,2,2,5,False
2023,deepavali,after,193,Negeri Sembilan,2,2,21,22,20,False,reference_dates_below_4; target_dates_below_4,2,2,20,False
2023,deepavali,after,193,Pahang,2,2,45,47,44,False,reference_dates_below_4; target_dates_below_4,2,2,44,False
2023,deepavali,after,193,Perak,2,2,84,83,78,False,reference_dates_below_4; target_dates_below_4,2,2,78,False
2023,deepavali,after,193,Perlis,2,2,38,38,36,False,reference_dates_below_4; target_dates_below_4,2,2,36,False
2023,deepavali,after,193,Pulau Pinang,2,2,62,65,61,False,reference_dates_below_4; target_dates_below_4,2,2,61,False
2023,deepavali,after,193,Sabah,2,2,57,57,53,False,reference_dates_below_4; target_dates_below_4,2,2,53,False
2023,deepavali,after,193,Sarawak,7,2,79,86,76,False,target_dates_below_4,7,2,76,False
2023,deepavali,after,193,Selangor,2,2,61,56,55,False,reference_dates_below_4; target_dates_below_4,2,2,55,False
2023,deepavali,after,193,Terengganu,2,2,14,12,12,False,reference_dates_below_4; target_dates_below_4,2,2,12,False
2023,deepavali,after,193,W.P. Kuala Lumpur,3,3,82,79,77,False,reference_dates_below_4; target_dates_below_4,3,3,77,False
2023,deepavali,after,193,W.P. Labuan,2,2,3,2,2,False,reference_dates_below_4; target_dates_below_4; reference_premises_below_5; target_premises_below_5; common_premises_below_5,2,2,2,False
2023,deepavali,after,193,W.P. Putrajaya,2,2,9,10,7,False,reference_dates_below_4; target_dates_below_4,2,2,7,False
2023,ramadan_raya,early_ramadan,1,Johor,14,12,107,106,105,True,,14,12,105,True
2023,ramadan_raya,early_ramadan,1,Kedah,14,13,55,52,52,True,,14,13,52,True
2023,ramadan_raya,early_ramadan,1,Kelantan,14,14,70,71,69,True,,14,14,69,True
2023,ramadan_raya,early_ramadan,1,Melaka,14,13,19,19,19,True,,14,13,19,True
2023,ramadan_raya,early_ramadan,1,Negeri Sembilan,14,14,32,33,32,True,,14,14,32,True
2023,ramadan_raya,early_ramadan,1,Pahang,14,14,73,73,73,True,,14,14,73,True
2023,ramadan_raya,early_ramadan,1,Perak,14,14,81,81,81,True,,14,14,81,True
2023,ramadan_raya,early_ramadan,1,Perlis,14,14,16,15,15,True,,14,14,15,True
2023,ramadan_raya,early_ramadan,1,Pulau Pinang,14,14,65,63,63,True,,14,14,63,True
2023,ramadan_raya,early_ramadan,1,Sabah,14,14,8,9,8,True,,14,14,8,True
2023,ramadan_raya,early_ramadan,1,Sarawak,14,14,14,14,13,True,,14,14,13,True
2023,ramadan_raya,early_ramadan,1,Selangor,14,14,84,85,84,True,,14,14,84,True
2023,ramadan_raya,early_ramadan,1,Terengganu,14,14,74,68,67,True,,14,14,67,True
2023,ramadan_raya,early_ramadan,1,W.P. Kuala Lumpur,14,14,81,82,80,True,,14,14,80,True
2023,ramadan_raya,early_ramadan,1,W.P. Labuan,14,14,1,1,1,False,reference_premises_below_5; target_premises_below_5; common_premises_below_5,14,14,1,False
2023,ramadan_raya,early_ramadan,1,W.P. Putrajaya,14,14,12,14,12,True,,14,14,12,True
2023,ramadan_raya,early_ramadan,1111,Johor,14,12,51,61,46,True,,14,12,46,True
2023,ramadan_raya,early_ramadan,1111,Kedah,14,13,22,20,18,True,,14,13,18,True
2023,ramadan_raya,early_ramadan,1111,Kelantan,14,14,36,44,26,True,,14,14,26,True
2023,ramadan_raya,early_ramadan,1111,Melaka,14,13,16,14,14,True,,14,13,14,True
2023,ramadan_raya,early_ramadan,1111,Negeri Sembilan,14,14,21,19,17,True,,14,14,17,True
2023,ramadan_raya,early_ramadan,1111,Pahang,14,14,46,41,38,True,,14,14,38,True
2023,ramadan_raya,early_ramadan,1111,Perak,14,14,38,47,35,True,,14,14,35,True
2023,ramadan_raya,early_ramadan,1111,Perlis,7,10,2,4,2,False,reference_premises_below_5; target_premises_below_5; common_premises_below_5,7,7,2,False
2023,ramadan_raya,early_ramadan,1111,Pulau Pinang,14,14,27,32,25,True,,14,14,25,True
2023,ramadan_raya,early_ramadan,1111,Sabah,14,14,33,33,26,True,,14,14,26,True
2023,ramadan_raya,early_ramadan,1111,Sarawak,11,14,8,9,7,True,,11,14,7,True
2023,ramadan_raya,early_ramadan,1111,Selangor,14,14,40,36,33,True,,14,14,33,True
2023,ramadan_raya,early_ramadan,1111,Terengganu,14,14,41,46,32,True,,14,14,32,True
2023,ramadan_raya,early_ramadan,1111,W.P. Kuala Lumpur,14,14,49,53,44,True,,14,14,44,True
2023,ramadan_raya,early_ramadan,1111,W.P. Labuan,0,0,0,0,0,False,reference_dates_below_4; target_dates_below_4; reference_premises_below_5; target_premises_below_5; common_premises_below_5,0,0,0,False
2023,ramadan_raya,early_ramadan,1111,W.P. Putrajaya,12,11,5,6,5,True,,12,11,5,True
2023,ramadan_raya,early_ramadan,904,Johor,4,3,29,28,27,False,target_dates_below_4,4,3,27,False
2023,ramadan_raya,early_ramadan,904,Kedah,2,2,45,44,44,False,reference_dates_below_4; target_dates_below_4,2,2,44,False
2023,ramadan_raya,early_ramadan,904,Kelantan,2,2,13,10,8,False,reference_dates_below_4; target_dates_below_4,2,2,8,False
2023,ramadan_raya,early_ramadan,904,Melaka,2,2,6,6,6,False,reference_dates_below_4; target_dates_below_4,2,2,6,False
2023,ramadan_raya,early_ramadan,904,Negeri Sembilan,2,2,13,11,11,False,reference_dates_below_4; target_dates_below_4,2,2,11,False
2023,ramadan_raya,early_ramadan,904,Pahang,2,2,20,20,18,False,reference_dates_below_4; target_dates_below_4,2,2,18,False
2023,ramadan_raya,early_ramadan,904,Perak,2,2,50,46,45,False,reference_dates_below_4; target_dates_below_4,2,2,45,False
2023,ramadan_raya,early_ramadan,904,Perlis,2,2,14,10,10,False,reference_dates_below_4; target_dates_below_4,2,2,10,False
2023,ramadan_raya,early_ramadan,904,Pulau Pinang,2,2,24,24,23,False,reference_dates_below_4; target_dates_below_4,2,2,23,False
2023,ramadan_raya,early_ramadan,904,Sabah,0,0,0,0,0,False,reference_dates_below_4; target_dates_below_4; reference_premises_below_5; target_premises_below_5; common_premises_below_5,0,0,0,False
2023,ramadan_raya,early_ramadan,904,Sarawak,0,0,0,0,0,False,reference_dates_below_4; target_dates_below_4; reference_premises_below_5; target_premises_below_5; common_premises_below_5,0,0,0,False
2023,ramadan_raya,early_ramadan,904,Selangor,2,2,29,29,26,False,reference_dates_below_4; target_dates_below_4,2,2,26,False
2023,ramadan_raya,early_ramadan,904,Terengganu,2,3,28,31,24,False,reference_dates_below_4; target_dates_below_4,2,3,24,False
2023,ramadan_raya,early_ramadan,904,W.P. Kuala Lumpur,2,3,33,33,32,False,reference_dates_below_4; target_dates_below_4,2,3,32,False
2023,ramadan_raya,early_ramadan,904,W.P. Labuan,0,0,0,0,0,False,reference_dates_below_4; target_dates_below_4; reference_premises_below_5; target_premises_below_5; common_premises_below_5,0,0,0,False
2023,ramadan_raya,early_ramadan,904,W.P. Putrajaya,2,2,2,3,2,False,reference_dates_below_4; target_dates_below_4; reference_premises_below_5; target_premises_below_5; common_premises_below_5,2,2,2,False
2023,ramadan_raya,early_ramadan,918,Johor,14,12,49,49,42,True,,14,12,42,True
2023,ramadan_raya,early_ramadan,918,Kedah,14,13,56,53,50,True,,14,13,50,True
2023,ramadan_raya,early_ramadan,918,Kelantan,14,14,108,107,101,True,,14,14,101,True
2023,ramadan_raya,early_ramadan,918,Melaka,14,13,20,18,16,True,,14,13,16,True
2023,ramadan_raya,early_ramadan,918,Negeri Sembilan,14,14,28,25,21,True,,14,14,21,True
2023,ramadan_raya,early_ramadan,918,Pahang,14,14,53,55,45,True,,14,14,45,True
2023,ramadan_raya,early_ramadan,918,Perak,14,14,53,45,39,True,,14,14,39,True
2023,ramadan_raya,early_ramadan,918,Perlis,14,14,33,33,31,True,,14,14,31,True
2023,ramadan_raya,early_ramadan,918,Pulau Pinang,14,14,37,39,32,True,,14,14,32,True
2023,ramadan_raya,early_ramadan,918,Sabah,14,14,22,30,20,True,,14,14,20,True
2023,ramadan_raya,early_ramadan,918,Sarawak,14,14,39,39,31,True,,14,14,31,True
2023,ramadan_raya,early_ramadan,918,Selangor,14,14,60,57,54,True,,14,14,54,True
2023,ramadan_raya,early_ramadan,918,Terengganu,14,14,83,89,77,True,,14,14,77,True
2023,ramadan_raya,early_ramadan,918,W.P. Kuala Lumpur,14,14,59,54,50,True,,14,14,50,True
2023,ramadan_raya,early_ramadan,918,W.P. Labuan,14,14,12,9,9,True,,14,14,9,True
2023,ramadan_raya,early_ramadan,918,W.P. Putrajaya,13,12,5,6,4,False,common_premises_below_5,13,11,4,False
2023,ramadan_raya,early_ramadan,1589,Johor,4,4,129,129,128,True,,4,4,128,True
2023,ramadan_raya,early_ramadan,1589,Kedah,2,3,82,82,81,False,reference_dates_below_4; target_dates_below_4,2,3,81,False
2023,ramadan_raya,early_ramadan,1589,Kelantan,3,2,147,146,146,False,reference_dates_below_4; target_dates_below_4,3,2,146,False
2023,ramadan_raya,early_ramadan,1589,Melaka,3,2,27,27,27,False,reference_dates_below_4; target_dates_below_4,3,2,27,False
2023,ramadan_raya,early_ramadan,1589,Negeri Sembilan,2,2,41,39,39,False,reference_dates_below_4; target_dates_below_4,2,2,39,False
2023,ramadan_raya,early_ramadan,1589,Pahang,4,4,81,80,80,True,,4,4,80,True
2023,ramadan_raya,early_ramadan,1589,Perak,2,2,102,101,100,False,reference_dates_below_4; target_dates_below_4,2,2,100,False
2023,ramadan_raya,early_ramadan,1589,Perlis,2,2,39,39,39,False,reference_dates_below_4; target_dates_below_4,2,2,39,False
2023,ramadan_raya,early_ramadan,1589,Pulau Pinang,2,3,89,87,87,False,reference_dates_below_4; target_dates_below_4,2,3,87,False
2023,ramadan_raya,early_ramadan,1589,Sabah,2,3,92,91,88,False,reference_dates_below_4; target_dates_below_4,2,3,88,False
2023,ramadan_raya,early_ramadan,1589,Sarawak,2,2,118,127,118,False,reference_dates_below_4; target_dates_below_4,2,2,118,False
2023,ramadan_raya,early_ramadan,1589,Selangor,3,2,79,79,78,False,reference_dates_below_4; target_dates_below_4,3,2,78,False
2023,ramadan_raya,early_ramadan,1589,Terengganu,2,3,108,107,107,False,reference_dates_below_4; target_dates_below_4,2,3,107,False
2023,ramadan_raya,early_ramadan,1589,W.P. Kuala Lumpur,2,3,102,100,100,False,reference_dates_below_4; target_dates_below_4,2,3,100,False
2023,ramadan_raya,early_ramadan,1589,W.P. Labuan,2,2,11,11,11,False,reference_dates_below_4; target_dates_below_4,2,2,11,False
2023,ramadan_raya,early_ramadan,1589,W.P. Putrajaya,2,2,20,20,19,False,reference_dates_below_4; target_dates_below_4,2,2,19,False
2023,ramadan_raya,early_ramadan,917,Johor,4,4,120,122,119,True,,4,4,119,True
2023,ramadan_raya,early_ramadan,917,Kedah,2,2,66,65,63,False,reference_dates_below_4; target_dates_below_4,2,2,63,False
2023,ramadan_raya,early_ramadan,917,Kelantan,3,2,106,101,95,False,reference_dates_below_4; target_dates_below_4,2,2,95,False
2023,ramadan_raya,early_ramadan,917,Melaka,3,2,26,23,23,False,reference_dates_below_4; target_dates_below_4,3,2,23,False
2023,ramadan_raya,early_ramadan,917,Negeri Sembilan,2,2,37,39,37,False,reference_dates_below_4; target_dates_below_4,2,2,37,False
2023,ramadan_raya,early_ramadan,917,Pahang,4,4,81,79,79,True,,4,4,79,True
2023,ramadan_raya,early_ramadan,917,Perak,2,2,84,79,78,False,reference_dates_below_4; target_dates_below_4,2,2,78,False
2023,ramadan_raya,early_ramadan,917,Perlis,2,2,36,33,33,False,reference_dates_below_4; target_dates_below_4,2,2,33,False
2023,ramadan_raya,early_ramadan,917,Pulau Pinang,2,3,67,66,65,False,reference_dates_below_4; target_dates_below_4,2,3,65,False
2023,ramadan_raya,early_ramadan,917,Sabah,2,3,38,40,34,False,reference_dates_below_4; target_dates_below_4,2,2,34,False
2023,ramadan_raya,early_ramadan,917,Sarawak,3,2,43,37,36,False,reference_dates_below_4; target_dates_below_4,3,2,36,False
2023,ramadan_raya,early_ramadan,917,Selangor,2,2,69,66,65,False,reference_dates_below_4; target_dates_below_4,2,2,65,False
2023,ramadan_raya,early_ramadan,917,Terengganu,2,3,102,97,97,False,reference_dates_below_4; target_dates_below_4,2,3,97,False
2023,ramadan_raya,early_ramadan,917,W.P. Kuala Lumpur,2,3,92,92,90,False,reference_dates_below_4; target_dates_below_4,2,3,90,False
2023,ramadan_raya,early_ramadan,917,W.P. Labuan,2,2,7,8,7,False,reference_dates_below_4; target_dates_below_4,2,2,7,False
2023,ramadan_raya,early_ramadan,917,W.P. Putrajaya,2,2,19,18,18,False,reference_dates_below_4; target_dates_below_4,2,2,18,False
2023,ramadan_raya,early_ramadan,129,Johor,14,12,125,122,122,True,,14,12,122,True
2023,ramadan_raya,early_ramadan,129,Kedah,14,13,77,75,75,True,,14,13,75,True
2023,ramadan_raya,early_ramadan,129,Kelantan,14,14,126,127,124,True,,14,14,124,True
2023,ramadan_raya,early_ramadan,129,Melaka,14,13,24,25,24,True,,14,13,24,True
2023,ramadan_raya,early_ramadan,129,Negeri Sembilan,14,14,34,35,34,True,,14,14,34,True
2023,ramadan_raya,early_ramadan,129,Pahang,14,14,77,77,77,True,,14,14,77,True
2023,ramadan_raya,early_ramadan,129,Perak,14,14,81,80,80,True,,14,14,80,True
2023,ramadan_raya,early_ramadan,129,Perlis,14,14,34,32,32,True,,14,14,32,True
2023,ramadan_raya,early_ramadan,129,Pulau Pinang,14,14,72,71,71,True,,14,14,71,True
2023,ramadan_raya,early_ramadan,129,Sabah,14,14,131,132,129,True,,14,14,129,True
2023,ramadan_raya,early_ramadan,129,Sarawak,14,14,141,140,140,True,,14,14,140,True
2023,ramadan_raya,early_ramadan,129,Selangor,14,14,84,84,84,True,,14,14,84,True
2023,ramadan_raya,early_ramadan,129,Terengganu,14,14,104,103,103,True,,14,14,103,True
2023,ramadan_raya,early_ramadan,129,W.P. Kuala Lumpur,14,14,100,99,99,True,,14,14,99,True
2023,ramadan_raya,early_ramadan,129,W.P. Labuan,14,14,14,14,14,True,,14,14,14,True
2023,ramadan_raya,early_ramadan,129,W.P. Putrajaya,14,14,18,18,18,True,,14,14,18,True
2023,ramadan_raya,early_ramadan,1564,Johor,14,12,134,135,134,True,,14,12,134,True
2023,ramadan_raya,early_ramadan,1564,Kedah,14,13,76,75,75,True,,14,13,75,True
2023,ramadan_raya,early_ramadan,1564,Kelantan,14,14,75,74,73,True,,14,14,73,True
2023,ramadan_raya,early_ramadan,1564,Melaka,14,13,27,27,27,True,,14,13,27,True
2023,ramadan_raya,early_ramadan,1564,Negeri Sembilan,14,14,40,41,40,True,,14,14,40,True
2023,ramadan_raya,early_ramadan,1564,Pahang,14,14,73,73,73,True,,14,14,73,True
2023,ramadan_raya,early_ramadan,1564,Perak,14,14,90,90,90,True,,14,14,90,True
2023,ramadan_raya,early_ramadan,1564,Perlis,14,14,29,28,27,True,,14,14,27,True
2023,ramadan_raya,early_ramadan,1564,Pulau Pinang,14,14,81,81,81,True,,14,14,81,True
2023,ramadan_raya,early_ramadan,1564,Sabah,14,14,133,132,132,True,,14,14,132,True
2023,ramadan_raya,early_ramadan,1564,Sarawak,14,14,137,134,134,True,,14,14,134,True
2023,ramadan_raya,early_ramadan,1564,Selangor,14,14,85,87,85,True,,14,14,85,True
2023,ramadan_raya,early_ramadan,1564,Terengganu,14,14,79,83,78,True,,14,14,78,True
2023,ramadan_raya,early_ramadan,1564,W.P. Kuala Lumpur,14,14,106,104,104,True,,14,14,104,True
2023,ramadan_raya,early_ramadan,1564,W.P. Labuan,14,14,14,14,14,True,,14,14,14,True
2023,ramadan_raya,early_ramadan,1564,W.P. Putrajaya,14,14,17,17,16,True,,14,14,16,True
2023,ramadan_raya,early_ramadan,1131,Johor,14,12,114,106,106,True,,14,12,106,True
2023,ramadan_raya,early_ramadan,1131,Kedah,14,13,50,48,47,True,,14,13,47,True
2023,ramadan_raya,early_ramadan,1131,Kelantan,14,14,62,62,56,True,,14,14,56,True
2023,ramadan_raya,early_ramadan,1131,Melaka,14,13,18,19,18,True,,14,13,18,True
2023,ramadan_raya,early_ramadan,1131,Negeri Sembilan,14,14,28,29,28,True,,14,14,28,True
2023,ramadan_raya,early_ramadan,1131,Pahang,14,14,72,68,68,True,,14,14,68,True
2023,ramadan_raya,early_ramadan,1131,Perak,14,14,74,73,71,True,,14,14,71,True
2023,ramadan_raya,early_ramadan,1131,Perlis,14,14,24,22,21,True,,14,14,21,True
2023,ramadan_raya,early_ramadan,1131,Pulau Pinang,14,14,45,40,30,True,,14,14,30,True
2023,ramadan_raya,early_ramadan,1131,Sabah,14,14,117,113,110,True,,14,14,110,True
2023,ramadan_raya,early_ramadan,1131,Sarawak,14,14,138,138,135,True,,14,14,135,True
2023,ramadan_raya,early_ramadan,1131,Selangor,14,14,79,78,78,True,,14,14,78,True
2023,ramadan_raya,early_ramadan,1131,Terengganu,14,14,73,73,70,True,,14,14,70,True
2023,ramadan_raya,early_ramadan,1131,W.P. Kuala Lumpur,14,14,83,76,75,True,,14,14,75,True
2023,ramadan_raya,early_ramadan,1131,W.P. Labuan,14,14,14,14,14,True,,14,14,14,True
2023,ramadan_raya,early_ramadan,1131,W.P. Putrajaya,14,14,19,19,19,True,,14,14,19,True
2023,ramadan_raya,early_ramadan,94,Johor,14,12,59,63,58,True,,14,12,58,True
2023,ramadan_raya,early_ramadan,94,Kedah,14,13,23,23,22,True,,14,13,22,True
2023,ramadan_raya,early_ramadan,94,Kelantan,14,14,23,21,21,True,,14,14,21,True
2023,ramadan_raya,early_ramadan,94,Melaka,14,8,1,1,0,False,reference_premises_below_5; target_premises_below_5; common_premises_below_5,0,0,0,False
2023,ramadan_raya,early_ramadan,94,Negeri Sembilan,14,14,31,30,30,True,,14,14,30,True
2023,ramadan_raya,early_ramadan,94,Pahang,14,14,64,66,62,True,,14,14,62,True
2023,ramadan_raya,early_ramadan,94,Perak,14,14,46,45,43,True,,14,14,43,True
2023,ramadan_raya,early_ramadan,94,Perlis,14,14,15,17,14,True,,14,14,14,True
2023,ramadan_raya,early_ramadan,94,Pulau Pinang,14,14,35,33,32,True,,14,14,32,True
2023,ramadan_raya,early_ramadan,94,Sabah,14,14,20,24,18,True,,14,14,18,True
2023,ramadan_raya,early_ramadan,94,Sarawak,14,14,90,91,88,True,,14,14,88,True
2023,ramadan_raya,early_ramadan,94,Selangor,14,14,76,74,73,True,,14,14,73,True
2023,ramadan_raya,early_ramadan,94,Terengganu,14,14,52,46,46,True,,14,14,46,True
2023,ramadan_raya,early_ramadan,94,W.P. Kuala Lumpur,14,14,82,82,78,True,,14,14,78,True
2023,ramadan_raya,early_ramadan,94,W.P. Labuan,0,0,0,0,0,False,reference_dates_below_4; target_dates_below_4; reference_premises_below_5; target_premises_below_5; common_premises_below_5,0,0,0,False
2023,ramadan_raya,early_ramadan,94,W.P. Putrajaya,14,14,5,6,4,False,common_premises_below_5,14,14,4,False
2023,ramadan_raya,early_ramadan,114,Johor,14,13,122,122,119,True,,14,13,119,True
2023,ramadan_raya,early_ramadan,114,Kedah,14,13,64,63,63,True,,14,13,63,True
2023,ramadan_raya,early_ramadan,114,Kelantan,14,14,84,84,83,True,,14,14,83,True
2023,ramadan_raya,early_ramadan,114,Melaka,14,13,25,25,25,True,,14,13,25,True
2023,ramadan_raya,early_ramadan,114,Negeri Sembilan,14,14,35,36,35,True,,14,14,35,True
2023,ramadan_raya,early_ramadan,114,Pahang,14,14,80,80,80,True,,14,14,80,True
2023,ramadan_raya,early_ramadan,114,Perak,14,14,86,86,86,True,,14,14,86,True
2023,ramadan_raya,early_ramadan,114,Perlis,14,14,20,20,20,True,,14,14,20,True
2023,ramadan_raya,early_ramadan,114,Pulau Pinang,14,14,77,76,76,True,,14,14,76,True
2023,ramadan_raya,early_ramadan,114,Sabah,14,14,68,70,63,True,,14,14,63,True
2023,ramadan_raya,early_ramadan,114,Sarawak,14,14,98,91,86,True,,14,14,86,True
2023,ramadan_raya,early_ramadan,114,Selangor,14,14,89,90,89,True,,14,14,89,True
2023,ramadan_raya,early_ramadan,114,Terengganu,14,14,71,71,68,True,,14,14,68,True
2023,ramadan_raya,early_ramadan,114,W.P. Kuala Lumpur,14,14,112,113,112,True,,14,14,112,True
2023,ramadan_raya,early_ramadan,114,W.P. Labuan,11,14,4,8,3,False,reference_premises_below_5; common_premises_below_5,10,14,3,False
2023,ramadan_raya,early_ramadan,114,W.P. Putrajaya,14,14,18,19,18,True,,14,14,18,True
2023,ramadan_raya,early_ramadan,103,Johor,14,12,18,20,18,True,,14,12,18,True
2023,ramadan_raya,early_ramadan,103,Kedah,14,13,10,10,10,True,,14,13,10,True
2023,ramadan_raya,early_ramadan,103,Kelantan,14,14,19,21,19,True,,14,14,19,True
2023,ramadan_raya,early_ramadan,103,Melaka,2,2,1,1,1,False,reference_dates_below_4; target_dates_below_4; reference_premises_below_5; target_premises_below_5; common_premises_below_5,2,2,1,False
2023,ramadan_raya,early_ramadan,103,Negeri Sembilan,14,14,18,19,18,True,,14,14,18,True
2023,ramadan_raya,early_ramadan,103,Pahang,14,14,31,33,31,True,,14,14,31,True
2023,ramadan_raya,early_ramadan,103,Perak,14,14,46,45,45,True,,14,14,45,True
2023,ramadan_raya,early_ramadan,103,Perlis,0,0,0,0,0,False,reference_dates_below_4; target_dates_below_4; reference_premises_below_5; target_premises_below_5; common_premises_below_5,0,0,0,False
2023,ramadan_raya,early_ramadan,103,Pulau Pinang,14,14,25,23,23,True,,14,14,23,True
2023,ramadan_raya,early_ramadan,103,Sabah,14,14,2,2,2,False,reference_premises_below_5; target_premises_below_5; common_premises_below_5,14,14,2,False
2023,ramadan_raya,early_ramadan,103,Sarawak,14,14,2,2,2,False,reference_premises_below_5; target_premises_below_5; common_premises_below_5,14,14,2,False
2023,ramadan_raya,early_ramadan,103,Selangor,14,14,38,41,38,True,,14,14,38,True
2023,ramadan_raya,early_ramadan,103,Terengganu,14,14,11,11,11,True,,14,14,11,True
2023,ramadan_raya,early_ramadan,103,W.P. Kuala Lumpur,14,14,39,40,39,True,,14,14,39,True
2023,ramadan_raya,early_ramadan,103,W.P. Labuan,0,0,0,0,0,False,reference_dates_below_4; target_dates_below_4; reference_premises_below_5; target_premises_below_5; common_premises_below_5,0,0,0,False
2023,ramadan_raya,early_ramadan,103,W.P. Putrajaya,14,14,6,5,5,True,,14,14,5,True
2023,ramadan_raya,early_ramadan,1431,Johor,14,12,7,10,7,True,,14,12,7,True
2023,ramadan_raya,early_ramadan,1431,Kedah,14,13,12,16,12,True,,14,13,12,True
2023,ramadan_raya,early_ramadan,1431,Kelantan,14,14,18,18,18,True,,14,14,18,True
2023,ramadan_raya,early_ramadan,1431,Melaka,14,13,7,7,7,True,,14,13,7,True
2023,ramadan_raya,early_ramadan,1431,Negeri Sembilan,14,14,9,8,8,True,,14,14,8,True
2023,ramadan_raya,early_ramadan,1431,Pahang,14,14,9,9,9,True,,14,14,9,True
2023,ramadan_raya,early_ramadan,1431,Perak,14,14,20,21,20,True,,14,14,20,True
2023,ramadan_raya,early_ramadan,1431,Perlis,14,14,5,5,5,True,,14,14,5,True
2023,ramadan_raya,early_ramadan,1431,Pulau Pinang,14,14,15,16,15,True,,14,14,15,True
2023,ramadan_raya,early_ramadan,1431,Sabah,14,14,3,3,2,False,reference_premises_below_5; target_premises_below_5; common_premises_below_5,14,14,2,False
2023,ramadan_raya,early_ramadan,1431,Sarawak,14,14,4,4,4,False,reference_premises_below_5; target_premises_below_5; common_premises_below_5,14,14,4,False
2023,ramadan_raya,early_ramadan,1431,Selangor,14,14,16,16,15,True,,14,14,15,True
2023,ramadan_raya,early_ramadan,1431,Terengganu,14,14,16,15,14,True,,14,14,14,True
2023,ramadan_raya,early_ramadan,1431,W.P. Kuala Lumpur,14,14,5,4,4,False,target_premises_below_5; common_premises_below_5,14,14,4,False
2023,ramadan_raya,early_ramadan,1431,W.P. Labuan,0,0,0,0,0,False,reference_dates_below_4; target_dates_below_4; reference_premises_below_5; target_premises_below_5; common_premises_below_5,0,0,0,False
2023,ramadan_raya,early_ramadan,1431,W.P. Putrajaya,6,8,1,1,1,False,reference_premises_below_5; target_premises_below_5; common_premises_below_5,6,8,1,False
2023,ramadan_raya,early_ramadan,1555,Johor,14,12,92,92,89,True,,14,12,89,True
2023,ramadan_raya,early_ramadan,1555,Kedah,14,13,42,43,42,True,,14,13,42,True
2023,ramadan_raya,early_ramadan,1555,Kelantan,14,14,70,72,69,True,,14,14,69,True
2023,ramadan_raya,early_ramadan,1555,Melaka,14,13,19,20,19,True,,14,13,19,True
2023,ramadan_raya,early_ramadan,1555,Negeri Sembilan,14,14,24,24,24,True,,14,14,24,True
2023,ramadan_raya,early_ramadan,1555,Pahang,14,14,71,69,69,True,,14,14,69,True
2023,ramadan_raya,early_ramadan,1555,Perak,14,14,79,79,79,True,,14,14,79,True
2023,ramadan_raya,early_ramadan,1555,Perlis,14,14,14,14,14,True,,14,14,14,True
2023,ramadan_raya,early_ramadan,1555,Pulau Pinang,14,14,51,48,47,True,,14,14,47,True
2023,ramadan_raya,early_ramadan,1555,Sabah,14,14,35,33,33,True,,14,14,33,True
2023,ramadan_raya,early_ramadan,1555,Sarawak,14,14,36,33,29,True,,14,14,29,True
2023,ramadan_raya,early_ramadan,1555,Selangor,14,14,79,82,79,True,,14,14,79,True
2023,ramadan_raya,early_ramadan,1555,Terengganu,14,14,53,54,47,True,,14,14,47,True
2023,ramadan_raya,early_ramadan,1555,W.P. Kuala Lumpur,14,14,84,85,80,True,,14,14,80,True
2023,ramadan_raya,early_ramadan,1555,W.P. Labuan,0,0,0,0,0,False,reference_dates_below_4; target_dates_below_4; reference_premises_below_5; target_premises_below_5; common_premises_below_5,0,0,0,False
2023,ramadan_raya,early_ramadan,1555,W.P. Putrajaya,14,14,15,15,14,True,,14,14,14,True
2023,ramadan_raya,early_ramadan,193,Johor,2,2,29,30,28,False,reference_dates_below_4; target_dates_below_4,2,2,28,False
2023,ramadan_raya,early_ramadan,193,Kedah,2,3,81,82,78,False,reference_dates_below_4; target_dates_below_4,2,3,78,False
2023,ramadan_raya,early_ramadan,193,Kelantan,2,2,10,8,8,False,reference_dates_below_4; target_dates_below_4,2,2,8,False
2023,ramadan_raya,early_ramadan,193,Melaka,2,2,5,4,4,False,reference_dates_below_4; target_dates_below_4; target_premises_below_5; common_premises_below_5,2,2,4,False
2023,ramadan_raya,early_ramadan,193,Negeri Sembilan,2,2,23,23,21,False,reference_dates_below_4; target_dates_below_4,2,2,21,False
2023,ramadan_raya,early_ramadan,193,Pahang,2,2,48,46,44,False,reference_dates_below_4; target_dates_below_4,2,2,44,False
2023,ramadan_raya,early_ramadan,193,Perak,2,2,78,78,75,False,reference_dates_below_4; target_dates_below_4,2,2,75,False
2023,ramadan_raya,early_ramadan,193,Perlis,2,2,34,32,32,False,reference_dates_below_4; target_dates_below_4,2,2,32,False
2023,ramadan_raya,early_ramadan,193,Pulau Pinang,2,3,60,62,59,False,reference_dates_below_4; target_dates_below_4,2,3,59,False
2023,ramadan_raya,early_ramadan,193,Sabah,2,3,61,62,58,False,reference_dates_below_4; target_dates_below_4,2,3,58,False
2023,ramadan_raya,early_ramadan,193,Sarawak,3,2,75,80,72,False,reference_dates_below_4; target_dates_below_4,3,2,72,False
2023,ramadan_raya,early_ramadan,193,Selangor,2,2,57,59,54,False,reference_dates_below_4; target_dates_below_4,2,2,54,False
2023,ramadan_raya,early_ramadan,193,Terengganu,2,2,12,11,11,False,reference_dates_below_4; target_dates_below_4,2,2,11,False
2023,ramadan_raya,early_ramadan,193,W.P. Kuala Lumpur,2,3,79,77,76,False,reference_dates_below_4; target_dates_below_4,2,3,76,False
2023,ramadan_raya,early_ramadan,193,W.P. Labuan,2,2,6,6,6,False,reference_dates_below_4; target_dates_below_4,2,2,6,False
2023,ramadan_raya,early_ramadan,193,W.P. Putrajaya,2,2,11,9,9,False,reference_dates_below_4; target_dates_below_4,2,2,9,False
2023,ramadan_raya,raya_lead_up,1,Johor,14,13,107,107,106,True,,14,13,106,True
2023,ramadan_raya,raya_lead_up,1,Kedah,14,13,55,52,52,True,,14,13,52,True
2023,ramadan_raya,raya_lead_up,1,Kelantan,14,11,70,70,68,True,,14,11,68,True
2023,ramadan_raya,raya_lead_up,1,Melaka,14,12,19,19,19,True,,14,12,19,True
2023,ramadan_raya,raya_lead_up,1,Negeri Sembilan,14,13,32,32,32,True,,14,13,32,True
2023,ramadan_raya,raya_lead_up,1,Pahang,14,12,73,72,72,True,,14,12,72,True
2023,ramadan_raya,raya_lead_up,1,Perak,14,12,81,81,81,True,,14,12,81,True
2023,ramadan_raya,raya_lead_up,1,Perlis,14,12,16,15,15,True,,14,12,15,True
2023,ramadan_raya,raya_lead_up,1,Pulau Pinang,14,12,65,63,63,True,,14,12,63,True
2023,ramadan_raya,raya_lead_up,1,Sabah,14,13,8,8,8,True,,14,13,8,True
2023,ramadan_raya,raya_lead_up,1,Sarawak,14,13,14,14,12,True,,14,13,12,True
2023,ramadan_raya,raya_lead_up,1,Selangor,14,12,84,85,84,True,,14,12,84,True
2023,ramadan_raya,raya_lead_up,1,Terengganu,14,12,74,69,67,True,,14,12,67,True
2023,ramadan_raya,raya_lead_up,1,W.P. Kuala Lumpur,14,12,81,84,78,True,,14,12,78,True
2023,ramadan_raya,raya_lead_up,1,W.P. Labuan,14,12,1,1,1,False,reference_premises_below_5; target_premises_below_5; common_premises_below_5,14,12,1,False
2023,ramadan_raya,raya_lead_up,1,W.P. Putrajaya,14,12,12,13,12,True,,14,12,12,True
2023,ramadan_raya,raya_lead_up,1111,Johor,14,13,51,75,49,True,,14,13,49,True
2023,ramadan_raya,raya_lead_up,1111,Kedah,14,13,22,23,19,True,,14,13,19,True
2023,ramadan_raya,raya_lead_up,1111,Kelantan,14,11,36,50,27,True,,14,11,27,True
2023,ramadan_raya,raya_lead_up,1111,Melaka,14,12,16,16,15,True,,14,12,15,True
2023,ramadan_raya,raya_lead_up,1111,Negeri Sembilan,14,13,21,23,18,True,,14,13,18,True
2023,ramadan_raya,raya_lead_up,1111,Pahang,14,12,46,46,43,True,,14,12,43,True
2023,ramadan_raya,raya_lead_up,1111,Perak,14,12,38,48,35,True,,14,12,35,True
2023,ramadan_raya,raya_lead_up,1111,Perlis,7,9,2,3,2,False,reference_premises_below_5; target_premises_below_5; common_premises_below_5,7,8,2,False
2023,ramadan_raya,raya_lead_up,1111,Pulau Pinang,14,12,27,33,25,True,,14,12,25,True
2023,ramadan_raya,raya_lead_up,1111,Sabah,14,13,33,29,23,True,,14,13,23,True
2023,ramadan_raya,raya_lead_up,1111,Sarawak,11,13,8,12,7,True,,11,13,7,True
2023,ramadan_raya,raya_lead_up,1111,Selangor,14,12,40,39,34,True,,14,12,34,True
2023,ramadan_raya,raya_lead_up,1111,Terengganu,14,12,41,51,34,True,,14,12,34,True
2023,ramadan_raya,raya_lead_up,1111,W.P. Kuala Lumpur,14,12,49,55,44,True,,14,12,44,True
2023,ramadan_raya,raya_lead_up,1111,W.P. Labuan,0,0,0,0,0,False,reference_dates_below_4; target_dates_below_4; reference_premises_below_5; target_premises_below_5; common_premises_below_5,0,0,0,False
2023,ramadan_raya,raya_lead_up,1111,W.P. Putrajaya,12,12,5,8,5,True,,12,12,5,True
2023,ramadan_raya,raya_lead_up,904,Johor,4,4,29,32,27,True,,2,4,27,False
2023,ramadan_raya,raya_lead_up,904,Kedah,2,3,45,44,44,False,reference_dates_below_4; target_dates_below_4,2,3,44,False
2023,ramadan_raya,raya_lead_up,904,Kelantan,2,3,13,12,9,False,reference_dates_below_4; target_dates_below_4,2,3,9,False
2023,ramadan_raya,raya_lead_up,904,Melaka,2,3,6,6,6,False,reference_dates_below_4; target_dates_below_4,2,3,6,False
2023,ramadan_raya,raya_lead_up,904,Negeri Sembilan,2,3,13,14,12,False,reference_dates_below_4; target_dates_below_4,2,3,12,False
2023,ramadan_raya,raya_lead_up,904,Pahang,2,4,20,20,17,False,reference_dates_below_4,2,4,17,False
2023,ramadan_raya,raya_lead_up,904,Perak,2,3,50,52,50,False,reference_dates_below_4; target_dates_below_4,2,3,50,False
2023,ramadan_raya,raya_lead_up,904,Perlis,2,3,14,14,13,False,reference_dates_below_4; target_dates_below_4,2,3,13,False
2023,ramadan_raya,raya_lead_up,904,Pulau Pinang,2,4,24,26,23,False,reference_dates_below_4,2,4,23,False
2023,ramadan_raya,raya_lead_up,904,Sabah,0,0,0,0,0,False,reference_dates_below_4; target_dates_below_4; reference_premises_below_5; target_premises_below_5; common_premises_below_5,0,0,0,False
2023,ramadan_raya,raya_lead_up,904,Sarawak,0,0,0,0,0,False,reference_dates_below_4; target_dates_below_4; reference_premises_below_5; target_premises_below_5; common_premises_below_5,0,0,0,False
2023,ramadan_raya,raya_lead_up,904,Selangor,2,3,29,31,28,False,reference_dates_below_4; target_dates_below_4,2,3,28,False
2023,ramadan_raya,raya_lead_up,904,Terengganu,2,3,28,30,22,False,reference_dates_below_4; target_dates_below_4,2,3,22,False
2023,ramadan_raya,raya_lead_up,904,W.P. Kuala Lumpur,2,3,33,34,32,False,reference_dates_below_4; target_dates_below_4,2,3,32,False
2023,ramadan_raya,raya_lead_up,904,W.P. Labuan,0,0,0,0,0,False,reference_dates_below_4; target_dates_below_4; reference_premises_below_5; target_premises_below_5; common_premises_below_5,0,0,0,False
2023,ramadan_raya,raya_lead_up,904,W.P. Putrajaya,2,3,2,4,2,False,reference_dates_below_4; target_dates_below_4; reference_premises_below_5; target_premises_below_5; common_premises_below_5,2,3,2,False
2023,ramadan_raya,raya_lead_up,918,Johor,14,13,49,52,40,True,,14,13,40,True
2023,ramadan_raya,raya_lead_up,918,Kedah,14,13,56,60,50,True,,14,13,50,True
2023,ramadan_raya,raya_lead_up,918,Kelantan,14,11,108,114,106,True,,14,11,106,True
2023,ramadan_raya,raya_lead_up,918,Melaka,14,12,20,17,16,True,,14,12,16,True
2023,ramadan_raya,raya_lead_up,918,Negeri Sembilan,14,13,28,22,18,True,,14,13,18,True
2023,ramadan_raya,raya_lead_up,918,Pahang,14,12,53,60,48,True,,14,12,48,True
2023,ramadan_raya,raya_lead_up,918,Perak,14,12,53,46,38,True,,14,12,38,True
2023,ramadan_raya,raya_lead_up,918,Perlis,14,12,33,36,33,True,,14,12,33,True
2023,ramadan_raya,raya_lead_up,918,Pulau Pinang,14,12,37,40,28,True,,14,12,28,True
2023,ramadan_raya,raya_lead_up,918,Sabah,14,13,22,28,18,True,,14,13,18,True
2023,ramadan_raya,raya_lead_up,918,Sarawak,14,13,39,41,32,True,,14,13,32,True
2023,ramadan_raya,raya_lead_up,918,Selangor,14,12,60,67,57,True,,14,12,57,True
2023,ramadan_raya,raya_lead_up,918,Terengganu,14,12,83,88,73,True,,14,12,73,True
2023,ramadan_raya,raya_lead_up,918,W.P. Kuala Lumpur,14,12,59,49,44,True,,14,12,44,True
2023,ramadan_raya,raya_lead_up,918,W.P. Labuan,14,12,12,11,11,True,,14,12,11,True
2023,ramadan_raya,raya_lead_up,918,W.P. Putrajaya,13,12,5,8,5,True,,13,12,5,True
2023,ramadan_raya,raya_lead_up,1589,Johor,4,6,129,130,129,True,,4,6,129,True
2023,ramadan_raya,raya_lead_up,1589,Kedah,2,3,82,83,81,False,reference_dates_below_4; target_dates_below_4,2,3,81,False
2023,ramadan_raya,raya_lead_up,1589,Kelantan,3,3,147,146,146,False,reference_dates_below_4; target_dates_below_4,3,3,146,False
2023,ramadan_raya,raya_lead_up,1589,Melaka,3,3,27,27,27,False,reference_dates_below_4; target_dates_below_4,3,3,27,False
2023,ramadan_raya,raya_lead_up,1589,Negeri Sembilan,2,3,41,42,41,False,reference_dates_below_4; target_dates_below_4,2,3,41,False
2023,ramadan_raya,raya_lead_up,1589,Pahang,4,6,81,80,80,True,,4,6,80,True
2023,ramadan_raya,raya_lead_up,1589,Perak,2,3,102,102,101,False,reference_dates_below_4; target_dates_below_4,2,3,101,False
2023,ramadan_raya,raya_lead_up,1589,Perlis,2,3,39,38,38,False,reference_dates_below_4; target_dates_below_4,2,3,38,False
2023,ramadan_raya,raya_lead_up,1589,Pulau Pinang,2,5,89,87,85,False,reference_dates_below_4,2,5,85,False
2023,ramadan_raya,raya_lead_up,1589,Sabah,2,3,92,91,87,False,reference_dates_below_4; target_dates_below_4,2,3,87,False
2023,ramadan_raya,raya_lead_up,1589,Sarawak,2,4,118,127,116,False,reference_dates_below_4,2,4,116,False
2023,ramadan_raya,raya_lead_up,1589,Selangor,3,4,79,86,77,False,reference_dates_below_4,3,4,77,False
2023,ramadan_raya,raya_lead_up,1589,Terengganu,2,3,108,107,107,False,reference_dates_below_4; target_dates_below_4,2,3,107,False
2023,ramadan_raya,raya_lead_up,1589,W.P. Kuala Lumpur,2,3,102,103,99,False,reference_dates_below_4; target_dates_below_4,2,3,99,False
2023,ramadan_raya,raya_lead_up,1589,W.P. Labuan,2,3,11,11,11,False,reference_dates_below_4; target_dates_below_4,2,3,11,False
2023,ramadan_raya,raya_lead_up,1589,W.P. Putrajaya,2,3,20,21,20,False,reference_dates_below_4; target_dates_below_4,2,3,20,False
2023,ramadan_raya,raya_lead_up,917,Johor,4,7,120,123,119,True,,4,7,119,True
2023,ramadan_raya,raya_lead_up,917,Kedah,2,3,66,65,62,False,reference_dates_below_4; target_dates_below_4,2,3,62,False
2023,ramadan_raya,raya_lead_up,917,Kelantan,3,3,106,105,95,False,reference_dates_below_4; target_dates_below_4,2,3,95,False
2023,ramadan_raya,raya_lead_up,917,Melaka,3,3,26,21,21,False,reference_dates_below_4; target_dates_below_4,2,3,21,False
2023,ramadan_raya,raya_lead_up,917,Negeri Sembilan,2,3,37,39,37,False,reference_dates_below_4; target_dates_below_4,2,3,37,False
2023,ramadan_raya,raya_lead_up,917,Pahang,4,5,81,78,78,True,,4,5,78,True
2023,ramadan_raya,raya_lead_up,917,Perak,2,3,84,87,80,False,reference_dates_below_4; target_dates_below_4,2,3,80,False
2023,ramadan_raya,raya_lead_up,917,Perlis,2,3,36,34,33,False,reference_dates_below_4; target_dates_below_4,2,3,33,False
2023,ramadan_raya,raya_lead_up,917,Pulau Pinang,2,5,67,67,65,False,reference_dates_below_4,2,5,65,False
2023,ramadan_raya,raya_lead_up,917,Sabah,2,3,38,37,29,False,reference_dates_below_4; target_dates_below_4,2,3,29,False
2023,ramadan_raya,raya_lead_up,917,Sarawak,3,3,43,39,36,False,reference_dates_below_4; target_dates_below_4,3,3,36,False
2023,ramadan_raya,raya_lead_up,917,Selangor,2,4,69,73,65,False,reference_dates_below_4,2,4,65,False
2023,ramadan_raya,raya_lead_up,917,Terengganu,2,3,102,94,93,False,reference_dates_below_4; target_dates_below_4,2,3,93,False
2023,ramadan_raya,raya_lead_up,917,W.P. Kuala Lumpur,2,3,92,95,88,False,reference_dates_below_4; target_dates_below_4,2,3,88,False
2023,ramadan_raya,raya_lead_up,917,W.P. Labuan,2,3,7,6,5,False,reference_dates_below_4; target_dates_below_4,2,3,5,False
2023,ramadan_raya,raya_lead_up,917,W.P. Putrajaya,2,3,19,18,17,False,reference_dates_below_4; target_dates_below_4,2,3,17,False
2023,ramadan_raya,raya_lead_up,129,Johor,14,13,125,121,121,True,,14,13,121,True
2023,ramadan_raya,raya_lead_up,129,Kedah,14,13,77,76,75,True,,14,13,75,True
2023,ramadan_raya,raya_lead_up,129,Kelantan,14,11,126,129,124,True,,14,11,124,True
2023,ramadan_raya,raya_lead_up,129,Melaka,14,12,24,25,24,True,,14,12,24,True
2023,ramadan_raya,raya_lead_up,129,Negeri Sembilan,14,13,34,35,34,True,,14,13,34,True
2023,ramadan_raya,raya_lead_up,129,Pahang,14,12,77,78,77,True,,14,12,77,True
2023,ramadan_raya,raya_lead_up,129,Perak,14,12,81,81,79,True,,14,12,79,True
2023,ramadan_raya,raya_lead_up,129,Perlis,14,12,34,34,33,True,,14,12,33,True
2023,ramadan_raya,raya_lead_up,129,Pulau Pinang,14,12,72,73,72,True,,14,12,72,True
2023,ramadan_raya,raya_lead_up,129,Sabah,14,13,131,131,129,True,,14,13,129,True
2023,ramadan_raya,raya_lead_up,129,Sarawak,14,13,141,140,137,True,,14,13,137,True
2023,ramadan_raya,raya_lead_up,129,Selangor,14,12,84,84,84,True,,14,12,84,True
2023,ramadan_raya,raya_lead_up,129,Terengganu,14,12,104,104,102,True,,14,12,102,True
2023,ramadan_raya,raya_lead_up,129,W.P. Kuala Lumpur,14,12,100,100,98,True,,14,12,98,True
2023,ramadan_raya,raya_lead_up,129,W.P. Labuan,14,12,14,14,14,True,,14,12,14,True
2023,ramadan_raya,raya_lead_up,129,W.P. Putrajaya,14,12,18,18,18,True,,14,12,18,True
2023,ramadan_raya,raya_lead_up,1564,Johor,14,13,134,136,134,True,,14,13,134,True
2023,ramadan_raya,raya_lead_up,1564,Kedah,14,13,76,74,74,True,,14,13,74,True
2023,ramadan_raya,raya_lead_up,1564,Kelantan,14,11,75,77,72,True,,14,11,72,True
2023,ramadan_raya,raya_lead_up,1564,Melaka,14,12,27,27,27,True,,14,12,27,True
2023,ramadan_raya,raya_lead_up,1564,Negeri Sembilan,14,13,40,40,39,True,,14,13,39,True
2023,ramadan_raya,raya_lead_up,1564,Pahang,14,12,73,76,73,True,,14,12,73,True
2023,ramadan_raya,raya_lead_up,1564,Perak,14,12,90,90,90,True,,14,12,90,True
2023,ramadan_raya,raya_lead_up,1564,Perlis,14,12,29,28,27,True,,14,12,27,True
2023,ramadan_raya,raya_lead_up,1564,Pulau Pinang,14,12,81,82,81,True,,14,12,81,True
2023,ramadan_raya,raya_lead_up,1564,Sabah,14,13,133,131,130,True,,14,13,130,True
2023,ramadan_raya,raya_lead_up,1564,Sarawak,14,13,137,135,134,True,,14,13,134,True
2023,ramadan_raya,raya_lead_up,1564,Selangor,14,12,85,87,85,True,,14,12,85,True
2023,ramadan_raya,raya_lead_up,1564,Terengganu,14,12,79,82,76,True,,14,12,76,True
2023,ramadan_raya,raya_lead_up,1564,W.P. Kuala Lumpur,14,12,106,104,102,True,,14,12,102,True
2023,ramadan_raya,raya_lead_up,1564,W.P. Labuan,14,12,14,14,14,True,,14,12,14,True
2023,ramadan_raya,raya_lead_up,1564,W.P. Putrajaya,14,12,17,18,17,True,,14,12,17,True
2023,ramadan_raya,raya_lead_up,1131,Johor,14,13,114,110,103,True,,14,13,103,True
2023,ramadan_raya,raya_lead_up,1131,Kedah,14,13,50,49,44,True,,14,13,44,True
2023,ramadan_raya,raya_lead_up,1131,Kelantan,14,11,62,69,57,True,,14,11,57,True
2023,ramadan_raya,raya_lead_up,1131,Melaka,14,12,18,20,17,True,,14,12,17,True
2023,ramadan_raya,raya_lead_up,1131,Negeri Sembilan,14,13,28,35,27,True,,14,13,27,True
2023,ramadan_raya,raya_lead_up,1131,Pahang,14,12,72,71,68,True,,14,12,68,True
2023,ramadan_raya,raya_lead_up,1131,Perak,14,12,74,76,69,True,,14,12,69,True
2023,ramadan_raya,raya_lead_up,1131,Perlis,14,12,24,21,21,True,,14,12,21,True
2023,ramadan_raya,raya_lead_up,1131,Pulau Pinang,14,12,45,50,32,True,,14,12,32,True
2023,ramadan_raya,raya_lead_up,1131,Sabah,14,13,117,115,110,True,,14,13,110,True
2023,ramadan_raya,raya_lead_up,1131,Sarawak,14,13,138,142,136,True,,14,13,136,True
2023,ramadan_raya,raya_lead_up,1131,Selangor,14,12,79,79,76,True,,14,12,76,True
2023,ramadan_raya,raya_lead_up,1131,Terengganu,14,12,73,72,67,True,,14,12,67,True
2023,ramadan_raya,raya_lead_up,1131,W.P. Kuala Lumpur,14,12,83,84,75,True,,14,12,75,True
2023,ramadan_raya,raya_lead_up,1131,W.P. Labuan,14,12,14,14,14,True,,14,12,14,True
2023,ramadan_raya,raya_lead_up,1131,W.P. Putrajaya,14,12,19,19,19,True,,14,12,19,True
2023,ramadan_raya,raya_lead_up,94,Johor,14,13,59,62,55,True,,14,13,55,True
2023,ramadan_raya,raya_lead_up,94,Kedah,14,13,23,24,22,True,,14,13,22,True
2023,ramadan_raya,raya_lead_up,94,Kelantan,14,11,23,21,20,True,,14,11,20,True
2023,ramadan_raya,raya_lead_up,94,Melaka,14,4,1,1,0,False,reference_premises_below_5; target_premises_below_5; common_premises_below_5,0,0,0,False
2023,ramadan_raya,raya_lead_up,94,Negeri Sembilan,14,13,31,29,29,True,,14,13,29,True
2023,ramadan_raya,raya_lead_up,94,Pahang,14,12,64,66,62,True,,14,12,62,True
2023,ramadan_raya,raya_lead_up,94,Perak,14,12,46,46,42,True,,14,12,42,True
2023,ramadan_raya,raya_lead_up,94,Perlis,14,12,15,14,13,True,,14,12,13,True
2023,ramadan_raya,raya_lead_up,94,Pulau Pinang,14,12,35,33,31,True,,14,12,31,True
2023,ramadan_raya,raya_lead_up,94,Sabah,14,13,20,25,15,True,,14,13,15,True
2023,ramadan_raya,raya_lead_up,94,Sarawak,14,13,90,87,81,True,,14,13,81,True
2023,ramadan_raya,raya_lead_up,94,Selangor,14,12,76,72,70,True,,14,12,70,True
2023,ramadan_raya,raya_lead_up,94,Terengganu,14,11,52,44,42,True,,14,11,42,True
2023,ramadan_raya,raya_lead_up,94,W.P. Kuala Lumpur,14,12,82,83,77,True,,14,12,77,True
2023,ramadan_raya,raya_lead_up,94,W.P. Labuan,0,3,0,1,0,False,reference_dates_below_4; target_dates_below_4; reference_premises_below_5; target_premises_below_5; common_premises_below_5,0,0,0,False
2023,ramadan_raya,raya_lead_up,94,W.P. Putrajaya,14,12,5,5,4,False,common_premises_below_5,14,12,4,False
2023,ramadan_raya,raya_lead_up,114,Johor,14,13,122,123,119,True,,14,13,119,True
2023,ramadan_raya,raya_lead_up,114,Kedah,14,13,64,65,64,True,,14,13,64,True
2023,ramadan_raya,raya_lead_up,114,Kelantan,14,11,84,84,83,True,,14,11,83,True
2023,ramadan_raya,raya_lead_up,114,Melaka,14,12,25,25,25,True,,14,12,25,True
2023,ramadan_raya,raya_lead_up,114,Negeri Sembilan,14,13,35,36,35,True,,14,13,35,True
2023,ramadan_raya,raya_lead_up,114,Pahang,14,12,80,80,80,True,,14,12,80,True
2023,ramadan_raya,raya_lead_up,114,Perak,14,12,86,86,86,True,,14,12,86,True
2023,ramadan_raya,raya_lead_up,114,Perlis,14,12,20,20,20,True,,14,12,20,True
2023,ramadan_raya,raya_lead_up,114,Pulau Pinang,14,12,77,77,77,True,,14,12,77,True
2023,ramadan_raya,raya_lead_up,114,Sabah,14,13,68,82,64,True,,14,13,64,True
2023,ramadan_raya,raya_lead_up,114,Sarawak,14,13,98,97,89,True,,14,13,89,True
2023,ramadan_raya,raya_lead_up,114,Selangor,14,12,89,90,89,True,,14,12,89,True
2023,ramadan_raya,raya_lead_up,114,Terengganu,14,12,71,75,65,True,,14,12,65,True
2023,ramadan_raya,raya_lead_up,114,W.P. Kuala Lumpur,14,12,112,113,111,True,,14,12,111,True
2023,ramadan_raya,raya_lead_up,114,W.P. Labuan,11,12,4,8,4,False,reference_premises_below_5; common_premises_below_5,11,12,4,False
2023,ramadan_raya,raya_lead_up,114,W.P. Putrajaya,14,12,18,19,18,True,,14,12,18,True
2023,ramadan_raya,raya_lead_up,103,Johor,14,13,18,21,18,True,,14,13,18,True
2023,ramadan_raya,raya_lead_up,103,Kedah,14,13,10,10,10,True,,14,13,10,True
2023,ramadan_raya,raya_lead_up,103,Kelantan,14,11,19,21,18,True,,14,11,18,True
2023,ramadan_raya,raya_lead_up,103,Melaka,2,2,1,1,1,False,reference_dates_below_4; target_dates_below_4; reference_premises_below_5; target_premises_below_5; common_premises_below_5,2,2,1,False
2023,ramadan_raya,raya_lead_up,103,Negeri Sembilan,14,13,18,20,18,True,,14,13,18,True
2023,ramadan_raya,raya_lead_up,103,Pahang,14,12,31,32,31,True,,14,12,31,True
2023,ramadan_raya,raya_lead_up,103,Perak,14,12,46,42,42,True,,14,12,42,True
2023,ramadan_raya,raya_lead_up,103,Perlis,0,0,0,0,0,False,reference_dates_below_4; target_dates_below_4; reference_premises_below_5; target_premises_below_5; common_premises_below_5,0,0,0,False
2023,ramadan_raya,raya_lead_up,103,Pulau Pinang,14,12,25,24,24,True,,14,12,24,True
2023,ramadan_raya,raya_lead_up,103,Sabah,14,13,2,2,2,False,reference_premises_below_5; target_premises_below_5; common_premises_below_5,14,13,2,False
2023,ramadan_raya,raya_lead_up,103,Sarawak,14,13,2,1,1,False,reference_premises_below_5; target_premises_below_5; common_premises_below_5,14,13,1,False
2023,ramadan_raya,raya_lead_up,103,Selangor,14,12,38,40,35,True,,14,12,35,True
2023,ramadan_raya,raya_lead_up,103,Terengganu,14,11,11,11,11,True,,14,11,11,True
2023,ramadan_raya,raya_lead_up,103,W.P. Kuala Lumpur,14,12,39,43,39,True,,14,12,39,True
2023,ramadan_raya,raya_lead_up,103,W.P. Labuan,0,0,0,0,0,False,reference_dates_below_4; target_dates_below_4; reference_premises_below_5; target_premises_below_5; common_premises_below_5,0,0,0,False
2023,ramadan_raya,raya_lead_up,103,W.P. Putrajaya,14,12,6,8,6,True,,14,12,6,True
2023,ramadan_raya,raya_lead_up,1431,Johor,14,13,7,11,7,True,,14,13,7,True
2023,ramadan_raya,raya_lead_up,1431,Kedah,14,13,12,16,12,True,,14,13,12,True
2023,ramadan_raya,raya_lead_up,1431,Kelantan,14,11,18,18,18,True,,14,11,18,True
2023,ramadan_raya,raya_lead_up,1431,Melaka,14,12,7,7,6,True,,14,12,6,True
2023,ramadan_raya,raya_lead_up,1431,Negeri Sembilan,14,13,9,9,8,True,,14,13,8,True
2023,ramadan_raya,raya_lead_up,1431,Pahang,14,12,9,10,9,True,,14,12,9,True
2023,ramadan_raya,raya_lead_up,1431,Perak,14,12,20,20,18,True,,14,12,18,True
2023,ramadan_raya,raya_lead_up,1431,Perlis,14,12,5,6,5,True,,14,12,5,True
2023,ramadan_raya,raya_lead_up,1431,Pulau Pinang,14,12,15,18,15,True,,14,12,15,True
2023,ramadan_raya,raya_lead_up,1431,Sabah,14,13,3,2,2,False,reference_premises_below_5; target_premises_below_5; common_premises_below_5,14,13,2,False
2023,ramadan_raya,raya_lead_up,1431,Sarawak,14,13,4,4,4,False,reference_premises_below_5; target_premises_below_5; common_premises_below_5,14,13,4,False
2023,ramadan_raya,raya_lead_up,1431,Selangor,14,12,16,18,14,True,,14,12,14,True
2023,ramadan_raya,raya_lead_up,1431,Terengganu,14,12,16,18,16,True,,14,12,16,True
2023,ramadan_raya,raya_lead_up,1431,W.P. Kuala Lumpur,14,12,5,7,5,True,,14,12,5,True
2023,ramadan_raya,raya_lead_up,1431,W.P. Labuan,0,0,0,0,0,False,reference_dates_below_4; target_dates_below_4; reference_premises_below_5; target_premises_below_5; common_premises_below_5,0,0,0,False
2023,ramadan_raya,raya_lead_up,1431,W.P. Putrajaya,6,6,1,1,1,False,reference_premises_below_5; target_premises_below_5; common_premises_below_5,6,6,1,False
2023,ramadan_raya,raya_lead_up,1555,Johor,14,13,92,89,86,True,,14,13,86,True
2023,ramadan_raya,raya_lead_up,1555,Kedah,14,13,42,43,41,True,,14,13,41,True
2023,ramadan_raya,raya_lead_up,1555,Kelantan,14,11,70,71,68,True,,14,11,68,True
2023,ramadan_raya,raya_lead_up,1555,Melaka,14,12,19,21,19,True,,14,12,19,True
2023,ramadan_raya,raya_lead_up,1555,Negeri Sembilan,14,13,24,24,24,True,,14,13,24,True
2023,ramadan_raya,raya_lead_up,1555,Pahang,14,12,71,69,68,True,,14,12,68,True
2023,ramadan_raya,raya_lead_up,1555,Perak,14,12,79,79,79,True,,14,12,79,True
2023,ramadan_raya,raya_lead_up,1555,Perlis,14,12,14,13,13,True,,14,12,13,True
2023,ramadan_raya,raya_lead_up,1555,Pulau Pinang,14,12,51,52,48,True,,14,12,48,True
2023,ramadan_raya,raya_lead_up,1555,Sabah,14,13,35,33,32,True,,14,13,32,True
2023,ramadan_raya,raya_lead_up,1555,Sarawak,14,13,36,34,28,True,,14,13,28,True
2023,ramadan_raya,raya_lead_up,1555,Selangor,14,12,79,82,79,True,,14,12,79,True
2023,ramadan_raya,raya_lead_up,1555,Terengganu,14,12,53,58,46,True,,14,12,46,True
2023,ramadan_raya,raya_lead_up,1555,W.P. Kuala Lumpur,14,12,84,88,79,True,,14,12,79,True
2023,ramadan_raya,raya_lead_up,1555,W.P. Labuan,0,0,0,0,0,False,reference_dates_below_4; target_dates_below_4; reference_premises_below_5; target_premises_below_5; common_premises_below_5,0,0,0,False
2023,ramadan_raya,raya_lead_up,1555,W.P. Putrajaya,14,12,15,14,13,True,,14,12,13,True
2023,ramadan_raya,raya_lead_up,193,Johor,2,4,29,32,29,False,reference_dates_below_4,2,4,29,False
2023,ramadan_raya,raya_lead_up,193,Kedah,2,3,81,81,76,False,reference_dates_below_4; target_dates_below_4,2,3,76,False
2023,ramadan_raya,raya_lead_up,193,Kelantan,2,3,10,8,8,False,reference_dates_below_4; target_dates_below_4,2,3,8,False
2023,ramadan_raya,raya_lead_up,193,Melaka,2,3,5,5,5,False,reference_dates_below_4; target_dates_below_4,2,3,5,False
2023,ramadan_raya,raya_lead_up,193,Negeri Sembilan,2,3,23,26,22,False,reference_dates_below_4; target_dates_below_4,2,3,22,False
2023,ramadan_raya,raya_lead_up,193,Pahang,2,3,48,51,47,False,reference_dates_below_4; target_dates_below_4,2,3,47,False
2023,ramadan_raya,raya_lead_up,193,Perak,2,3,78,78,75,False,reference_dates_below_4; target_dates_below_4,2,3,75,False
2023,ramadan_raya,raya_lead_up,193,Perlis,2,3,34,34,34,False,reference_dates_below_4; target_dates_below_4,2,3,34,False
2023,ramadan_raya,raya_lead_up,193,Pulau Pinang,2,5,60,61,57,False,reference_dates_below_4,2,5,57,False
2023,ramadan_raya,raya_lead_up,193,Sabah,2,3,61,60,55,False,reference_dates_below_4; target_dates_below_4,2,3,55,False
2023,ramadan_raya,raya_lead_up,193,Sarawak,3,4,75,84,72,False,reference_dates_below_4,3,4,72,False
2023,ramadan_raya,raya_lead_up,193,Selangor,2,4,57,62,56,False,reference_dates_below_4,2,4,56,False
2023,ramadan_raya,raya_lead_up,193,Terengganu,2,3,12,13,12,False,reference_dates_below_4; target_dates_below_4,2,3,12,False
2023,ramadan_raya,raya_lead_up,193,W.P. Kuala Lumpur,2,3,79,79,75,False,reference_dates_below_4; target_dates_below_4,2,3,75,False
2023,ramadan_raya,raya_lead_up,193,W.P. Labuan,2,3,6,6,6,False,reference_dates_below_4; target_dates_below_4,2,3,6,False
2023,ramadan_raya,raya_lead_up,193,W.P. Putrajaya,2,3,11,9,9,False,reference_dates_below_4; target_dates_below_4,2,3,9,False
2023,ramadan_raya,after_raya,1,Johor,14,11,107,107,106,True,,14,11,106,True
2023,ramadan_raya,after_raya,1,Kedah,14,11,55,50,50,True,,14,11,50,True
2023,ramadan_raya,after_raya,1,Kelantan,14,10,70,71,68,True,,14,10,68,True
2023,ramadan_raya,after_raya,1,Melaka,14,11,19,19,19,True,,14,11,19,True
2023,ramadan_raya,after_raya,1,Negeri Sembilan,14,11,32,32,32,True,,14,11,32,True
2023,ramadan_raya,after_raya,1,Pahang,14,11,73,71,71,True,,14,11,71,True
2023,ramadan_raya,after_raya,1,Perak,14,11,81,82,81,True,,14,11,81,True
2023,ramadan_raya,after_raya,1,Perlis,14,11,16,15,15,True,,14,11,15,True
2023,ramadan_raya,after_raya,1,Pulau Pinang,14,11,65,63,63,True,,14,11,63,True
2023,ramadan_raya,after_raya,1,Sabah,14,11,8,7,7,True,,14,11,7,True
2023,ramadan_raya,after_raya,1,Sarawak,14,11,14,14,12,True,,14,11,12,True
2023,ramadan_raya,after_raya,1,Selangor,14,11,84,84,84,True,,14,11,84,True
2023,ramadan_raya,after_raya,1,Terengganu,14,10,74,63,62,True,,14,10,62,True
2023,ramadan_raya,after_raya,1,W.P. Kuala Lumpur,14,11,81,83,78,True,,14,11,78,True
2023,ramadan_raya,after_raya,1,W.P. Labuan,14,11,1,1,1,False,reference_premises_below_5; target_premises_below_5; common_premises_below_5,14,11,1,False
2023,ramadan_raya,after_raya,1,W.P. Putrajaya,14,11,12,12,12,True,,14,11,12,True
2023,ramadan_raya,after_raya,1111,Johor,14,11,51,64,42,True,,14,11,42,True
2023,ramadan_raya,after_raya,1111,Kedah,14,11,22,21,18,True,,14,11,18,True
2023,ramadan_raya,after_raya,1111,Kelantan,14,10,36,40,25,True,,14,10,25,True
2023,ramadan_raya,after_raya,1111,Melaka,14,11,16,15,14,True,,14,11,14,True
2023,ramadan_raya,after_raya,1111,Negeri Sembilan,14,11,21,23,19,True,,14,11,19,True
2023,ramadan_raya,after_raya,1111,Pahang,14,11,46,47,41,True,,14,11,41,True
2023,ramadan_raya,after_raya,1111,Perak,14,11,38,48,34,True,,14,11,34,True
2023,ramadan_raya,after_raya,1111,Perlis,7,5,2,1,1,False,reference_premises_below_5; target_premises_below_5; common_premises_below_5,6,5,1,False
2023,ramadan_raya,after_raya,1111,Pulau Pinang,14,11,27,30,24,True,,14,11,24,True
2023,ramadan_raya,after_raya,1111,Sabah,14,11,33,34,25,True,,14,11,25,True
2023,ramadan_raya,after_raya,1111,Sarawak,11,11,8,14,7,True,,11,11,7,True
2023,ramadan_raya,after_raya,1111,Selangor,14,11,40,40,33,True,,14,11,33,True
2023,ramadan_raya,after_raya,1111,Terengganu,14,10,41,47,30,True,,14,10,30,True
2023,ramadan_raya,after_raya,1111,W.P. Kuala Lumpur,14,11,49,53,43,True,,14,11,43,True
2023,ramadan_raya,after_raya,1111,W.P. Labuan,0,0,0,0,0,False,reference_dates_below_4; target_dates_below_4; reference_premises_below_5; target_premises_below_5; common_premises_below_5,0,0,0,False
2023,ramadan_raya,after_raya,1111,W.P. Putrajaya,12,11,5,6,5,True,,12,11,5,True
2023,ramadan_raya,after_raya,904,Johor,4,2,29,29,24,False,target_dates_below_4,2,2,24,False
2023,ramadan_raya,after_raya,904,Kedah,2,1,45,32,32,False,reference_dates_below_4; target_dates_below_4,2,1,32,False
2023,ramadan_raya,after_raya,904,Kelantan,2,2,13,7,6,False,reference_dates_below_4; target_dates_below_4,2,1,6,False
2023,ramadan_raya,after_raya,904,Melaka,2,1,6,5,5,False,reference_dates_below_4; target_dates_below_4,2,1,5,False
2023,ramadan_raya,after_raya,904,Negeri Sembilan,2,1,13,11,10,False,reference_dates_below_4; target_dates_below_4,2,1,10,False
2023,ramadan_raya,after_raya,904,Pahang,2,1,20,15,14,False,reference_dates_below_4; target_dates_below_4,2,1,14,False
2023,ramadan_raya,after_raya,904,Perak,2,2,50,39,38,False,reference_dates_below_4; target_dates_below_4,2,2,38,False
2023,ramadan_raya,after_raya,904,Perlis,2,1,14,14,13,False,reference_dates_below_4; target_dates_below_4,2,1,13,False
2023,ramadan_raya,after_raya,904,Pulau Pinang,2,2,24,22,20,False,reference_dates_below_4; target_dates_below_4,2,2,20,False
2023,ramadan_raya,after_raya,904,Sabah,0,0,0,0,0,False,reference_dates_below_4; target_dates_below_4; reference_premises_below_5; target_premises_below_5; common_premises_below_5,0,0,0,False
2023,ramadan_raya,after_raya,904,Sarawak,0,0,0,0,0,False,reference_dates_below_4; target_dates_below_4; reference_premises_below_5; target_premises_below_5; common_premises_below_5,0,0,0,False
2023,ramadan_raya,after_raya,904,Selangor,2,1,29,27,24,False,reference_dates_below_4; target_dates_below_4,2,1,24,False
2023,ramadan_raya,after_raya,904,Terengganu,2,1,28,25,19,False,reference_dates_below_4; target_dates_below_4,2,1,19,False
2023,ramadan_raya,after_raya,904,W.P. Kuala Lumpur,2,1,33,31,29,False,reference_dates_below_4; target_dates_below_4,2,1,29,False
2023,ramadan_raya,after_raya,904,W.P. Labuan,0,0,0,0,0,False,reference_dates_below_4; target_dates_below_4; reference_premises_below_5; target_premises_below_5; common_premises_below_5,0,0,0,False
2023,ramadan_raya,after_raya,904,W.P. Putrajaya,2,1,2,4,2,False,reference_dates_below_4; target_dates_below_4; reference_premises_below_5; target_premises_below_5; common_premises_below_5,2,1,2,False
2023,ramadan_raya,after_raya,918,Johor,14,11,49,41,33,True,,14,11,33,True
2023,ramadan_raya,after_raya,918,Kedah,14,11,56,55,48,True,,14,11,48,True
2023,ramadan_raya,after_raya,918,Kelantan,14,10,108,108,102,True,,14,10,102,True
2023,ramadan_raya,after_raya,918,Melaka,14,11,20,18,17,True,,14,11,17,True
2023,ramadan_raya,after_raya,918,Negeri Sembilan,14,11,28,23,18,True,,14,11,18,True
2023,ramadan_raya,after_raya,918,Pahang,14,11,53,52,46,True,,14,11,46,True
2023,ramadan_raya,after_raya,918,Perak,14,11,53,34,30,True,,14,11,30,True
2023,ramadan_raya,after_raya,918,Perlis,14,11,33,35,32,True,,14,11,32,True
2023,ramadan_raya,after_raya,918,Pulau Pinang,14,11,37,35,27,True,,13,11,27,True
2023,ramadan_raya,after_raya,918,Sabah,14,11,22,24,17,True,,14,11,17,True
2023,ramadan_raya,after_raya,918,Sarawak,14,11,39,40,29,True,,14,11,29,True
2023,ramadan_raya,after_raya,918,Selangor,14,11,60,50,42,True,,14,11,42,True
2023,ramadan_raya,after_raya,918,Terengganu,14,10,83,82,72,True,,14,10,72,True
2023,ramadan_raya,after_raya,918,W.P. Kuala Lumpur,14,11,59,50,44,True,,14,11,44,True
2023,ramadan_raya,after_raya,918,W.P. Labuan,14,11,12,8,8,True,,14,11,8,True
2023,ramadan_raya,after_raya,918,W.P. Putrajaya,13,10,5,3,1,False,target_premises_below_5; common_premises_below_5,11,10,1,False
2023,ramadan_raya,after_raya,1589,Johor,4,2,129,127,126,False,target_dates_below_4,4,2,126,False
2023,ramadan_raya,after_raya,1589,Kedah,2,1,82,82,79,False,reference_dates_below_4; target_dates_below_4,2,1,79,False
2023,ramadan_raya,after_raya,1589,Kelantan,3,2,147,134,134,False,reference_dates_below_4; target_dates_below_4,2,2,134,False
2023,ramadan_raya,after_raya,1589,Melaka,3,1,27,25,25,False,reference_dates_below_4; target_dates_below_4,3,1,25,False
2023,ramadan_raya,after_raya,1589,Negeri Sembilan,2,1,41,40,40,False,reference_dates_below_4; target_dates_below_4,2,1,40,False
2023,ramadan_raya,after_raya,1589,Pahang,4,2,81,77,77,False,target_dates_below_4,4,2,77,False
2023,ramadan_raya,after_raya,1589,Perak,2,2,102,96,95,False,reference_dates_below_4; target_dates_below_4,2,2,95,False
2023,ramadan_raya,after_raya,1589,Perlis,2,1,39,38,38,False,reference_dates_below_4; target_dates_below_4,2,1,38,False
2023,ramadan_raya,after_raya,1589,Pulau Pinang,2,3,89,87,84,False,reference_dates_below_4; target_dates_below_4,2,3,84,False
2023,ramadan_raya,after_raya,1589,Sabah,2,3,92,91,86,False,reference_dates_below_4; target_dates_below_4,2,3,86,False
2023,ramadan_raya,after_raya,1589,Sarawak,2,1,118,122,112,False,reference_dates_below_4; target_dates_below_4,2,1,112,False
2023,ramadan_raya,after_raya,1589,Selangor,3,2,79,88,77,False,reference_dates_below_4; target_dates_below_4,3,2,77,False
2023,ramadan_raya,after_raya,1589,Terengganu,2,1,108,96,96,False,reference_dates_below_4; target_dates_below_4,2,1,96,False
2023,ramadan_raya,after_raya,1589,W.P. Kuala Lumpur,2,2,102,102,98,False,reference_dates_below_4; target_dates_below_4,2,2,98,False
2023,ramadan_raya,after_raya,1589,W.P. Labuan,2,1,11,11,11,False,reference_dates_below_4; target_dates_below_4,2,1,11,False
2023,ramadan_raya,after_raya,1589,W.P. Putrajaya,2,1,20,18,17,False,reference_dates_below_4; target_dates_below_4,2,1,17,False
2023,ramadan_raya,after_raya,917,Johor,4,3,120,116,113,False,target_dates_below_4,4,3,113,False
2023,ramadan_raya,after_raya,917,Kedah,2,1,66,61,58,False,reference_dates_below_4; target_dates_below_4,2,1,58,False
2023,ramadan_raya,after_raya,917,Kelantan,3,2,106,95,83,False,reference_dates_below_4; target_dates_below_4,2,1,83,False
2023,ramadan_raya,after_raya,917,Melaka,3,1,26,24,24,False,reference_dates_below_4; target_dates_below_4,2,1,24,False
2023,ramadan_raya,after_raya,917,Negeri Sembilan,2,1,37,38,36,False,reference_dates_below_4; target_dates_below_4,2,1,36,False
2023,ramadan_raya,after_raya,917,Pahang,4,2,81,79,78,False,target_dates_below_4,4,2,78,False
2023,ramadan_raya,after_raya,917,Perak,2,2,84,76,72,False,reference_dates_below_4; target_dates_below_4,2,2,72,False
2023,ramadan_raya,after_raya,917,Perlis,2,1,36,32,32,False,reference_dates_below_4; target_dates_below_4,2,1,32,False
2023,ramadan_raya,after_raya,917,Pulau Pinang,2,2,67,67,64,False,reference_dates_below_4; target_dates_below_4,2,2,64,False
2023,ramadan_raya,after_raya,917,Sabah,2,2,38,32,25,False,reference_dates_below_4; target_dates_below_4,2,2,25,False
2023,ramadan_raya,after_raya,917,Sarawak,3,1,43,35,33,False,reference_dates_below_4; target_dates_below_4,3,1,33,False
2023,ramadan_raya,after_raya,917,Selangor,2,2,69,73,64,False,reference_dates_below_4; target_dates_below_4,2,2,64,False
2023,ramadan_raya,after_raya,917,Terengganu,2,1,102,91,90,False,reference_dates_below_4; target_dates_below_4,2,1,90,False
2023,ramadan_raya,after_raya,917,W.P. Kuala Lumpur,2,2,92,92,86,False,reference_dates_below_4; target_dates_below_4,2,2,86,False
2023,ramadan_raya,after_raya,917,W.P. Labuan,2,1,7,7,5,False,reference_dates_below_4; target_dates_below_4,2,1,5,False
2023,ramadan_raya,after_raya,917,W.P. Putrajaya,2,1,19,15,15,False,reference_dates_below_4; target_dates_below_4,2,1,15,False
2023,ramadan_raya,after_raya,129,Johor,14,11,125,120,120,True,,14,11,120,True
2023,ramadan_raya,after_raya,129,Kedah,14,11,77,72,71,True,,14,11,71,True
2023,ramadan_raya,after_raya,129,Kelantan,14,10,126,119,115,True,,14,10,115,True
2023,ramadan_raya,after_raya,129,Melaka,14,11,24,23,23,True,,14,11,23,True
2023,ramadan_raya,after_raya,129,Negeri Sembilan,14,11,34,35,34,True,,14,11,34,True
2023,ramadan_raya,after_raya,129,Pahang,14,11,77,75,74,True,,14,11,74,True
2023,ramadan_raya,after_raya,129,Perak,14,11,81,76,75,True,,14,11,75,True
2023,ramadan_raya,after_raya,129,Perlis,14,11,34,32,31,True,,14,11,31,True
2023,ramadan_raya,after_raya,129,Pulau Pinang,14,11,72,72,70,True,,14,11,70,True
2023,ramadan_raya,after_raya,129,Sabah,14,11,131,129,128,True,,14,11,128,True
2023,ramadan_raya,after_raya,129,Sarawak,14,11,141,134,131,True,,14,11,131,True
2023,ramadan_raya,after_raya,129,Selangor,14,11,84,82,82,True,,14,11,82,True
2023,ramadan_raya,after_raya,129,Terengganu,14,10,104,96,95,True,,14,10,95,True
2023,ramadan_raya,after_raya,129,W.P. Kuala Lumpur,14,11,100,97,95,True,,14,11,95,True
2023,ramadan_raya,after_raya,129,W.P. Labuan,14,11,14,13,13,True,,14,11,13,True
2023,ramadan_raya,after_raya,129,W.P. Putrajaya,14,11,18,19,18,True,,14,11,18,True
2023,ramadan_raya,after_raya,1564,Johor,14,11,134,136,133,True,,14,11,133,True
2023,ramadan_raya,after_raya,1564,Kedah,14,11,76,74,73,True,,14,11,73,True
2023,ramadan_raya,after_raya,1564,Kelantan,14,10,75,75,70,True,,14,10,70,True
2023,ramadan_raya,after_raya,1564,Melaka,14,11,27,27,27,True,,14,11,27,True
2023,ramadan_raya,after_raya,1564,Negeri Sembilan,14,11,40,41,39,True,,14,11,39,True
2023,ramadan_raya,after_raya,1564,Pahang,14,11,73,76,73,True,,14,11,73,True
2023,ramadan_raya,after_raya,1564,Perak,14,11,90,88,88,True,,14,11,88,True
2023,ramadan_raya,after_raya,1564,Perlis,14,11,29,27,27,True,,14,11,27,True
2023,ramadan_raya,after_raya,1564,Pulau Pinang,14,11,81,81,81,True,,14,11,81,True
2023,ramadan_raya,after_raya,1564,Sabah,14,11,133,129,128,True,,14,11,128,True
2023,ramadan_raya,after_raya,1564,Sarawak,14,11,137,134,133,True,,14,11,133,True
2023,ramadan_raya,after_raya,1564,Selangor,14,11,85,86,84,True,,14,11,84,True
2023,ramadan_raya,after_raya,1564,Terengganu,14,10,79,81,75,True,,14,10,75,True
2023,ramadan_raya,after_raya,1564,W.P. Kuala Lumpur,14,11,106,104,101,True,,14,11,101,True
2023,ramadan_raya,after_raya,1564,W.P. Labuan,14,11,14,13,13,True,,14,11,13,True
2023,ramadan_raya,after_raya,1564,W.P. Putrajaya,14,11,17,19,17,True,,14,11,17,True
2023,ramadan_raya,after_raya,1131,Johor,14,11,114,113,103,True,,14,11,103,True
2023,ramadan_raya,after_raya,1131,Kedah,14,11,50,47,39,True,,14,11,39,True
2023,ramadan_raya,after_raya,1131,Kelantan,14,10,62,64,56,True,,14,10,56,True
2023,ramadan_raya,after_raya,1131,Melaka,14,11,18,20,17,True,,14,11,17,True
2023,ramadan_raya,after_raya,1131,Negeri Sembilan,14,11,28,33,26,True,,14,11,26,True
2023,ramadan_raya,after_raya,1131,Pahang,14,11,72,68,65,True,,14,11,65,True
2023,ramadan_raya,after_raya,1131,Perak,14,11,74,75,67,True,,14,11,67,True
2023,ramadan_raya,after_raya,1131,Perlis,14,11,24,22,21,True,,14,11,21,True
2023,ramadan_raya,after_raya,1131,Pulau Pinang,14,11,45,53,33,True,,14,11,33,True
2023,ramadan_raya,after_raya,1131,Sabah,14,11,117,113,108,True,,14,11,108,True
2023,ramadan_raya,after_raya,1131,Sarawak,14,11,138,135,130,True,,14,11,130,True
2023,ramadan_raya,after_raya,1131,Selangor,14,11,79,78,75,True,,14,11,75,True
2023,ramadan_raya,after_raya,1131,Terengganu,14,10,73,64,59,True,,14,10,59,True
2023,ramadan_raya,after_raya,1131,W.P. Kuala Lumpur,14,11,83,84,75,True,,14,11,75,True
2023,ramadan_raya,after_raya,1131,W.P. Labuan,14,11,14,12,12,True,,14,11,12,True
2023,ramadan_raya,after_raya,1131,W.P. Putrajaya,14,11,19,18,18,True,,14,11,18,True
2023,ramadan_raya,after_raya,94,Johor,14,11,59,65,55,True,,14,11,55,True
2023,ramadan_raya,after_raya,94,Kedah,14,11,23,22,21,True,,14,11,21,True
2023,ramadan_raya,after_raya,94,Kelantan,14,10,23,21,20,True,,14,10,20,True
2023,ramadan_raya,after_raya,94,Melaka,14,0,1,0,0,False,target_dates_below_4; reference_premises_below_5; target_premises_below_5; common_premises_below_5,0,0,0,False
2023,ramadan_raya,after_raya,94,Negeri Sembilan,14,11,31,29,29,True,,14,11,29,True
2023,ramadan_raya,after_raya,94,Pahang,14,11,64,63,59,True,,14,11,59,True
2023,ramadan_raya,after_raya,94,Perak,14,11,46,47,43,True,,14,11,43,True
2023,ramadan_raya,after_raya,94,Perlis,14,11,15,17,14,True,,14,11,14,True
2023,ramadan_raya,after_raya,94,Pulau Pinang,14,11,35,32,29,True,,14,11,29,True
2023,ramadan_raya,after_raya,94,Sabah,14,11,20,22,15,True,,14,11,15,True
2023,ramadan_raya,after_raya,94,Sarawak,14,11,90,69,66,True,,14,11,66,True
2023,ramadan_raya,after_raya,94,Selangor,14,11,76,72,72,True,,14,11,72,True
2023,ramadan_raya,after_raya,94,Terengganu,14,10,52,39,37,True,,14,10,37,True
2023,ramadan_raya,after_raya,94,W.P. Kuala Lumpur,14,11,82,85,74,True,,14,11,74,True
2023,ramadan_raya,after_raya,94,W.P. Labuan,0,0,0,0,0,False,reference_dates_below_4; target_dates_below_4; reference_premises_below_5; target_premises_below_5; common_premises_below_5,0,0,0,False
2023,ramadan_raya,after_raya,94,W.P. Putrajaya,14,11,5,5,4,False,common_premises_below_5,14,11,4,False
2023,ramadan_raya,after_raya,114,Johor,14,11,122,121,116,True,,14,11,116,True
2023,ramadan_raya,after_raya,114,Kedah,14,11,64,62,61,True,,14,11,61,True
2023,ramadan_raya,after_raya,114,Kelantan,14,10,84,81,81,True,,14,10,81,True
2023,ramadan_raya,after_raya,114,Melaka,14,11,25,25,25,True,,14,11,25,True
2023,ramadan_raya,after_raya,114,Negeri Sembilan,14,11,35,35,34,True,,14,11,34,True
2023,ramadan_raya,after_raya,114,Pahang,14,11,80,80,80,True,,14,11,80,True
2023,ramadan_raya,after_raya,114,Perak,14,11,86,85,85,True,,14,11,85,True
2023,ramadan_raya,after_raya,114,Perlis,14,11,20,20,20,True,,14,11,20,True
2023,ramadan_raya,after_raya,114,Pulau Pinang,14,11,77,77,77,True,,14,11,77,True
2023,ramadan_raya,after_raya,114,Sabah,14,11,68,82,61,True,,14,11,61,True
2023,ramadan_raya,after_raya,114,Sarawak,14,11,98,89,81,True,,14,11,81,True
2023,ramadan_raya,after_raya,114,Selangor,14,11,89,87,87,True,,14,11,87,True
2023,ramadan_raya,after_raya,114,Terengganu,14,10,71,75,62,True,,14,10,62,True
2023,ramadan_raya,after_raya,114,W.P. Kuala Lumpur,14,11,112,111,109,True,,14,11,109,True
2023,ramadan_raya,after_raya,114,W.P. Labuan,11,11,4,9,3,False,reference_premises_below_5; common_premises_below_5,11,11,3,False
2023,ramadan_raya,after_raya,114,W.P. Putrajaya,14,11,18,19,18,True,,14,11,18,True
2023,ramadan_raya,after_raya,103,Johor,14,11,18,23,18,True,,14,11,18,True
2023,ramadan_raya,after_raya,103,Kedah,14,11,10,8,8,True,,14,11,8,True
2023,ramadan_raya,after_raya,103,Kelantan,14,10,19,18,17,True,,14,10,17,True
2023,ramadan_raya,after_raya,103,Melaka,2,0,1,0,0,False,reference_dates_below_4; target_dates_below_4; reference_premises_below_5; target_premises_below_5; common_premises_below_5,0,0,0,False
2023,ramadan_raya,after_raya,103,Negeri Sembilan,14,11,18,18,18,True,,14,11,18,True
2023,ramadan_raya,after_raya,103,Pahang,14,11,31,31,30,True,,14,11,30,True
2023,ramadan_raya,after_raya,103,Perak,14,11,46,41,41,True,,14,11,41,True
2023,ramadan_raya,after_raya,103,Perlis,0,0,0,0,0,False,reference_dates_below_4; target_dates_below_4; reference_premises_below_5; target_premises_below_5; common_premises_below_5,0,0,0,False
2023,ramadan_raya,after_raya,103,Pulau Pinang,14,11,25,23,23,True,,14,11,23,True
2023,ramadan_raya,after_raya,103,Sabah,14,11,2,2,2,False,reference_premises_below_5; target_premises_below_5; common_premises_below_5,14,11,2,False
2023,ramadan_raya,after_raya,103,Sarawak,14,11,2,2,2,False,reference_premises_below_5; target_premises_below_5; common_premises_below_5,14,11,2,False
2023,ramadan_raya,after_raya,103,Selangor,14,11,38,39,34,True,,14,11,34,True
2023,ramadan_raya,after_raya,103,Terengganu,14,10,11,13,11,True,,14,10,11,True
2023,ramadan_raya,after_raya,103,W.P. Kuala Lumpur,14,11,39,41,37,True,,14,11,37,True
2023,ramadan_raya,after_raya,103,W.P. Labuan,0,0,0,0,0,False,reference_dates_below_4; target_dates_below_4; reference_premises_below_5; target_premises_below_5; common_premises_below_5,0,0,0,False
2023,ramadan_raya,after_raya,103,W.P. Putrajaya,14,11,6,7,6,True,,14,11,6,True
2023,ramadan_raya,after_raya,1431,Johor,14,11,7,8,6,True,,14,11,6,True
2023,ramadan_raya,after_raya,1431,Kedah,14,11,12,16,12,True,,14,11,12,True
2023,ramadan_raya,after_raya,1431,Kelantan,14,10,18,18,18,True,,14,10,18,True
2023,ramadan_raya,after_raya,1431,Melaka,14,11,7,6,6,True,,14,11,6,True
2023,ramadan_raya,after_raya,1431,Negeri Sembilan,14,11,9,8,8,True,,14,11,8,True
2023,ramadan_raya,after_raya,1431,Pahang,14,11,9,10,9,True,,14,11,9,True
2023,ramadan_raya,after_raya,1431,Perak,14,11,20,19,18,True,,14,11,18,True
2023,ramadan_raya,after_raya,1431,Perlis,14,11,5,5,5,True,,14,11,5,True
2023,ramadan_raya,after_raya,1431,Pulau Pinang,14,11,15,17,14,True,,14,11,14,True
2023,ramadan_raya,after_raya,1431,Sabah,14,11,3,2,2,False,reference_premises_below_5; target_premises_below_5; common_premises_below_5,14,11,2,False
2023,ramadan_raya,after_raya,1431,Sarawak,14,11,4,4,4,False,reference_premises_below_5; target_premises_below_5; common_premises_below_5,14,11,4,False
2023,ramadan_raya,after_raya,1431,Selangor,14,11,16,16,14,True,,14,11,14,True
2023,ramadan_raya,after_raya,1431,Terengganu,14,10,16,14,13,True,,14,10,13,True
2023,ramadan_raya,after_raya,1431,W.P. Kuala Lumpur,14,11,5,7,5,True,,14,11,5,True
2023,ramadan_raya,after_raya,1431,W.P. Labuan,0,0,0,0,0,False,reference_dates_below_4; target_dates_below_4; reference_premises_below_5; target_premises_below_5; common_premises_below_5,0,0,0,False
2023,ramadan_raya,after_raya,1431,W.P. Putrajaya,6,7,1,1,1,False,reference_premises_below_5; target_premises_below_5; common_premises_below_5,6,7,1,False
2023,ramadan_raya,after_raya,1555,Johor,14,11,92,85,81,True,,14,11,81,True
2023,ramadan_raya,after_raya,1555,Kedah,14,11,42,41,40,True,,14,11,40,True
2023,ramadan_raya,after_raya,1555,Kelantan,14,10,70,66,64,True,,14,10,64,True
2023,ramadan_raya,after_raya,1555,Melaka,14,11,19,19,18,True,,14,11,18,True
2023,ramadan_raya,after_raya,1555,Negeri Sembilan,14,11,24,24,24,True,,14,11,24,True
2023,ramadan_raya,after_raya,1555,Pahang,14,11,71,67,66,True,,14,11,66,True
2023,ramadan_raya,after_raya,1555,Perak,14,11,79,79,79,True,,14,11,79,True
2023,ramadan_raya,after_raya,1555,Perlis,14,11,14,14,14,True,,14,11,14,True
2023,ramadan_raya,after_raya,1555,Pulau Pinang,14,11,51,52,46,True,,14,11,46,True
2023,ramadan_raya,after_raya,1555,Sabah,14,11,35,29,28,True,,14,11,28,True
2023,ramadan_raya,after_raya,1555,Sarawak,14,11,36,34,27,True,,14,11,27,True
2023,ramadan_raya,after_raya,1555,Selangor,14,11,79,79,78,True,,14,11,78,True
2023,ramadan_raya,after_raya,1555,Terengganu,14,10,53,49,42,True,,14,10,42,True
2023,ramadan_raya,after_raya,1555,W.P. Kuala Lumpur,14,11,84,81,78,True,,14,11,78,True
2023,ramadan_raya,after_raya,1555,W.P. Labuan,0,0,0,0,0,False,reference_dates_below_4; target_dates_below_4; reference_premises_below_5; target_premises_below_5; common_premises_below_5,0,0,0,False
2023,ramadan_raya,after_raya,1555,W.P. Putrajaya,14,11,15,12,11,True,,14,11,11,True
2023,ramadan_raya,after_raya,193,Johor,2,2,29,31,28,False,reference_dates_below_4; target_dates_below_4,2,2,28,False
2023,ramadan_raya,after_raya,193,Kedah,2,1,81,76,71,False,reference_dates_below_4; target_dates_below_4,2,1,71,False
2023,ramadan_raya,after_raya,193,Kelantan,2,1,10,8,8,False,reference_dates_below_4; target_dates_below_4,2,1,8,False
2023,ramadan_raya,after_raya,193,Melaka,2,1,5,5,5,False,reference_dates_below_4; target_dates_below_4,2,1,5,False
2023,ramadan_raya,after_raya,193,Negeri Sembilan,2,1,23,23,21,False,reference_dates_below_4; target_dates_below_4,2,1,21,False
2023,ramadan_raya,after_raya,193,Pahang,2,1,48,46,45,False,reference_dates_below_4; target_dates_below_4,2,1,45,False
2023,ramadan_raya,after_raya,193,Perak,2,2,78,68,67,False,reference_dates_below_4; target_dates_below_4,2,2,67,False
2023,ramadan_raya,after_raya,193,Perlis,2,1,34,32,32,False,reference_dates_below_4; target_dates_below_4,2,1,32,False
2023,ramadan_raya,after_raya,193,Pulau Pinang,2,3,60,57,53,False,reference_dates_below_4; target_dates_below_4,2,3,53,False
2023,ramadan_raya,after_raya,193,Sabah,2,2,61,57,51,False,reference_dates_below_4; target_dates_below_4,2,2,51,False
2023,ramadan_raya,after_raya,193,Sarawak,3,1,75,81,70,False,reference_dates_below_4; target_dates_below_4,3,1,70,False
2023,ramadan_raya,after_raya,193,Selangor,2,2,57,61,53,False,reference_dates_below_4; target_dates_below_4,2,2,53,False
2023,ramadan_raya,after_raya,193,Terengganu,2,1,12,12,12,False,reference_dates_below_4; target_dates_below_4,2,1,12,False
2023,ramadan_raya,after_raya,193,W.P. Kuala Lumpur,2,2,79,77,73,False,reference_dates_below_4; target_dates_below_4,2,2,73,False
2023,ramadan_raya,after_raya,193,W.P. Labuan,2,1,6,5,5,False,reference_dates_below_4; target_dates_below_4,2,1,5,False
2023,ramadan_raya,after_raya,193,W.P. Putrajaya,2,1,11,4,4,False,reference_dates_below_4; target_dates_below_4; target_premises_below_5; common_premises_below_5,2,1,4,False
2024,chinese_new_year,lead_up,1,Johor,13,14,107,140,107,True,,13,14,107,True
2024,chinese_new_year,lead_up,1,Kedah,13,13,52,52,52,True,,13,13,52,True
2024,chinese_new_year,lead_up,1,Kelantan,14,14,72,74,72,True,,14,14,72,True
2024,chinese_new_year,lead_up,1,Melaka,14,14,20,20,19,True,,14,14,19,True
2024,chinese_new_year,lead_up,1,Negeri Sembilan,11,13,31,31,30,True,,11,13,30,True
2024,chinese_new_year,lead_up,1,Pahang,14,14,78,80,78,True,,14,14,78,True
2024,chinese_new_year,lead_up,1,Perak,13,14,81,83,81,True,,13,14,81,True
2024,chinese_new_year,lead_up,1,Perlis,14,13,17,17,17,True,,14,13,17,True
2024,chinese_new_year,lead_up,1,Pulau Pinang,13,14,63,63,63,True,,13,14,63,True
2024,chinese_new_year,lead_up,1,Sabah,14,14,9,9,9,True,,14,14,9,True
2024,chinese_new_year,lead_up,1,Sarawak,14,14,9,12,9,True,,14,14,9,True
2024,chinese_new_year,lead_up,1,Selangor,13,14,81,80,80,True,,13,14,80,True
2024,chinese_new_year,lead_up,1,Terengganu,14,13,85,85,84,True,,14,13,84,True
2024,chinese_new_year,lead_up,1,W.P. Kuala Lumpur,13,13,85,86,85,True,,13,13,85,True
2024,chinese_new_year,lead_up,1,W.P. Labuan,14,13,2,3,2,False,reference_premises_below_5; target_premises_below_5; common_premises_below_5,14,13,2,False
2024,chinese_new_year,lead_up,1,W.P. Putrajaya,13,13,14,17,14,True,,13,13,14,True
2024,chinese_new_year,lead_up,1111,Johor,13,14,80,91,69,True,,13,14,69,True
2024,chinese_new_year,lead_up,1111,Kedah,13,13,27,28,26,True,,13,13,26,True
2024,chinese_new_year,lead_up,1111,Kelantan,14,14,49,48,41,True,,14,14,41,True
2024,chinese_new_year,lead_up,1111,Melaka,14,14,12,13,12,True,,14,14,12,True
2024,chinese_new_year,lead_up,1111,Negeri Sembilan,11,13,26,26,25,True,,11,13,25,True
2024,chinese_new_year,lead_up,1111,Pahang,14,14,39,47,38,True,,14,14,38,True
2024,chinese_new_year,lead_up,1111,Perak,13,14,44,42,39,True,,13,14,39,True
2024,chinese_new_year,lead_up,1111,Perlis,14,10,6,5,5,True,,14,10,5,True
2024,chinese_new_year,lead_up,1111,Pulau Pinang,13,14,33,31,31,True,,13,14,31,True
2024,chinese_new_year,lead_up,1111,Sabah,14,14,35,36,26,True,,14,14,26,True
2024,chinese_new_year,lead_up,1111,Sarawak,14,14,9,8,6,True,,14,14,6,True
2024,chinese_new_year,lead_up,1111,Selangor,13,14,36,40,33,True,,13,14,33,True
2024,chinese_new_year,lead_up,1111,Terengganu,14,13,41,36,30,True,,14,13,30,True
2024,chinese_new_year,lead_up,1111,W.P. Kuala Lumpur,13,13,65,57,55,True,,13,13,55,True
2024,chinese_new_year,lead_up,1111,W.P. Labuan,10,4,1,2,1,False,reference_premises_below_5; target_premises_below_5; common_premises_below_5,10,2,1,False
2024,chinese_new_year,lead_up,1111,W.P. Putrajaya,12,9,5,7,5,True,,12,7,5,True
2024,chinese_new_year,lead_up,904,Johor,2,2,19,28,18,False,reference_dates_below_4; target_dates_below_4,2,2,18,False
2024,chinese_new_year,lead_up,904,Kedah,2,2,42,41,40,False,reference_dates_below_4; target_dates_below_4,2,2,40,False
2024,chinese_new_year,lead_up,904,Kelantan,2,2,17,18,13,False,reference_dates_below_4; target_dates_below_4,2,2,13,False
2024,chinese_new_year,lead_up,904,Melaka,2,2,6,5,5,False,reference_dates_below_4; target_dates_below_4,2,2,5,False
2024,chinese_new_year,lead_up,904,Negeri Sembilan,1,2,11,11,9,False,reference_dates_below_4; target_dates_below_4,1,2,9,False
2024,chinese_new_year,lead_up,904,Pahang,3,2,21,20,20,False,reference_dates_below_4; target_dates_below_4,3,2,20,False
2024,chinese_new_year,lead_up,904,Perak,2,2,38,39,36,False,reference_dates_below_4; target_dates_below_4,2,2,36,False
2024,chinese_new_year,lead_up,904,Perlis,2,2,11,10,10,False,reference_dates_below_4; target_dates_below_4,2,2,10,False
2024,chinese_new_year,lead_up,904,Pulau Pinang,3,2,30,30,30,False,reference_dates_below_4; target_dates_below_4,3,2,30,False
2024,chinese_new_year,lead_up,904,Sabah,0,0,0,0,0,False,reference_dates_below_4; target_dates_below_4; reference_premises_below_5; target_premises_below_5; common_premises_below_5,0,0,0,False
2024,chinese_new_year,lead_up,904,Sarawak,0,0,0,0,0,False,reference_dates_below_4; target_dates_below_4; reference_premises_below_5; target_premises_below_5; common_premises_below_5,0,0,0,False
2024,chinese_new_year,lead_up,904,Selangor,2,2,17,17,14,False,reference_dates_below_4; target_dates_below_4,2,2,14,False
2024,chinese_new_year,lead_up,904,Terengganu,2,2,29,26,25,False,reference_dates_below_4; target_dates_below_4,2,2,25,False
2024,chinese_new_year,lead_up,904,W.P. Kuala Lumpur,2,2,28,29,28,False,reference_dates_below_4; target_dates_below_4,2,2,28,False
2024,chinese_new_year,lead_up,904,W.P. Labuan,0,0,0,0,0,False,reference_dates_below_4; target_dates_below_4; reference_premises_below_5; target_premises_below_5; common_premises_below_5,0,0,0,False
2024,chinese_new_year,lead_up,904,W.P. Putrajaya,3,2,6,7,6,False,reference_dates_below_4; target_dates_below_4,3,2,6,False
2024,chinese_new_year,lead_up,918,Johor,13,4,40,32,21,True,,13,4,21,True
2024,chinese_new_year,lead_up,918,Kedah,10,2,48,30,28,False,target_dates_below_4,10,2,28,False
2024,chinese_new_year,lead_up,918,Kelantan,14,7,99,84,75,True,,14,7,75,True
2024,chinese_new_year,lead_up,918,Melaka,11,2,14,6,6,False,target_dates_below_4,5,2,6,False
2024,chinese_new_year,lead_up,918,Negeri Sembilan,7,2,8,4,3,False,target_dates_below_4; target_premises_below_5; common_premises_below_5,1,2,3,False
2024,chinese_new_year,lead_up,918,Pahang,10,4,44,24,22,True,,10,4,22,True
2024,chinese_new_year,lead_up,918,Perak,7,2,26,15,14,False,target_dates_below_4,5,2,14,False
2024,chinese_new_year,lead_up,918,Perlis,10,2,33,28,27,False,target_dates_below_4,10,2,27,False
2024,chinese_new_year,lead_up,918,Pulau Pinang,12,3,26,22,20,False,target_dates_below_4,11,3,20,False
2024,chinese_new_year,lead_up,918,Sabah,11,4,24,18,18,True,,11,4,18,True
2024,chinese_new_year,lead_up,918,Sarawak,10,4,37,21,18,True,,10,4,18,True
2024,chinese_new_year,lead_up,918,Selangor,10,2,42,24,21,False,target_dates_below_4,10,2,21,False
2024,chinese_new_year,lead_up,918,Terengganu,11,2,62,45,35,False,target_dates_below_4,11,2,35,False
2024,chinese_new_year,lead_up,918,W.P. Kuala Lumpur,11,2,28,13,9,False,target_dates_below_4,11,2,9,False
2024,chinese_new_year,lead_up,918,W.P. Labuan,11,2,5,2,2,False,target_dates_below_4; target_premises_below_5; common_premises_below_5,9,2,2,False
2024,chinese_new_year,lead_up,918,W.P. Putrajaya,8,3,3,2,1,False,target_dates_below_4; reference_premises_below_5; target_premises_below_5; common_premises_below_5,3,1,1,False
2024,chinese_new_year,lead_up,1589,Johor,5,4,111,148,105,True,,5,4,105,True
2024,chinese_new_year,lead_up,1589,Kedah,2,2,69,72,69,False,reference_dates_below_4; target_dates_below_4,2,2,69,False
2024,chinese_new_year,lead_up,1589,Kelantan,2,2,126,126,119,False,reference_dates_below_4; target_dates_below_4,2,2,119,False
2024,chinese_new_year,lead_up,1589,Melaka,2,2,24,23,23,False,reference_dates_below_4; target_dates_below_4,2,2,23,False
2024,chinese_new_year,lead_up,1589,Negeri Sembilan,1,2,31,32,28,False,reference_dates_below_4; target_dates_below_4,1,2,28,False
2024,chinese_new_year,lead_up,1589,Pahang,3,2,73,71,70,False,reference_dates_below_4; target_dates_below_4,3,2,70,False
2024,chinese_new_year,lead_up,1589,Perak,2,3,82,77,74,False,reference_dates_below_4; target_dates_below_4,2,3,74,False
2024,chinese_new_year,lead_up,1589,Perlis,2,2,32,33,27,False,reference_dates_below_4; target_dates_below_4,2,2,27,False
2024,chinese_new_year,lead_up,1589,Pulau Pinang,3,2,75,75,75,False,reference_dates_below_4; target_dates_below_4,3,2,75,False
2024,chinese_new_year,lead_up,1589,Sabah,2,3,59,57,55,False,reference_dates_below_4; target_dates_below_4,2,3,55,False
2024,chinese_new_year,lead_up,1589,Sarawak,2,4,69,73,57,False,reference_dates_below_4,2,4,57,False
2024,chinese_new_year,lead_up,1589,Selangor,2,3,65,63,58,False,reference_dates_below_4; target_dates_below_4,2,3,58,False
2024,chinese_new_year,lead_up,1589,Terengganu,2,2,102,101,97,False,reference_dates_below_4; target_dates_below_4,2,2,97,False
2024,chinese_new_year,lead_up,1589,W.P. Kuala Lumpur,2,2,85,82,77,False,reference_dates_below_4; target_dates_below_4,2,2,77,False
2024,chinese_new_year,lead_up,1589,W.P. Labuan,0,2,0,1,0,False,reference_dates_below_4; target_dates_below_4; reference_premises_below_5; target_premises_below_5; common_premises_below_5,0,0,0,False
2024,chinese_new_year,lead_up,1589,W.P. Putrajaya,3,2,18,22,18,False,reference_dates_below_4; target_dates_below_4,3,2,18,False
2024,chinese_new_year,lead_up,917,Johor,5,4,120,150,119,True,,5,4,119,True
2024,chinese_new_year,lead_up,917,Kedah,2,2,75,76,73,False,reference_dates_below_4; target_dates_below_4,2,2,73,False
2024,chinese_new_year,lead_up,917,Kelantan,2,2,118,119,113,False,reference_dates_below_4; target_dates_below_4,2,2,113,False
2024,chinese_new_year,lead_up,917,Melaka,2,2,22,24,21,False,reference_dates_below_4; target_dates_below_4,2,2,21,False
2024,chinese_new_year,lead_up,917,Negeri Sembilan,1,2,37,39,37,False,reference_dates_below_4; target_dates_below_4,1,2,37,False
2024,chinese_new_year,lead_up,917,Pahang,5,4,76,77,74,True,,5,4,74,True
2024,chinese_new_year,lead_up,917,Perak,2,3,95,91,90,False,reference_dates_below_4; target_dates_below_4,2,3,90,False
2024,chinese_new_year,lead_up,917,Perlis,2,2,36,37,36,False,reference_dates_below_4; target_dates_below_4,2,2,36,False
2024,chinese_new_year,lead_up,917,Pulau Pinang,3,2,78,78,77,False,reference_dates_below_4; target_dates_below_4,3,2,77,False
2024,chinese_new_year,lead_up,917,Sabah,3,2,43,46,41,False,reference_dates_below_4; target_dates_below_4,3,2,41,False
2024,chinese_new_year,lead_up,917,Sarawak,2,3,37,43,33,False,reference_dates_below_4; target_dates_below_4,2,3,33,False
2024,chinese_new_year,lead_up,917,Selangor,2,3,64,57,52,False,reference_dates_below_4; target_dates_below_4,2,3,52,False
2024,chinese_new_year,lead_up,917,Terengganu,2,2,90,91,85,False,reference_dates_below_4; target_dates_below_4,2,2,85,False
2024,chinese_new_year,lead_up,917,W.P. Kuala Lumpur,2,2,84,89,83,False,reference_dates_below_4; target_dates_below_4,2,2,83,False
2024,chinese_new_year,lead_up,917,W.P. Labuan,2,2,5,5,5,False,reference_dates_below_4; target_dates_below_4,2,2,5,False
2024,chinese_new_year,lead_up,917,W.P. Putrajaya,3,2,16,17,15,False,reference_dates_below_4; target_dates_below_4,3,2,15,False
2024,chinese_new_year,lead_up,129,Johor,13,14,122,156,122,True,,13,14,122,True
2024,chinese_new_year,lead_up,129,Kedah,13,13,76,76,75,True,,13,13,75,True
2024,chinese_new_year,lead_up,129,Kelantan,14,14,126,124,122,True,,14,14,122,True
2024,chinese_new_year,lead_up,129,Melaka,14,14,26,26,26,True,,14,14,26,True
2024,chinese_new_year,lead_up,129,Negeri Sembilan,11,13,33,33,33,True,,11,13,33,True
2024,chinese_new_year,lead_up,129,Pahang,14,14,73,75,72,True,,14,14,72,True
2024,chinese_new_year,lead_up,129,Perak,13,14,81,83,81,True,,13,14,81,True
2024,chinese_new_year,lead_up,129,Perlis,14,13,36,36,36,True,,14,13,36,True
2024,chinese_new_year,lead_up,129,Pulau Pinang,13,14,75,76,75,True,,13,14,75,True
2024,chinese_new_year,lead_up,129,Sabah,14,14,127,132,127,True,,14,14,127,True
2024,chinese_new_year,lead_up,129,Sarawak,14,14,138,142,138,True,,14,14,138,True
2024,chinese_new_year,lead_up,129,Selangor,13,14,82,81,81,True,,13,14,81,True
2024,chinese_new_year,lead_up,129,Terengganu,14,13,101,103,100,True,,14,13,100,True
2024,chinese_new_year,lead_up,129,W.P. Kuala Lumpur,13,13,100,102,100,True,,13,13,100,True
2024,chinese_new_year,lead_up,129,W.P. Labuan,14,13,14,14,14,True,,14,13,14,True
2024,chinese_new_year,lead_up,129,W.P. Putrajaya,13,13,18,20,17,True,,13,13,17,True
2024,chinese_new_year,lead_up,1564,Johor,13,14,134,170,134,True,,13,14,134,True
2024,chinese_new_year,lead_up,1564,Kedah,13,13,74,74,74,True,,13,13,74,True
2024,chinese_new_year,lead_up,1564,Kelantan,14,14,64,65,63,True,,14,14,63,True
2024,chinese_new_year,lead_up,1564,Melaka,14,14,27,27,27,True,,14,14,27,True
2024,chinese_new_year,lead_up,1564,Negeri Sembilan,11,13,37,38,37,True,,11,13,37,True
2024,chinese_new_year,lead_up,1564,Pahang,14,14,71,77,71,True,,14,14,71,True
2024,chinese_new_year,lead_up,1564,Perak,13,14,89,91,89,True,,13,14,89,True
2024,chinese_new_year,lead_up,1564,Perlis,14,13,28,27,27,True,,14,13,27,True
2024,chinese_new_year,lead_up,1564,Pulau Pinang,13,14,81,82,81,True,,13,14,81,True
2024,chinese_new_year,lead_up,1564,Sabah,14,14,130,131,130,True,,14,14,130,True
2024,chinese_new_year,lead_up,1564,Sarawak,14,14,133,137,133,True,,14,14,133,True
2024,chinese_new_year,lead_up,1564,Selangor,13,14,81,80,79,True,,13,14,79,True
2024,chinese_new_year,lead_up,1564,Terengganu,14,13,70,67,67,True,,14,13,67,True
2024,chinese_new_year,lead_up,1564,W.P. Kuala Lumpur,13,13,105,107,105,True,,13,13,105,True
2024,chinese_new_year,lead_up,1564,W.P. Labuan,14,13,14,14,14,True,,14,13,14,True
2024,chinese_new_year,lead_up,1564,W.P. Putrajaya,13,13,18,21,18,True,,13,13,18,True
2024,chinese_new_year,lead_up,1131,Johor,13,14,120,154,118,True,,13,14,118,True
2024,chinese_new_year,lead_up,1131,Kedah,13,13,48,50,47,True,,13,13,47,True
2024,chinese_new_year,lead_up,1131,Kelantan,14,14,69,73,65,True,,14,14,65,True
2024,chinese_new_year,lead_up,1131,Melaka,14,14,19,20,19,True,,14,14,19,True
2024,chinese_new_year,lead_up,1131,Negeri Sembilan,11,13,30,29,28,True,,11,13,28,True
2024,chinese_new_year,lead_up,1131,Pahang,14,14,70,74,70,True,,14,14,70,True
2024,chinese_new_year,lead_up,1131,Perak,13,14,80,86,80,True,,13,14,80,True
2024,chinese_new_year,lead_up,1131,Perlis,14,13,27,25,24,True,,14,13,24,True
2024,chinese_new_year,lead_up,1131,Pulau Pinang,13,14,73,74,70,True,,13,14,70,True
2024,chinese_new_year,lead_up,1131,Sabah,14,14,119,121,118,True,,14,14,118,True
2024,chinese_new_year,lead_up,1131,Sarawak,14,14,140,140,137,True,,14,14,137,True
2024,chinese_new_year,lead_up,1131,Selangor,13,14,73,77,72,True,,13,14,72,True
2024,chinese_new_year,lead_up,1131,Terengganu,14,13,77,78,75,True,,14,13,75,True
2024,chinese_new_year,lead_up,1131,W.P. Kuala Lumpur,13,13,82,91,81,True,,13,13,81,True
2024,chinese_new_year,lead_up,1131,W.P. Labuan,14,13,14,14,14,True,,14,13,14,True
2024,chinese_new_year,lead_up,1131,W.P. Putrajaya,13,13,18,21,17,True,,13,13,17,True
2024,chinese_new_year,lead_up,94,Johor,13,14,62,73,59,True,,13,14,59,True
2024,chinese_new_year,lead_up,94,Kedah,13,13,25,22,22,True,,13,13,22,True
2024,chinese_new_year,lead_up,94,Kelantan,14,14,24,25,23,True,,14,14,23,True
2024,chinese_new_year,lead_up,94,Melaka,14,14,5,4,3,False,target_premises_below_5; common_premises_below_5,14,14,3,False
2024,chinese_new_year,lead_up,94,Negeri Sembilan,11,13,33,32,31,True,,11,13,31,True
2024,chinese_new_year,lead_up,94,Pahang,14,14,73,76,72,True,,14,14,72,True
2024,chinese_new_year,lead_up,94,Perak,13,14,48,51,46,True,,13,14,46,True
2024,chinese_new_year,lead_up,94,Perlis,14,13,17,18,16,True,,14,13,16,True
2024,chinese_new_year,lead_up,94,Pulau Pinang,13,14,34,35,32,True,,13,14,32,True
2024,chinese_new_year,lead_up,94,Sabah,14,14,23,24,20,True,,14,14,20,True
2024,chinese_new_year,lead_up,94,Sarawak,14,14,90,93,88,True,,14,14,88,True
2024,chinese_new_year,lead_up,94,Selangor,13,14,74,71,70,True,,13,14,70,True
2024,chinese_new_year,lead_up,94,Terengganu,14,13,52,52,50,True,,14,13,50,True
2024,chinese_new_year,lead_up,94,W.P. Kuala Lumpur,13,13,77,80,73,True,,13,13,73,True
2024,chinese_new_year,lead_up,94,W.P. Labuan,0,4,0,1,0,False,reference_dates_below_4; reference_premises_below_5; target_premises_below_5; common_premises_below_5,0,0,0,False
2024,chinese_new_year,lead_up,94,W.P. Putrajaya,1,3,1,3,1,False,reference_dates_below_4; target_dates_below_4; reference_premises_below_5; target_premises_below_5; common_premises_below_5,1,2,1,False
2024,chinese_new_year,lead_up,114,Johor,13,14,123,161,123,True,,13,14,123,True
2024,chinese_new_year,lead_up,114,Kedah,13,13,64,63,63,True,,13,13,63,True
2024,chinese_new_year,lead_up,114,Kelantan,14,14,82,82,81,True,,14,14,81,True
2024,chinese_new_year,lead_up,114,Melaka,14,14,25,25,24,True,,14,14,24,True
2024,chinese_new_year,lead_up,114,Negeri Sembilan,11,13,35,36,34,True,,11,13,34,True
2024,chinese_new_year,lead_up,114,Pahang,14,14,79,81,79,True,,14,14,79,True
2024,chinese_new_year,lead_up,114,Perak,13,14,83,85,82,True,,13,14,82,True
2024,chinese_new_year,lead_up,114,Perlis,14,13,23,23,23,True,,14,13,23,True
2024,chinese_new_year,lead_up,114,Pulau Pinang,13,14,76,77,76,True,,13,14,76,True
2024,chinese_new_year,lead_up,114,Sabah,14,14,86,92,86,True,,14,14,86,True
2024,chinese_new_year,lead_up,114,Sarawak,14,14,90,94,83,True,,14,14,83,True
2024,chinese_new_year,lead_up,114,Selangor,13,14,85,84,84,True,,13,14,84,True
2024,chinese_new_year,lead_up,114,Terengganu,14,13,70,72,64,True,,14,13,64,True
2024,chinese_new_year,lead_up,114,W.P. Kuala Lumpur,13,13,111,113,111,True,,13,13,111,True
2024,chinese_new_year,lead_up,114,W.P. Labuan,14,13,9,11,9,True,,14,13,9,True
2024,chinese_new_year,lead_up,114,W.P. Putrajaya,13,13,19,22,19,True,,13,13,19,True
2024,chinese_new_year,lead_up,103,Johor,13,14,22,23,21,True,,13,14,21,True
2024,chinese_new_year,lead_up,103,Kedah,13,13,13,12,12,True,,13,13,12,True
2024,chinese_new_year,lead_up,103,Kelantan,14,14,20,11,11,True,,14,14,11,True
2024,chinese_new_year,lead_up,103,Melaka,0,0,0,0,0,False,reference_dates_below_4; target_dates_below_4; reference_premises_below_5; target_premises_below_5; common_premises_below_5,0,0,0,False
2024,chinese_new_year,lead_up,103,Negeri Sembilan,11,13,18,18,18,True,,11,13,18,True
2024,chinese_new_year,lead_up,103,Pahang,14,14,36,36,36,True,,14,14,36,True
2024,chinese_new_year,lead_up,103,Perak,13,14,43,44,43,True,,13,14,43,True
2024,chinese_new_year,lead_up,103,Perlis,0,0,0,0,0,False,reference_dates_below_4; target_dates_below_4; reference_premises_below_5; target_premises_below_5; common_premises_below_5,0,0,0,False
2024,chinese_new_year,lead_up,103,Pulau Pinang,13,14,22,22,22,True,,13,14,22,True
2024,chinese_new_year,lead_up,103,Sabah,14,14,2,2,2,False,reference_premises_below_5; target_premises_below_5; common_premises_below_5,14,14,2,False
2024,chinese_new_year,lead_up,103,Sarawak,14,14,1,1,1,False,reference_premises_below_5; target_premises_below_5; common_premises_below_5,14,14,1,False
2024,chinese_new_year,lead_up,103,Selangor,13,14,34,34,33,True,,13,14,33,True
2024,chinese_new_year,lead_up,103,Terengganu,14,13,9,10,8,True,,14,13,8,True
2024,chinese_new_year,lead_up,103,W.P. Kuala Lumpur,13,13,40,42,39,True,,13,13,39,True
2024,chinese_new_year,lead_up,103,W.P. Labuan,0,0,0,0,0,False,reference_dates_below_4; target_dates_below_4; reference_premises_below_5; target_premises_below_5; common_premises_below_5,0,0,0,False
2024,chinese_new_year,lead_up,103,W.P. Putrajaya,13,13,5,9,5,True,,13,13,5,True
2024,chinese_new_year,lead_up,1431,Johor,13,14,10,10,10,True,,13,14,10,True
2024,chinese_new_year,lead_up,1431,Kedah,13,13,12,12,12,True,,13,13,12,True
2024,chinese_new_year,lead_up,1431,Kelantan,14,14,18,18,18,True,,14,14,18,True
2024,chinese_new_year,lead_up,1431,Melaka,14,14,6,7,6,True,,14,14,6,True
2024,chinese_new_year,lead_up,1431,Negeri Sembilan,11,13,7,7,7,True,,11,13,7,True
2024,chinese_new_year,lead_up,1431,Pahang,14,14,9,9,9,True,,14,14,9,True
2024,chinese_new_year,lead_up,1431,Perak,13,14,18,18,18,True,,13,14,18,True
2024,chinese_new_year,lead_up,1431,Perlis,14,13,3,2,2,False,reference_premises_below_5; target_premises_below_5; common_premises_below_5,14,13,2,False
2024,chinese_new_year,lead_up,1431,Pulau Pinang,13,14,18,18,18,True,,13,14,18,True
2024,chinese_new_year,lead_up,1431,Sabah,14,14,3,3,3,False,reference_premises_below_5; target_premises_below_5; common_premises_below_5,14,14,3,False
2024,chinese_new_year,lead_up,1431,Sarawak,14,14,3,2,2,False,reference_premises_below_5; target_premises_below_5; common_premises_below_5,14,14,2,False
2024,chinese_new_year,lead_up,1431,Selangor,13,14,13,13,13,True,,13,14,13,True
2024,chinese_new_year,lead_up,1431,Terengganu,14,13,14,14,12,True,,14,13,12,True
2024,chinese_new_year,lead_up,1431,W.P. Kuala Lumpur,13,13,5,5,4,False,common_premises_below_5,13,13,4,False
2024,chinese_new_year,lead_up,1431,W.P. Labuan,0,0,0,0,0,False,reference_dates_below_4; target_dates_below_4; reference_premises_below_5; target_premises_below_5; common_premises_below_5,0,0,0,False
2024,chinese_new_year,lead_up,1431,W.P. Putrajaya,13,13,2,2,2,False,reference_premises_below_5; target_premises_below_5; common_premises_below_5,13,13,2,False
2024,chinese_new_year,lead_up,1555,Johor,13,14,100,120,97,True,,13,14,97,True
2024,chinese_new_year,lead_up,1555,Kedah,13,13,43,43,42,True,,13,13,42,True
2024,chinese_new_year,lead_up,1555,Kelantan,14,14,68,70,67,True,,14,14,67,True
2024,chinese_new_year,lead_up,1555,Melaka,14,14,20,20,19,True,,14,14,19,True
2024,chinese_new_year,lead_up,1555,Negeri Sembilan,11,13,23,24,23,True,,11,13,23,True
2024,chinese_new_year,lead_up,1555,Pahang,14,14,72,72,69,True,,14,14,69,True
2024,chinese_new_year,lead_up,1555,Perak,13,14,75,78,75,True,,13,14,75,True
2024,chinese_new_year,lead_up,1555,Perlis,14,13,14,12,11,True,,14,13,11,True
2024,chinese_new_year,lead_up,1555,Pulau Pinang,13,14,49,50,46,True,,13,14,46,True
2024,chinese_new_year,lead_up,1555,Sabah,14,14,31,31,30,True,,14,14,30,True
2024,chinese_new_year,lead_up,1555,Sarawak,14,14,43,44,40,True,,14,14,40,True
2024,chinese_new_year,lead_up,1555,Selangor,13,14,80,78,78,True,,13,14,78,True
2024,chinese_new_year,lead_up,1555,Terengganu,14,13,59,52,48,True,,14,13,48,True
2024,chinese_new_year,lead_up,1555,W.P. Kuala Lumpur,13,13,80,84,79,True,,13,13,79,True
2024,chinese_new_year,lead_up,1555,W.P. Labuan,0,0,0,0,0,False,reference_dates_below_4; target_dates_below_4; reference_premises_below_5; target_premises_below_5; common_premises_below_5,0,0,0,False
2024,chinese_new_year,lead_up,1555,W.P. Putrajaya,13,13,15,17,14,True,,13,13,14,True
2024,chinese_new_year,lead_up,193,Johor,3,2,32,36,31,False,reference_dates_below_4; target_dates_below_4,3,2,31,False
2024,chinese_new_year,lead_up,193,Kedah,2,2,83,83,82,False,reference_dates_below_4; target_dates_below_4,2,2,82,False
2024,chinese_new_year,lead_up,193,Kelantan,2,2,9,9,9,False,reference_dates_below_4; target_dates_below_4,2,2,9,False
2024,chinese_new_year,lead_up,193,Melaka,2,2,6,6,6,False,reference_dates_below_4; target_dates_below_4,2,2,6,False
2024,chinese_new_year,lead_up,193,Negeri Sembilan,1,2,24,26,24,False,reference_dates_below_4; target_dates_below_4,1,2,24,False
2024,chinese_new_year,lead_up,193,Pahang,2,2,47,49,47,False,reference_dates_below_4; target_dates_below_4,2,2,47,False
2024,chinese_new_year,lead_up,193,Perak,2,3,84,83,83,False,reference_dates_below_4; target_dates_below_4,2,3,83,False
2024,chinese_new_year,lead_up,193,Perlis,2,2,37,35,34,False,reference_dates_below_4; target_dates_below_4,2,2,34,False
2024,chinese_new_year,lead_up,193,Pulau Pinang,3,2,61,60,59,False,reference_dates_below_4; target_dates_below_4,3,2,59,False
2024,chinese_new_year,lead_up,193,Sabah,2,2,56,59,54,False,reference_dates_below_4; target_dates_below_4,2,2,54,False
2024,chinese_new_year,lead_up,193,Sarawak,2,4,87,83,80,False,reference_dates_below_4,2,4,80,False
2024,chinese_new_year,lead_up,193,Selangor,2,3,54,55,51,False,reference_dates_below_4; target_dates_below_4,2,3,51,False
2024,chinese_new_year,lead_up,193,Terengganu,2,2,11,12,11,False,reference_dates_below_4; target_dates_below_4,2,2,11,False
2024,chinese_new_year,lead_up,193,W.P. Kuala Lumpur,2,2,79,79,75,False,reference_dates_below_4; target_dates_below_4,2,2,75,False
2024,chinese_new_year,lead_up,193,W.P. Labuan,2,2,2,4,2,False,reference_dates_below_4; target_dates_below_4; reference_premises_below_5; target_premises_below_5; common_premises_below_5,2,2,2,False
2024,chinese_new_year,lead_up,193,W.P. Putrajaya,3,2,10,10,9,False,reference_dates_below_4; target_dates_below_4,3,2,9,False
2024,chinese_new_year,after,1,Johor,13,14,107,138,105,True,,13,14,105,True
2024,chinese_new_year,after,1,Kedah,13,14,52,50,50,True,,13,14,50,True
2024,chinese_new_year,after,1,Kelantan,14,13,72,73,71,True,,14,13,71,True
2024,chinese_new_year,after,1,Melaka,14,12,20,20,20,True,,14,12,20,True
2024,chinese_new_year,after,1,Negeri Sembilan,11,13,31,31,31,True,,11,13,31,True
2024,chinese_new_year,after,1,Pahang,14,13,78,79,76,True,,14,13,76,True
2024,chinese_new_year,after,1,Perak,13,13,81,86,80,True,,13,13,80,True
2024,chinese_new_year,after,1,Perlis,14,13,17,17,17,True,,14,13,17,True
2024,chinese_new_year,after,1,Pulau Pinang,13,13,63,63,63,True,,13,13,63,True
2024,chinese_new_year,after,1,Sabah,14,13,9,9,9,True,,14,13,9,True
2024,chinese_new_year,after,1,Sarawak,14,13,9,13,9,True,,14,13,9,True
2024,chinese_new_year,after,1,Selangor,13,13,81,80,80,True,,13,13,80,True
2024,chinese_new_year,after,1,Terengganu,14,13,85,88,85,True,,14,13,85,True
2024,chinese_new_year,after,1,W.P. Kuala Lumpur,13,13,85,85,84,True,,13,13,84,True
2024,chinese_new_year,after,1,W.P. Labuan,14,13,2,2,2,False,reference_premises_below_5; target_premises_below_5; common_premises_below_5,14,13,2,False
2024,chinese_new_year,after,1,W.P. Putrajaya,13,13,14,17,14,True,,13,13,14,True
2024,chinese_new_year,after,1111,Johor,13,14,80,114,76,True,,13,14,76,True
2024,chinese_new_year,after,1111,Kedah,13,14,27,27,25,True,,13,14,25,True
2024,chinese_new_year,after,1111,Kelantan,14,13,49,39,33,True,,14,13,33,True
2024,chinese_new_year,after,1111,Melaka,14,12,12,13,12,True,,14,12,12,True
2024,chinese_new_year,after,1111,Negeri Sembilan,11,13,26,26,24,True,,11,13,24,True
2024,chinese_new_year,after,1111,Pahang,14,13,39,44,35,True,,14,13,35,True
2024,chinese_new_year,after,1111,Perak,13,13,44,50,38,True,,13,13,38,True
2024,chinese_new_year,after,1111,Perlis,14,11,6,4,4,False,target_premises_below_5; common_premises_below_5,14,11,4,False
2024,chinese_new_year,after,1111,Pulau Pinang,13,13,33,31,31,True,,13,13,31,True
2024,chinese_new_year,after,1111,Sabah,14,13,35,34,25,True,,14,13,25,True
2024,chinese_new_year,after,1111,Sarawak,14,13,9,7,6,True,,14,13,6,True
2024,chinese_new_year,after,1111,Selangor,13,13,36,50,35,True,,13,13,35,True
2024,chinese_new_year,after,1111,Terengganu,14,13,41,50,30,True,,14,13,30,True
2024,chinese_new_year,after,1111,W.P. Kuala Lumpur,13,13,65,66,59,True,,13,13,59,True
2024,chinese_new_year,after,1111,W.P. Labuan,10,4,1,1,1,False,reference_premises_below_5; target_premises_below_5; common_premises_below_5,10,4,1,False
2024,chinese_new_year,after,1111,W.P. Putrajaya,12,9,5,5,4,False,common_premises_below_5,12,9,4,False
2024,chinese_new_year,after,904,Johor,2,2,19,33,18,False,reference_dates_below_4; target_dates_below_4,2,2,18,False
2024,chinese_new_year,after,904,Kedah,2,2,42,38,38,False,reference_dates_below_4; target_dates_below_4,2,2,38,False
2024,chinese_new_year,after,904,Kelantan,2,2,17,15,9,False,reference_dates_below_4; target_dates_below_4,2,2,9,False
2024,chinese_new_year,after,904,Melaka,2,2,6,5,5,False,reference_dates_below_4; target_dates_below_4,2,2,5,False
2024,chinese_new_year,after,904,Negeri Sembilan,1,2,11,10,8,False,reference_dates_below_4; target_dates_below_4,1,2,8,False
2024,chinese_new_year,after,904,Pahang,3,2,21,18,18,False,reference_dates_below_4; target_dates_below_4,3,2,18,False
2024,chinese_new_year,after,904,Perak,2,2,38,48,33,False,reference_dates_below_4; target_dates_below_4,2,2,33,False
2024,chinese_new_year,after,904,Perlis,2,2,11,8,7,False,reference_dates_below_4; target_dates_below_4,2,2,7,False
2024,chinese_new_year,after,904,Pulau Pinang,3,2,30,27,27,False,reference_dates_below_4; target_dates_below_4,3,2,27,False
2024,chinese_new_year,after,904,Sabah,0,0,0,0,0,False,reference_dates_below_4; target_dates_below_4; reference_premises_below_5; target_premises_below_5; common_premises_below_5,0,0,0,False
2024,chinese_new_year,after,904,Sarawak,0,0,0,0,0,False,reference_dates_below_4; target_dates_below_4; reference_premises_below_5; target_premises_below_5; common_premises_below_5,0,0,0,False
2024,chinese_new_year,after,904,Selangor,2,2,17,14,12,False,reference_dates_below_4; target_dates_below_4,2,2,12,False
2024,chinese_new_year,after,904,Terengganu,2,2,29,26,23,False,reference_dates_below_4; target_dates_below_4,2,2,23,False
2024,chinese_new_year,after,904,W.P. Kuala Lumpur,2,2,28,26,25,False,reference_dates_below_4; target_dates_below_4,2,2,25,False
2024,chinese_new_year,after,904,W.P. Labuan,0,0,0,0,0,False,reference_dates_below_4; target_dates_below_4; reference_premises_below_5; target_premises_below_5; common_premises_below_5,0,0,0,False
2024,chinese_new_year,after,904,W.P. Putrajaya,3,2,6,6,5,False,reference_dates_below_4; target_dates_below_4,3,2,5,False
2024,chinese_new_year,after,918,Johor,13,4,40,20,14,True,,13,4,14,True
2024,chinese_new_year,after,918,Kedah,10,2,48,40,34,False,target_dates_below_4,10,2,34,False
2024,chinese_new_year,after,918,Kelantan,14,7,99,83,71,True,,14,7,71,True
2024,chinese_new_year,after,918,Melaka,11,3,14,6,4,False,target_dates_below_4; common_premises_below_5,5,3,4,False
2024,chinese_new_year,after,918,Negeri Sembilan,7,2,8,3,2,False,target_dates_below_4; target_premises_below_5; common_premises_below_5,4,2,2,False
2024,chinese_new_year,after,918,Pahang,10,4,44,30,25,True,,10,4,25,True
2024,chinese_new_year,after,918,Perak,7,2,26,21,15,False,target_dates_below_4,5,2,15,False
2024,chinese_new_year,after,918,Perlis,10,2,33,28,25,False,target_dates_below_4,10,2,25,False
2024,chinese_new_year,after,918,Pulau Pinang,12,2,26,23,19,False,target_dates_below_4,10,2,19,False
2024,chinese_new_year,after,918,Sabah,11,3,24,19,17,False,target_dates_below_4,11,3,17,False
2024,chinese_new_year,after,918,Sarawak,10,2,37,21,17,False,target_dates_below_4,10,2,17,False
2024,chinese_new_year,after,918,Selangor,10,2,42,22,15,False,target_dates_below_4,10,2,15,False
2024,chinese_new_year,after,918,Terengganu,11,3,62,43,30,False,target_dates_below_4,10,3,30,False
2024,chinese_new_year,after,918,W.P. Kuala Lumpur,11,2,28,15,9,False,target_dates_below_4,11,2,9,False
2024,chinese_new_year,after,918,W.P. Labuan,11,2,5,3,3,False,target_dates_below_4; target_premises_below_5; common_premises_below_5,9,2,3,False
2024,chinese_new_year,after,918,W.P. Putrajaya,8,3,3,4,1,False,target_dates_below_4; reference_premises_below_5; target_premises_below_5; common_premises_below_5,3,1,1,False
2024,chinese_new_year,after,1589,Johor,5,4,111,149,104,True,,5,4,104,True
2024,chinese_new_year,after,1589,Kedah,2,2,69,71,68,False,reference_dates_below_4; target_dates_below_4,2,2,68,False
2024,chinese_new_year,after,1589,Kelantan,2,2,126,122,114,False,reference_dates_below_4; target_dates_below_4,2,2,114,False
2024,chinese_new_year,after,1589,Melaka,2,3,24,23,22,False,reference_dates_below_4; target_dates_below_4,2,2,22,False
2024,chinese_new_year,after,1589,Negeri Sembilan,1,2,31,33,28,False,reference_dates_below_4; target_dates_below_4,1,2,28,False
2024,chinese_new_year,after,1589,Pahang,3,2,73,73,70,False,reference_dates_below_4; target_dates_below_4,3,2,70,False
2024,chinese_new_year,after,1589,Perak,2,3,82,99,70,False,reference_dates_below_4; target_dates_below_4,2,3,70,False
2024,chinese_new_year,after,1589,Perlis,2,2,32,38,30,False,reference_dates_below_4; target_dates_below_4,2,2,30,False
2024,chinese_new_year,after,1589,Pulau Pinang,3,2,75,72,71,False,reference_dates_below_4; target_dates_below_4,3,2,71,False
2024,chinese_new_year,after,1589,Sabah,2,2,59,56,53,False,reference_dates_below_4; target_dates_below_4,2,2,53,False
2024,chinese_new_year,after,1589,Sarawak,2,2,69,70,53,False,reference_dates_below_4; target_dates_below_4,2,2,53,False
2024,chinese_new_year,after,1589,Selangor,2,2,65,70,57,False,reference_dates_below_4; target_dates_below_4,2,2,57,False
2024,chinese_new_year,after,1589,Terengganu,2,2,102,93,89,False,reference_dates_below_4; target_dates_below_4,2,2,89,False
2024,chinese_new_year,after,1589,W.P. Kuala Lumpur,2,2,85,88,78,False,reference_dates_below_4; target_dates_below_4,2,2,78,False
2024,chinese_new_year,after,1589,W.P. Labuan,0,2,0,1,0,False,reference_dates_below_4; target_dates_below_4; reference_premises_below_5; target_premises_below_5; common_premises_below_5,0,0,0,False
2024,chinese_new_year,after,1589,W.P. Putrajaya,3,2,18,18,14,False,reference_dates_below_4; target_dates_below_4,3,2,14,False
2024,chinese_new_year,after,917,Johor,5,4,120,152,115,True,,5,4,115,True
2024,chinese_new_year,after,917,Kedah,2,2,75,75,72,False,reference_dates_below_4; target_dates_below_4,2,2,72,False
2024,chinese_new_year,after,917,Kelantan,2,2,118,116,108,False,reference_dates_below_4; target_dates_below_4,2,2,108,False
2024,chinese_new_year,after,917,Melaka,2,3,22,26,22,False,reference_dates_below_4; target_dates_below_4,2,3,22,False
2024,chinese_new_year,after,917,Negeri Sembilan,1,2,37,37,34,False,reference_dates_below_4; target_dates_below_4,1,2,34,False
2024,chinese_new_year,after,917,Pahang,5,4,76,72,67,True,,5,4,67,True
2024,chinese_new_year,after,917,Perak,2,2,95,114,82,False,reference_dates_below_4; target_dates_below_4,2,2,82,False
2024,chinese_new_year,after,917,Perlis,2,2,36,35,34,False,reference_dates_below_4; target_dates_below_4,2,2,34,False
2024,chinese_new_year,after,917,Pulau Pinang,3,2,78,77,75,False,reference_dates_below_4; target_dates_below_4,3,2,75,False
2024,chinese_new_year,after,917,Sabah,3,3,43,47,41,False,reference_dates_below_4; target_dates_below_4,3,3,41,False
2024,chinese_new_year,after,917,Sarawak,2,2,37,39,29,False,reference_dates_below_4; target_dates_below_4,2,2,29,False
2024,chinese_new_year,after,917,Selangor,2,2,64,70,54,False,reference_dates_below_4; target_dates_below_4,2,2,54,False
2024,chinese_new_year,after,917,Terengganu,2,2,90,92,85,False,reference_dates_below_4; target_dates_below_4,2,2,85,False
2024,chinese_new_year,after,917,W.P. Kuala Lumpur,2,2,84,90,79,False,reference_dates_below_4; target_dates_below_4,2,2,79,False
2024,chinese_new_year,after,917,W.P. Labuan,2,2,5,5,5,False,reference_dates_below_4; target_dates_below_4,2,2,5,False
2024,chinese_new_year,after,917,W.P. Putrajaya,3,2,16,18,14,False,reference_dates_below_4; target_dates_below_4,3,2,14,False
2024,chinese_new_year,after,129,Johor,13,14,122,154,120,True,,13,14,120,True
2024,chinese_new_year,after,129,Kedah,13,14,76,75,74,True,,13,14,74,True
2024,chinese_new_year,after,129,Kelantan,14,13,126,123,120,True,,14,13,120,True
2024,chinese_new_year,after,129,Melaka,14,12,26,25,25,True,,14,12,25,True
2024,chinese_new_year,after,129,Negeri Sembilan,11,13,33,35,33,True,,11,13,33,True
2024,chinese_new_year,after,129,Pahang,14,13,73,76,71,True,,14,13,71,True
2024,chinese_new_year,after,129,Perak,13,13,81,95,80,True,,13,13,80,True
2024,chinese_new_year,after,129,Perlis,14,13,36,34,34,True,,14,13,34,True
2024,chinese_new_year,after,129,Pulau Pinang,13,13,75,76,75,True,,13,13,75,True
2024,chinese_new_year,after,129,Sabah,14,13,127,132,127,True,,14,13,127,True
2024,chinese_new_year,after,129,Sarawak,14,13,138,140,135,True,,14,13,135,True
2024,chinese_new_year,after,129,Selangor,13,13,82,80,80,True,,13,13,80,True
2024,chinese_new_year,after,129,Terengganu,14,13,101,103,99,True,,14,13,99,True
2024,chinese_new_year,after,129,W.P. Kuala Lumpur,13,13,100,102,100,True,,13,13,100,True
2024,chinese_new_year,after,129,W.P. Labuan,14,13,14,14,14,True,,14,13,14,True
2024,chinese_new_year,after,129,W.P. Putrajaya,13,13,18,19,16,True,,13,13,16,True
2024,chinese_new_year,after,1564,Johor,13,14,134,167,131,True,,13,14,131,True
2024,chinese_new_year,after,1564,Kedah,13,14,74,70,70,True,,13,14,70,True
2024,chinese_new_year,after,1564,Kelantan,14,13,64,65,62,True,,14,13,62,True
2024,chinese_new_year,after,1564,Melaka,14,12,27,27,27,True,,14,12,27,True
2024,chinese_new_year,after,1564,Negeri Sembilan,11,13,37,38,37,True,,11,13,37,True
2024,chinese_new_year,after,1564,Pahang,14,13,71,78,70,True,,14,13,70,True
2024,chinese_new_year,after,1564,Perak,13,13,89,108,88,True,,13,13,88,True
2024,chinese_new_year,after,1564,Perlis,14,13,28,25,25,True,,14,13,25,True
2024,chinese_new_year,after,1564,Pulau Pinang,13,13,81,82,81,True,,13,13,81,True
2024,chinese_new_year,after,1564,Sabah,14,13,130,130,129,True,,14,13,129,True
2024,chinese_new_year,after,1564,Sarawak,14,13,133,132,128,True,,14,13,128,True
2024,chinese_new_year,after,1564,Selangor,13,13,81,81,80,True,,13,13,80,True
2024,chinese_new_year,after,1564,Terengganu,14,13,70,67,64,True,,14,13,64,True
2024,chinese_new_year,after,1564,W.P. Kuala Lumpur,13,13,105,106,104,True,,13,13,104,True
2024,chinese_new_year,after,1564,W.P. Labuan,14,13,14,14,14,True,,14,13,14,True
2024,chinese_new_year,after,1564,W.P. Putrajaya,13,13,18,19,16,True,,13,13,16,True
2024,chinese_new_year,after,1131,Johor,13,14,120,156,117,True,,13,14,117,True
2024,chinese_new_year,after,1131,Kedah,13,14,48,53,47,True,,13,14,47,True
2024,chinese_new_year,after,1131,Kelantan,14,13,69,69,60,True,,14,13,60,True
2024,chinese_new_year,after,1131,Melaka,14,12,19,18,18,True,,14,12,18,True
2024,chinese_new_year,after,1131,Negeri Sembilan,11,13,30,29,26,True,,11,13,26,True
2024,chinese_new_year,after,1131,Pahang,14,13,70,78,69,True,,14,13,69,True
2024,chinese_new_year,after,1131,Perak,13,13,80,99,78,True,,13,13,78,True
2024,chinese_new_year,after,1131,Perlis,14,13,27,27,25,True,,14,13,25,True
2024,chinese_new_year,after,1131,Pulau Pinang,13,13,73,75,71,True,,13,13,71,True
2024,chinese_new_year,after,1131,Sabah,14,13,119,116,113,True,,14,13,113,True
2024,chinese_new_year,after,1131,Sarawak,14,13,140,133,129,True,,14,13,129,True
2024,chinese_new_year,after,1131,Selangor,13,13,73,78,72,True,,13,13,72,True
2024,chinese_new_year,after,1131,Terengganu,14,13,77,76,72,True,,14,13,72,True
2024,chinese_new_year,after,1131,W.P. Kuala Lumpur,13,13,82,91,79,True,,13,13,79,True
2024,chinese_new_year,after,1131,W.P. Labuan,14,13,14,14,14,True,,14,13,14,True
2024,chinese_new_year,after,1131,W.P. Putrajaya,13,13,18,19,16,True,,13,13,16,True
2024,chinese_new_year,after,94,Johor,13,14,62,72,55,True,,13,14,55,True
2024,chinese_new_year,after,94,Kedah,13,14,25,22,21,True,,13,14,21,True
2024,chinese_new_year,after,94,Kelantan,14,13,24,26,23,True,,14,13,23,True
2024,chinese_new_year,after,94,Melaka,14,12,5,4,3,False,target_premises_below_5; common_premises_below_5,14,12,3,False
2024,chinese_new_year,after,94,Negeri Sembilan,11,13,33,33,32,True,,11,13,32,True
2024,chinese_new_year,after,94,Pahang,14,13,73,77,72,True,,14,13,72,True
2024,chinese_new_year,after,94,Perak,13,13,48,49,44,True,,13,13,44,True
2024,chinese_new_year,after,94,Perlis,14,13,17,20,17,True,,14,13,17,True
2024,chinese_new_year,after,94,Pulau Pinang,13,13,34,37,30,True,,13,13,30,True
2024,chinese_new_year,after,94,Sabah,14,13,23,24,17,True,,14,13,17,True
2024,chinese_new_year,after,94,Sarawak,14,13,90,87,82,True,,14,13,82,True
2024,chinese_new_year,after,94,Selangor,13,13,74,75,72,True,,13,13,72,True
2024,chinese_new_year,after,94,Terengganu,14,13,52,48,45,True,,14,13,45,True
2024,chinese_new_year,after,94,W.P. Kuala Lumpur,13,13,77,82,74,True,,13,13,74,True
2024,chinese_new_year,after,94,W.P. Labuan,0,0,0,0,0,False,reference_dates_below_4; target_dates_below_4; reference_premises_below_5; target_premises_below_5; common_premises_below_5,0,0,0,False
2024,chinese_new_year,after,94,W.P. Putrajaya,1,0,1,0,0,False,reference_dates_below_4; target_dates_below_4; reference_premises_below_5; target_premises_below_5; common_premises_below_5,0,0,0,False
2024,chinese_new_year,after,114,Johor,13,14,123,159,121,True,,13,14,121,True
2024,chinese_new_year,after,114,Kedah,13,14,64,61,61,True,,13,14,61,True
2024,chinese_new_year,after,114,Kelantan,14,13,82,83,81,True,,14,13,81,True
2024,chinese_new_year,after,114,Melaka,14,12,25,25,25,True,,14,12,25,True
2024,chinese_new_year,after,114,Negeri Sembilan,11,13,35,36,35,True,,11,13,35,True
2024,chinese_new_year,after,114,Pahang,14,13,79,81,78,True,,14,13,78,True
2024,chinese_new_year,after,114,Perak,13,13,83,91,82,True,,13,13,82,True
2024,chinese_new_year,after,114,Perlis,14,13,23,23,23,True,,14,13,23,True
2024,chinese_new_year,after,114,Pulau Pinang,13,13,76,76,76,True,,13,13,76,True
2024,chinese_new_year,after,114,Sabah,14,13,86,91,83,True,,14,13,83,True
2024,chinese_new_year,after,114,Sarawak,14,13,90,87,73,True,,14,13,73,True
2024,chinese_new_year,after,114,Selangor,13,13,85,83,83,True,,13,13,83,True
2024,chinese_new_year,after,114,Terengganu,14,13,70,79,66,True,,14,13,66,True
2024,chinese_new_year,after,114,W.P. Kuala Lumpur,13,13,111,113,111,True,,13,13,111,True
2024,chinese_new_year,after,114,W.P. Labuan,14,13,9,11,9,True,,14,13,9,True
2024,chinese_new_year,after,114,W.P. Putrajaya,13,13,19,21,18,True,,13,13,18,True
2024,chinese_new_year,after,103,Johor,13,14,22,26,21,True,,13,14,21,True
2024,chinese_new_year,after,103,Kedah,13,14,13,11,11,True,,13,14,11,True
2024,chinese_new_year,after,103,Kelantan,14,13,20,17,17,True,,14,13,17,True
2024,chinese_new_year,after,103,Melaka,0,0,0,0,0,False,reference_dates_below_4; target_dates_below_4; reference_premises_below_5; target_premises_below_5; common_premises_below_5,0,0,0,False
2024,chinese_new_year,after,103,Negeri Sembilan,11,13,18,18,18,True,,11,13,18,True
2024,chinese_new_year,after,103,Pahang,14,13,36,36,36,True,,14,13,36,True
2024,chinese_new_year,after,103,Perak,13,13,43,44,41,True,,13,13,41,True
2024,chinese_new_year,after,103,Perlis,0,0,0,0,0,False,reference_dates_below_4; target_dates_below_4; reference_premises_below_5; target_premises_below_5; common_premises_below_5,0,0,0,False
2024,chinese_new_year,after,103,Pulau Pinang,13,13,22,23,22,True,,13,13,22,True
2024,chinese_new_year,after,103,Sabah,14,13,2,2,2,False,reference_premises_below_5; target_premises_below_5; common_premises_below_5,14,13,2,False
2024,chinese_new_year,after,103,Sarawak,14,13,1,1,1,False,reference_premises_below_5; target_premises_below_5; common_premises_below_5,14,13,1,False
2024,chinese_new_year,after,103,Selangor,13,13,34,34,34,True,,13,13,34,True
2024,chinese_new_year,after,103,Terengganu,14,13,9,9,8,True,,14,13,8,True
2024,chinese_new_year,after,103,W.P. Kuala Lumpur,13,13,40,42,39,True,,13,13,39,True
2024,chinese_new_year,after,103,W.P. Labuan,0,0,0,0,0,False,reference_dates_below_4; target_dates_below_4; reference_premises_below_5; target_premises_below_5; common_premises_below_5,0,0,0,False
2024,chinese_new_year,after,103,W.P. Putrajaya,13,13,5,7,5,True,,13,13,5,True
2024,chinese_new_year,after,1431,Johor,13,14,10,10,10,True,,13,14,10,True
2024,chinese_new_year,after,1431,Kedah,13,14,12,12,12,True,,13,14,12,True
2024,chinese_new_year,after,1431,Kelantan,14,13,18,18,18,True,,14,13,18,True
2024,chinese_new_year,after,1431,Melaka,14,12,6,7,6,True,,14,12,6,True
2024,chinese_new_year,after,1431,Negeri Sembilan,11,13,7,7,7,True,,11,13,7,True
2024,chinese_new_year,after,1431,Pahang,14,13,9,9,9,True,,14,13,9,True
2024,chinese_new_year,after,1431,Perak,13,13,18,18,17,True,,13,13,17,True
2024,chinese_new_year,after,1431,Perlis,14,13,3,3,3,False,reference_premises_below_5; target_premises_below_5; common_premises_below_5,14,13,3,False
2024,chinese_new_year,after,1431,Pulau Pinang,13,13,18,18,18,True,,13,13,18,True
2024,chinese_new_year,after,1431,Sabah,14,13,3,3,3,False,reference_premises_below_5; target_premises_below_5; common_premises_below_5,14,13,3,False
2024,chinese_new_year,after,1431,Sarawak,14,13,3,2,2,False,reference_premises_below_5; target_premises_below_5; common_premises_below_5,14,13,2,False
2024,chinese_new_year,after,1431,Selangor,13,13,13,13,13,True,,13,13,13,True
2024,chinese_new_year,after,1431,Terengganu,14,13,14,12,12,True,,14,13,12,True
2024,chinese_new_year,after,1431,W.P. Kuala Lumpur,13,13,5,5,4,False,common_premises_below_5,13,13,4,False
2024,chinese_new_year,after,1431,W.P. Labuan,0,0,0,0,0,False,reference_dates_below_4; target_dates_below_4; reference_premises_below_5; target_premises_below_5; common_premises_below_5,0,0,0,False
2024,chinese_new_year,after,1431,W.P. Putrajaya,13,13,2,2,2,False,reference_premises_below_5; target_premises_below_5; common_premises_below_5,13,13,2,False
2024,chinese_new_year,after,1555,Johor,13,14,100,120,92,True,,13,14,92,True
2024,chinese_new_year,after,1555,Kedah,13,14,43,44,43,True,,13,14,43,True
2024,chinese_new_year,after,1555,Kelantan,14,13,68,71,68,True,,14,13,68,True
2024,chinese_new_year,after,1555,Melaka,14,12,20,17,17,True,,14,12,17,True
2024,chinese_new_year,after,1555,Negeri Sembilan,11,13,23,23,23,True,,11,13,23,True
2024,chinese_new_year,after,1555,Pahang,14,13,72,72,69,True,,14,13,69,True
2024,chinese_new_year,after,1555,Perak,13,13,75,79,73,True,,13,13,73,True
2024,chinese_new_year,after,1555,Perlis,14,13,14,11,10,True,,14,13,10,True
2024,chinese_new_year,after,1555,Pulau Pinang,13,13,49,46,43,True,,13,13,43,True
2024,chinese_new_year,after,1555,Sabah,14,13,31,32,30,True,,14,13,30,True
2024,chinese_new_year,after,1555,Sarawak,14,13,43,36,30,True,,14,13,30,True
2024,chinese_new_year,after,1555,Selangor,13,13,80,75,75,True,,13,13,75,True
2024,chinese_new_year,after,1555,Terengganu,14,13,59,51,48,True,,14,13,48,True
2024,chinese_new_year,after,1555,W.P. Kuala Lumpur,13,13,80,83,77,True,,13,13,77,True
2024,chinese_new_year,after,1555,W.P. Labuan,0,0,0,0,0,False,reference_dates_below_4; target_dates_below_4; reference_premises_below_5; target_premises_below_5; common_premises_below_5,0,0,0,False
2024,chinese_new_year,after,1555,W.P. Putrajaya,13,13,15,16,15,True,,13,13,15,True
2024,chinese_new_year,after,193,Johor,3,2,32,39,32,False,reference_dates_below_4; target_dates_below_4,3,2,32,False
2024,chinese_new_year,after,193,Kedah,2,2,83,83,80,False,reference_dates_below_4; target_dates_below_4,2,2,80,False
2024,chinese_new_year,after,193,Kelantan,2,2,9,9,8,False,reference_dates_below_4; target_dates_below_4,2,2,8,False
2024,chinese_new_year,after,193,Melaka,2,2,6,6,6,False,reference_dates_below_4; target_dates_below_4,2,2,6,False
2024,chinese_new_year,after,193,Negeri Sembilan,1,2,24,25,23,False,reference_dates_below_4; target_dates_below_4,1,2,23,False
2024,chinese_new_year,after,193,Pahang,2,2,47,50,47,False,reference_dates_below_4; target_dates_below_4,2,2,47,False
2024,chinese_new_year,after,193,Perak,2,3,84,102,80,False,reference_dates_below_4; target_dates_below_4,2,3,80,False
2024,chinese_new_year,after,193,Perlis,2,2,37,36,35,False,reference_dates_below_4; target_dates_below_4,2,2,35,False
2024,chinese_new_year,after,193,Pulau Pinang,3,2,61,58,57,False,reference_dates_below_4; target_dates_below_4,3,2,57,False
2024,chinese_new_year,after,193,Sabah,2,3,56,61,53,False,reference_dates_below_4; target_dates_below_4,2,3,53,False
2024,chinese_new_year,after,193,Sarawak,2,2,87,80,78,False,reference_dates_below_4; target_dates_below_4,2,2,78,False
2024,chinese_new_year,after,193,Selangor,2,2,54,58,52,False,reference_dates_below_4; target_dates_below_4,2,2,52,False
2024,chinese_new_year,after,193,Terengganu,2,2,11,11,11,False,reference_dates_below_4; target_dates_below_4,2,2,11,False
2024,chinese_new_year,after,193,W.P. Kuala Lumpur,2,2,79,82,76,False,reference_dates_below_4; target_dates_below_4,2,2,76,False
2024,chinese_new_year,after,193,W.P. Labuan,2,2,2,4,2,False,reference_dates_below_4; target_dates_below_4; reference_premises_below_5; target_premises_below_5; common_premises_below_5,2,2,2,False
2024,chinese_new_year,after,193,W.P. Putrajaya,3,2,10,11,10,False,reference_dates_below_4; target_dates_below_4,3,2,10,False
2024,deepavali,lead_up,1,Johor,14,14,145,146,145,True,,14,14,145,True
2024,deepavali,lead_up,1,Kedah,14,14,63,63,63,True,,14,14,63,True
2024,deepavali,lead_up,1,Kelantan,14,14,75,75,75,True,,14,14,75,True
2024,deepavali,lead_up,1,Melaka,14,14,20,20,20,True,,14,14,20,True
2024,deepavali,lead_up,1,Negeri Sembilan,14,14,34,34,34,True,,14,14,34,True
2024,deepavali,lead_up,1,Pahang,14,14,103,103,103,True,,14,14,103,True
2024,deepavali,lead_up,1,Perak,14,14,91,91,90,True,,14,14,90,True
2024,deepavali,lead_up,1,Perlis,14,14,18,18,18,True,,14,14,18,True
2024,deepavali,lead_up,1,Pulau Pinang,14,14,72,70,70,True,,14,14,70,True
2024,deepavali,lead_up,1,Sabah,13,14,6,8,5,True,,13,14,5,True
2024,deepavali,lead_up,1,Sarawak,13,14,12,13,11,True,,13,14,11,True
2024,deepavali,lead_up,1,Selangor,14,14,80,80,80,True,,14,14,80,True
2024,deepavali,lead_up,1,Terengganu,14,14,88,87,87,True,,14,14,87,True
2024,deepavali,lead_up,1,W.P. Kuala Lumpur,14,14,97,97,97,True,,14,14,97,True
2024,deepavali,lead_up,1,W.P. Labuan,14,14,3,2,2,False,reference_premises_below_5; target_premises_below_5; common_premises_below_5,14,14,2,False
2024,deepavali,lead_up,1,W.P. Putrajaya,14,14,16,16,16,True,,14,14,16,True
2024,deepavali,lead_up,1111,Johor,14,14,115,122,109,True,,14,14,109,True
2024,deepavali,lead_up,1111,Kedah,14,14,33,36,33,True,,14,14,33,True
2024,deepavali,lead_up,1111,Kelantan,14,14,50,64,47,True,,14,14,47,True
2024,deepavali,lead_up,1111,Melaka,14,14,16,16,16,True,,14,14,16,True
2024,deepavali,lead_up,1111,Negeri Sembilan,14,14,29,29,28,True,,14,14,28,True
2024,deepavali,lead_up,1111,Pahang,14,14,79,79,69,True,,14,14,69,True
2024,deepavali,lead_up,1111,Perak,14,14,75,78,68,True,,14,14,68,True
2024,deepavali,lead_up,1111,Perlis,14,14,10,13,10,True,,14,14,10,True
2024,deepavali,lead_up,1111,Pulau Pinang,14,14,43,43,40,True,,14,14,40,True
2024,deepavali,lead_up,1111,Sabah,13,14,20,17,12,True,,13,14,12,True
2024,deepavali,lead_up,1111,Sarawak,13,14,9,10,7,True,,13,14,7,True
2024,deepavali,lead_up,1111,Selangor,14,14,59,57,52,True,,14,14,52,True
2024,deepavali,lead_up,1111,Terengganu,14,14,41,46,35,True,,14,14,35,True
2024,deepavali,lead_up,1111,W.P. Kuala Lumpur,14,14,80,80,76,True,,14,14,76,True
2024,deepavali,lead_up,1111,W.P. Labuan,0,0,0,0,0,False,reference_dates_below_4; target_dates_below_4; reference_premises_below_5; target_premises_below_5; common_premises_below_5,0,0,0,False
2024,deepavali,lead_up,1111,W.P. Putrajaya,14,14,6,7,4,False,common_premises_below_5,14,14,4,False
2024,deepavali,lead_up,904,Johor,14,14,43,42,42,True,,14,14,42,True
2024,deepavali,lead_up,904,Kedah,14,14,48,47,47,True,,14,14,47,True
2024,deepavali,lead_up,904,Kelantan,14,14,25,26,25,True,,14,14,25,True
2024,deepavali,lead_up,904,Melaka,14,14,8,8,8,True,,14,14,8,True
2024,deepavali,lead_up,904,Negeri Sembilan,14,14,12,12,12,True,,14,14,12,True
2024,deepavali,lead_up,904,Pahang,14,14,26,24,24,True,,14,14,24,True
2024,deepavali,lead_up,904,Perak,14,14,55,57,54,True,,14,14,54,True
2024,deepavali,lead_up,904,Perlis,2,2,15,15,15,False,reference_dates_below_4; target_dates_below_4,2,2,15,False
2024,deepavali,lead_up,904,Pulau Pinang,14,14,37,36,36,True,,14,14,36,True
2024,deepavali,lead_up,904,Sabah,0,0,0,0,0,False,reference_dates_below_4; target_dates_below_4; reference_premises_below_5; target_premises_below_5; common_premises_below_5,0,0,0,False
2024,deepavali,lead_up,904,Sarawak,0,0,0,0,0,False,reference_dates_below_4; target_dates_below_4; reference_premises_below_5; target_premises_below_5; common_premises_below_5,0,0,0,False
2024,deepavali,lead_up,904,Selangor,14,14,24,25,24,True,,14,14,24,True
2024,deepavali,lead_up,904,Terengganu,14,14,24,23,20,True,,14,14,20,True
2024,deepavali,lead_up,904,W.P. Kuala Lumpur,14,14,38,38,37,True,,14,14,37,True
2024,deepavali,lead_up,904,W.P. Labuan,0,0,0,0,0,False,reference_dates_below_4; target_dates_below_4; reference_premises_below_5; target_premises_below_5; common_premises_below_5,0,0,0,False
2024,deepavali,lead_up,904,W.P. Putrajaya,14,14,9,9,9,True,,14,14,9,True
2024,deepavali,lead_up,918,Johor,4,4,44,49,33,True,,4,4,33,True
2024,deepavali,lead_up,918,Kedah,2,2,40,40,36,False,reference_dates_below_4; target_dates_below_4,2,2,36,False
2024,deepavali,lead_up,918,Kelantan,2,2,66,79,58,False,reference_dates_below_4; target_dates_below_4,2,2,58,False
2024,deepavali,lead_up,918,Melaka,3,2,15,12,11,False,reference_dates_below_4; target_dates_below_4,3,2,11,False
2024,deepavali,lead_up,918,Negeri Sembilan,2,2,3,2,1,False,reference_dates_below_4; target_dates_below_4; reference_premises_below_5; target_premises_below_5; common_premises_below_5,1,1,1,False
2024,deepavali,lead_up,918,Pahang,4,3,38,42,30,False,target_dates_below_4,4,3,30,False
2024,deepavali,lead_up,918,Perak,2,2,30,26,23,False,reference_dates_below_4; target_dates_below_4,2,2,23,False
2024,deepavali,lead_up,918,Perlis,2,2,19,21,15,False,reference_dates_below_4; target_dates_below_4,2,2,15,False
2024,deepavali,lead_up,918,Pulau Pinang,2,2,26,26,23,False,reference_dates_below_4; target_dates_below_4,2,2,23,False
2024,deepavali,lead_up,918,Sabah,2,2,18,17,16,False,reference_dates_below_4; target_dates_below_4,2,2,16,False
2024,deepavali,lead_up,918,Sarawak,2,2,18,21,14,False,reference_dates_below_4; target_dates_below_4,2,2,14,False
2024,deepavali,lead_up,918,Selangor,2,2,21,20,15,False,reference_dates_below_4; target_dates_below_4,2,2,15,False
2024,deepavali,lead_up,918,Terengganu,2,2,48,55,37,False,reference_dates_below_4; target_dates_below_4,2,2,37,False
2024,deepavali,lead_up,918,W.P. Kuala Lumpur,2,2,10,16,8,False,reference_dates_below_4; target_dates_below_4,2,2,8,False
2024,deepavali,lead_up,918,W.P. Labuan,2,2,4,3,3,False,reference_dates_below_4; target_dates_below_4; reference_premises_below_5; target_premises_below_5; common_premises_below_5,2,2,3,False
2024,deepavali,lead_up,918,W.P. Putrajaya,2,2,3,2,2,False,reference_dates_below_4; target_dates_below_4; reference_premises_below_5; target_premises_below_5; common_premises_below_5,1,2,2,False
2024,deepavali,lead_up,1589,Johor,4,4,164,168,164,True,,4,4,164,True
2024,deepavali,lead_up,1589,Kedah,2,2,83,83,83,False,reference_dates_below_4; target_dates_below_4,2,2,83,False
2024,deepavali,lead_up,1589,Kelantan,2,2,130,131,127,False,reference_dates_below_4; target_dates_below_4,2,2,127,False
2024,deepavali,lead_up,1589,Melaka,3,2,24,24,24,False,reference_dates_below_4; target_dates_below_4,3,2,24,False
2024,deepavali,lead_up,1589,Negeri Sembilan,2,2,39,40,39,False,reference_dates_below_4; target_dates_below_4,2,2,39,False
2024,deepavali,lead_up,1589,Pahang,4,4,139,140,138,True,,4,4,138,True
2024,deepavali,lead_up,1589,Perak,2,2,124,123,120,False,reference_dates_below_4; target_dates_below_4,2,2,120,False
2024,deepavali,lead_up,1589,Perlis,2,2,40,40,40,False,reference_dates_below_4; target_dates_below_4,2,2,40,False
2024,deepavali,lead_up,1589,Pulau Pinang,2,2,83,83,82,False,reference_dates_below_4; target_dates_below_4,2,2,82,False
2024,deepavali,lead_up,1589,Sabah,2,3,77,76,71,False,reference_dates_below_4; target_dates_below_4,2,3,71,False
2024,deepavali,lead_up,1589,Sarawak,2,2,80,82,67,False,reference_dates_below_4; target_dates_below_4,2,2,67,False
2024,deepavali,lead_up,1589,Selangor,3,2,71,73,70,False,reference_dates_below_4; target_dates_below_4,3,2,70,False
2024,deepavali,lead_up,1589,Terengganu,3,2,98,102,97,False,reference_dates_below_4; target_dates_below_4,3,2,97,False
2024,deepavali,lead_up,1589,W.P. Kuala Lumpur,2,2,116,115,115,False,reference_dates_below_4; target_dates_below_4,2,2,115,False
2024,deepavali,lead_up,1589,W.P. Labuan,2,2,4,7,4,False,reference_dates_below_4; target_dates_below_4; reference_premises_below_5; common_premises_below_5,2,2,4,False
2024,deepavali,lead_up,1589,W.P. Putrajaya,2,2,20,20,20,False,reference_dates_below_4; target_dates_below_4,2,2,20,False
2024,deepavali,lead_up,917,Johor,4,4,157,163,153,True,,4,4,153,True
2024,deepavali,lead_up,917,Kedah,2,2,73,73,71,False,reference_dates_below_4; target_dates_below_4,2,2,71,False
2024,deepavali,lead_up,917,Kelantan,2,2,115,120,112,False,reference_dates_below_4; target_dates_below_4,2,2,112,False
2024,deepavali,lead_up,917,Melaka,3,2,26,26,26,False,reference_dates_below_4; target_dates_below_4,3,2,26,False
2024,deepavali,lead_up,917,Negeri Sembilan,2,2,39,40,38,False,reference_dates_below_4; target_dates_below_4,2,2,38,False
2024,deepavali,lead_up,917,Pahang,4,4,129,130,126,True,,4,4,126,True
2024,deepavali,lead_up,917,Perak,2,2,120,122,116,False,reference_dates_below_4; target_dates_below_4,2,2,116,False
2024,deepavali,lead_up,917,Perlis,2,2,38,39,38,False,reference_dates_below_4; target_dates_below_4,2,2,38,False
2024,deepavali,lead_up,917,Pulau Pinang,2,2,88,86,85,False,reference_dates_below_4; target_dates_below_4,2,2,85,False
2024,deepavali,lead_up,917,Sabah,2,3,39,37,36,False,reference_dates_below_4; target_dates_below_4,2,3,36,False
2024,deepavali,lead_up,917,Sarawak,2,2,39,44,37,False,reference_dates_below_4; target_dates_below_4,2,2,37,False
2024,deepavali,lead_up,917,Selangor,3,2,75,79,74,False,reference_dates_below_4; target_dates_below_4,3,2,74,False
2024,deepavali,lead_up,917,Terengganu,3,2,93,98,93,False,reference_dates_below_4; target_dates_below_4,3,2,93,False
2024,deepavali,lead_up,917,W.P. Kuala Lumpur,2,2,109,112,108,False,reference_dates_below_4; target_dates_below_4,2,2,108,False
2024,deepavali,lead_up,917,W.P. Labuan,2,2,5,4,4,False,reference_dates_below_4; target_dates_below_4; target_premises_below_5; common_premises_below_5,2,2,4,False
2024,deepavali,lead_up,917,W.P. Putrajaya,2,2,20,19,19,False,reference_dates_below_4; target_dates_below_4,2,2,19,False
2024,deepavali,lead_up,129,Johor,14,14,158,160,156,True,,14,14,156,True
2024,deepavali,lead_up,129,Kedah,14,14,87,87,87,True,,14,14,87,True
2024,deepavali,lead_up,129,Kelantan,14,14,125,128,125,True,,14,14,125,True
2024,deepavali,lead_up,129,Melaka,14,14,26,26,26,True,,14,14,26,True
2024,deepavali,lead_up,129,Negeri Sembilan,14,14,37,37,37,True,,14,14,37,True
2024,deepavali,lead_up,129,Pahang,14,14,111,110,110,True,,14,14,110,True
2024,deepavali,lead_up,129,Perak,14,14,109,109,107,True,,14,14,107,True
2024,deepavali,lead_up,129,Perlis,14,14,35,35,34,True,,14,14,34,True
2024,deepavali,lead_up,129,Pulau Pinang,14,14,85,85,85,True,,14,14,85,True
2024,deepavali,lead_up,129,Sabah,14,14,135,135,135,True,,14,14,135,True
2024,deepavali,lead_up,129,Sarawak,13,14,143,142,142,True,,13,14,142,True
2024,deepavali,lead_up,129,Selangor,14,14,79,79,79,True,,14,14,79,True
2024,deepavali,lead_up,129,Terengganu,14,14,106,106,106,True,,14,14,106,True
2024,deepavali,lead_up,129,W.P. Kuala Lumpur,14,14,118,119,118,True,,14,14,118,True
2024,deepavali,lead_up,129,W.P. Labuan,14,14,13,14,13,True,,14,14,13,True
2024,deepavali,lead_up,129,W.P. Putrajaya,14,14,20,20,20,True,,14,14,20,True
2024,deepavali,lead_up,1564,Johor,14,14,167,168,167,True,,14,14,167,True
2024,deepavali,lead_up,1564,Kedah,14,14,72,71,71,True,,14,14,71,True
2024,deepavali,lead_up,1564,Kelantan,14,14,56,57,56,True,,14,14,56,True
2024,deepavali,lead_up,1564,Melaka,14,14,27,27,27,True,,14,14,27,True
2024,deepavali,lead_up,1564,Negeri Sembilan,14,14,40,40,40,True,,14,14,40,True
2024,deepavali,lead_up,1564,Pahang,14,14,110,108,108,True,,14,14,108,True
2024,deepavali,lead_up,1564,Perak,14,14,120,119,117,True,,14,14,117,True
2024,deepavali,lead_up,1564,Perlis,14,14,29,28,28,True,,14,14,28,True
2024,deepavali,lead_up,1564,Pulau Pinang,14,14,96,97,96,True,,14,14,96,True
2024,deepavali,lead_up,1564,Sabah,14,14,133,135,132,True,,14,14,132,True
2024,deepavali,lead_up,1564,Sarawak,13,14,139,140,138,True,,13,14,138,True
2024,deepavali,lead_up,1564,Selangor,14,14,81,81,80,True,,14,14,80,True
2024,deepavali,lead_up,1564,Terengganu,14,14,72,74,72,True,,14,14,72,True
2024,deepavali,lead_up,1564,W.P. Kuala Lumpur,14,14,122,122,122,True,,14,14,122,True
2024,deepavali,lead_up,1564,W.P. Labuan,14,14,14,14,14,True,,14,14,14,True
2024,deepavali,lead_up,1564,W.P. Putrajaya,14,14,19,19,19,True,,14,14,19,True
2024,deepavali,lead_up,1131,Johor,14,14,156,158,155,True,,14,14,155,True
2024,deepavali,lead_up,1131,Kedah,14,14,63,63,61,True,,14,14,61,True
2024,deepavali,lead_up,1131,Kelantan,14,14,73,73,71,True,,14,14,71,True
2024,deepavali,lead_up,1131,Melaka,14,14,17,17,16,True,,14,14,16,True
2024,deepavali,lead_up,1131,Negeri Sembilan,14,14,29,30,29,True,,14,14,29,True
2024,deepavali,lead_up,1131,Pahang,14,14,107,109,107,True,,14,14,107,True
2024,deepavali,lead_up,1131,Perak,14,14,110,111,110,True,,14,14,110,True
2024,deepavali,lead_up,1131,Perlis,14,14,27,28,26,True,,14,14,26,True
2024,deepavali,lead_up,1131,Pulau Pinang,14,14,87,86,86,True,,14,14,86,True
2024,deepavali,lead_up,1131,Sabah,14,14,118,119,115,True,,14,14,115,True
2024,deepavali,lead_up,1131,Sarawak,13,14,148,145,144,True,,13,14,144,True
2024,deepavali,lead_up,1131,Selangor,14,14,72,71,71,True,,14,14,71,True
2024,deepavali,lead_up,1131,Terengganu,14,14,79,80,79,True,,14,14,79,True
2024,deepavali,lead_up,1131,W.P. Kuala Lumpur,14,14,98,102,98,True,,14,14,98,True
2024,deepavali,lead_up,1131,W.P. Labuan,14,14,13,13,13,True,,14,14,13,True
2024,deepavali,lead_up,1131,W.P. Putrajaya,14,14,19,19,19,True,,14,14,19,True
2024,deepavali,lead_up,94,Johor,14,14,95,95,91,True,,14,14,91,True
2024,deepavali,lead_up,94,Kedah,14,14,41,38,35,True,,14,14,35,True
2024,deepavali,lead_up,94,Kelantan,14,14,28,29,27,True,,14,14,27,True
2024,deepavali,lead_up,94,Melaka,14,14,15,12,12,True,,14,14,12,True
2024,deepavali,lead_up,94,Negeri Sembilan,14,14,37,40,37,True,,14,14,37,True
2024,deepavali,lead_up,94,Pahang,14,14,98,96,94,True,,14,14,94,True
2024,deepavali,lead_up,94,Perak,14,14,61,61,58,True,,14,14,58,True
2024,deepavali,lead_up,94,Perlis,14,14,20,18,18,True,,14,14,18,True
2024,deepavali,lead_up,94,Pulau Pinang,14,14,53,47,44,True,,14,14,44,True
2024,deepavali,lead_up,94,Sabah,13,14,17,24,14,True,,13,14,14,True
2024,deepavali,lead_up,94,Sarawak,13,14,100,99,97,True,,13,14,97,True
2024,deepavali,lead_up,94,Selangor,14,14,76,79,76,True,,14,14,76,True
2024,deepavali,lead_up,94,Terengganu,14,14,49,48,47,True,,14,14,47,True
2024,deepavali,lead_up,94,W.P. Kuala Lumpur,14,14,105,111,105,True,,14,14,105,True
2024,deepavali,lead_up,94,W.P. Labuan,0,0,0,0,0,False,reference_dates_below_4; target_dates_below_4; reference_premises_below_5; target_premises_below_5; common_premises_below_5,0,0,0,False
2024,deepavali,lead_up,94,W.P. Putrajaya,3,0,1,0,0,False,reference_dates_below_4; target_dates_below_4; reference_premises_below_5; target_premises_below_5; common_premises_below_5,0,0,0,False
2024,deepavali,lead_up,114,Johor,14,14,165,166,165,True,,14,14,165,True
2024,deepavali,lead_up,114,Kedah,14,14,70,71,70,True,,14,14,70,True
2024,deepavali,lead_up,114,Kelantan,14,14,84,86,84,True,,14,14,84,True
2024,deepavali,lead_up,114,Melaka,14,14,25,25,25,True,,14,14,25,True
2024,deepavali,lead_up,114,Negeri Sembilan,14,14,39,41,39,True,,14,14,39,True
2024,deepavali,lead_up,114,Pahang,14,14,114,112,112,True,,14,14,112,True
2024,deepavali,lead_up,114,Perak,14,14,100,100,100,True,,14,14,100,True
2024,deepavali,lead_up,114,Perlis,14,14,23,25,23,True,,14,14,23,True
2024,deepavali,lead_up,114,Pulau Pinang,14,14,86,87,86,True,,14,14,86,True
2024,deepavali,lead_up,114,Sabah,13,14,93,93,89,True,,13,14,89,True
2024,deepavali,lead_up,114,Sarawak,13,14,98,101,97,True,,13,14,97,True
2024,deepavali,lead_up,114,Selangor,14,14,84,85,84,True,,14,14,84,True
2024,deepavali,lead_up,114,Terengganu,14,14,89,90,86,True,,14,14,86,True
2024,deepavali,lead_up,114,W.P. Kuala Lumpur,14,14,124,125,124,True,,14,14,124,True
2024,deepavali,lead_up,114,W.P. Labuan,14,14,6,8,6,True,,14,14,6,True
2024,deepavali,lead_up,114,W.P. Putrajaya,14,14,19,20,19,True,,14,14,19,True
2024,deepavali,lead_up,103,Johor,14,14,25,25,25,True,,14,14,25,True
2024,deepavali,lead_up,103,Kedah,14,14,14,15,14,True,,14,14,14,True
2024,deepavali,lead_up,103,Kelantan,14,14,22,17,17,True,,14,14,17,True
2024,deepavali,lead_up,103,Melaka,0,2,0,1,0,False,reference_dates_below_4; target_dates_below_4; reference_premises_below_5; target_premises_below_5; common_premises_below_5,0,0,0,False
2024,deepavali,lead_up,103,Negeri Sembilan,14,14,17,19,17,True,,14,14,17,True
2024,deepavali,lead_up,103,Pahang,14,14,34,33,33,True,,14,14,33,True
2024,deepavali,lead_up,103,Perak,14,14,43,43,43,True,,14,14,43,True
2024,deepavali,lead_up,103,Perlis,0,0,0,0,0,False,reference_dates_below_4; target_dates_below_4; reference_premises_below_5; target_premises_below_5; common_premises_below_5,0,0,0,False
2024,deepavali,lead_up,103,Pulau Pinang,14,14,26,24,24,True,,14,14,24,True
2024,deepavali,lead_up,103,Sabah,14,14,3,3,3,False,reference_premises_below_5; target_premises_below_5; common_premises_below_5,14,14,3,False
2024,deepavali,lead_up,103,Sarawak,13,14,1,1,1,False,reference_premises_below_5; target_premises_below_5; common_premises_below_5,13,14,1,False
2024,deepavali,lead_up,103,Selangor,14,14,39,39,38,True,,14,14,38,True
2024,deepavali,lead_up,103,Terengganu,14,14,20,21,20,True,,14,14,20,True
2024,deepavali,lead_up,103,W.P. Kuala Lumpur,14,14,56,53,52,True,,14,14,52,True
2024,deepavali,lead_up,103,W.P. Labuan,0,0,0,0,0,False,reference_dates_below_4; target_dates_below_4; reference_premises_below_5; target_premises_below_5; common_premises_below_5,0,0,0,False
2024,deepavali,lead_up,103,W.P. Putrajaya,14,14,6,6,5,True,,14,14,5,True
2024,deepavali,lead_up,1431,Johor,14,14,11,11,11,True,,14,14,11,True
2024,deepavali,lead_up,1431,Kedah,14,14,13,12,12,True,,14,14,12,True
2024,deepavali,lead_up,1431,Kelantan,14,14,17,17,17,True,,14,14,17,True
2024,deepavali,lead_up,1431,Melaka,14,14,7,6,6,True,,14,14,6,True
2024,deepavali,lead_up,1431,Negeri Sembilan,14,14,8,8,8,True,,14,14,8,True
2024,deepavali,lead_up,1431,Pahang,14,14,9,9,9,True,,14,14,9,True
2024,deepavali,lead_up,1431,Perak,14,14,19,20,19,True,,14,14,19,True
2024,deepavali,lead_up,1431,Perlis,14,14,3,3,3,False,reference_premises_below_5; target_premises_below_5; common_premises_below_5,14,14,3,False
2024,deepavali,lead_up,1431,Pulau Pinang,14,14,18,18,18,True,,14,14,18,True
2024,deepavali,lead_up,1431,Sabah,13,14,3,3,3,False,reference_premises_below_5; target_premises_below_5; common_premises_below_5,13,14,3,False
2024,deepavali,lead_up,1431,Sarawak,12,13,2,1,1,False,reference_premises_below_5; target_premises_below_5; common_premises_below_5,11,13,1,False
2024,deepavali,lead_up,1431,Selangor,14,14,14,15,14,True,,14,14,14,True
2024,deepavali,lead_up,1431,Terengganu,14,14,16,15,15,True,,14,14,15,True
2024,deepavali,lead_up,1431,W.P. Kuala Lumpur,14,14,5,6,5,True,,14,14,5,True
2024,deepavali,lead_up,1431,W.P. Labuan,0,0,0,0,0,False,reference_dates_below_4; target_dates_below_4; reference_premises_below_5; target_premises_below_5; common_premises_below_5,0,0,0,False
2024,deepavali,lead_up,1431,W.P. Putrajaya,14,14,2,2,2,False,reference_premises_below_5; target_premises_below_5; common_premises_below_5,14,14,2,False
2024,deepavali,lead_up,1555,Johor,14,14,131,131,128,True,,14,14,128,True
2024,deepavali,lead_up,1555,Kedah,14,14,48,49,48,True,,14,14,48,True
2024,deepavali,lead_up,1555,Kelantan,14,14,68,70,67,True,,14,14,67,True
2024,deepavali,lead_up,1555,Melaka,14,14,19,19,19,True,,14,14,19,True
2024,deepavali,lead_up,1555,Negeri Sembilan,14,14,24,24,24,True,,14,14,24,True
2024,deepavali,lead_up,1555,Pahang,14,14,85,83,79,True,,14,14,79,True
2024,deepavali,lead_up,1555,Perak,14,14,84,82,81,True,,14,14,81,True
2024,deepavali,lead_up,1555,Perlis,14,14,16,15,14,True,,14,14,14,True
2024,deepavali,lead_up,1555,Pulau Pinang,14,14,59,59,56,True,,14,14,56,True
2024,deepavali,lead_up,1555,Sabah,13,14,34,36,33,True,,13,14,33,True
2024,deepavali,lead_up,1555,Sarawak,13,14,42,44,40,True,,13,14,40,True
2024,deepavali,lead_up,1555,Selangor,14,14,79,79,79,True,,14,14,79,True
2024,deepavali,lead_up,1555,Terengganu,14,14,58,57,53,True,,14,14,53,True
2024,deepavali,lead_up,1555,W.P. Kuala Lumpur,14,14,84,83,77,True,,14,14,77,True
2024,deepavali,lead_up,1555,W.P. Labuan,0,0,0,0,0,False,reference_dates_below_4; target_dates_below_4; reference_premises_below_5; target_premises_below_5; common_premises_below_5,0,0,0,False
2024,deepavali,lead_up,1555,W.P. Putrajaya,14,14,14,15,13,True,,14,14,13,True
2024,deepavali,lead_up,193,Johor,2,2,46,47,46,False,reference_dates_below_4; target_dates_below_4,2,2,46,False
2024,deepavali,lead_up,193,Kedah,2,2,85,88,85,False,reference_dates_below_4; target_dates_below_4,2,2,85,False
2024,deepavali,lead_up,193,Kelantan,2,2,11,11,11,False,reference_dates_below_4; target_dates_below_4,2,2,11,False
2024,deepavali,lead_up,193,Melaka,2,2,6,6,6,False,reference_dates_below_4; target_dates_below_4,2,2,6,False
2024,deepavali,lead_up,193,Negeri Sembilan,2,2,21,23,21,False,reference_dates_below_4; target_dates_below_4,2,2,21,False
2024,deepavali,lead_up,193,Pahang,2,2,57,61,57,False,reference_dates_below_4; target_dates_below_4,2,2,57,False
2024,deepavali,lead_up,193,Perak,2,2,106,107,102,False,reference_dates_below_4; target_dates_below_4,2,2,102,False
2024,deepavali,lead_up,193,Perlis,2,2,36,36,35,False,reference_dates_below_4; target_dates_below_4,2,2,35,False
2024,deepavali,lead_up,193,Pulau Pinang,2,2,64,62,61,False,reference_dates_below_4; target_dates_below_4,2,2,61,False
2024,deepavali,lead_up,193,Sabah,2,3,65,67,64,False,reference_dates_below_4; target_dates_below_4,2,3,64,False
2024,deepavali,lead_up,193,Sarawak,2,2,89,84,83,False,reference_dates_below_4; target_dates_below_4,2,2,83,False
2024,deepavali,lead_up,193,Selangor,3,2,56,58,53,False,reference_dates_below_4; target_dates_below_4,3,2,53,False
2024,deepavali,lead_up,193,Terengganu,2,2,11,11,11,False,reference_dates_below_4; target_dates_below_4,2,2,11,False
2024,deepavali,lead_up,193,W.P. Kuala Lumpur,2,2,91,91,90,False,reference_dates_below_4; target_dates_below_4,2,2,90,False
2024,deepavali,lead_up,193,W.P. Labuan,2,2,5,5,4,False,reference_dates_below_4; target_dates_below_4; common_premises_below_5,2,2,4,False
2024,deepavali,lead_up,193,W.P. Putrajaya,2,2,9,9,9,False,reference_dates_below_4; target_dates_below_4,2,2,9,False
2024,deepavali,after,1,Johor,14,13,145,145,143,True,,14,13,143,True
2024,deepavali,after,1,Kedah,14,13,63,63,63,True,,14,13,63,True
2024,deepavali,after,1,Kelantan,14,13,75,75,75,True,,14,13,75,True
2024,deepavali,after,1,Melaka,14,13,20,19,19,True,,14,13,19,True
2024,deepavali,after,1,Negeri Sembilan,14,13,34,33,33,True,,14,13,33,True
2024,deepavali,after,1,Pahang,14,13,103,102,102,True,,14,13,102,True
2024,deepavali,after,1,Perak,14,13,91,91,90,True,,14,13,90,True
2024,deepavali,after,1,Perlis,14,13,18,18,18,True,,14,13,18,True
2024,deepavali,after,1,Pulau Pinang,14,13,72,69,69,True,,14,13,69,True
2024,deepavali,after,1,Sabah,13,13,6,7,5,True,,13,13,5,True
2024,deepavali,after,1,Sarawak,13,13,12,10,10,True,,13,13,10,True
2024,deepavali,after,1,Selangor,14,13,80,80,80,True,,14,13,80,True
2024,deepavali,after,1,Terengganu,14,13,88,88,88,True,,14,13,88,True
2024,deepavali,after,1,W.P. Kuala Lumpur,14,13,97,95,95,True,,14,13,95,True
2024,deepavali,after,1,W.P. Labuan,14,13,3,3,3,False,reference_premises_below_5; target_premises_below_5; common_premises_below_5,14,13,3,False
2024,deepavali,after,1,W.P. Putrajaya,14,13,16,16,16,True,,14,13,16,True
2024,deepavali,after,1111,Johor,14,13,115,126,112,True,,14,13,112,True
2024,deepavali,after,1111,Kedah,14,13,33,36,30,True,,14,13,30,True
2024,deepavali,after,1111,Kelantan,14,13,50,62,44,True,,14,13,44,True
2024,deepavali,after,1111,Melaka,14,13,16,16,16,True,,14,13,16,True
2024,deepavali,after,1111,Negeri Sembilan,14,13,29,28,27,True,,14,13,27,True
2024,deepavali,after,1111,Pahang,14,13,79,78,66,True,,14,13,66,True
2024,deepavali,after,1111,Perak,14,13,75,76,66,True,,14,13,66,True
2024,deepavali,after,1111,Perlis,14,13,10,12,10,True,,14,13,10,True
2024,deepavali,after,1111,Pulau Pinang,14,13,43,44,42,True,,14,13,42,True
2024,deepavali,after,1111,Sabah,13,13,20,6,6,True,,13,13,6,True
2024,deepavali,after,1111,Sarawak,13,13,9,11,7,True,,13,13,7,True
2024,deepavali,after,1111,Selangor,14,13,59,57,54,True,,14,13,54,True
2024,deepavali,after,1111,Terengganu,14,13,41,49,34,True,,14,13,34,True
2024,deepavali,after,1111,W.P. Kuala Lumpur,14,13,80,80,75,True,,14,13,75,True
2024,deepavali,after,1111,W.P. Labuan,0,0,0,0,0,False,reference_dates_below_4; target_dates_below_4; reference_premises_below_5; target_premises_below_5; common_premises_below_5,0,0,0,False
2024,deepavali,after,1111,W.P. Putrajaya,14,13,6,7,5,True,,14,13,5,True
2024,deepavali,after,904,Johor,14,13,43,42,42,True,,14,13,42,True
2024,deepavali,after,904,Kedah,14,13,48,46,46,True,,14,13,46,True
2024,deepavali,after,904,Kelantan,14,13,25,18,17,True,,14,13,17,True
2024,deepavali,after,904,Melaka,14,13,8,7,7,True,,14,13,7,True
2024,deepavali,after,904,Negeri Sembilan,14,13,12,12,12,True,,14,13,12,True
2024,deepavali,after,904,Pahang,14,13,26,24,24,True,,14,13,24,True
2024,deepavali,after,904,Perak,14,13,55,57,54,True,,14,13,54,True
2024,deepavali,after,904,Perlis,2,2,15,14,14,False,reference_dates_below_4; target_dates_below_4,2,2,14,False
2024,deepavali,after,904,Pulau Pinang,14,13,37,38,37,True,,14,13,37,True
2024,deepavali,after,904,Sabah,0,0,0,0,0,False,reference_dates_below_4; target_dates_below_4; reference_premises_below_5; target_premises_below_5; common_premises_below_5,0,0,0,False
2024,deepavali,after,904,Sarawak,0,0,0,0,0,False,reference_dates_below_4; target_dates_below_4; reference_premises_below_5; target_premises_below_5; common_premises_below_5,0,0,0,False
2024,deepavali,after,904,Selangor,14,13,24,25,24,True,,14,13,24,True
2024,deepavali,after,904,Terengganu,14,13,24,24,21,True,,14,13,21,True
2024,deepavali,after,904,W.P. Kuala Lumpur,14,13,38,40,38,True,,14,13,38,True
2024,deepavali,after,904,W.P. Labuan,0,0,0,0,0,False,reference_dates_below_4; target_dates_below_4; reference_premises_below_5; target_premises_below_5; common_premises_below_5,0,0,0,False
2024,deepavali,after,904,W.P. Putrajaya,14,13,9,9,9,True,,14,13,9,True
2024,deepavali,after,918,Johor,4,4,44,38,24,True,,4,4,24,True
2024,deepavali,after,918,Kedah,2,2,40,31,26,False,reference_dates_below_4; target_dates_below_4,2,2,26,False
2024,deepavali,after,918,Kelantan,2,2,66,68,48,False,reference_dates_below_4; target_dates_below_4,2,2,48,False
2024,deepavali,after,918,Melaka,3,3,15,15,13,False,reference_dates_below_4; target_dates_below_4,3,3,13,False
2024,deepavali,after,918,Negeri Sembilan,2,2,3,3,0,False,reference_dates_below_4; target_dates_below_4; reference_premises_below_5; target_premises_below_5; common_premises_below_5,0,0,0,False
2024,deepavali,after,918,Pahang,4,2,38,32,24,False,target_dates_below_4,2,2,24,False
2024,deepavali,after,918,Perak,2,2,30,18,16,False,reference_dates_below_4; target_dates_below_4,2,2,16,False
2024,deepavali,after,918,Perlis,2,2,19,13,10,False,reference_dates_below_4; target_dates_below_4,2,2,10,False
2024,deepavali,after,918,Pulau Pinang,2,2,26,23,22,False,reference_dates_below_4; target_dates_below_4,2,2,22,False
2024,deepavali,after,918,Sabah,2,2,18,18,16,False,reference_dates_below_4; target_dates_below_4,2,2,16,False
2024,deepavali,after,918,Sarawak,2,2,18,26,14,False,reference_dates_below_4; target_dates_below_4,2,2,14,False
2024,deepavali,after,918,Selangor,2,2,21,16,11,False,reference_dates_below_4; target_dates_below_4,2,2,11,False
2024,deepavali,after,918,Terengganu,2,2,48,50,33,False,reference_dates_below_4; target_dates_below_4,2,2,33,False
2024,deepavali,after,918,W.P. Kuala Lumpur,2,2,10,5,2,False,reference_dates_below_4; target_dates_below_4; common_premises_below_5,2,2,2,False
2024,deepavali,after,918,W.P. Labuan,2,2,4,3,2,False,reference_dates_below_4; target_dates_below_4; reference_premises_below_5; target_premises_below_5; common_premises_below_5,2,2,2,False
2024,deepavali,after,918,W.P. Putrajaya,2,1,3,1,1,False,reference_dates_below_4; target_dates_below_4; reference_premises_below_5; target_premises_below_5; common_premises_below_5,1,1,1,False
2024,deepavali,after,1589,Johor,4,4,164,164,161,True,,4,4,161,True
2024,deepavali,after,1589,Kedah,2,2,83,83,82,False,reference_dates_below_4; target_dates_below_4,2,2,82,False
2024,deepavali,after,1589,Kelantan,2,2,130,133,126,False,reference_dates_below_4; target_dates_below_4,2,2,126,False
2024,deepavali,after,1589,Melaka,3,3,24,25,24,False,reference_dates_below_4; target_dates_below_4,3,3,24,False
2024,deepavali,after,1589,Negeri Sembilan,2,2,39,39,38,False,reference_dates_below_4; target_dates_below_4,2,2,38,False
2024,deepavali,after,1589,Pahang,4,4,139,140,135,True,,4,4,135,True
2024,deepavali,after,1589,Perak,2,2,124,123,119,False,reference_dates_below_4; target_dates_below_4,2,2,119,False
2024,deepavali,after,1589,Perlis,2,2,40,38,38,False,reference_dates_below_4; target_dates_below_4,2,2,38,False
2024,deepavali,after,1589,Pulau Pinang,2,2,83,85,83,False,reference_dates_below_4; target_dates_below_4,2,2,83,False
2024,deepavali,after,1589,Sabah,2,2,77,72,66,False,reference_dates_below_4; target_dates_below_4,2,2,66,False
2024,deepavali,after,1589,Sarawak,2,2,80,85,63,False,reference_dates_below_4; target_dates_below_4,2,2,63,False
2024,deepavali,after,1589,Selangor,3,2,71,74,69,False,reference_dates_below_4; target_dates_below_4,3,2,69,False
2024,deepavali,after,1589,Terengganu,3,2,98,98,92,False,reference_dates_below_4; target_dates_below_4,3,2,92,False
2024,deepavali,after,1589,W.P. Kuala Lumpur,2,2,116,111,111,False,reference_dates_below_4; target_dates_below_4,2,2,111,False
2024,deepavali,after,1589,W.P. Labuan,2,2,4,11,4,False,reference_dates_below_4; target_dates_below_4; reference_premises_below_5; common_premises_below_5,2,2,4,False
2024,deepavali,after,1589,W.P. Putrajaya,2,2,20,19,19,False,reference_dates_below_4; target_dates_below_4,2,2,19,False
2024,deepavali,after,917,Johor,4,4,157,157,149,True,,4,4,149,True
2024,deepavali,after,917,Kedah,2,2,73,72,68,False,reference_dates_below_4; target_dates_below_4,2,2,68,False
2024,deepavali,after,917,Kelantan,2,2,115,118,108,False,reference_dates_below_4; target_dates_below_4,2,2,108,False
2024,deepavali,after,917,Melaka,3,3,26,26,26,False,reference_dates_below_4; target_dates_below_4,3,3,26,False
2024,deepavali,after,917,Negeri Sembilan,2,2,39,39,38,False,reference_dates_below_4; target_dates_below_4,2,2,38,False
2024,deepavali,after,917,Pahang,4,4,129,133,123,True,,4,4,123,True
2024,deepavali,after,917,Perak,2,2,120,124,117,False,reference_dates_below_4; target_dates_below_4,2,2,117,False
2024,deepavali,after,917,Perlis,2,2,38,39,37,False,reference_dates_below_4; target_dates_below_4,2,2,37,False
2024,deepavali,after,917,Pulau Pinang,2,2,88,86,85,False,reference_dates_below_4; target_dates_below_4,2,2,85,False
2024,deepavali,after,917,Sabah,2,2,39,42,35,False,reference_dates_below_4; target_dates_below_4,2,2,35,False
2024,deepavali,after,917,Sarawak,2,2,39,48,34,False,reference_dates_below_4; target_dates_below_4,2,2,34,False
2024,deepavali,after,917,Selangor,3,2,75,73,68,False,reference_dates_below_4; target_dates_below_4,3,2,68,False
2024,deepavali,after,917,Terengganu,3,2,93,98,90,False,reference_dates_below_4; target_dates_below_4,3,2,90,False
2024,deepavali,after,917,W.P. Kuala Lumpur,2,2,109,107,105,False,reference_dates_below_4; target_dates_below_4,2,2,105,False
2024,deepavali,after,917,W.P. Labuan,2,2,5,4,4,False,reference_dates_below_4; target_dates_below_4; target_premises_below_5; common_premises_below_5,2,2,4,False
2024,deepavali,after,917,W.P. Putrajaya,2,2,20,20,19,False,reference_dates_below_4; target_dates_below_4,2,2,19,False
2024,deepavali,after,129,Johor,14,13,158,159,156,True,,14,13,156,True
2024,deepavali,after,129,Kedah,14,13,87,85,84,True,,14,13,84,True
2024,deepavali,after,129,Kelantan,14,13,125,126,123,True,,14,13,123,True
2024,deepavali,after,129,Melaka,14,13,26,26,26,True,,14,13,26,True
2024,deepavali,after,129,Negeri Sembilan,14,13,37,38,37,True,,14,13,37,True
2024,deepavali,after,129,Pahang,14,13,111,109,107,True,,14,13,107,True
2024,deepavali,after,129,Perak,14,13,109,108,106,True,,14,13,106,True
2024,deepavali,after,129,Perlis,14,13,35,34,34,True,,14,13,34,True
2024,deepavali,after,129,Pulau Pinang,14,13,85,85,85,True,,14,13,85,True
2024,deepavali,after,129,Sabah,14,13,135,131,131,True,,14,13,131,True
2024,deepavali,after,129,Sarawak,13,13,143,150,143,True,,13,13,143,True
2024,deepavali,after,129,Selangor,14,13,79,81,79,True,,14,13,79,True
2024,deepavali,after,129,Terengganu,14,13,106,106,105,True,,14,13,105,True
2024,deepavali,after,129,W.P. Kuala Lumpur,14,13,118,118,117,True,,14,13,117,True
2024,deepavali,after,129,W.P. Labuan,14,13,13,14,13,True,,14,13,13,True
2024,deepavali,after,129,W.P. Putrajaya,14,13,20,20,20,True,,14,13,20,True
2024,deepavali,after,1564,Johor,14,13,167,166,165,True,,14,13,165,True
2024,deepavali,after,1564,Kedah,14,13,72,70,69,True,,14,13,69,True
2024,deepavali,after,1564,Kelantan,14,13,56,58,54,True,,14,13,54,True
2024,deepavali,after,1564,Melaka,14,13,27,27,27,True,,14,13,27,True
2024,deepavali,after,1564,Negeri Sembilan,14,13,40,40,40,True,,14,13,40,True
2024,deepavali,after,1564,Pahang,14,13,110,111,107,True,,14,13,107,True
2024,deepavali,after,1564,Perak,14,13,120,117,116,True,,14,13,116,True
2024,deepavali,after,1564,Perlis,14,13,29,28,28,True,,14,13,28,True
2024,deepavali,after,1564,Pulau Pinang,14,13,96,97,96,True,,14,13,96,True
2024,deepavali,after,1564,Sabah,14,13,133,134,132,True,,14,13,132,True
2024,deepavali,after,1564,Sarawak,13,13,139,146,139,True,,13,13,139,True
2024,deepavali,after,1564,Selangor,14,13,81,82,80,True,,14,13,80,True
2024,deepavali,after,1564,Terengganu,14,13,72,77,72,True,,14,13,72,True
2024,deepavali,after,1564,W.P. Kuala Lumpur,14,13,122,122,122,True,,14,13,122,True
2024,deepavali,after,1564,W.P. Labuan,14,13,14,14,14,True,,14,13,14,True
2024,deepavali,after,1564,W.P. Putrajaya,14,13,19,19,19,True,,14,13,19,True
2024,deepavali,after,1131,Johor,14,13,156,152,151,True,,14,13,151,True
2024,deepavali,after,1131,Kedah,14,13,63,63,61,True,,14,13,61,True
2024,deepavali,after,1131,Kelantan,14,13,73,70,64,True,,14,13,64,True
2024,deepavali,after,1131,Melaka,14,13,17,17,16,True,,14,13,16,True
2024,deepavali,after,1131,Negeri Sembilan,14,13,29,30,29,True,,14,13,29,True
2024,deepavali,after,1131,Pahang,14,13,107,108,105,True,,14,13,105,True
2024,deepavali,after,1131,Perak,14,13,110,111,107,True,,14,13,107,True
2024,deepavali,after,1131,Perlis,14,13,27,29,25,True,,14,13,25,True
2024,deepavali,after,1131,Pulau Pinang,14,13,87,85,83,True,,14,13,83,True
2024,deepavali,after,1131,Sabah,14,13,118,117,113,True,,13,13,113,True
2024,deepavali,after,1131,Sarawak,13,13,148,147,141,True,,13,13,141,True
2024,deepavali,after,1131,Selangor,14,13,72,71,71,True,,14,13,71,True
2024,deepavali,after,1131,Terengganu,14,13,79,82,79,True,,14,13,79,True
2024,deepavali,after,1131,W.P. Kuala Lumpur,14,13,98,102,96,True,,14,13,96,True
2024,deepavali,after,1131,W.P. Labuan,14,13,13,13,13,True,,14,13,13,True
2024,deepavali,after,1131,W.P. Putrajaya,14,13,19,20,19,True,,14,13,19,True
2024,deepavali,after,94,Johor,14,13,95,91,87,True,,14,13,87,True
2024,deepavali,after,94,Kedah,14,13,41,34,31,True,,14,13,31,True
2024,deepavali,after,94,Kelantan,14,13,28,28,26,True,,14,13,26,True
2024,deepavali,after,94,Melaka,14,13,15,12,12,True,,14,13,12,True
2024,deepavali,after,94,Negeri Sembilan,14,13,37,37,35,True,,14,13,35,True
2024,deepavali,after,94,Pahang,14,13,98,96,92,True,,14,13,92,True
2024,deepavali,after,94,Perak,14,13,61,60,56,True,,14,13,56,True
2024,deepavali,after,94,Perlis,14,13,20,19,18,True,,14,13,18,True
2024,deepavali,after,94,Pulau Pinang,14,13,53,44,43,True,,14,13,43,True
2024,deepavali,after,94,Sabah,13,13,17,26,13,True,,13,13,13,True
2024,deepavali,after,94,Sarawak,13,13,100,91,85,True,,13,13,85,True
2024,deepavali,after,94,Selangor,14,13,76,76,75,True,,14,13,75,True
2024,deepavali,after,94,Terengganu,14,13,49,48,45,True,,14,13,45,True
2024,deepavali,after,94,W.P. Kuala Lumpur,14,13,105,107,102,True,,14,13,102,True
2024,deepavali,after,94,W.P. Labuan,0,0,0,0,0,False,reference_dates_below_4; target_dates_below_4; reference_premises_below_5; target_premises_below_5; common_premises_below_5,0,0,0,False
2024,deepavali,after,94,W.P. Putrajaya,3,0,1,0,0,False,reference_dates_below_4; target_dates_below_4; reference_premises_below_5; target_premises_below_5; common_premises_below_5,0,0,0,False
2024,deepavali,after,114,Johor,14,13,165,162,161,True,,14,13,161,True
2024,deepavali,after,114,Kedah,14,13,70,71,70,True,,14,13,70,True
2024,deepavali,after,114,Kelantan,14,13,84,83,81,True,,14,13,81,True
2024,deepavali,after,114,Melaka,14,13,25,25,25,True,,14,13,25,True
2024,deepavali,after,114,Negeri Sembilan,14,13,39,40,38,True,,14,13,38,True
2024,deepavali,after,114,Pahang,14,13,114,113,113,True,,14,13,113,True
2024,deepavali,after,114,Perak,14,13,100,99,99,True,,14,13,99,True
2024,deepavali,after,114,Perlis,14,13,23,25,23,True,,14,13,23,True
2024,deepavali,after,114,Pulau Pinang,14,13,86,87,86,True,,14,13,86,True
2024,deepavali,after,114,Sabah,13,13,93,81,78,True,,13,13,78,True
2024,deepavali,after,114,Sarawak,13,13,98,101,92,True,,13,13,92,True
2024,deepavali,after,114,Selangor,14,13,84,85,84,True,,14,13,84,True
2024,deepavali,after,114,Terengganu,14,13,89,90,86,True,,14,13,86,True
2024,deepavali,after,114,W.P. Kuala Lumpur,14,13,124,125,124,True,,14,13,124,True
2024,deepavali,after,114,W.P. Labuan,14,13,6,7,5,True,,14,13,5,True
2024,deepavali,after,114,W.P. Putrajaya,14,13,19,20,19,True,,14,13,19,True
2024,deepavali,after,103,Johor,14,13,25,24,21,True,,14,13,21,True
2024,deepavali,after,103,Kedah,14,13,14,13,13,True,,14,13,13,True
2024,deepavali,after,103,Kelantan,14,13,22,10,8,True,,14,13,8,True
2024,deepavali,after,103,Melaka,0,12,0,1,0,False,reference_dates_below_4; reference_premises_below_5; target_premises_below_5; common_premises_below_5,0,0,0,False
2024,deepavali,after,103,Negeri Sembilan,14,13,17,18,17,True,,14,13,17,True
2024,deepavali,after,103,Pahang,14,13,34,34,33,True,,14,13,33,True
2024,deepavali,after,103,Perak,14,13,43,43,43,True,,14,13,43,True
2024,deepavali,after,103,Perlis,0,0,0,0,0,False,reference_dates_below_4; target_dates_below_4; reference_premises_below_5; target_premises_below_5; common_premises_below_5,0,0,0,False
2024,deepavali,after,103,Pulau Pinang,14,13,26,25,24,True,,14,13,24,True
2024,deepavali,after,103,Sabah,14,13,3,3,3,False,reference_premises_below_5; target_premises_below_5; common_premises_below_5,14,13,3,False
2024,deepavali,after,103,Sarawak,13,13,1,1,1,False,reference_premises_below_5; target_premises_below_5; common_premises_below_5,13,13,1,False
2024,deepavali,after,103,Selangor,14,13,39,38,37,True,,14,13,37,True
2024,deepavali,after,103,Terengganu,14,13,20,14,13,True,,14,13,13,True
2024,deepavali,after,103,W.P. Kuala Lumpur,14,13,56,49,49,True,,14,13,49,True
2024,deepavali,after,103,W.P. Labuan,0,0,0,0,0,False,reference_dates_below_4; target_dates_below_4; reference_premises_below_5; target_premises_below_5; common_premises_below_5,0,0,0,False
2024,deepavali,after,103,W.P. Putrajaya,14,13,6,6,5,True,,14,13,5,True
2024,deepavali,after,1431,Johor,14,13,11,12,11,True,,14,13,11,True
2024,deepavali,after,1431,Kedah,14,13,13,12,12,True,,14,13,12,True
2024,deepavali,after,1431,Kelantan,14,13,17,18,17,True,,14,13,17,True
2024,deepavali,after,1431,Melaka,14,13,7,7,7,True,,14,13,7,True
2024,deepavali,after,1431,Negeri Sembilan,14,13,8,8,8,True,,14,13,8,True
2024,deepavali,after,1431,Pahang,14,13,9,9,9,True,,14,13,9,True
2024,deepavali,after,1431,Perak,14,13,19,21,19,True,,14,13,19,True
2024,deepavali,after,1431,Perlis,14,13,3,3,3,False,reference_premises_below_5; target_premises_below_5; common_premises_below_5,14,13,3,False
2024,deepavali,after,1431,Pulau Pinang,14,13,18,18,18,True,,14,13,18,True
2024,deepavali,after,1431,Sabah,13,13,3,3,3,False,reference_premises_below_5; target_premises_below_5; common_premises_below_5,13,13,3,False
2024,deepavali,after,1431,Sarawak,12,11,2,1,1,False,reference_premises_below_5; target_premises_below_5; common_premises_below_5,11,11,1,False
2024,deepavali,after,1431,Selangor,14,13,14,14,14,True,,14,13,14,True
2024,deepavali,after,1431,Terengganu,14,13,16,13,13,True,,14,13,13,True
2024,deepavali,after,1431,W.P. Kuala Lumpur,14,13,5,6,5,True,,14,13,5,True
2024,deepavali,after,1431,W.P. Labuan,0,0,0,0,0,False,reference_dates_below_4; target_dates_below_4; reference_premises_below_5; target_premises_below_5; common_premises_below_5,0,0,0,False
2024,deepavali,after,1431,W.P. Putrajaya,14,13,2,2,2,False,reference_premises_below_5; target_premises_below_5; common_premises_below_5,14,13,2,False
2024,deepavali,after,1555,Johor,14,13,131,131,127,True,,14,13,127,True
2024,deepavali,after,1555,Kedah,14,13,48,46,45,True,,14,13,45,True
2024,deepavali,after,1555,Kelantan,14,13,68,67,65,True,,14,13,65,True
2024,deepavali,after,1555,Melaka,14,13,19,20,19,True,,14,13,19,True
2024,deepavali,after,1555,Negeri Sembilan,14,13,24,23,23,True,,14,13,23,True
2024,deepavali,after,1555,Pahang,14,13,85,84,80,True,,14,13,80,True
2024,deepavali,after,1555,Perak,14,13,84,83,82,True,,14,13,82,True
2024,deepavali,after,1555,Perlis,14,13,16,15,14,True,,14,13,14,True
2024,deepavali,after,1555,Pulau Pinang,14,13,59,58,55,True,,14,13,55,True
2024,deepavali,after,1555,Sabah,13,13,34,34,31,True,,13,13,31,True
2024,deepavali,after,1555,Sarawak,13,13,42,52,41,True,,13,13,41,True
2024,deepavali,after,1555,Selangor,14,13,79,78,78,True,,14,13,78,True
2024,deepavali,after,1555,Terengganu,14,13,58,50,48,True,,14,13,48,True
2024,deepavali,after,1555,W.P. Kuala Lumpur,14,13,84,85,78,True,,14,13,78,True
2024,deepavali,after,1555,W.P. Labuan,0,0,0,0,0,False,reference_dates_below_4; target_dates_below_4; reference_premises_below_5; target_premises_below_5; common_premises_below_5,0,0,0,False
2024,deepavali,after,1555,W.P. Putrajaya,14,13,14,15,13,True,,14,13,13,True
2024,deepavali,after,193,Johor,2,2,46,47,45,False,reference_dates_below_4; target_dates_below_4,2,2,45,False
2024,deepavali,after,193,Kedah,2,2,85,86,82,False,reference_dates_below_4; target_dates_below_4,2,2,82,False
2024,deepavali,after,193,Kelantan,2,2,11,10,10,False,reference_dates_below_4; target_dates_below_4,2,2,10,False
2024,deepavali,after,193,Melaka,2,2,6,6,6,False,reference_dates_below_4; target_dates_below_4,2,2,6,False
2024,deepavali,after,193,Negeri Sembilan,2,2,21,22,19,False,reference_dates_below_4; target_dates_below_4,2,2,19,False
2024,deepavali,after,193,Pahang,2,2,57,62,56,False,reference_dates_below_4; target_dates_below_4,2,2,56,False
2024,deepavali,after,193,Perak,2,2,106,107,101,False,reference_dates_below_4; target_dates_below_4,2,2,101,False
2024,deepavali,after,193,Perlis,2,2,36,37,35,False,reference_dates_below_4; target_dates_below_4,2,2,35,False
2024,deepavali,after,193,Pulau Pinang,2,2,64,64,61,False,reference_dates_below_4; target_dates_below_4,2,2,61,False
2024,deepavali,after,193,Sabah,2,2,65,63,60,False,reference_dates_below_4; target_dates_below_4,2,2,60,False
2024,deepavali,after,193,Sarawak,2,2,89,89,85,False,reference_dates_below_4; target_dates_below_4,2,2,85,False
2024,deepavali,after,193,Selangor,3,2,56,56,52,False,reference_dates_below_4; target_dates_below_4,3,2,52,False
2024,deepavali,after,193,Terengganu,2,2,11,11,11,False,reference_dates_below_4; target_dates_below_4,2,2,11,False
2024,deepavali,after,193,W.P. Kuala Lumpur,2,2,91,87,86,False,reference_dates_below_4; target_dates_below_4,2,2,86,False
2024,deepavali,after,193,W.P. Labuan,2,2,5,6,5,False,reference_dates_below_4; target_dates_below_4,2,2,5,False
2024,deepavali,after,193,W.P. Putrajaya,2,2,9,9,9,False,reference_dates_below_4; target_dates_below_4,2,2,9,False
2024,ramadan_raya,early_ramadan,1,Johor,11,12,140,145,140,True,,11,12,140,True
2024,ramadan_raya,early_ramadan,1,Kedah,11,13,52,52,52,True,,11,13,52,True
2024,ramadan_raya,early_ramadan,1,Kelantan,11,14,74,74,74,True,,11,14,74,True
2024,ramadan_raya,early_ramadan,1,Melaka,11,13,19,20,19,True,,11,13,19,True
2024,ramadan_raya,early_ramadan,1,Negeri Sembilan,11,14,32,33,32,True,,11,14,32,True
2024,ramadan_raya,early_ramadan,1,Pahang,11,14,93,94,93,True,,11,14,93,True
2024,ramadan_raya,early_ramadan,1,Perak,11,14,86,86,85,True,,11,14,85,True
2024,ramadan_raya,early_ramadan,1,Perlis,11,14,17,17,17,True,,11,14,17,True
2024,ramadan_raya,early_ramadan,1,Pulau Pinang,11,14,62,64,62,True,,11,14,62,True
2024,ramadan_raya,early_ramadan,1,Sabah,11,14,8,9,8,True,,11,14,8,True
2024,ramadan_raya,early_ramadan,1,Sarawak,11,13,11,11,11,True,,11,13,11,True
2024,ramadan_raya,early_ramadan,1,Selangor,11,14,80,80,80,True,,11,14,80,True
2024,ramadan_raya,early_ramadan,1,Terengganu,10,14,87,87,86,True,,10,14,86,True
2024,ramadan_raya,early_ramadan,1,W.P. Kuala Lumpur,11,14,89,89,87,True,,11,14,87,True
2024,ramadan_raya,early_ramadan,1,W.P. Labuan,11,14,2,2,2,False,reference_premises_below_5; target_premises_below_5; common_premises_below_5,11,14,2,False
2024,ramadan_raya,early_ramadan,1,W.P. Putrajaya,11,14,17,17,17,True,,11,14,17,True
2024,ramadan_raya,early_ramadan,1111,Johor,11,12,115,122,108,True,,11,12,108,True
2024,ramadan_raya,early_ramadan,1111,Kedah,11,13,26,28,26,True,,11,13,26,True
2024,ramadan_raya,early_ramadan,1111,Kelantan,11,14,49,60,43,True,,11,14,43,True
2024,ramadan_raya,early_ramadan,1111,Melaka,11,13,14,14,14,True,,11,13,14,True
2024,ramadan_raya,early_ramadan,1111,Negeri Sembilan,11,14,27,30,27,True,,11,14,27,True
2024,ramadan_raya,early_ramadan,1111,Pahang,11,14,58,61,50,True,,11,14,50,True
2024,ramadan_raya,early_ramadan,1111,Perak,11,14,49,54,45,True,,11,14,45,True
2024,ramadan_raya,early_ramadan,1111,Perlis,11,12,6,4,4,False,target_premises_below_5; common_premises_below_5,11,12,4,False
2024,ramadan_raya,early_ramadan,1111,Pulau Pinang,11,14,31,32,30,True,,11,14,30,True
2024,ramadan_raya,early_ramadan,1111,Sabah,11,14,35,32,24,True,,11,14,24,True
2024,ramadan_raya,early_ramadan,1111,Sarawak,11,13,12,9,7,True,,11,13,7,True
2024,ramadan_raya,early_ramadan,1111,Selangor,11,14,52,62,51,True,,11,14,51,True
2024,ramadan_raya,early_ramadan,1111,Terengganu,10,14,54,53,45,True,,10,14,45,True
2024,ramadan_raya,early_ramadan,1111,W.P. Kuala Lumpur,11,14,68,68,65,True,,11,14,65,True
2024,ramadan_raya,early_ramadan,1111,W.P. Labuan,3,0,1,0,0,False,reference_dates_below_4; target_dates_below_4; reference_premises_below_5; target_premises_below_5; common_premises_below_5,0,0,0,False
2024,ramadan_raya,early_ramadan,1111,W.P. Putrajaya,11,14,4,9,4,False,reference_premises_below_5; common_premises_below_5,11,14,4,False
2024,ramadan_raya,early_ramadan,904,Johor,2,2,35,33,30,False,reference_dates_below_4; target_dates_below_4,2,2,30,False
2024,ramadan_raya,early_ramadan,904,Kedah,2,2,39,43,39,False,reference_dates_below_4; target_dates_below_4,2,2,39,False
2024,ramadan_raya,early_ramadan,904,Kelantan,2,2,13,14,9,False,reference_dates_below_4; target_dates_below_4,2,2,9,False
2024,ramadan_raya,early_ramadan,904,Melaka,2,2,6,7,6,False,reference_dates_below_4; target_dates_below_4,2,2,6,False
2024,ramadan_raya,early_ramadan,904,Negeri Sembilan,2,2,10,11,10,False,reference_dates_below_4; target_dates_below_4,2,2,10,False
2024,ramadan_raya,early_ramadan,904,Pahang,2,2,16,18,14,False,reference_dates_below_4; target_dates_below_4,2,2,14,False
2024,ramadan_raya,early_ramadan,904,Perak,2,2,45,49,44,False,reference_dates_below_4; target_dates_below_4,2,2,44,False
2024,ramadan_raya,early_ramadan,904,Perlis,2,2,9,10,9,False,reference_dates_below_4; target_dates_below_4,2,2,9,False
2024,ramadan_raya,early_ramadan,904,Pulau Pinang,2,2,32,31,30,False,reference_dates_below_4; target_dates_below_4,2,2,30,False
2024,ramadan_raya,early_ramadan,904,Sabah,0,0,0,0,0,False,reference_dates_below_4; target_dates_below_4; reference_premises_below_5; target_premises_below_5; common_premises_below_5,0,0,0,False
2024,ramadan_raya,early_ramadan,904,Sarawak,0,0,0,0,0,False,reference_dates_below_4; target_dates_below_4; reference_premises_below_5; target_premises_below_5; common_premises_below_5,0,0,0,False
2024,ramadan_raya,early_ramadan,904,Selangor,2,2,16,19,14,False,reference_dates_below_4; target_dates_below_4,2,2,14,False
2024,ramadan_raya,early_ramadan,904,Terengganu,2,2,23,19,18,False,reference_dates_below_4; target_dates_below_4,2,2,18,False
2024,ramadan_raya,early_ramadan,904,W.P. Kuala Lumpur,2,2,26,30,26,False,reference_dates_below_4; target_dates_below_4,2,2,26,False
2024,ramadan_raya,early_ramadan,904,W.P. Labuan,0,0,0,0,0,False,reference_dates_below_4; target_dates_below_4; reference_premises_below_5; target_premises_below_5; common_premises_below_5,0,0,0,False
2024,ramadan_raya,early_ramadan,904,W.P. Putrajaya,2,2,5,7,5,False,reference_dates_below_4; target_dates_below_4,2,2,5,False
2024,ramadan_raya,early_ramadan,918,Johor,3,4,28,28,18,False,reference_dates_below_4,3,4,18,False
2024,ramadan_raya,early_ramadan,918,Kedah,2,2,36,41,33,False,reference_dates_below_4; target_dates_below_4,2,2,33,False
2024,ramadan_raya,early_ramadan,918,Kelantan,2,2,72,85,66,False,reference_dates_below_4; target_dates_below_4,2,2,66,False
2024,ramadan_raya,early_ramadan,918,Melaka,2,3,10,13,9,False,reference_dates_below_4; target_dates_below_4,2,3,9,False
2024,ramadan_raya,early_ramadan,918,Negeri Sembilan,2,2,5,5,3,False,reference_dates_below_4; target_dates_below_4; common_premises_below_5,2,2,3,False
2024,ramadan_raya,early_ramadan,918,Pahang,3,4,32,35,23,False,reference_dates_below_4,3,4,23,False
2024,ramadan_raya,early_ramadan,918,Perak,2,2,28,24,19,False,reference_dates_below_4; target_dates_below_4,2,2,19,False
2024,ramadan_raya,early_ramadan,918,Perlis,2,2,26,32,25,False,reference_dates_below_4; target_dates_below_4,2,2,25,False
2024,ramadan_raya,early_ramadan,918,Pulau Pinang,2,3,22,27,20,False,reference_dates_below_4; target_dates_below_4,2,3,20,False
2024,ramadan_raya,early_ramadan,918,Sabah,2,3,19,16,16,False,reference_dates_below_4; target_dates_below_4,2,3,16,False
2024,ramadan_raya,early_ramadan,918,Sarawak,2,2,17,23,15,False,reference_dates_below_4; target_dates_below_4,2,2,15,False
2024,ramadan_raya,early_ramadan,918,Selangor,2,2,21,32,19,False,reference_dates_below_4; target_dates_below_4,2,2,19,False
2024,ramadan_raya,early_ramadan,918,Terengganu,2,3,48,55,42,False,reference_dates_below_4; target_dates_below_4,2,3,42,False
2024,ramadan_raya,early_ramadan,918,W.P. Kuala Lumpur,2,2,15,15,10,False,reference_dates_below_4; target_dates_below_4,2,2,10,False
2024,ramadan_raya,early_ramadan,918,W.P. Labuan,2,2,1,3,1,False,reference_dates_below_4; target_dates_below_4; reference_premises_below_5; target_premises_below_5; common_premises_below_5,2,2,1,False
2024,ramadan_raya,early_ramadan,918,W.P. Putrajaya,2,1,3,1,1,False,reference_dates_below_4; target_dates_below_4; reference_premises_below_5; target_premises_below_5; common_premises_below_5,2,1,1,False
2024,ramadan_raya,early_ramadan,1589,Johor,3,4,154,158,148,False,reference_dates_below_4,3,4,148,False
2024,ramadan_raya,early_ramadan,1589,Kedah,2,2,72,74,71,False,reference_dates_below_4; target_dates_below_4,2,2,71,False
2024,ramadan_raya,early_ramadan,1589,Kelantan,2,3,122,128,121,False,reference_dates_below_4; target_dates_below_4,2,3,121,False
2024,ramadan_raya,early_ramadan,1589,Melaka,2,3,25,25,24,False,reference_dates_below_4; target_dates_below_4,2,3,24,False
2024,ramadan_raya,early_ramadan,1589,Negeri Sembilan,2,2,34,36,33,False,reference_dates_below_4; target_dates_below_4,2,2,33,False
2024,ramadan_raya,early_ramadan,1589,Pahang,3,2,108,108,103,False,reference_dates_below_4; target_dates_below_4,3,2,103,False
2024,ramadan_raya,early_ramadan,1589,Perak,3,2,107,113,102,False,reference_dates_below_4; target_dates_below_4,3,2,102,False
2024,ramadan_raya,early_ramadan,1589,Perlis,2,2,33,36,31,False,reference_dates_below_4; target_dates_below_4,2,2,31,False
2024,ramadan_raya,early_ramadan,1589,Pulau Pinang,2,3,74,80,74,False,reference_dates_below_4; target_dates_below_4,2,3,74,False
2024,ramadan_raya,early_ramadan,1589,Sabah,2,2,60,57,57,False,reference_dates_below_4; target_dates_below_4,2,2,57,False
2024,ramadan_raya,early_ramadan,1589,Sarawak,2,2,61,80,54,False,reference_dates_below_4; target_dates_below_4,2,2,54,False
2024,ramadan_raya,early_ramadan,1589,Selangor,2,3,67,67,64,False,reference_dates_below_4; target_dates_below_4,2,3,64,False
2024,ramadan_raya,early_ramadan,1589,Terengganu,2,2,94,92,87,False,reference_dates_below_4; target_dates_below_4,2,2,87,False
2024,ramadan_raya,early_ramadan,1589,W.P. Kuala Lumpur,2,2,93,92,90,False,reference_dates_below_4; target_dates_below_4,2,2,90,False
2024,ramadan_raya,early_ramadan,1589,W.P. Labuan,2,2,2,5,2,False,reference_dates_below_4; target_dates_below_4; reference_premises_below_5; common_premises_below_5,2,2,2,False
2024,ramadan_raya,early_ramadan,1589,W.P. Putrajaya,3,2,19,18,18,False,reference_dates_below_4; target_dates_below_4,3,2,18,False
2024,ramadan_raya,early_ramadan,917,Johor,3,4,152,157,146,False,reference_dates_below_4,3,4,146,False
2024,ramadan_raya,early_ramadan,917,Kedah,2,3,69,72,67,False,reference_dates_below_4; target_dates_below_4,2,3,67,False
2024,ramadan_raya,early_ramadan,917,Kelantan,2,4,110,119,106,False,reference_dates_below_4,2,3,106,False
2024,ramadan_raya,early_ramadan,917,Melaka,2,3,23,25,23,False,reference_dates_below_4; target_dates_below_4,2,3,23,False
2024,ramadan_raya,early_ramadan,917,Negeri Sembilan,2,2,39,40,37,False,reference_dates_below_4; target_dates_below_4,2,2,37,False
2024,ramadan_raya,early_ramadan,917,Pahang,4,5,104,109,99,True,,4,5,99,True
2024,ramadan_raya,early_ramadan,917,Perak,3,2,115,122,110,False,reference_dates_below_4; target_dates_below_4,3,2,110,False
2024,ramadan_raya,early_ramadan,917,Perlis,2,2,37,36,35,False,reference_dates_below_4; target_dates_below_4,2,2,35,False
2024,ramadan_raya,early_ramadan,917,Pulau Pinang,2,3,78,81,77,False,reference_dates_below_4; target_dates_below_4,2,3,77,False
2024,ramadan_raya,early_ramadan,917,Sabah,2,2,48,45,43,False,reference_dates_below_4; target_dates_below_4,2,2,43,False
2024,ramadan_raya,early_ramadan,917,Sarawak,2,2,50,54,49,False,reference_dates_below_4; target_dates_below_4,2,2,49,False
2024,ramadan_raya,early_ramadan,917,Selangor,2,2,62,70,59,False,reference_dates_below_4; target_dates_below_4,2,2,59,False
2024,ramadan_raya,early_ramadan,917,Terengganu,2,2,90,95,88,False,reference_dates_below_4; target_dates_below_4,2,2,88,False
2024,ramadan_raya,early_ramadan,917,W.P. Kuala Lumpur,2,2,86,91,82,False,reference_dates_below_4; target_dates_below_4,2,2,82,False
2024,ramadan_raya,early_ramadan,917,W.P. Labuan,2,2,6,5,5,False,reference_dates_below_4; target_dates_below_4,2,2,5,False
2024,ramadan_raya,early_ramadan,917,W.P. Putrajaya,3,2,18,17,17,False,reference_dates_below_4; target_dates_below_4,3,2,17,False
2024,ramadan_raya,early_ramadan,129,Johor,11,12,155,160,155,True,,11,12,155,True
2024,ramadan_raya,early_ramadan,129,Kedah,11,13,76,75,74,True,,11,13,74,True
2024,ramadan_raya,early_ramadan,129,Kelantan,11,14,127,127,126,True,,11,14,126,True
2024,ramadan_raya,early_ramadan,129,Melaka,11,13,26,26,26,True,,11,13,26,True
2024,ramadan_raya,early_ramadan,129,Negeri Sembilan,11,14,35,38,35,True,,11,14,35,True
2024,ramadan_raya,early_ramadan,129,Pahang,11,14,100,98,97,True,,11,14,97,True
2024,ramadan_raya,early_ramadan,129,Perak,11,14,98,100,98,True,,11,14,98,True
2024,ramadan_raya,early_ramadan,129,Perlis,11,14,35,36,35,True,,11,14,35,True
2024,ramadan_raya,early_ramadan,129,Pulau Pinang,11,14,75,75,75,True,,11,14,75,True
2024,ramadan_raya,early_ramadan,129,Sabah,11,14,132,134,132,True,,11,14,132,True
2024,ramadan_raya,early_ramadan,129,Sarawak,11,14,140,142,139,True,,11,14,139,True
2024,ramadan_raya,early_ramadan,129,Selangor,11,14,80,79,79,True,,11,14,79,True
2024,ramadan_raya,early_ramadan,129,Terengganu,10,14,103,103,102,True,,10,14,102,True
2024,ramadan_raya,early_ramadan,129,W.P. Kuala Lumpur,11,14,101,102,101,True,,11,14,101,True
2024,ramadan_raya,early_ramadan,129,W.P. Labuan,11,14,14,14,14,True,,11,14,14,True
2024,ramadan_raya,early_ramadan,129,W.P. Putrajaya,11,14,20,20,20,True,,11,14,20,True
2024,ramadan_raya,early_ramadan,1564,Johor,11,12,167,168,165,True,,11,12,165,True
2024,ramadan_raya,early_ramadan,1564,Kedah,11,13,71,72,71,True,,11,13,71,True
2024,ramadan_raya,early_ramadan,1564,Kelantan,11,14,67,64,64,True,,11,14,64,True
2024,ramadan_raya,early_ramadan,1564,Melaka,11,13,27,27,27,True,,11,13,27,True
2024,ramadan_raya,early_ramadan,1564,Negeri Sembilan,11,14,41,41,41,True,,11,14,41,True
2024,ramadan_raya,early_ramadan,1564,Pahang,11,14,94,96,93,True,,11,14,93,True
2024,ramadan_raya,early_ramadan,1564,Perak,11,14,107,110,106,True,,11,14,106,True
2024,ramadan_raya,early_ramadan,1564,Perlis,11,14,26,29,25,True,,11,14,25,True
2024,ramadan_raya,early_ramadan,1564,Pulau Pinang,11,14,82,83,82,True,,11,14,82,True
2024,ramadan_raya,early_ramadan,1564,Sabah,11,14,129,130,129,True,,11,14,129,True
2024,ramadan_raya,early_ramadan,1564,Sarawak,11,14,134,136,134,True,,11,14,134,True
2024,ramadan_raya,early_ramadan,1564,Selangor,11,14,81,79,79,True,,11,14,79,True
2024,ramadan_raya,early_ramadan,1564,Terengganu,10,14,69,72,69,True,,10,14,69,True
2024,ramadan_raya,early_ramadan,1564,W.P. Kuala Lumpur,11,14,104,100,100,True,,11,14,100,True
2024,ramadan_raya,early_ramadan,1564,W.P. Labuan,11,14,14,14,14,True,,11,14,14,True
2024,ramadan_raya,early_ramadan,1564,W.P. Putrajaya,11,14,20,19,19,True,,11,14,19,True
2024,ramadan_raya,early_ramadan,1131,Johor,11,12,149,148,142,True,,11,12,142,True
2024,ramadan_raya,early_ramadan,1131,Kedah,11,13,46,47,44,True,,11,13,44,True
2024,ramadan_raya,early_ramadan,1131,Kelantan,11,14,67,66,62,True,,11,14,62,True
2024,ramadan_raya,early_ramadan,1131,Melaka,11,13,18,14,14,True,,11,13,14,True
2024,ramadan_raya,early_ramadan,1131,Negeri Sembilan,11,14,27,26,26,True,,11,14,26,True
2024,ramadan_raya,early_ramadan,1131,Pahang,11,14,93,93,91,True,,11,14,91,True
2024,ramadan_raya,early_ramadan,1131,Perak,11,14,97,96,93,True,,11,14,93,True
2024,ramadan_raya,early_ramadan,1131,Perlis,11,14,30,29,29,True,,11,14,29,True
2024,ramadan_raya,early_ramadan,1131,Pulau Pinang,11,14,75,68,68,True,,11,14,68,True
2024,ramadan_raya,early_ramadan,1131,Sabah,11,14,117,117,114,True,,11,14,114,True
2024,ramadan_raya,early_ramadan,1131,Sarawak,11,14,136,139,136,True,,11,14,136,True
2024,ramadan_raya,early_ramadan,1131,Selangor,11,14,75,77,75,True,,11,14,75,True
2024,ramadan_raya,early_ramadan,1131,Terengganu,10,14,76,75,74,True,,10,14,74,True
2024,ramadan_raya,early_ramadan,1131,W.P. Kuala Lumpur,11,14,84,86,83,True,,11,14,83,True
2024,ramadan_raya,early_ramadan,1131,W.P. Labuan,11,14,13,13,13,True,,11,14,13,True
2024,ramadan_raya,early_ramadan,1131,W.P. Putrajaya,11,14,21,21,21,True,,11,14,21,True
2024,ramadan_raya,early_ramadan,94,Johor,11,12,76,76,71,True,,11,12,71,True
2024,ramadan_raya,early_ramadan,94,Kedah,11,13,21,21,19,True,,11,13,19,True
2024,ramadan_raya,early_ramadan,94,Kelantan,11,14,28,27,25,True,,11,14,25,True
2024,ramadan_raya,early_ramadan,94,Melaka,11,13,5,6,5,True,,11,13,5,True
2024,ramadan_raya,early_ramadan,94,Negeri Sembilan,11,14,33,34,33,True,,11,14,33,True
2024,ramadan_raya,early_ramadan,94,Pahang,11,14,90,93,87,True,,11,14,87,True
2024,ramadan_raya,early_ramadan,94,Perak,11,14,53,53,50,True,,11,14,50,True
2024,ramadan_raya,early_ramadan,94,Perlis,11,14,20,19,19,True,,11,14,19,True
2024,ramadan_raya,early_ramadan,94,Pulau Pinang,11,14,37,35,34,True,,11,14,34,True
2024,ramadan_raya,early_ramadan,94,Sabah,11,14,26,29,20,True,,11,14,20,True
2024,ramadan_raya,early_ramadan,94,Sarawak,11,14,91,95,88,True,,11,14,88,True
2024,ramadan_raya,early_ramadan,94,Selangor,11,14,71,71,68,True,,11,14,68,True
2024,ramadan_raya,early_ramadan,94,Terengganu,10,14,49,49,47,True,,10,14,47,True
2024,ramadan_raya,early_ramadan,94,W.P. Kuala Lumpur,11,14,83,83,80,True,,11,14,80,True
2024,ramadan_raya,early_ramadan,94,W.P. Labuan,0,0,0,0,0,False,reference_dates_below_4; target_dates_below_4; reference_premises_below_5; target_premises_below_5; common_premises_below_5,0,0,0,False
2024,ramadan_raya,early_ramadan,94,W.P. Putrajaya,2,5,2,4,1,False,reference_dates_below_4; reference_premises_below_5; target_premises_below_5; common_premises_below_5,1,2,1,False
2024,ramadan_raya,early_ramadan,114,Johor,11,12,159,163,159,True,,11,12,159,True
2024,ramadan_raya,early_ramadan,114,Kedah,11,13,63,63,63,True,,11,13,63,True
2024,ramadan_raya,early_ramadan,114,Kelantan,11,14,82,81,81,True,,11,14,81,True
2024,ramadan_raya,early_ramadan,114,Melaka,11,13,24,23,23,True,,11,13,23,True
2024,ramadan_raya,early_ramadan,114,Negeri Sembilan,11,14,36,37,36,True,,11,14,36,True
2024,ramadan_raya,early_ramadan,114,Pahang,11,14,100,99,99,True,,11,14,99,True
2024,ramadan_raya,early_ramadan,114,Perak,11,14,94,94,93,True,,11,14,93,True
2024,ramadan_raya,early_ramadan,114,Perlis,11,14,23,22,22,True,,11,14,22,True
2024,ramadan_raya,early_ramadan,114,Pulau Pinang,11,14,76,77,76,True,,11,14,76,True
2024,ramadan_raya,early_ramadan,114,Sabah,11,14,83,84,77,True,,11,14,77,True
2024,ramadan_raya,early_ramadan,114,Sarawak,11,14,98,100,93,True,,11,14,93,True
2024,ramadan_raya,early_ramadan,114,Selangor,11,14,84,83,83,True,,11,14,83,True
2024,ramadan_raya,early_ramadan,114,Terengganu,10,14,81,82,75,True,,10,14,75,True
2024,ramadan_raya,early_ramadan,114,W.P. Kuala Lumpur,11,14,113,113,113,True,,11,14,113,True
2024,ramadan_raya,early_ramadan,114,W.P. Labuan,11,14,10,12,9,True,,11,14,9,True
2024,ramadan_raya,early_ramadan,114,W.P. Putrajaya,11,14,21,21,21,True,,11,14,21,True
2024,ramadan_raya,early_ramadan,103,Johor,11,12,27,28,27,True,,11,12,27,True
2024,ramadan_raya,early_ramadan,103,Kedah,11,13,10,10,10,True,,11,13,10,True
2024,ramadan_raya,early_ramadan,103,Kelantan,11,13,16,19,15,True,,11,13,15,True
2024,ramadan_raya,early_ramadan,103,Melaka,0,0,0,0,0,False,reference_dates_below_4; target_dates_below_4; reference_premises_below_5; target_premises_below_5; common_premises_below_5,0,0,0,False
2024,ramadan_raya,early_ramadan,103,Negeri Sembilan,11,14,18,18,18,True,,11,14,18,True
2024,ramadan_raya,early_ramadan,103,Pahang,11,14,36,37,35,True,,11,14,35,True
2024,ramadan_raya,early_ramadan,103,Perak,11,14,41,40,40,True,,11,14,40,True
2024,ramadan_raya,early_ramadan,103,Perlis,0,0,0,0,0,False,reference_dates_below_4; target_dates_below_4; reference_premises_below_5; target_premises_below_5; common_premises_below_5,0,0,0,False
2024,ramadan_raya,early_ramadan,103,Pulau Pinang,11,14,22,22,22,True,,11,14,22,True
2024,ramadan_raya,early_ramadan,103,Sabah,11,13,2,2,2,False,reference_premises_below_5; target_premises_below_5; common_premises_below_5,11,13,2,False
2024,ramadan_raya,early_ramadan,103,Sarawak,11,13,1,1,1,False,reference_premises_below_5; target_premises_below_5; common_premises_below_5,11,13,1,False
2024,ramadan_raya,early_ramadan,103,Selangor,11,14,38,39,37,True,,11,14,37,True
2024,ramadan_raya,early_ramadan,103,Terengganu,10,14,10,13,9,True,,10,14,9,True
2024,ramadan_raya,early_ramadan,103,W.P. Kuala Lumpur,11,14,41,41,40,True,,11,14,40,True
2024,ramadan_raya,early_ramadan,103,W.P. Labuan,0,0,0,0,0,False,reference_dates_below_4; target_dates_below_4; reference_premises_below_5; target_premises_below_5; common_premises_below_5,0,0,0,False
2024,ramadan_raya,early_ramadan,103,W.P. Putrajaya,11,14,5,8,5,True,,11,14,5,True
2024,ramadan_raya,early_ramadan,1431,Johor,11,12,12,11,11,True,,11,12,11,True
2024,ramadan_raya,early_ramadan,1431,Kedah,11,13,12,15,12,True,,11,13,12,True
2024,ramadan_raya,early_ramadan,1431,Kelantan,11,14,18,19,18,True,,11,14,18,True
2024,ramadan_raya,early_ramadan,1431,Melaka,11,13,7,7,7,True,,11,13,7,True
2024,ramadan_raya,early_ramadan,1431,Negeri Sembilan,11,14,7,7,7,True,,11,14,7,True
2024,ramadan_raya,early_ramadan,1431,Pahang,11,14,9,10,9,True,,11,14,9,True
2024,ramadan_raya,early_ramadan,1431,Perak,11,14,20,20,20,True,,11,14,20,True
2024,ramadan_raya,early_ramadan,1431,Perlis,11,14,4,4,4,False,reference_premises_below_5; target_premises_below_5; common_premises_below_5,11,14,4,False
2024,ramadan_raya,early_ramadan,1431,Pulau Pinang,11,14,18,18,18,True,,11,14,18,True
2024,ramadan_raya,early_ramadan,1431,Sabah,11,14,3,3,3,False,reference_premises_below_5; target_premises_below_5; common_premises_below_5,11,14,3,False
2024,ramadan_raya,early_ramadan,1431,Sarawak,11,13,3,3,3,False,reference_premises_below_5; target_premises_below_5; common_premises_below_5,11,13,3,False
2024,ramadan_raya,early_ramadan,1431,Selangor,11,14,13,15,13,True,,11,14,13,True
2024,ramadan_raya,early_ramadan,1431,Terengganu,10,14,16,18,16,True,,10,14,16,True
2024,ramadan_raya,early_ramadan,1431,W.P. Kuala Lumpur,11,14,6,7,6,True,,11,14,6,True
2024,ramadan_raya,early_ramadan,1431,W.P. Labuan,0,0,0,0,0,False,reference_dates_below_4; target_dates_below_4; reference_premises_below_5; target_premises_below_5; common_premises_below_5,0,0,0,False
2024,ramadan_raya,early_ramadan,1431,W.P. Putrajaya,11,14,2,2,2,False,reference_premises_below_5; target_premises_below_5; common_premises_below_5,11,14,2,False
2024,ramadan_raya,early_ramadan,1555,Johor,11,12,119,122,114,True,,11,12,114,True
2024,ramadan_raya,early_ramadan,1555,Kedah,11,13,42,43,41,True,,11,13,41,True
2024,ramadan_raya,early_ramadan,1555,Kelantan,11,14,70,73,70,True,,11,14,70,True
2024,ramadan_raya,early_ramadan,1555,Melaka,11,13,19,20,19,True,,11,13,19,True
2024,ramadan_raya,early_ramadan,1555,Negeri Sembilan,11,14,23,24,23,True,,11,14,23,True
2024,ramadan_raya,early_ramadan,1555,Pahang,11,14,81,79,78,True,,11,14,78,True
2024,ramadan_raya,early_ramadan,1555,Perak,11,14,80,81,79,True,,11,14,79,True
2024,ramadan_raya,early_ramadan,1555,Perlis,11,14,14,15,14,True,,11,14,14,True
2024,ramadan_raya,early_ramadan,1555,Pulau Pinang,11,14,47,53,45,True,,11,14,45,True
2024,ramadan_raya,early_ramadan,1555,Sabah,11,14,30,34,30,True,,11,14,30,True
2024,ramadan_raya,early_ramadan,1555,Sarawak,11,14,42,38,36,True,,11,14,36,True
2024,ramadan_raya,early_ramadan,1555,Selangor,11,14,78,78,76,True,,11,14,76,True
2024,ramadan_raya,early_ramadan,1555,Terengganu,10,14,61,68,58,True,,10,14,58,True
2024,ramadan_raya,early_ramadan,1555,W.P. Kuala Lumpur,11,14,82,83,81,True,,11,14,81,True
2024,ramadan_raya,early_ramadan,1555,W.P. Labuan,0,0,0,0,0,False,reference_dates_below_4; target_dates_below_4; reference_premises_below_5; target_premises_below_5; common_premises_below_5,0,0,0,False
2024,ramadan_raya,early_ramadan,1555,W.P. Putrajaya,11,14,17,18,17,True,,11,14,17,True
2024,ramadan_raya,early_ramadan,193,Johor,2,2,38,36,34,False,reference_dates_below_4; target_dates_below_4,2,2,34,False
2024,ramadan_raya,early_ramadan,193,Kedah,2,3,83,84,82,False,reference_dates_below_4; target_dates_below_4,2,3,82,False
2024,ramadan_raya,early_ramadan,193,Kelantan,2,2,9,9,9,False,reference_dates_below_4; target_dates_below_4,2,2,9,False
2024,ramadan_raya,early_ramadan,193,Melaka,2,2,6,6,6,False,reference_dates_below_4; target_dates_below_4,2,2,6,False
2024,ramadan_raya,early_ramadan,193,Negeri Sembilan,2,2,21,24,21,False,reference_dates_below_4; target_dates_below_4,2,2,21,False
2024,ramadan_raya,early_ramadan,193,Pahang,2,3,60,58,56,False,reference_dates_below_4; target_dates_below_4,2,3,56,False
2024,ramadan_raya,early_ramadan,193,Perak,3,2,109,104,102,False,reference_dates_below_4; target_dates_below_4,3,2,102,False
2024,ramadan_raya,early_ramadan,193,Perlis,2,2,34,34,34,False,reference_dates_below_4; target_dates_below_4,2,2,34,False
2024,ramadan_raya,early_ramadan,193,Pulau Pinang,2,2,60,66,60,False,reference_dates_below_4; target_dates_below_4,2,2,60,False
2024,ramadan_raya,early_ramadan,193,Sabah,2,2,65,62,61,False,reference_dates_below_4; target_dates_below_4,2,2,61,False
2024,ramadan_raya,early_ramadan,193,Sarawak,2,2,81,82,76,False,reference_dates_below_4; target_dates_below_4,2,2,76,False
2024,ramadan_raya,early_ramadan,193,Selangor,2,2,56,56,54,False,reference_dates_below_4; target_dates_below_4,2,2,54,False
2024,ramadan_raya,early_ramadan,193,Terengganu,2,2,11,10,9,False,reference_dates_below_4; target_dates_below_4,2,2,9,False
2024,ramadan_raya,early_ramadan,193,W.P. Kuala Lumpur,2,2,81,80,80,False,reference_dates_below_4; target_dates_below_4,2,2,80,False
2024,ramadan_raya,early_ramadan,193,W.P. Labuan,2,2,5,5,4,False,reference_dates_below_4; target_dates_below_4; common_premises_below_5,2,2,4,False
2024,ramadan_raya,early_ramadan,193,W.P. Putrajaya,2,2,14,13,13,False,reference_dates_below_4; target_dates_below_4,2,2,13,False
2024,ramadan_raya,raya_lead_up,1,Johor,11,14,140,142,137,True,,11,14,137,True
2024,ramadan_raya,raya_lead_up,1,Kedah,11,14,52,52,52,True,,11,14,52,True
2024,ramadan_raya,raya_lead_up,1,Kelantan,11,12,74,73,73,True,,11,12,73,True
2024,ramadan_raya,raya_lead_up,1,Melaka,11,14,19,20,19,True,,11,14,19,True
2024,ramadan_raya,raya_lead_up,1,Negeri Sembilan,11,14,32,32,32,True,,11,14,32,True
2024,ramadan_raya,raya_lead_up,1,Pahang,11,13,93,103,91,True,,11,13,91,True
2024,ramadan_raya,raya_lead_up,1,Perak,11,13,86,85,84,True,,11,13,84,True
2024,ramadan_raya,raya_lead_up,1,Perlis,11,13,17,18,17,True,,11,13,17,True
2024,ramadan_raya,raya_lead_up,1,Pulau Pinang,11,13,62,66,62,True,,11,13,62,True
2024,ramadan_raya,raya_lead_up,1,Sabah,11,13,8,8,7,True,,11,13,7,True
2024,ramadan_raya,raya_lead_up,1,Sarawak,11,13,11,11,9,True,,11,13,9,True
2024,ramadan_raya,raya_lead_up,1,Selangor,11,13,80,79,79,True,,11,13,79,True
2024,ramadan_raya,raya_lead_up,1,Terengganu,10,13,87,85,84,True,,10,13,84,True
2024,ramadan_raya,raya_lead_up,1,W.P. Kuala Lumpur,11,13,89,91,89,True,,11,13,89,True
2024,ramadan_raya,raya_lead_up,1,W.P. Labuan,11,13,2,4,2,False,reference_premises_below_5; target_premises_below_5; common_premises_below_5,11,13,2,False
2024,ramadan_raya,raya_lead_up,1,W.P. Putrajaya,11,13,17,16,16,True,,11,13,16,True
2024,ramadan_raya,raya_lead_up,1111,Johor,11,14,115,116,101,True,,11,14,101,True
2024,ramadan_raya,raya_lead_up,1111,Kedah,11,14,26,28,26,True,,11,14,26,True
2024,ramadan_raya,raya_lead_up,1111,Kelantan,11,12,49,60,41,True,,11,12,41,True
2024,ramadan_raya,raya_lead_up,1111,Melaka,11,14,14,15,13,True,,11,14,13,True
2024,ramadan_raya,raya_lead_up,1111,Negeri Sembilan,11,14,27,30,27,True,,11,14,27,True
2024,ramadan_raya,raya_lead_up,1111,Pahang,11,13,58,75,53,True,,11,13,53,True
2024,ramadan_raya,raya_lead_up,1111,Perak,11,13,49,66,46,True,,11,13,46,True
2024,ramadan_raya,raya_lead_up,1111,Perlis,11,13,6,6,5,True,,11,13,5,True
2024,ramadan_raya,raya_lead_up,1111,Pulau Pinang,11,13,31,35,30,True,,11,13,30,True
2024,ramadan_raya,raya_lead_up,1111,Sabah,11,13,35,28,21,True,,11,13,21,True
2024,ramadan_raya,raya_lead_up,1111,Sarawak,11,14,12,14,7,True,,10,13,7,True
2024,ramadan_raya,raya_lead_up,1111,Selangor,11,13,52,63,50,True,,11,13,50,True
2024,ramadan_raya,raya_lead_up,1111,Terengganu,10,13,54,59,46,True,,10,13,46,True
2024,ramadan_raya,raya_lead_up,1111,W.P. Kuala Lumpur,11,13,68,73,66,True,,11,13,66,True
2024,ramadan_raya,raya_lead_up,1111,W.P. Labuan,3,3,1,1,1,False,reference_dates_below_4; target_dates_below_4; reference_premises_below_5; target_premises_below_5; common_premises_below_5,3,3,1,False
2024,ramadan_raya,raya_lead_up,1111,W.P. Putrajaya,11,13,4,9,4,False,reference_premises_below_5; common_premises_below_5,11,13,4,False
2024,ramadan_raya,raya_lead_up,904,Johor,2,9,35,39,32,False,reference_dates_below_4,2,9,32,False
2024,ramadan_raya,raya_lead_up,904,Kedah,2,9,39,43,37,False,reference_dates_below_4,2,9,37,False
2024,ramadan_raya,raya_lead_up,904,Kelantan,2,8,13,25,12,False,reference_dates_below_4,2,8,12,False
2024,ramadan_raya,raya_lead_up,904,Melaka,2,9,6,7,6,False,reference_dates_below_4,2,9,6,False
2024,ramadan_raya,raya_lead_up,904,Negeri Sembilan,2,9,10,12,10,False,reference_dates_below_4,2,9,10,False
2024,ramadan_raya,raya_lead_up,904,Pahang,2,9,16,25,14,False,reference_dates_below_4,2,9,14,False
2024,ramadan_raya,raya_lead_up,904,Perak,2,9,45,56,45,False,reference_dates_below_4,2,9,45,False
2024,ramadan_raya,raya_lead_up,904,Perlis,2,3,9,11,9,False,reference_dates_below_4; target_dates_below_4,2,3,9,False
2024,ramadan_raya,raya_lead_up,904,Pulau Pinang,2,9,32,34,29,False,reference_dates_below_4,2,9,29,False
2024,ramadan_raya,raya_lead_up,904,Sabah,0,0,0,0,0,False,reference_dates_below_4; target_dates_below_4; reference_premises_below_5; target_premises_below_5; common_premises_below_5,0,0,0,False
2024,ramadan_raya,raya_lead_up,904,Sarawak,0,0,0,0,0,False,reference_dates_below_4; target_dates_below_4; reference_premises_below_5; target_premises_below_5; common_premises_below_5,0,0,0,False
2024,ramadan_raya,raya_lead_up,904,Selangor,2,9,16,23,15,False,reference_dates_below_4,2,9,15,False
2024,ramadan_raya,raya_lead_up,904,Terengganu,2,9,23,26,17,False,reference_dates_below_4,2,9,17,False
2024,ramadan_raya,raya_lead_up,904,W.P. Kuala Lumpur,2,9,26,39,25,False,reference_dates_below_4,2,9,25,False
2024,ramadan_raya,raya_lead_up,904,W.P. Labuan,0,0,0,0,0,False,reference_dates_below_4; target_dates_below_4; reference_premises_below_5; target_premises_below_5; common_premises_below_5,0,0,0,False
2024,ramadan_raya,raya_lead_up,904,W.P. Putrajaya,2,9,5,10,5,False,reference_dates_below_4,2,9,5,False
2024,ramadan_raya,raya_lead_up,918,Johor,3,3,28,28,15,False,reference_dates_below_4; target_dates_below_4,3,3,15,False
2024,ramadan_raya,raya_lead_up,918,Kedah,2,2,36,39,32,False,reference_dates_below_4; target_dates_below_4,2,2,32,False
2024,ramadan_raya,raya_lead_up,918,Kelantan,2,2,72,77,58,False,reference_dates_below_4; target_dates_below_4,2,2,58,False
2024,ramadan_raya,raya_lead_up,918,Melaka,2,2,10,10,6,False,reference_dates_below_4; target_dates_below_4,2,2,6,False
2024,ramadan_raya,raya_lead_up,918,Negeri Sembilan,2,2,5,5,3,False,reference_dates_below_4; target_dates_below_4; common_premises_below_5,2,2,3,False
2024,ramadan_raya,raya_lead_up,918,Pahang,3,4,32,33,16,False,reference_dates_below_4,3,4,16,False
2024,ramadan_raya,raya_lead_up,918,Perak,2,2,28,24,16,False,reference_dates_below_4; target_dates_below_4,2,2,16,False
2024,ramadan_raya,raya_lead_up,918,Perlis,2,2,26,34,25,False,reference_dates_below_4; target_dates_below_4,2,2,25,False
2024,ramadan_raya,raya_lead_up,918,Pulau Pinang,2,2,22,21,19,False,reference_dates_below_4; target_dates_below_4,2,2,19,False
2024,ramadan_raya,raya_lead_up,918,Sabah,2,2,19,17,16,False,reference_dates_below_4; target_dates_below_4,2,2,16,False
2024,ramadan_raya,raya_lead_up,918,Sarawak,2,2,17,16,13,False,reference_dates_below_4; target_dates_below_4,2,2,13,False
2024,ramadan_raya,raya_lead_up,918,Selangor,2,3,21,28,15,False,reference_dates_below_4; target_dates_below_4,2,2,15,False
2024,ramadan_raya,raya_lead_up,918,Terengganu,2,2,48,54,34,False,reference_dates_below_4; target_dates_below_4,2,2,34,False
2024,ramadan_raya,raya_lead_up,918,W.P. Kuala Lumpur,2,2,15,14,8,False,reference_dates_below_4; target_dates_below_4,2,2,8,False
2024,ramadan_raya,raya_lead_up,918,W.P. Labuan,2,1,1,3,1,False,reference_dates_below_4; target_dates_below_4; reference_premises_below_5; target_premises_below_5; common_premises_below_5,2,1,1,False
2024,ramadan_raya,raya_lead_up,918,W.P. Putrajaya,2,0,3,0,0,False,reference_dates_below_4; target_dates_below_4; reference_premises_below_5; target_premises_below_5; common_premises_below_5,0,0,0,False
2024,ramadan_raya,raya_lead_up,1589,Johor,3,4,154,155,145,False,reference_dates_below_4,3,4,145,False
2024,ramadan_raya,raya_lead_up,1589,Kedah,2,2,72,72,68,False,reference_dates_below_4; target_dates_below_4,2,2,68,False
2024,ramadan_raya,raya_lead_up,1589,Kelantan,2,3,122,129,116,False,reference_dates_below_4; target_dates_below_4,2,3,116,False
2024,ramadan_raya,raya_lead_up,1589,Melaka,2,2,25,24,23,False,reference_dates_below_4; target_dates_below_4,2,2,23,False
2024,ramadan_raya,raya_lead_up,1589,Negeri Sembilan,2,3,34,34,32,False,reference_dates_below_4; target_dates_below_4,2,3,32,False
2024,ramadan_raya,raya_lead_up,1589,Pahang,3,3,108,121,103,False,reference_dates_below_4; target_dates_below_4,3,2,103,False
2024,ramadan_raya,raya_lead_up,1589,Perak,3,2,107,110,95,False,reference_dates_below_4; target_dates_below_4,3,2,95,False
2024,ramadan_raya,raya_lead_up,1589,Perlis,2,2,33,36,30,False,reference_dates_below_4; target_dates_below_4,2,2,30,False
2024,ramadan_raya,raya_lead_up,1589,Pulau Pinang,2,2,74,78,71,False,reference_dates_below_4; target_dates_below_4,2,2,71,False
2024,ramadan_raya,raya_lead_up,1589,Sabah,2,3,60,61,56,False,reference_dates_below_4; target_dates_below_4,2,3,56,False
2024,ramadan_raya,raya_lead_up,1589,Sarawak,2,4,61,81,55,False,reference_dates_below_4,2,4,55,False
2024,ramadan_raya,raya_lead_up,1589,Selangor,2,4,67,73,65,False,reference_dates_below_4,2,4,65,False
2024,ramadan_raya,raya_lead_up,1589,Terengganu,2,2,94,96,87,False,reference_dates_below_4; target_dates_below_4,2,2,87,False
2024,ramadan_raya,raya_lead_up,1589,W.P. Kuala Lumpur,2,2,93,85,81,False,reference_dates_below_4; target_dates_below_4,2,2,81,False
2024,ramadan_raya,raya_lead_up,1589,W.P. Labuan,2,1,2,6,2,False,reference_dates_below_4; target_dates_below_4; reference_premises_below_5; common_premises_below_5,2,1,2,False
2024,ramadan_raya,raya_lead_up,1589,W.P. Putrajaya,3,2,19,19,19,False,reference_dates_below_4; target_dates_below_4,3,2,19,False
2024,ramadan_raya,raya_lead_up,917,Johor,3,4,152,159,146,False,reference_dates_below_4,3,4,146,False
2024,ramadan_raya,raya_lead_up,917,Kedah,2,2,69,74,66,False,reference_dates_below_4; target_dates_below_4,2,2,66,False
2024,ramadan_raya,raya_lead_up,917,Kelantan,2,3,110,118,104,False,reference_dates_below_4; target_dates_below_4,2,3,104,False
2024,ramadan_raya,raya_lead_up,917,Melaka,2,2,23,24,22,False,reference_dates_below_4; target_dates_below_4,2,2,22,False
2024,ramadan_raya,raya_lead_up,917,Negeri Sembilan,2,3,39,41,38,False,reference_dates_below_4; target_dates_below_4,2,3,38,False
2024,ramadan_raya,raya_lead_up,917,Pahang,4,4,104,127,96,True,,4,4,96,True
2024,ramadan_raya,raya_lead_up,917,Perak,3,2,115,123,111,False,reference_dates_below_4; target_dates_below_4,3,2,111,False
2024,ramadan_raya,raya_lead_up,917,Perlis,2,2,37,36,35,False,reference_dates_below_4; target_dates_below_4,2,2,35,False
2024,ramadan_raya,raya_lead_up,917,Pulau Pinang,2,2,78,79,74,False,reference_dates_below_4; target_dates_below_4,2,2,74,False
2024,ramadan_raya,raya_lead_up,917,Sabah,2,3,48,48,44,False,reference_dates_below_4; target_dates_below_4,2,3,44,False
2024,ramadan_raya,raya_lead_up,917,Sarawak,2,3,50,50,44,False,reference_dates_below_4; target_dates_below_4,2,3,44,False
2024,ramadan_raya,raya_lead_up,917,Selangor,2,4,62,78,59,False,reference_dates_below_4,2,4,59,False
2024,ramadan_raya,raya_lead_up,917,Terengganu,2,2,90,97,89,False,reference_dates_below_4; target_dates_below_4,2,2,89,False
2024,ramadan_raya,raya_lead_up,917,W.P. Kuala Lumpur,2,2,86,94,82,False,reference_dates_below_4; target_dates_below_4,2,2,82,False
2024,ramadan_raya,raya_lead_up,917,W.P. Labuan,2,2,6,6,5,False,reference_dates_below_4; target_dates_below_4,2,2,5,False
2024,ramadan_raya,raya_lead_up,917,W.P. Putrajaya,3,2,18,18,17,False,reference_dates_below_4; target_dates_below_4,3,2,17,False
2024,ramadan_raya,raya_lead_up,129,Johor,11,14,155,156,150,True,,11,14,150,True
2024,ramadan_raya,raya_lead_up,129,Kedah,11,14,76,76,73,True,,11,14,73,True
2024,ramadan_raya,raya_lead_up,129,Kelantan,11,12,127,124,121,True,,11,12,121,True
2024,ramadan_raya,raya_lead_up,129,Melaka,11,14,26,26,26,True,,11,14,26,True
2024,ramadan_raya,raya_lead_up,129,Negeri Sembilan,11,14,35,37,35,True,,11,14,35,True
2024,ramadan_raya,raya_lead_up,129,Pahang,11,13,100,104,93,True,,11,13,93,True
2024,ramadan_raya,raya_lead_up,129,Perak,11,13,98,98,96,True,,11,13,96,True
2024,ramadan_raya,raya_lead_up,129,Perlis,11,13,35,35,34,True,,11,13,34,True
2024,ramadan_raya,raya_lead_up,129,Pulau Pinang,11,13,75,80,75,True,,11,13,75,True
2024,ramadan_raya,raya_lead_up,129,Sabah,11,13,132,132,130,True,,11,13,130,True
2024,ramadan_raya,raya_lead_up,129,Sarawak,11,14,140,142,139,True,,11,14,139,True
2024,ramadan_raya,raya_lead_up,129,Selangor,11,13,80,78,78,True,,11,13,78,True
2024,ramadan_raya,raya_lead_up,129,Terengganu,10,13,103,104,103,True,,10,13,103,True
2024,ramadan_raya,raya_lead_up,129,W.P. Kuala Lumpur,11,13,101,103,100,True,,11,13,100,True
2024,ramadan_raya,raya_lead_up,129,W.P. Labuan,11,13,14,14,14,True,,11,13,14,True
2024,ramadan_raya,raya_lead_up,129,W.P. Putrajaya,11,13,20,20,19,True,,11,13,19,True
2024,ramadan_raya,raya_lead_up,1564,Johor,11,14,167,167,163,True,,11,14,163,True
2024,ramadan_raya,raya_lead_up,1564,Kedah,11,14,71,73,71,True,,11,14,71,True
2024,ramadan_raya,raya_lead_up,1564,Kelantan,11,12,67,61,61,True,,11,12,61,True
2024,ramadan_raya,raya_lead_up,1564,Melaka,11,14,27,27,27,True,,11,14,27,True
2024,ramadan_raya,raya_lead_up,1564,Negeri Sembilan,11,14,41,40,40,True,,11,14,40,True
2024,ramadan_raya,raya_lead_up,1564,Pahang,11,13,94,107,92,True,,11,13,92,True
2024,ramadan_raya,raya_lead_up,1564,Perak,11,13,107,108,105,True,,11,13,105,True
2024,ramadan_raya,raya_lead_up,1564,Perlis,11,13,26,29,26,True,,11,13,26,True
2024,ramadan_raya,raya_lead_up,1564,Pulau Pinang,11,13,82,87,82,True,,11,13,82,True
2024,ramadan_raya,raya_lead_up,1564,Sabah,11,13,129,129,128,True,,11,13,128,True
2024,ramadan_raya,raya_lead_up,1564,Sarawak,11,14,134,135,133,True,,11,14,133,True
2024,ramadan_raya,raya_lead_up,1564,Selangor,11,13,81,83,81,True,,11,13,81,True
2024,ramadan_raya,raya_lead_up,1564,Terengganu,10,13,69,74,69,True,,10,13,69,True
2024,ramadan_raya,raya_lead_up,1564,W.P. Kuala Lumpur,11,13,104,105,103,True,,11,13,103,True
2024,ramadan_raya,raya_lead_up,1564,W.P. Labuan,11,13,14,14,14,True,,11,13,14,True
2024,ramadan_raya,raya_lead_up,1564,W.P. Putrajaya,11,13,20,20,20,True,,11,13,20,True
2024,ramadan_raya,raya_lead_up,1131,Johor,11,14,149,148,137,True,,11,14,137,True
2024,ramadan_raya,raya_lead_up,1131,Kedah,11,14,46,50,42,True,,11,14,42,True
2024,ramadan_raya,raya_lead_up,1131,Kelantan,11,12,67,65,56,True,,11,12,56,True
2024,ramadan_raya,raya_lead_up,1131,Melaka,11,14,18,21,18,True,,11,14,18,True
2024,ramadan_raya,raya_lead_up,1131,Negeri Sembilan,11,14,27,29,26,True,,11,14,26,True
2024,ramadan_raya,raya_lead_up,1131,Pahang,11,13,93,107,91,True,,11,13,91,True
2024,ramadan_raya,raya_lead_up,1131,Perak,11,13,97,97,93,True,,11,13,93,True
2024,ramadan_raya,raya_lead_up,1131,Perlis,11,13,30,29,29,True,,11,13,29,True
2024,ramadan_raya,raya_lead_up,1131,Pulau Pinang,11,13,75,76,71,True,,11,13,71,True
2024,ramadan_raya,raya_lead_up,1131,Sabah,11,13,117,117,113,True,,11,13,113,True
2024,ramadan_raya,raya_lead_up,1131,Sarawak,11,14,136,139,135,True,,11,14,135,True
2024,ramadan_raya,raya_lead_up,1131,Selangor,11,13,75,79,74,True,,11,13,74,True
2024,ramadan_raya,raya_lead_up,1131,Terengganu,10,13,76,78,74,True,,10,13,74,True
2024,ramadan_raya,raya_lead_up,1131,W.P. Kuala Lumpur,11,13,84,96,84,True,,11,13,84,True
2024,ramadan_raya,raya_lead_up,1131,W.P. Labuan,11,13,13,14,13,True,,11,13,13,True
2024,ramadan_raya,raya_lead_up,1131,W.P. Putrajaya,11,13,21,21,21,True,,11,13,21,True
2024,ramadan_raya,raya_lead_up,94,Johor,11,14,76,78,67,True,,11,14,67,True
2024,ramadan_raya,raya_lead_up,94,Kedah,11,14,21,22,19,True,,11,14,19,True
2024,ramadan_raya,raya_lead_up,94,Kelantan,11,12,28,25,25,True,,11,12,25,True
2024,ramadan_raya,raya_lead_up,94,Melaka,11,14,5,6,3,False,common_premises_below_5,11,14,3,False
2024,ramadan_raya,raya_lead_up,94,Negeri Sembilan,11,14,33,32,32,True,,11,14,32,True
2024,ramadan_raya,raya_lead_up,94,Pahang,11,13,90,93,83,True,,11,13,83,True
2024,ramadan_raya,raya_lead_up,94,Perak,11,13,53,52,50,True,,11,13,50,True
2024,ramadan_raya,raya_lead_up,94,Perlis,11,13,20,15,15,True,,11,13,15,True
2024,ramadan_raya,raya_lead_up,94,Pulau Pinang,11,13,37,37,32,True,,11,13,32,True
2024,ramadan_raya,raya_lead_up,94,Sabah,11,13,26,27,19,True,,11,13,19,True
2024,ramadan_raya,raya_lead_up,94,Sarawak,11,14,91,89,83,True,,11,14,83,True
2024,ramadan_raya,raya_lead_up,94,Selangor,11,13,71,72,69,True,,11,13,69,True
2024,ramadan_raya,raya_lead_up,94,Terengganu,10,13,49,47,44,True,,10,13,44,True
2024,ramadan_raya,raya_lead_up,94,W.P. Kuala Lumpur,11,13,83,82,80,True,,11,13,80,True
2024,ramadan_raya,raya_lead_up,94,W.P. Labuan,0,0,0,0,0,False,reference_dates_below_4; target_dates_below_4; reference_premises_below_5; target_premises_below_5; common_premises_below_5,0,0,0,False
2024,ramadan_raya,raya_lead_up,94,W.P. Putrajaya,2,3,2,4,1,False,reference_dates_below_4; target_dates_below_4; reference_premises_below_5; target_premises_below_5; common_premises_below_5,1,2,1,False
2024,ramadan_raya,raya_lead_up,114,Johor,11,14,159,159,155,True,,11,14,155,True
2024,ramadan_raya,raya_lead_up,114,Kedah,11,14,63,63,63,True,,11,14,63,True
2024,ramadan_raya,raya_lead_up,114,Kelantan,11,12,82,84,81,True,,11,12,81,True
2024,ramadan_raya,raya_lead_up,114,Melaka,11,14,24,25,24,True,,11,14,24,True
2024,ramadan_raya,raya_lead_up,114,Negeri Sembilan,11,14,36,35,35,True,,11,14,35,True
2024,ramadan_raya,raya_lead_up,114,Pahang,11,13,100,108,97,True,,11,13,97,True
2024,ramadan_raya,raya_lead_up,114,Perak,11,13,94,94,93,True,,11,13,93,True
2024,ramadan_raya,raya_lead_up,114,Perlis,11,13,23,23,23,True,,11,13,23,True
2024,ramadan_raya,raya_lead_up,114,Pulau Pinang,11,13,76,81,76,True,,11,13,76,True
2024,ramadan_raya,raya_lead_up,114,Sabah,11,13,83,87,75,True,,11,13,75,True
2024,ramadan_raya,raya_lead_up,114,Sarawak,11,14,98,97,91,True,,11,14,91,True
2024,ramadan_raya,raya_lead_up,114,Selangor,11,13,84,83,83,True,,11,13,83,True
2024,ramadan_raya,raya_lead_up,114,Terengganu,10,13,81,77,72,True,,10,13,72,True
2024,ramadan_raya,raya_lead_up,114,W.P. Kuala Lumpur,11,13,113,113,113,True,,11,13,113,True
2024,ramadan_raya,raya_lead_up,114,W.P. Labuan,11,13,10,9,8,True,,11,13,8,True
2024,ramadan_raya,raya_lead_up,114,W.P. Putrajaya,11,13,21,21,21,True,,11,13,21,True
2024,ramadan_raya,raya_lead_up,103,Johor,11,14,27,28,25,True,,11,14,25,True
2024,ramadan_raya,raya_lead_up,103,Kedah,11,14,10,12,10,True,,11,14,10,True
2024,ramadan_raya,raya_lead_up,103,Kelantan,11,12,16,18,14,True,,11,12,14,True
2024,ramadan_raya,raya_lead_up,103,Melaka,0,0,0,0,0,False,reference_dates_below_4; target_dates_below_4; reference_premises_below_5; target_premises_below_5; common_premises_below_5,0,0,0,False
2024,ramadan_raya,raya_lead_up,103,Negeri Sembilan,11,14,18,18,18,True,,11,14,18,True
2024,ramadan_raya,raya_lead_up,103,Pahang,11,13,36,38,34,True,,11,13,34,True
2024,ramadan_raya,raya_lead_up,103,Perak,11,13,41,42,39,True,,11,13,39,True
2024,ramadan_raya,raya_lead_up,103,Perlis,0,0,0,0,0,False,reference_dates_below_4; target_dates_below_4; reference_premises_below_5; target_premises_below_5; common_premises_below_5,0,0,0,False
2024,ramadan_raya,raya_lead_up,103,Pulau Pinang,11,13,22,23,22,True,,11,13,22,True
2024,ramadan_raya,raya_lead_up,103,Sabah,11,12,2,1,1,False,reference_premises_below_5; target_premises_below_5; common_premises_below_5,11,12,1,False
2024,ramadan_raya,raya_lead_up,103,Sarawak,11,13,1,1,1,False,reference_premises_below_5; target_premises_below_5; common_premises_below_5,11,13,1,False
2024,ramadan_raya,raya_lead_up,103,Selangor,11,13,38,38,37,True,,11,13,37,True
2024,ramadan_raya,raya_lead_up,103,Terengganu,10,13,10,15,9,True,,10,13,9,True
2024,ramadan_raya,raya_lead_up,103,W.P. Kuala Lumpur,11,13,41,38,38,True,,11,13,38,True
2024,ramadan_raya,raya_lead_up,103,W.P. Labuan,0,0,0,0,0,False,reference_dates_below_4; target_dates_below_4; reference_premises_below_5; target_premises_below_5; common_premises_below_5,0,0,0,False
2024,ramadan_raya,raya_lead_up,103,W.P. Putrajaya,11,13,5,7,5,True,,11,13,5,True
2024,ramadan_raya,raya_lead_up,1431,Johor,11,14,12,16,12,True,,11,14,12,True
2024,ramadan_raya,raya_lead_up,1431,Kedah,11,14,12,16,12,True,,11,14,12,True
2024,ramadan_raya,raya_lead_up,1431,Kelantan,11,12,18,20,18,True,,11,12,18,True
2024,ramadan_raya,raya_lead_up,1431,Melaka,11,14,7,7,7,True,,11,14,7,True
2024,ramadan_raya,raya_lead_up,1431,Negeri Sembilan,11,14,7,7,7,True,,11,14,7,True
2024,ramadan_raya,raya_lead_up,1431,Pahang,11,13,9,10,9,True,,11,13,9,True
2024,ramadan_raya,raya_lead_up,1431,Perak,11,13,20,25,20,True,,11,13,20,True
2024,ramadan_raya,raya_lead_up,1431,Perlis,11,13,4,4,4,False,reference_premises_below_5; target_premises_below_5; common_premises_below_5,11,13,4,False
2024,ramadan_raya,raya_lead_up,1431,Pulau Pinang,11,13,18,18,18,True,,11,13,18,True
2024,ramadan_raya,raya_lead_up,1431,Sabah,11,13,3,3,3,False,reference_premises_below_5; target_premises_below_5; common_premises_below_5,11,13,3,False
2024,ramadan_raya,raya_lead_up,1431,Sarawak,11,13,3,3,3,False,reference_premises_below_5; target_premises_below_5; common_premises_below_5,11,13,3,False
2024,ramadan_raya,raya_lead_up,1431,Selangor,11,13,13,15,13,True,,11,13,13,True
2024,ramadan_raya,raya_lead_up,1431,Terengganu,10,13,16,19,16,True,,10,13,16,True
2024,ramadan_raya,raya_lead_up,1431,W.P. Kuala Lumpur,11,13,6,6,5,True,,11,13,5,True
2024,ramadan_raya,raya_lead_up,1431,W.P. Labuan,0,0,0,0,0,False,reference_dates_below_4; target_dates_below_4; reference_premises_below_5; target_premises_below_5; common_premises_below_5,0,0,0,False
2024,ramadan_raya,raya_lead_up,1431,W.P. Putrajaya,11,13,2,2,2,False,reference_premises_below_5; target_premises_below_5; common_premises_below_5,11,13,2,False
2024,ramadan_raya,raya_lead_up,1555,Johor,11,14,119,118,110,True,,11,14,110,True
2024,ramadan_raya,raya_lead_up,1555,Kedah,11,14,42,40,39,True,,11,14,39,True
2024,ramadan_raya,raya_lead_up,1555,Kelantan,11,12,70,72,69,True,,11,12,69,True
2024,ramadan_raya,raya_lead_up,1555,Melaka,11,14,19,20,19,True,,11,14,19,True
2024,ramadan_raya,raya_lead_up,1555,Negeri Sembilan,11,14,23,23,23,True,,11,14,23,True
2024,ramadan_raya,raya_lead_up,1555,Pahang,11,13,81,83,77,True,,11,13,77,True
2024,ramadan_raya,raya_lead_up,1555,Perak,11,13,80,83,79,True,,11,13,79,True
2024,ramadan_raya,raya_lead_up,1555,Perlis,11,13,14,15,13,True,,11,13,13,True
2024,ramadan_raya,raya_lead_up,1555,Pulau Pinang,11,13,47,56,47,True,,11,13,47,True
2024,ramadan_raya,raya_lead_up,1555,Sabah,11,13,30,34,28,True,,11,13,28,True
2024,ramadan_raya,raya_lead_up,1555,Sarawak,11,14,42,43,37,True,,11,13,37,True
2024,ramadan_raya,raya_lead_up,1555,Selangor,11,13,78,77,76,True,,11,13,76,True
2024,ramadan_raya,raya_lead_up,1555,Terengganu,10,13,61,60,53,True,,10,13,53,True
2024,ramadan_raya,raya_lead_up,1555,W.P. Kuala Lumpur,11,13,82,89,79,True,,11,13,79,True
2024,ramadan_raya,raya_lead_up,1555,W.P. Labuan,0,0,0,0,0,False,reference_dates_below_4; target_dates_below_4; reference_premises_below_5; target_premises_below_5; common_premises_below_5,0,0,0,False
2024,ramadan_raya,raya_lead_up,1555,W.P. Putrajaya,11,13,17,18,17,True,,11,13,17,True
2024,ramadan_raya,raya_lead_up,193,Johor,2,3,38,39,36,False,reference_dates_below_4; target_dates_below_4,2,2,36,False
2024,ramadan_raya,raya_lead_up,193,Kedah,2,2,83,83,80,False,reference_dates_below_4; target_dates_below_4,2,2,80,False
2024,ramadan_raya,raya_lead_up,193,Kelantan,2,2,9,8,8,False,reference_dates_below_4; target_dates_below_4,2,2,8,False
2024,ramadan_raya,raya_lead_up,193,Melaka,2,2,6,4,4,False,reference_dates_below_4; target_dates_below_4; target_premises_below_5; common_premises_below_5,2,2,4,False
2024,ramadan_raya,raya_lead_up,193,Negeri Sembilan,2,3,21,24,21,False,reference_dates_below_4; target_dates_below_4,2,3,21,False
2024,ramadan_raya,raya_lead_up,193,Pahang,2,2,60,64,57,False,reference_dates_below_4; target_dates_below_4,2,2,57,False
2024,ramadan_raya,raya_lead_up,193,Perak,3,2,109,102,99,False,reference_dates_below_4; target_dates_below_4,3,2,99,False
2024,ramadan_raya,raya_lead_up,193,Perlis,2,2,34,33,33,False,reference_dates_below_4; target_dates_below_4,2,2,33,False
2024,ramadan_raya,raya_lead_up,193,Pulau Pinang,2,2,60,64,56,False,reference_dates_below_4; target_dates_below_4,2,2,56,False
2024,ramadan_raya,raya_lead_up,193,Sabah,2,3,65,61,58,False,reference_dates_below_4; target_dates_below_4,2,3,58,False
2024,ramadan_raya,raya_lead_up,193,Sarawak,2,4,81,81,72,False,reference_dates_below_4,2,4,72,False
2024,ramadan_raya,raya_lead_up,193,Selangor,2,4,56,58,53,False,reference_dates_below_4,2,4,53,False
2024,ramadan_raya,raya_lead_up,193,Terengganu,2,2,11,10,9,False,reference_dates_below_4; target_dates_below_4,2,2,9,False
2024,ramadan_raya,raya_lead_up,193,W.P. Kuala Lumpur,2,2,81,82,78,False,reference_dates_below_4; target_dates_below_4,2,2,78,False
2024,ramadan_raya,raya_lead_up,193,W.P. Labuan,2,1,5,3,2,False,reference_dates_below_4; target_dates_below_4; target_premises_below_5; common_premises_below_5,2,1,2,False
2024,ramadan_raya,raya_lead_up,193,W.P. Putrajaya,2,2,14,13,13,False,reference_dates_below_4; target_dates_below_4,2,2,13,False
2024,ramadan_raya,after_raya,1,Johor,11,14,140,139,135,True,,11,14,135,True
2024,ramadan_raya,after_raya,1,Kedah,11,14,52,51,51,True,,11,14,51,True
2024,ramadan_raya,after_raya,1,Kelantan,11,14,74,70,70,True,,11,14,70,True
2024,ramadan_raya,after_raya,1,Melaka,11,14,19,20,19,True,,11,14,19,True
2024,ramadan_raya,after_raya,1,Negeri Sembilan,11,14,32,33,32,True,,11,14,32,True
2024,ramadan_raya,after_raya,1,Pahang,11,14,93,102,91,True,,11,14,91,True
2024,ramadan_raya,after_raya,1,Perak,11,14,86,86,83,True,,11,14,83,True
2024,ramadan_raya,after_raya,1,Perlis,11,14,17,17,17,True,,11,14,17,True
2024,ramadan_raya,after_raya,1,Pulau Pinang,11,14,62,65,61,True,,11,14,61,True
2024,ramadan_raya,after_raya,1,Sabah,11,14,8,9,8,True,,11,14,8,True
2024,ramadan_raya,after_raya,1,Sarawak,11,14,11,13,9,True,,11,14,9,True
2024,ramadan_raya,after_raya,1,Selangor,11,14,80,78,78,True,,11,14,78,True
2024,ramadan_raya,after_raya,1,Terengganu,10,14,87,85,84,True,,10,14,84,True
2024,ramadan_raya,after_raya,1,W.P. Kuala Lumpur,11,14,89,91,89,True,,11,14,89,True
2024,ramadan_raya,after_raya,1,W.P. Labuan,11,14,2,3,2,False,reference_premises_below_5; target_premises_below_5; common_premises_below_5,11,14,2,False
2024,ramadan_raya,after_raya,1,W.P. Putrajaya,11,14,17,16,16,True,,11,14,16,True
2024,ramadan_raya,after_raya,1111,Johor,11,14,115,123,106,True,,11,14,106,True
2024,ramadan_raya,after_raya,1111,Kedah,11,14,26,30,26,True,,11,14,26,True
2024,ramadan_raya,after_raya,1111,Kelantan,11,14,49,58,39,True,,11,14,39,True
2024,ramadan_raya,after_raya,1111,Melaka,11,14,14,15,13,True,,11,14,13,True
2024,ramadan_raya,after_raya,1111,Negeri Sembilan,11,14,27,31,26,True,,11,14,26,True
2024,ramadan_raya,after_raya,1111,Pahang,11,14,58,82,51,True,,11,14,51,True
2024,ramadan_raya,after_raya,1111,Perak,11,14,49,69,46,True,,11,14,46,True
2024,ramadan_raya,after_raya,1111,Perlis,11,12,6,6,4,False,common_premises_below_5,11,12,4,False
2024,ramadan_raya,after_raya,1111,Pulau Pinang,11,14,31,38,31,True,,11,14,31,True
2024,ramadan_raya,after_raya,1111,Sabah,11,14,35,42,22,True,,11,14,22,True
2024,ramadan_raya,after_raya,1111,Sarawak,11,14,12,17,9,True,,10,14,9,True
2024,ramadan_raya,after_raya,1111,Selangor,11,14,52,65,51,True,,11,14,51,True
2024,ramadan_raya,after_raya,1111,Terengganu,10,14,54,66,50,True,,10,14,50,True
2024,ramadan_raya,after_raya,1111,W.P. Kuala Lumpur,11,14,68,76,66,True,,11,14,66,True
2024,ramadan_raya,after_raya,1111,W.P. Labuan,3,4,1,1,1,False,reference_dates_below_4; reference_premises_below_5; target_premises_below_5; common_premises_below_5,3,4,1,False
2024,ramadan_raya,after_raya,1111,W.P. Putrajaya,11,14,4,8,4,False,reference_premises_below_5; common_premises_below_5,11,14,4,False
2024,ramadan_raya,after_raya,904,Johor,2,14,35,37,31,False,reference_dates_below_4,2,14,31,False
2024,ramadan_raya,after_raya,904,Kedah,2,14,39,42,36,False,reference_dates_below_4,2,14,36,False
2024,ramadan_raya,after_raya,904,Kelantan,2,14,13,22,9,False,reference_dates_below_4,2,14,9,False
2024,ramadan_raya,after_raya,904,Melaka,2,14,6,7,6,False,reference_dates_below_4,2,14,6,False
2024,ramadan_raya,after_raya,904,Negeri Sembilan,2,14,10,12,10,False,reference_dates_below_4,2,14,10,False
2024,ramadan_raya,after_raya,904,Pahang,2,14,16,21,14,False,reference_dates_below_4,2,14,14,False
2024,ramadan_raya,after_raya,904,Perak,2,14,45,54,43,False,reference_dates_below_4,2,14,43,False
2024,ramadan_raya,after_raya,904,Perlis,2,4,9,11,8,False,reference_dates_below_4,2,3,8,False
2024,ramadan_raya,after_raya,904,Pulau Pinang,2,14,32,34,29,False,reference_dates_below_4,2,14,29,False
2024,ramadan_raya,after_raya,904,Sabah,0,0,0,0,0,False,reference_dates_below_4; target_dates_below_4; reference_premises_below_5; target_premises_below_5; common_premises_below_5,0,0,0,False
2024,ramadan_raya,after_raya,904,Sarawak,0,0,0,0,0,False,reference_dates_below_4; target_dates_below_4; reference_premises_below_5; target_premises_below_5; common_premises_below_5,0,0,0,False
2024,ramadan_raya,after_raya,904,Selangor,2,14,16,23,15,False,reference_dates_below_4,2,14,15,False
2024,ramadan_raya,after_raya,904,Terengganu,2,14,23,24,15,False,reference_dates_below_4,2,14,15,False
2024,ramadan_raya,after_raya,904,W.P. Kuala Lumpur,2,14,26,35,24,False,reference_dates_below_4,2,14,24,False
2024,ramadan_raya,after_raya,904,W.P. Labuan,0,0,0,0,0,False,reference_dates_below_4; target_dates_below_4; reference_premises_below_5; target_premises_below_5; common_premises_below_5,0,0,0,False
2024,ramadan_raya,after_raya,904,W.P. Putrajaya,2,14,5,10,5,False,reference_dates_below_4,2,13,5,False
2024,ramadan_raya,after_raya,918,Johor,3,4,28,24,13,False,reference_dates_below_4,3,4,13,False
2024,ramadan_raya,after_raya,918,Kedah,2,2,36,42,33,False,reference_dates_below_4; target_dates_below_4,2,2,33,False
2024,ramadan_raya,after_raya,918,Kelantan,2,2,72,78,57,False,reference_dates_below_4; target_dates_below_4,2,2,57,False
2024,ramadan_raya,after_raya,918,Melaka,2,3,10,12,7,False,reference_dates_below_4; target_dates_below_4,2,3,7,False
2024,ramadan_raya,after_raya,918,Negeri Sembilan,2,2,5,6,3,False,reference_dates_below_4; target_dates_below_4; common_premises_below_5,2,2,3,False
2024,ramadan_raya,after_raya,918,Pahang,3,3,32,40,19,False,reference_dates_below_4; target_dates_below_4,3,3,19,False
2024,ramadan_raya,after_raya,918,Perak,2,2,28,27,18,False,reference_dates_below_4; target_dates_below_4,2,2,18,False
2024,ramadan_raya,after_raya,918,Perlis,2,2,26,35,25,False,reference_dates_below_4; target_dates_below_4,2,2,25,False
2024,ramadan_raya,after_raya,918,Pulau Pinang,2,2,22,24,18,False,reference_dates_below_4; target_dates_below_4,2,2,18,False
2024,ramadan_raya,after_raya,918,Sabah,2,2,19,17,15,False,reference_dates_below_4; target_dates_below_4,2,2,15,False
2024,ramadan_raya,after_raya,918,Sarawak,2,2,17,14,12,False,reference_dates_below_4; target_dates_below_4,2,2,12,False
2024,ramadan_raya,after_raya,918,Selangor,2,2,21,32,16,False,reference_dates_below_4; target_dates_below_4,2,2,16,False
2024,ramadan_raya,after_raya,918,Terengganu,2,2,48,54,35,False,reference_dates_below_4; target_dates_below_4,2,2,35,False
2024,ramadan_raya,after_raya,918,W.P. Kuala Lumpur,2,2,15,15,10,False,reference_dates_below_4; target_dates_below_4,2,2,10,False
2024,ramadan_raya,after_raya,918,W.P. Labuan,2,2,1,3,1,False,reference_dates_below_4; target_dates_below_4; reference_premises_below_5; target_premises_below_5; common_premises_below_5,2,2,1,False
2024,ramadan_raya,after_raya,918,W.P. Putrajaya,2,2,3,3,2,False,reference_dates_below_4; target_dates_below_4; reference_premises_below_5; target_premises_below_5; common_premises_below_5,2,2,2,False
2024,ramadan_raya,after_raya,1589,Johor,3,4,154,150,141,False,reference_dates_below_4,3,4,141,False
2024,ramadan_raya,after_raya,1589,Kedah,2,2,72,70,66,False,reference_dates_below_4; target_dates_below_4,2,2,66,False
2024,ramadan_raya,after_raya,1589,Kelantan,2,2,122,128,116,False,reference_dates_below_4; target_dates_below_4,2,2,116,False
2024,ramadan_raya,after_raya,1589,Melaka,2,3,25,25,24,False,reference_dates_below_4; target_dates_below_4,2,3,24,False
2024,ramadan_raya,after_raya,1589,Negeri Sembilan,2,2,34,35,33,False,reference_dates_below_4; target_dates_below_4,2,2,33,False
2024,ramadan_raya,after_raya,1589,Pahang,3,4,108,120,97,False,reference_dates_below_4,3,2,97,False
2024,ramadan_raya,after_raya,1589,Perak,3,3,107,111,96,False,reference_dates_below_4; target_dates_below_4,3,3,96,False
2024,ramadan_raya,after_raya,1589,Perlis,2,2,33,36,29,False,reference_dates_below_4; target_dates_below_4,2,2,29,False
2024,ramadan_raya,after_raya,1589,Pulau Pinang,2,2,74,79,71,False,reference_dates_below_4; target_dates_below_4,2,2,71,False
2024,ramadan_raya,after_raya,1589,Sabah,2,2,60,61,55,False,reference_dates_below_4; target_dates_below_4,2,2,55,False
2024,ramadan_raya,after_raya,1589,Sarawak,2,2,61,78,50,False,reference_dates_below_4; target_dates_below_4,2,2,50,False
2024,ramadan_raya,after_raya,1589,Selangor,2,2,67,71,65,False,reference_dates_below_4; target_dates_below_4,2,2,65,False
2024,ramadan_raya,after_raya,1589,Terengganu,2,2,94,94,86,False,reference_dates_below_4; target_dates_below_4,2,2,86,False
2024,ramadan_raya,after_raya,1589,W.P. Kuala Lumpur,2,3,93,92,89,False,reference_dates_below_4; target_dates_below_4,2,3,89,False
2024,ramadan_raya,after_raya,1589,W.P. Labuan,2,2,2,8,1,False,reference_dates_below_4; target_dates_below_4; reference_premises_below_5; common_premises_below_5,2,2,1,False
2024,ramadan_raya,after_raya,1589,W.P. Putrajaya,3,2,19,19,19,False,reference_dates_below_4; target_dates_below_4,3,2,19,False
2024,ramadan_raya,after_raya,917,Johor,3,4,152,154,142,False,reference_dates_below_4,3,4,142,False
2024,ramadan_raya,after_raya,917,Kedah,2,2,69,74,65,False,reference_dates_below_4; target_dates_below_4,2,2,65,False
2024,ramadan_raya,after_raya,917,Kelantan,2,2,110,114,98,False,reference_dates_below_4; target_dates_below_4,2,2,98,False
2024,ramadan_raya,after_raya,917,Melaka,2,3,23,24,23,False,reference_dates_below_4; target_dates_below_4,2,3,23,False
2024,ramadan_raya,after_raya,917,Negeri Sembilan,2,2,39,42,39,False,reference_dates_below_4; target_dates_below_4,2,2,39,False
2024,ramadan_raya,after_raya,917,Pahang,4,4,104,126,93,True,,4,4,93,True
2024,ramadan_raya,after_raya,917,Perak,3,3,115,119,111,False,reference_dates_below_4; target_dates_below_4,3,3,111,False
2024,ramadan_raya,after_raya,917,Perlis,2,2,37,37,36,False,reference_dates_below_4; target_dates_below_4,2,2,36,False
2024,ramadan_raya,after_raya,917,Pulau Pinang,2,2,78,80,72,False,reference_dates_below_4; target_dates_below_4,2,2,72,False
2024,ramadan_raya,after_raya,917,Sabah,2,2,48,47,44,False,reference_dates_below_4; target_dates_below_4,2,2,44,False
2024,ramadan_raya,after_raya,917,Sarawak,2,2,50,47,42,False,reference_dates_below_4; target_dates_below_4,2,2,42,False
2024,ramadan_raya,after_raya,917,Selangor,2,2,62,77,59,False,reference_dates_below_4; target_dates_below_4,2,2,59,False
2024,ramadan_raya,after_raya,917,Terengganu,2,2,90,97,89,False,reference_dates_below_4; target_dates_below_4,2,2,89,False
2024,ramadan_raya,after_raya,917,W.P. Kuala Lumpur,2,3,86,93,83,False,reference_dates_below_4; target_dates_below_4,2,3,83,False
2024,ramadan_raya,after_raya,917,W.P. Labuan,2,2,6,6,5,False,reference_dates_below_4; target_dates_below_4,2,2,5,False
2024,ramadan_raya,after_raya,917,W.P. Putrajaya,3,2,18,21,18,False,reference_dates_below_4; target_dates_below_4,3,2,18,False
2024,ramadan_raya,after_raya,129,Johor,11,14,155,157,150,True,,11,14,150,True
2024,ramadan_raya,after_raya,129,Kedah,11,14,76,75,71,True,,11,14,71,True
2024,ramadan_raya,after_raya,129,Kelantan,11,14,127,120,117,True,,11,14,117,True
2024,ramadan_raya,after_raya,129,Melaka,11,14,26,26,26,True,,11,14,26,True
2024,ramadan_raya,after_raya,129,Negeri Sembilan,11,14,35,37,34,True,,11,14,34,True
2024,ramadan_raya,after_raya,129,Pahang,11,14,100,108,95,True,,11,14,95,True
2024,ramadan_raya,after_raya,129,Perak,11,14,98,100,97,True,,11,14,97,True
2024,ramadan_raya,after_raya,129,Perlis,11,14,35,32,30,True,,11,14,30,True
2024,ramadan_raya,after_raya,129,Pulau Pinang,11,14,75,79,74,True,,11,14,74,True
2024,ramadan_raya,after_raya,129,Sabah,11,14,132,133,130,True,,11,14,130,True
2024,ramadan_raya,after_raya,129,Sarawak,11,14,140,129,126,True,,11,14,126,True
2024,ramadan_raya,after_raya,129,Selangor,11,14,80,80,79,True,,11,14,79,True
2024,ramadan_raya,after_raya,129,Terengganu,10,14,103,102,99,True,,10,14,99,True
2024,ramadan_raya,after_raya,129,W.P. Kuala Lumpur,11,14,101,107,101,True,,11,14,101,True
2024,ramadan_raya,after_raya,129,W.P. Labuan,11,14,14,14,14,True,,11,14,14,True
2024,ramadan_raya,after_raya,129,W.P. Putrajaya,11,14,20,21,20,True,,11,14,20,True
2024,ramadan_raya,after_raya,1564,Johor,11,14,167,163,160,True,,11,14,160,True
2024,ramadan_raya,after_raya,1564,Kedah,11,14,71,69,67,True,,11,14,67,True
2024,ramadan_raya,after_raya,1564,Kelantan,11,14,67,60,59,True,,11,14,59,True
2024,ramadan_raya,after_raya,1564,Melaka,11,14,27,27,27,True,,11,14,27,True
2024,ramadan_raya,after_raya,1564,Negeri Sembilan,11,14,41,39,39,True,,11,14,39,True
2024,ramadan_raya,after_raya,1564,Pahang,11,14,94,108,90,True,,11,14,90,True
2024,ramadan_raya,after_raya,1564,Perak,11,14,107,108,105,True,,11,14,105,True
2024,ramadan_raya,after_raya,1564,Perlis,11,14,26,29,26,True,,11,14,26,True
2024,ramadan_raya,after_raya,1564,Pulau Pinang,11,14,82,86,82,True,,11,14,82,True
2024,ramadan_raya,after_raya,1564,Sabah,11,14,129,127,125,True,,11,14,125,True
2024,ramadan_raya,after_raya,1564,Sarawak,11,14,134,128,124,True,,11,14,124,True
2024,ramadan_raya,after_raya,1564,Selangor,11,14,81,83,81,True,,11,14,81,True
2024,ramadan_raya,after_raya,1564,Terengganu,10,14,69,71,67,True,,10,14,67,True
2024,ramadan_raya,after_raya,1564,W.P. Kuala Lumpur,11,14,104,104,103,True,,11,14,103,True
2024,ramadan_raya,after_raya,1564,W.P. Labuan,11,14,14,14,14,True,,11,14,14,True
2024,ramadan_raya,after_raya,1564,W.P. Putrajaya,11,14,20,20,20,True,,11,14,20,True
2024,ramadan_raya,after_raya,1131,Johor,11,14,149,152,141,True,,11,14,141,True
2024,ramadan_raya,after_raya,1131,Kedah,11,14,46,45,36,True,,11,14,36,True
2024,ramadan_raya,after_raya,1131,Kelantan,11,14,67,62,52,True,,11,14,52,True
2024,ramadan_raya,after_raya,1131,Melaka,11,14,18,20,17,True,,11,14,17,True
2024,ramadan_raya,after_raya,1131,Negeri Sembilan,11,14,27,32,25,True,,11,14,25,True
2024,ramadan_raya,after_raya,1131,Pahang,11,14,93,106,89,True,,11,14,89,True
2024,ramadan_raya,after_raya,1131,Perak,11,14,97,100,92,True,,11,14,92,True
2024,ramadan_raya,after_raya,1131,Perlis,11,14,30,29,27,True,,11,14,27,True
2024,ramadan_raya,after_raya,1131,Pulau Pinang,11,14,75,74,69,True,,11,14,69,True
2024,ramadan_raya,after_raya,1131,Sabah,11,14,117,119,112,True,,11,14,112,True
2024,ramadan_raya,after_raya,1131,Sarawak,11,14,136,138,132,True,,11,14,132,True
2024,ramadan_raya,after_raya,1131,Selangor,11,14,75,75,71,True,,11,14,71,True
2024,ramadan_raya,after_raya,1131,Terengganu,10,14,76,77,70,True,,10,14,70,True
2024,ramadan_raya,after_raya,1131,W.P. Kuala Lumpur,11,14,84,97,83,True,,11,14,83,True
2024,ramadan_raya,after_raya,1131,W.P. Labuan,11,14,13,14,13,True,,11,14,13,True
2024,ramadan_raya,after_raya,1131,W.P. Putrajaya,11,14,21,19,19,True,,11,14,19,True
2024,ramadan_raya,after_raya,94,Johor,11,14,76,80,65,True,,11,14,65,True
2024,ramadan_raya,after_raya,94,Kedah,11,14,21,22,18,True,,11,14,18,True
2024,ramadan_raya,after_raya,94,Kelantan,11,14,28,22,22,True,,11,14,22,True
2024,ramadan_raya,after_raya,94,Melaka,11,14,5,5,4,False,common_premises_below_5,11,14,4,False
2024,ramadan_raya,after_raya,94,Negeri Sembilan,11,14,33,35,33,True,,11,14,33,True
2024,ramadan_raya,after_raya,94,Pahang,11,14,90,96,84,True,,11,14,84,True
2024,ramadan_raya,after_raya,94,Perak,11,14,53,52,49,True,,11,14,49,True
2024,ramadan_raya,after_raya,94,Perlis,11,14,20,16,16,True,,11,14,16,True
2024,ramadan_raya,after_raya,94,Pulau Pinang,11,14,37,39,34,True,,11,14,34,True
2024,ramadan_raya,after_raya,94,Sabah,11,14,26,24,18,True,,11,14,18,True
2024,ramadan_raya,after_raya,94,Sarawak,11,14,91,80,73,True,,11,14,73,True
2024,ramadan_raya,after_raya,94,Selangor,11,14,71,73,69,True,,11,14,69,True
2024,ramadan_raya,after_raya,94,Terengganu,10,14,49,44,42,True,,10,14,42,True
2024,ramadan_raya,after_raya,94,W.P. Kuala Lumpur,11,14,83,84,82,True,,11,14,82,True
2024,ramadan_raya,after_raya,94,W.P. Labuan,0,1,0,1,0,False,reference_dates_below_4; target_dates_below_4; reference_premises_below_5; target_premises_below_5; common_premises_below_5,0,0,0,False
2024,ramadan_raya,after_raya,94,W.P. Putrajaya,2,10,2,2,1,False,reference_dates_below_4; reference_premises_below_5; target_premises_below_5; common_premises_below_5,1,2,1,False
2024,ramadan_raya,after_raya,114,Johor,11,14,159,160,156,True,,11,14,156,True
2024,ramadan_raya,after_raya,114,Kedah,11,14,63,61,61,True,,11,14,61,True
2024,ramadan_raya,after_raya,114,Kelantan,11,14,82,82,81,True,,11,14,81,True
2024,ramadan_raya,after_raya,114,Melaka,11,14,24,23,23,True,,11,14,23,True
2024,ramadan_raya,after_raya,114,Negeri Sembilan,11,14,36,37,36,True,,11,14,36,True
2024,ramadan_raya,after_raya,114,Pahang,11,14,100,113,99,True,,11,14,99,True
2024,ramadan_raya,after_raya,114,Perak,11,14,94,94,93,True,,11,14,93,True
2024,ramadan_raya,after_raya,114,Perlis,11,14,23,24,23,True,,11,14,23,True
2024,ramadan_raya,after_raya,114,Pulau Pinang,11,14,76,81,76,True,,11,14,76,True
2024,ramadan_raya,after_raya,114,Sabah,11,14,83,95,81,True,,11,14,81,True
2024,ramadan_raya,after_raya,114,Sarawak,11,14,98,92,85,True,,11,14,85,True
2024,ramadan_raya,after_raya,114,Selangor,11,14,84,83,83,True,,11,14,83,True
2024,ramadan_raya,after_raya,114,Terengganu,10,14,81,81,73,True,,10,14,73,True
2024,ramadan_raya,after_raya,114,W.P. Kuala Lumpur,11,14,113,112,112,True,,11,14,112,True
2024,ramadan_raya,after_raya,114,W.P. Labuan,11,14,10,9,7,True,,11,14,7,True
2024,ramadan_raya,after_raya,114,W.P. Putrajaya,11,14,21,21,21,True,,11,14,21,True
2024,ramadan_raya,after_raya,103,Johor,11,14,27,26,23,True,,11,14,23,True
2024,ramadan_raya,after_raya,103,Kedah,11,14,10,11,10,True,,11,14,10,True
2024,ramadan_raya,after_raya,103,Kelantan,11,14,16,17,12,True,,11,14,12,True
2024,ramadan_raya,after_raya,103,Melaka,0,0,0,0,0,False,reference_dates_below_4; target_dates_below_4; reference_premises_below_5; target_premises_below_5; common_premises_below_5,0,0,0,False
2024,ramadan_raya,after_raya,103,Negeri Sembilan,11,14,18,16,16,True,,11,14,16,True
2024,ramadan_raya,after_raya,103,Pahang,11,14,36,39,34,True,,11,14,34,True
2024,ramadan_raya,after_raya,103,Perak,11,14,41,41,39,True,,11,14,39,True
2024,ramadan_raya,after_raya,103,Perlis,0,0,0,0,0,False,reference_dates_below_4; target_dates_below_4; reference_premises_below_5; target_premises_below_5; common_premises_below_5,0,0,0,False
2024,ramadan_raya,after_raya,103,Pulau Pinang,11,14,22,27,22,True,,11,14,22,True
2024,ramadan_raya,after_raya,103,Sabah,11,14,2,1,1,False,reference_premises_below_5; target_premises_below_5; common_premises_below_5,11,14,1,False
2024,ramadan_raya,after_raya,103,Sarawak,11,14,1,1,1,False,reference_premises_below_5; target_premises_below_5; common_premises_below_5,11,14,1,False
2024,ramadan_raya,after_raya,103,Selangor,11,14,38,37,36,True,,11,14,36,True
2024,ramadan_raya,after_raya,103,Terengganu,10,14,10,14,9,True,,10,14,9,True
2024,ramadan_raya,after_raya,103,W.P. Kuala Lumpur,11,14,41,39,37,True,,11,14,37,True
2024,ramadan_raya,after_raya,103,W.P. Labuan,0,0,0,0,0,False,reference_dates_below_4; target_dates_below_4; reference_premises_below_5; target_premises_below_5; common_premises_below_5,0,0,0,False
2024,ramadan_raya,after_raya,103,W.P. Putrajaya,11,14,5,7,5,True,,11,14,5,True
2024,ramadan_raya,after_raya,1431,Johor,11,14,12,12,10,True,,11,14,10,True
2024,ramadan_raya,after_raya,1431,Kedah,11,14,12,15,12,True,,11,14,12,True
2024,ramadan_raya,after_raya,1431,Kelantan,11,14,18,19,18,True,,11,14,18,True
2024,ramadan_raya,after_raya,1431,Melaka,11,14,7,7,7,True,,11,14,7,True
2024,ramadan_raya,after_raya,1431,Negeri Sembilan,11,14,7,7,7,True,,11,14,7,True
2024,ramadan_raya,after_raya,1431,Pahang,11,14,9,8,7,True,,11,14,7,True
2024,ramadan_raya,after_raya,1431,Perak,11,14,20,20,20,True,,11,14,20,True
2024,ramadan_raya,after_raya,1431,Perlis,11,14,4,3,3,False,reference_premises_below_5; target_premises_below_5; common_premises_below_5,11,14,3,False
2024,ramadan_raya,after_raya,1431,Pulau Pinang,11,14,18,20,18,True,,11,14,18,True
2024,ramadan_raya,after_raya,1431,Sabah,11,14,3,3,3,False,reference_premises_below_5; target_premises_below_5; common_premises_below_5,11,14,3,False
2024,ramadan_raya,after_raya,1431,Sarawak,11,13,3,2,2,False,reference_premises_below_5; target_premises_below_5; common_premises_below_5,11,13,2,False
2024,ramadan_raya,after_raya,1431,Selangor,11,14,13,15,13,True,,11,14,13,True
2024,ramadan_raya,after_raya,1431,Terengganu,10,14,16,17,15,True,,10,14,15,True
2024,ramadan_raya,after_raya,1431,W.P. Kuala Lumpur,11,14,6,3,3,False,target_premises_below_5; common_premises_below_5,11,14,3,False
2024,ramadan_raya,after_raya,1431,W.P. Labuan,0,0,0,0,0,False,reference_dates_below_4; target_dates_below_4; reference_premises_below_5; target_premises_below_5; common_premises_below_5,0,0,0,False
2024,ramadan_raya,after_raya,1431,W.P. Putrajaya,11,12,2,3,2,False,reference_premises_below_5; target_premises_below_5; common_premises_below_5,11,12,2,False
2024,ramadan_raya,after_raya,1555,Johor,11,14,119,115,112,True,,11,14,112,True
2024,ramadan_raya,after_raya,1555,Kedah,11,14,42,42,40,True,,11,14,40,True
2024,ramadan_raya,after_raya,1555,Kelantan,11,14,70,70,68,True,,11,14,68,True
2024,ramadan_raya,after_raya,1555,Melaka,11,14,19,20,19,True,,11,14,19,True
2024,ramadan_raya,after_raya,1555,Negeri Sembilan,11,14,23,23,23,True,,11,14,23,True
2024,ramadan_raya,after_raya,1555,Pahang,11,14,81,78,74,True,,11,14,74,True
2024,ramadan_raya,after_raya,1555,Perak,11,14,80,82,79,True,,11,14,79,True
2024,ramadan_raya,after_raya,1555,Perlis,11,14,14,15,14,True,,11,14,14,True
2024,ramadan_raya,after_raya,1555,Pulau Pinang,11,14,47,54,46,True,,11,14,46,True
2024,ramadan_raya,after_raya,1555,Sabah,11,14,30,34,29,True,,11,14,29,True
2024,ramadan_raya,after_raya,1555,Sarawak,11,14,42,45,37,True,,11,14,37,True
2024,ramadan_raya,after_raya,1555,Selangor,11,14,78,79,77,True,,11,14,77,True
2024,ramadan_raya,after_raya,1555,Terengganu,10,14,61,53,48,True,,10,14,48,True
2024,ramadan_raya,after_raya,1555,W.P. Kuala Lumpur,11,14,82,85,78,True,,11,14,78,True
2024,ramadan_raya,after_raya,1555,W.P. Labuan,0,0,0,0,0,False,reference_dates_below_4; target_dates_below_4; reference_premises_below_5; target_premises_below_5; common_premises_below_5,0,0,0,False
2024,ramadan_raya,after_raya,1555,W.P. Putrajaya,11,14,17,18,17,True,,11,14,17,True
2024,ramadan_raya,after_raya,193,Johor,2,4,38,38,35,False,reference_dates_below_4,2,3,35,False
2024,ramadan_raya,after_raya,193,Kedah,2,2,83,83,81,False,reference_dates_below_4; target_dates_below_4,2,2,81,False
2024,ramadan_raya,after_raya,193,Kelantan,2,2,9,9,9,False,reference_dates_below_4; target_dates_below_4,2,2,9,False
2024,ramadan_raya,after_raya,193,Melaka,2,2,6,6,6,False,reference_dates_below_4; target_dates_below_4,2,2,6,False
2024,ramadan_raya,after_raya,193,Negeri Sembilan,2,2,21,24,21,False,reference_dates_below_4; target_dates_below_4,2,2,21,False
2024,ramadan_raya,after_raya,193,Pahang,2,2,60,59,52,False,reference_dates_below_4; target_dates_below_4,2,2,52,False
2024,ramadan_raya,after_raya,193,Perak,3,3,109,107,103,False,reference_dates_below_4; target_dates_below_4,3,3,103,False
2024,ramadan_raya,after_raya,193,Perlis,2,2,34,33,33,False,reference_dates_below_4; target_dates_below_4,2,2,33,False
2024,ramadan_raya,after_raya,193,Pulau Pinang,2,2,60,64,56,False,reference_dates_below_4; target_dates_below_4,2,2,56,False
2024,ramadan_raya,after_raya,193,Sabah,2,2,65,62,58,False,reference_dates_below_4; target_dates_below_4,2,2,58,False
2024,ramadan_raya,after_raya,193,Sarawak,2,2,81,79,72,False,reference_dates_below_4; target_dates_below_4,2,2,72,False
2024,ramadan_raya,after_raya,193,Selangor,2,2,56,55,51,False,reference_dates_below_4; target_dates_below_4,2,2,51,False
2024,ramadan_raya,after_raya,193,Terengganu,2,2,11,11,9,False,reference_dates_below_4; target_dates_below_4,2,2,9,False
2024,ramadan_raya,after_raya,193,W.P. Kuala Lumpur,2,3,81,82,78,False,reference_dates_below_4; target_dates_below_4,2,3,78,False
2024,ramadan_raya,after_raya,193,W.P. Labuan,2,2,5,5,3,False,reference_dates_below_4; target_dates_below_4; common_premises_below_5,2,2,3,False
2024,ramadan_raya,after_raya,193,W.P. Putrajaya,2,2,14,14,13,False,reference_dates_below_4; target_dates_below_4,2,2,13,False
2025,chinese_new_year,lead_up,1,Johor,13,14,145,145,145,True,,13,14,145,True
2025,chinese_new_year,lead_up,1,Kedah,14,13,63,62,62,True,,14,13,62,True
2025,chinese_new_year,lead_up,1,Kelantan,14,14,77,76,76,True,,14,14,76,True
2025,chinese_new_year,lead_up,1,Melaka,14,14,19,20,19,True,,14,14,19,True
2025,chinese_new_year,lead_up,1,Negeri Sembilan,13,13,33,33,33,True,,13,13,33,True
2025,chinese_new_year,lead_up,1,Pahang,14,14,101,102,101,True,,14,14,101,True
2025,chinese_new_year,lead_up,1,Perak,14,14,85,84,84,True,,14,14,84,True
2025,chinese_new_year,lead_up,1,Perlis,14,13,19,18,18,True,,14,13,18,True
2025,chinese_new_year,lead_up,1,Pulau Pinang,14,14,69,68,67,True,,14,14,67,True
2025,chinese_new_year,lead_up,1,Sabah,14,14,10,10,10,True,,14,14,10,True
2025,chinese_new_year,lead_up,1,Sarawak,14,14,14,13,13,True,,14,14,13,True
2025,chinese_new_year,lead_up,1,Selangor,14,14,81,80,80,True,,14,14,80,True
2025,chinese_new_year,lead_up,1,Terengganu,14,13,88,88,88,True,,14,13,88,True
2025,chinese_new_year,lead_up,1,W.P. Kuala Lumpur,14,14,95,95,95,True,,14,14,95,True
2025,chinese_new_year,lead_up,1,W.P. Labuan,14,14,2,2,2,False,reference_premises_below_5; target_premises_below_5; common_premises_below_5,14,14,2,False
2025,chinese_new_year,lead_up,1,W.P. Putrajaya,14,14,16,16,16,True,,14,14,16,True
2025,chinese_new_year,lead_up,1111,Johor,13,14,128,127,122,True,,13,14,122,True
2025,chinese_new_year,lead_up,1111,Kedah,14,13,37,38,36,True,,14,13,36,True
2025,chinese_new_year,lead_up,1111,Kelantan,14,14,84,73,67,True,,14,14,67,True
2025,chinese_new_year,lead_up,1111,Melaka,14,14,15,15,15,True,,14,14,15,True
2025,chinese_new_year,lead_up,1111,Negeri Sembilan,13,13,29,29,28,True,,13,13,28,True
2025,chinese_new_year,lead_up,1111,Pahang,14,14,83,83,75,True,,14,14,75,True
2025,chinese_new_year,lead_up,1111,Perak,14,14,83,85,79,True,,14,14,79,True
2025,chinese_new_year,lead_up,1111,Perlis,14,13,12,12,11,True,,14,13,11,True
2025,chinese_new_year,lead_up,1111,Pulau Pinang,14,14,44,47,44,True,,14,14,44,True
2025,chinese_new_year,lead_up,1111,Sabah,14,14,16,11,8,True,,14,14,8,True
2025,chinese_new_year,lead_up,1111,Sarawak,14,14,17,13,10,True,,14,14,10,True
2025,chinese_new_year,lead_up,1111,Selangor,14,14,64,62,58,True,,14,14,58,True
2025,chinese_new_year,lead_up,1111,Terengganu,14,13,66,60,57,True,,14,13,57,True
2025,chinese_new_year,lead_up,1111,W.P. Kuala Lumpur,14,14,85,84,83,True,,14,14,83,True
2025,chinese_new_year,lead_up,1111,W.P. Labuan,0,0,0,0,0,False,reference_dates_below_4; target_dates_below_4; reference_premises_below_5; target_premises_below_5; common_premises_below_5,0,0,0,False
2025,chinese_new_year,lead_up,1111,W.P. Putrajaya,14,14,9,10,9,True,,14,14,9,True
2025,chinese_new_year,lead_up,904,Johor,13,14,39,38,38,True,,13,14,38,True
2025,chinese_new_year,lead_up,904,Kedah,14,13,46,44,44,True,,14,13,44,True
2025,chinese_new_year,lead_up,904,Kelantan,14,14,22,22,20,True,,14,14,20,True
2025,chinese_new_year,lead_up,904,Melaka,14,14,8,8,8,True,,14,14,8,True
2025,chinese_new_year,lead_up,904,Negeri Sembilan,13,13,11,11,11,True,,13,13,11,True
2025,chinese_new_year,lead_up,904,Pahang,14,14,29,26,25,True,,14,14,25,True
2025,chinese_new_year,lead_up,904,Perak,14,14,54,52,52,True,,14,14,52,True
2025,chinese_new_year,lead_up,904,Perlis,3,2,13,13,13,False,reference_dates_below_4; target_dates_below_4,3,2,13,False
2025,chinese_new_year,lead_up,904,Pulau Pinang,14,14,35,37,35,True,,14,14,35,True
2025,chinese_new_year,lead_up,904,Sabah,0,0,0,0,0,False,reference_dates_below_4; target_dates_below_4; reference_premises_below_5; target_premises_below_5; common_premises_below_5,0,0,0,False
2025,chinese_new_year,lead_up,904,Sarawak,0,0,0,0,0,False,reference_dates_below_4; target_dates_below_4; reference_premises_below_5; target_premises_below_5; common_premises_below_5,0,0,0,False
2025,chinese_new_year,lead_up,904,Selangor,14,14,26,26,24,True,,14,14,24,True
2025,chinese_new_year,lead_up,904,Terengganu,14,13,21,22,20,True,,14,13,20,True
2025,chinese_new_year,lead_up,904,W.P. Kuala Lumpur,14,14,40,40,39,True,,14,14,39,True
2025,chinese_new_year,lead_up,904,W.P. Labuan,0,0,0,0,0,False,reference_dates_below_4; target_dates_below_4; reference_premises_below_5; target_premises_below_5; common_premises_below_5,0,0,0,False
2025,chinese_new_year,lead_up,904,W.P. Putrajaya,14,14,10,9,9,True,,14,14,9,True
2025,chinese_new_year,lead_up,918,Johor,4,4,53,42,29,True,,4,4,29,True
2025,chinese_new_year,lead_up,918,Kedah,3,2,36,35,31,False,reference_dates_below_4; target_dates_below_4,3,2,31,False
2025,chinese_new_year,lead_up,918,Kelantan,3,2,72,76,61,False,reference_dates_below_4; target_dates_below_4,3,2,61,False
2025,chinese_new_year,lead_up,918,Melaka,3,2,16,13,12,False,reference_dates_below_4; target_dates_below_4,3,2,12,False
2025,chinese_new_year,lead_up,918,Negeri Sembilan,3,2,5,5,3,False,reference_dates_below_4; target_dates_below_4; common_premises_below_5,3,2,3,False
2025,chinese_new_year,lead_up,918,Pahang,4,4,30,38,20,True,,4,4,20,True
2025,chinese_new_year,lead_up,918,Perak,3,2,25,24,22,False,reference_dates_below_4; target_dates_below_4,3,2,22,False
2025,chinese_new_year,lead_up,918,Perlis,3,2,21,23,14,False,reference_dates_below_4; target_dates_below_4,3,2,14,False
2025,chinese_new_year,lead_up,918,Pulau Pinang,3,2,31,22,21,False,reference_dates_below_4; target_dates_below_4,3,2,21,False
2025,chinese_new_year,lead_up,918,Sabah,3,2,21,19,17,False,reference_dates_below_4; target_dates_below_4,3,2,17,False
2025,chinese_new_year,lead_up,918,Sarawak,3,2,47,44,30,False,reference_dates_below_4; target_dates_below_4,3,2,30,False
2025,chinese_new_year,lead_up,918,Selangor,3,2,27,19,15,False,reference_dates_below_4; target_dates_below_4,3,2,15,False
2025,chinese_new_year,lead_up,918,Terengganu,3,2,55,46,37,False,reference_dates_below_4; target_dates_below_4,3,2,37,False
2025,chinese_new_year,lead_up,918,W.P. Kuala Lumpur,3,2,12,14,7,False,reference_dates_below_4; target_dates_below_4,3,2,7,False
2025,chinese_new_year,lead_up,918,W.P. Labuan,3,2,6,4,4,False,reference_dates_below_4; target_dates_below_4; target_premises_below_5; common_premises_below_5,3,2,4,False
2025,chinese_new_year,lead_up,918,W.P. Putrajaya,2,0,1,0,0,False,reference_dates_below_4; target_dates_below_4; reference_premises_below_5; target_premises_below_5; common_premises_below_5,0,0,0,False
2025,chinese_new_year,lead_up,1589,Johor,5,4,169,164,164,True,,5,4,164,True
2025,chinese_new_year,lead_up,1589,Kedah,3,2,81,80,80,False,reference_dates_below_4; target_dates_below_4,3,2,80,False
2025,chinese_new_year,lead_up,1589,Kelantan,4,2,143,140,139,False,target_dates_below_4,4,2,139,False
2025,chinese_new_year,lead_up,1589,Melaka,3,2,26,26,26,False,reference_dates_below_4; target_dates_below_4,3,2,26,False
2025,chinese_new_year,lead_up,1589,Negeri Sembilan,3,2,39,38,38,False,reference_dates_below_4; target_dates_below_4,3,2,38,False
2025,chinese_new_year,lead_up,1589,Pahang,5,4,143,136,135,True,,5,4,135,True
2025,chinese_new_year,lead_up,1589,Perak,3,2,118,115,114,False,reference_dates_below_4; target_dates_below_4,3,2,114,False
2025,chinese_new_year,lead_up,1589,Perlis,3,2,39,39,38,False,reference_dates_below_4; target_dates_below_4,3,2,38,False
2025,chinese_new_year,lead_up,1589,Pulau Pinang,3,2,83,84,81,False,reference_dates_below_4; target_dates_below_4,3,2,81,False
2025,chinese_new_year,lead_up,1589,Sabah,3,2,85,75,73,False,reference_dates_below_4; target_dates_below_4,3,2,73,False
2025,chinese_new_year,lead_up,1589,Sarawak,3,2,107,107,91,False,reference_dates_below_4; target_dates_below_4,3,2,91,False
2025,chinese_new_year,lead_up,1589,Selangor,3,2,82,74,74,False,reference_dates_below_4; target_dates_below_4,3,2,74,False
2025,chinese_new_year,lead_up,1589,Terengganu,4,2,104,103,101,False,target_dates_below_4,4,2,101,False
2025,chinese_new_year,lead_up,1589,W.P. Kuala Lumpur,3,2,115,112,112,False,reference_dates_below_4; target_dates_below_4,3,2,112,False
2025,chinese_new_year,lead_up,1589,W.P. Labuan,3,2,11,10,9,False,reference_dates_below_4; target_dates_below_4,3,2,9,False
2025,chinese_new_year,lead_up,1589,W.P. Putrajaya,3,2,19,18,18,False,reference_dates_below_4; target_dates_below_4,3,2,18,False
2025,chinese_new_year,lead_up,917,Johor,4,4,163,163,161,True,,4,4,161,True
2025,chinese_new_year,lead_up,917,Kedah,3,2,74,76,74,False,reference_dates_below_4; target_dates_below_4,3,2,74,False
2025,chinese_new_year,lead_up,917,Kelantan,4,2,119,122,116,False,target_dates_below_4,4,2,116,False
2025,chinese_new_year,lead_up,917,Melaka,3,2,26,26,25,False,reference_dates_below_4; target_dates_below_4,3,2,25,False
2025,chinese_new_year,lead_up,917,Negeri Sembilan,3,2,39,38,38,False,reference_dates_below_4; target_dates_below_4,3,2,38,False
2025,chinese_new_year,lead_up,917,Pahang,5,4,136,133,131,True,,5,4,131,True
2025,chinese_new_year,lead_up,917,Perak,3,2,118,113,109,False,reference_dates_below_4; target_dates_below_4,3,2,109,False
2025,chinese_new_year,lead_up,917,Perlis,3,2,35,34,33,False,reference_dates_below_4; target_dates_below_4,3,2,33,False
2025,chinese_new_year,lead_up,917,Pulau Pinang,3,2,85,80,78,False,reference_dates_below_4; target_dates_below_4,3,2,78,False
2025,chinese_new_year,lead_up,917,Sabah,3,2,47,44,42,False,reference_dates_below_4; target_dates_below_4,3,2,42,False
2025,chinese_new_year,lead_up,917,Sarawak,3,2,58,55,51,False,reference_dates_below_4; target_dates_below_4,3,2,51,False
2025,chinese_new_year,lead_up,917,Selangor,4,2,79,71,69,False,target_dates_below_4,3,2,69,False
2025,chinese_new_year,lead_up,917,Terengganu,4,2,97,94,93,False,target_dates_below_4,4,2,93,False
2025,chinese_new_year,lead_up,917,W.P. Kuala Lumpur,3,2,110,103,103,False,reference_dates_below_4; target_dates_below_4,3,2,103,False
2025,chinese_new_year,lead_up,917,W.P. Labuan,3,2,5,5,5,False,reference_dates_below_4; target_dates_below_4,3,2,5,False
2025,chinese_new_year,lead_up,917,W.P. Putrajaya,3,2,19,20,19,False,reference_dates_below_4; target_dates_below_4,3,2,19,False
2025,chinese_new_year,lead_up,129,Johor,13,14,160,161,159,True,,13,14,159,True
2025,chinese_new_year,lead_up,129,Kedah,14,13,89,88,87,True,,14,13,87,True
2025,chinese_new_year,lead_up,129,Kelantan,14,14,126,126,122,True,,14,14,122,True
2025,chinese_new_year,lead_up,129,Melaka,14,14,26,26,26,True,,14,14,26,True
2025,chinese_new_year,lead_up,129,Negeri Sembilan,13,13,38,37,37,True,,13,13,37,True
2025,chinese_new_year,lead_up,129,Pahang,14,14,109,109,108,True,,14,14,108,True
2025,chinese_new_year,lead_up,129,Perak,14,14,104,105,102,True,,14,14,102,True
2025,chinese_new_year,lead_up,129,Perlis,14,13,34,33,32,True,,14,13,32,True
2025,chinese_new_year,lead_up,129,Pulau Pinang,14,14,85,86,83,True,,14,14,83,True
2025,chinese_new_year,lead_up,129,Sabah,14,14,127,120,118,True,,14,14,118,True
2025,chinese_new_year,lead_up,129,Sarawak,14,14,152,161,151,True,,14,14,151,True
2025,chinese_new_year,lead_up,129,Selangor,14,14,82,81,81,True,,14,14,81,True
2025,chinese_new_year,lead_up,129,Terengganu,14,13,108,107,107,True,,14,13,107,True
2025,chinese_new_year,lead_up,129,W.P. Kuala Lumpur,14,14,119,122,119,True,,14,14,119,True
2025,chinese_new_year,lead_up,129,W.P. Labuan,14,14,14,14,14,True,,14,14,14,True
2025,chinese_new_year,lead_up,129,W.P. Putrajaya,14,14,20,20,20,True,,14,14,20,True
2025,chinese_new_year,lead_up,1564,Johor,13,14,165,166,165,True,,13,14,165,True
2025,chinese_new_year,lead_up,1564,Kedah,14,13,76,76,76,True,,14,13,76,True
2025,chinese_new_year,lead_up,1564,Kelantan,14,14,57,59,56,True,,14,14,56,True
2025,chinese_new_year,lead_up,1564,Melaka,14,14,27,27,27,True,,14,14,27,True
2025,chinese_new_year,lead_up,1564,Negeri Sembilan,13,13,39,40,39,True,,13,13,39,True
2025,chinese_new_year,lead_up,1564,Pahang,14,14,109,114,109,True,,14,14,109,True
2025,chinese_new_year,lead_up,1564,Perak,14,14,120,125,119,True,,14,14,119,True
2025,chinese_new_year,lead_up,1564,Perlis,14,13,30,30,29,True,,14,13,29,True
2025,chinese_new_year,lead_up,1564,Pulau Pinang,14,14,97,98,96,True,,14,14,96,True
2025,chinese_new_year,lead_up,1564,Sabah,14,14,133,132,132,True,,14,14,132,True
2025,chinese_new_year,lead_up,1564,Sarawak,14,14,157,156,155,True,,14,14,155,True
2025,chinese_new_year,lead_up,1564,Selangor,14,14,83,82,82,True,,14,14,82,True
2025,chinese_new_year,lead_up,1564,Terengganu,14,13,72,72,70,True,,14,13,70,True
2025,chinese_new_year,lead_up,1564,W.P. Kuala Lumpur,14,14,123,122,122,True,,14,14,122,True
2025,chinese_new_year,lead_up,1564,W.P. Labuan,14,14,14,14,14,True,,14,14,14,True
2025,chinese_new_year,lead_up,1564,W.P. Putrajaya,14,14,19,19,18,True,,14,14,18,True
2025,chinese_new_year,lead_up,1131,Johor,13,14,153,158,151,True,,13,14,151,True
2025,chinese_new_year,lead_up,1131,Kedah,14,13,67,67,64,True,,14,13,64,True
2025,chinese_new_year,lead_up,1131,Kelantan,14,14,75,77,71,True,,14,14,71,True
2025,chinese_new_year,lead_up,1131,Melaka,14,14,24,23,23,True,,14,14,23,True
2025,chinese_new_year,lead_up,1131,Negeri Sembilan,13,13,32,32,31,True,,13,13,31,True
2025,chinese_new_year,lead_up,1131,Pahang,14,14,115,116,115,True,,14,14,115,True
2025,chinese_new_year,lead_up,1131,Perak,14,14,112,119,109,True,,14,14,109,True
2025,chinese_new_year,lead_up,1131,Perlis,14,13,30,32,30,True,,14,13,30,True
2025,chinese_new_year,lead_up,1131,Pulau Pinang,14,14,88,94,86,True,,14,14,86,True
2025,chinese_new_year,lead_up,1131,Sabah,14,14,118,117,115,True,,14,14,115,True
2025,chinese_new_year,lead_up,1131,Sarawak,14,14,158,162,156,True,,14,14,156,True
2025,chinese_new_year,lead_up,1131,Selangor,14,14,75,73,73,True,,14,14,73,True
2025,chinese_new_year,lead_up,1131,Terengganu,14,13,85,83,83,True,,14,13,83,True
2025,chinese_new_year,lead_up,1131,W.P. Kuala Lumpur,14,14,104,107,101,True,,14,14,101,True
2025,chinese_new_year,lead_up,1131,W.P. Labuan,14,14,13,13,13,True,,14,14,13,True
2025,chinese_new_year,lead_up,1131,W.P. Putrajaya,14,14,21,20,20,True,,14,14,20,True
2025,chinese_new_year,lead_up,94,Johor,13,14,95,95,92,True,,13,14,92,True
2025,chinese_new_year,lead_up,94,Kedah,14,13,36,41,33,True,,14,13,33,True
2025,chinese_new_year,lead_up,94,Kelantan,14,14,27,29,26,True,,14,14,26,True
2025,chinese_new_year,lead_up,94,Melaka,14,14,15,14,13,True,,14,14,13,True
2025,chinese_new_year,lead_up,94,Negeri Sembilan,13,13,36,36,36,True,,13,13,36,True
2025,chinese_new_year,lead_up,94,Pahang,14,14,100,100,95,True,,14,14,95,True
2025,chinese_new_year,lead_up,94,Perak,14,14,66,65,61,True,,14,14,61,True
2025,chinese_new_year,lead_up,94,Perlis,14,13,20,21,19,True,,14,13,19,True
2025,chinese_new_year,lead_up,94,Pulau Pinang,14,14,45,49,43,True,,14,14,43,True
2025,chinese_new_year,lead_up,94,Sabah,14,14,28,23,19,True,,14,14,19,True
2025,chinese_new_year,lead_up,94,Sarawak,14,14,105,110,100,True,,14,14,100,True
2025,chinese_new_year,lead_up,94,Selangor,14,14,75,75,73,True,,14,14,73,True
2025,chinese_new_year,lead_up,94,Terengganu,14,13,51,57,51,True,,14,13,51,True
2025,chinese_new_year,lead_up,94,W.P. Kuala Lumpur,14,14,98,101,97,True,,14,14,97,True
2025,chinese_new_year,lead_up,94,W.P. Labuan,0,0,0,0,0,False,reference_dates_below_4; target_dates_below_4; reference_premises_below_5; target_premises_below_5; common_premises_below_5,0,0,0,False
2025,chinese_new_year,lead_up,94,W.P. Putrajaya,0,12,0,1,0,False,reference_dates_below_4; reference_premises_below_5; target_premises_below_5; common_premises_below_5,0,0,0,False
2025,chinese_new_year,lead_up,114,Johor,13,14,164,161,161,True,,13,14,161,True
2025,chinese_new_year,lead_up,114,Kedah,14,13,71,71,70,True,,14,13,70,True
2025,chinese_new_year,lead_up,114,Kelantan,14,14,85,86,85,True,,14,14,85,True
2025,chinese_new_year,lead_up,114,Melaka,14,14,25,25,25,True,,14,14,25,True
2025,chinese_new_year,lead_up,114,Negeri Sembilan,13,13,39,39,39,True,,13,13,39,True
2025,chinese_new_year,lead_up,114,Pahang,14,14,112,112,111,True,,14,14,111,True
2025,chinese_new_year,lead_up,114,Perak,14,14,94,93,93,True,,14,14,93,True
2025,chinese_new_year,lead_up,114,Perlis,14,13,24,25,24,True,,14,13,24,True
2025,chinese_new_year,lead_up,114,Pulau Pinang,14,14,87,86,84,True,,14,14,84,True
2025,chinese_new_year,lead_up,114,Sabah,14,14,69,71,60,True,,14,14,60,True
2025,chinese_new_year,lead_up,114,Sarawak,14,14,115,116,108,True,,14,14,108,True
2025,chinese_new_year,lead_up,114,Selangor,14,14,86,84,84,True,,14,14,84,True
2025,chinese_new_year,lead_up,114,Terengganu,14,13,91,87,83,True,,14,13,83,True
2025,chinese_new_year,lead_up,114,W.P. Kuala Lumpur,14,14,125,123,123,True,,14,14,123,True
2025,chinese_new_year,lead_up,114,W.P. Labuan,14,14,5,8,4,False,common_premises_below_5,14,14,4,False
2025,chinese_new_year,lead_up,114,W.P. Putrajaya,14,14,21,19,19,True,,14,14,19,True
2025,chinese_new_year,lead_up,103,Johor,13,14,24,20,18,True,,13,14,18,True
2025,chinese_new_year,lead_up,103,Kedah,14,13,9,8,8,True,,14,13,8,True
2025,chinese_new_year,lead_up,103,Kelantan,14,14,14,11,9,True,,14,14,9,True
2025,chinese_new_year,lead_up,103,Melaka,0,0,0,0,0,False,reference_dates_below_4; target_dates_below_4; reference_premises_below_5; target_premises_below_5; common_premises_below_5,0,0,0,False
2025,chinese_new_year,lead_up,103,Negeri Sembilan,13,13,19,17,17,True,,13,13,17,True
2025,chinese_new_year,lead_up,103,Pahang,14,14,33,35,33,True,,14,14,33,True
2025,chinese_new_year,lead_up,103,Perak,14,14,46,50,46,True,,14,14,46,True
2025,chinese_new_year,lead_up,103,Perlis,0,0,0,0,0,False,reference_dates_below_4; target_dates_below_4; reference_premises_below_5; target_premises_below_5; common_premises_below_5,0,0,0,False
2025,chinese_new_year,lead_up,103,Pulau Pinang,14,14,24,22,21,True,,14,14,21,True
2025,chinese_new_year,lead_up,103,Sabah,14,14,2,2,2,False,reference_premises_below_5; target_premises_below_5; common_premises_below_5,14,14,2,False
2025,chinese_new_year,lead_up,103,Sarawak,14,14,1,1,1,False,reference_premises_below_5; target_premises_below_5; common_premises_below_5,14,14,1,False
2025,chinese_new_year,lead_up,103,Selangor,14,14,35,33,32,True,,14,14,32,True
2025,chinese_new_year,lead_up,103,Terengganu,14,13,9,10,9,True,,14,13,9,True
2025,chinese_new_year,lead_up,103,W.P. Kuala Lumpur,14,14,42,43,42,True,,14,14,42,True
2025,chinese_new_year,lead_up,103,W.P. Labuan,0,0,0,0,0,False,reference_dates_below_4; target_dates_below_4; reference_premises_below_5; target_premises_below_5; common_premises_below_5,0,0,0,False
2025,chinese_new_year,lead_up,103,W.P. Putrajaya,14,14,7,6,5,True,,14,14,5,True
2025,chinese_new_year,lead_up,1431,Johor,13,14,13,14,13,True,,13,14,13,True
2025,chinese_new_year,lead_up,1431,Kedah,14,13,13,14,13,True,,14,13,13,True
2025,chinese_new_year,lead_up,1431,Kelantan,14,14,17,16,16,True,,14,14,16,True
2025,chinese_new_year,lead_up,1431,Melaka,14,14,7,7,7,True,,14,14,7,True
2025,chinese_new_year,lead_up,1431,Negeri Sembilan,13,13,8,8,8,True,,13,13,8,True
2025,chinese_new_year,lead_up,1431,Pahang,14,14,9,9,9,True,,14,14,9,True
2025,chinese_new_year,lead_up,1431,Perak,14,14,17,17,17,True,,14,14,17,True
2025,chinese_new_year,lead_up,1431,Perlis,14,13,3,4,3,False,reference_premises_below_5; target_premises_below_5; common_premises_below_5,14,13,3,False
2025,chinese_new_year,lead_up,1431,Pulau Pinang,14,14,19,19,19,True,,14,14,19,True
2025,chinese_new_year,lead_up,1431,Sabah,14,14,3,3,3,False,reference_premises_below_5; target_premises_below_5; common_premises_below_5,14,14,3,False
2025,chinese_new_year,lead_up,1431,Sarawak,8,13,1,1,1,False,reference_premises_below_5; target_premises_below_5; common_premises_below_5,8,13,1,False
2025,chinese_new_year,lead_up,1431,Selangor,14,14,15,16,15,True,,14,14,15,True
2025,chinese_new_year,lead_up,1431,Terengganu,14,13,12,12,10,True,,14,13,10,True
2025,chinese_new_year,lead_up,1431,W.P. Kuala Lumpur,14,14,5,5,5,True,,14,14,5,True
2025,chinese_new_year,lead_up,1431,W.P. Labuan,0,0,0,0,0,False,reference_dates_below_4; target_dates_below_4; reference_premises_below_5; target_premises_below_5; common_premises_below_5,0,0,0,False
2025,chinese_new_year,lead_up,1431,W.P. Putrajaya,10,9,1,1,1,False,reference_premises_below_5; target_premises_below_5; common_premises_below_5,10,9,1,False
2025,chinese_new_year,lead_up,1555,Johor,13,14,131,130,128,True,,13,14,128,True
2025,chinese_new_year,lead_up,1555,Kedah,14,13,49,49,49,True,,14,13,49,True
2025,chinese_new_year,lead_up,1555,Kelantan,14,14,70,71,68,True,,14,14,68,True
2025,chinese_new_year,lead_up,1555,Melaka,14,14,19,18,18,True,,14,14,18,True
2025,chinese_new_year,lead_up,1555,Negeri Sembilan,13,13,23,23,23,True,,13,13,23,True
2025,chinese_new_year,lead_up,1555,Pahang,14,14,80,80,75,True,,14,14,75,True
2025,chinese_new_year,lead_up,1555,Perak,14,14,76,77,75,True,,14,14,75,True
2025,chinese_new_year,lead_up,1555,Perlis,14,13,15,13,12,True,,14,13,12,True
2025,chinese_new_year,lead_up,1555,Pulau Pinang,14,14,61,59,57,True,,14,14,57,True
2025,chinese_new_year,lead_up,1555,Sabah,14,14,40,33,32,True,,14,14,32,True
2025,chinese_new_year,lead_up,1555,Sarawak,14,14,58,51,49,True,,14,14,49,True
2025,chinese_new_year,lead_up,1555,Selangor,14,14,79,77,76,True,,14,14,76,True
2025,chinese_new_year,lead_up,1555,Terengganu,14,13,49,47,42,True,,14,13,42,True
2025,chinese_new_year,lead_up,1555,W.P. Kuala Lumpur,14,14,83,82,78,True,,14,14,78,True
2025,chinese_new_year,lead_up,1555,W.P. Labuan,0,0,0,0,0,False,reference_dates_below_4; target_dates_below_4; reference_premises_below_5; target_premises_below_5; common_premises_below_5,0,0,0,False
2025,chinese_new_year,lead_up,1555,W.P. Putrajaya,14,14,16,15,15,True,,14,14,15,True
2025,chinese_new_year,lead_up,193,Johor,3,2,48,47,46,False,reference_dates_below_4; target_dates_below_4,3,2,46,False
2025,chinese_new_year,lead_up,193,Kedah,3,2,84,81,81,False,reference_dates_below_4; target_dates_below_4,3,2,81,False
2025,chinese_new_year,lead_up,193,Kelantan,3,2,12,9,9,False,reference_dates_below_4; target_dates_below_4,3,2,9,False
2025,chinese_new_year,lead_up,193,Melaka,3,2,6,6,6,False,reference_dates_below_4; target_dates_below_4,3,2,6,False
2025,chinese_new_year,lead_up,193,Negeri Sembilan,3,2,21,20,18,False,reference_dates_below_4; target_dates_below_4,3,2,18,False
2025,chinese_new_year,lead_up,193,Pahang,3,2,57,57,55,False,reference_dates_below_4; target_dates_below_4,3,2,55,False
2025,chinese_new_year,lead_up,193,Perak,3,2,102,100,99,False,reference_dates_below_4; target_dates_below_4,3,2,99,False
2025,chinese_new_year,lead_up,193,Perlis,3,2,34,33,32,False,reference_dates_below_4; target_dates_below_4,3,2,32,False
2025,chinese_new_year,lead_up,193,Pulau Pinang,3,2,69,66,65,False,reference_dates_below_4; target_dates_below_4,3,2,65,False
2025,chinese_new_year,lead_up,193,Sabah,3,2,57,54,53,False,reference_dates_below_4; target_dates_below_4,3,2,53,False
2025,chinese_new_year,lead_up,193,Sarawak,3,3,101,101,97,False,reference_dates_below_4; target_dates_below_4,3,3,97,False
2025,chinese_new_year,lead_up,193,Selangor,3,2,58,52,50,False,reference_dates_below_4; target_dates_below_4,3,2,50,False
2025,chinese_new_year,lead_up,193,Terengganu,4,2,9,9,8,False,target_dates_below_4,4,2,8,False
2025,chinese_new_year,lead_up,193,W.P. Kuala Lumpur,3,2,93,87,87,False,reference_dates_below_4; target_dates_below_4,3,2,87,False
2025,chinese_new_year,lead_up,193,W.P. Labuan,3,2,4,3,3,False,reference_dates_below_4; target_dates_below_4; reference_premises_below_5; target_premises_below_5; common_premises_below_5,3,2,3,False
2025,chinese_new_year,lead_up,193,W.P. Putrajaya,3,2,10,10,10,False,reference_dates_below_4; target_dates_below_4,3,2,10,False
2025,chinese_new_year,after,1,Johor,13,13,145,144,144,True,,13,13,144,True
2025,chinese_new_year,after,1,Kedah,14,13,63,62,62,True,,14,13,62,True
2025,chinese_new_year,after,1,Kelantan,14,14,77,76,76,True,,14,14,76,True
2025,chinese_new_year,after,1,Melaka,14,14,19,20,19,True,,14,14,19,True
2025,chinese_new_year,after,1,Negeri Sembilan,13,13,33,34,33,True,,13,13,33,True
2025,chinese_new_year,after,1,Pahang,14,14,101,102,101,True,,14,14,101,True
2025,chinese_new_year,after,1,Perak,14,13,85,84,84,True,,14,13,84,True
2025,chinese_new_year,after,1,Perlis,14,14,19,18,18,True,,14,14,18,True
2025,chinese_new_year,after,1,Pulau Pinang,14,13,69,67,65,True,,14,13,65,True
2025,chinese_new_year,after,1,Sabah,14,14,10,10,10,True,,14,14,10,True
2025,chinese_new_year,after,1,Sarawak,14,14,14,14,13,True,,14,14,13,True
2025,chinese_new_year,after,1,Selangor,14,13,81,80,80,True,,14,13,80,True
2025,chinese_new_year,after,1,Terengganu,14,14,88,88,88,True,,14,14,88,True
2025,chinese_new_year,after,1,W.P. Kuala Lumpur,14,12,95,96,94,True,,14,12,94,True
2025,chinese_new_year,after,1,W.P. Labuan,14,13,2,2,2,False,reference_premises_below_5; target_premises_below_5; common_premises_below_5,14,13,2,False
2025,chinese_new_year,after,1,W.P. Putrajaya,14,12,16,15,15,True,,14,12,15,True
2025,chinese_new_year,after,1111,Johor,13,13,128,127,120,True,,13,13,120,True
2025,chinese_new_year,after,1111,Kedah,14,13,37,39,35,True,,14,13,35,True
2025,chinese_new_year,after,1111,Kelantan,14,14,84,73,67,True,,14,14,67,True
2025,chinese_new_year,after,1111,Melaka,14,14,15,15,15,True,,14,14,15,True
2025,chinese_new_year,after,1111,Negeri Sembilan,13,13,29,26,26,True,,13,13,26,True
2025,chinese_new_year,after,1111,Pahang,14,14,83,84,76,True,,14,14,76,True
2025,chinese_new_year,after,1111,Perak,14,13,83,78,74,True,,14,13,74,True
2025,chinese_new_year,after,1111,Perlis,14,14,12,11,10,True,,14,14,10,True
2025,chinese_new_year,after,1111,Pulau Pinang,14,13,44,45,43,True,,14,13,43,True
2025,chinese_new_year,after,1111,Sabah,14,14,16,11,7,True,,14,14,7,True
2025,chinese_new_year,after,1111,Sarawak,14,14,17,18,10,True,,14,14,10,True
2025,chinese_new_year,after,1111,Selangor,14,13,64,64,59,True,,14,13,59,True
2025,chinese_new_year,after,1111,Terengganu,14,14,66,62,58,True,,14,14,58,True
2025,chinese_new_year,after,1111,W.P. Kuala Lumpur,14,12,85,84,83,True,,14,12,83,True
2025,chinese_new_year,after,1111,W.P. Labuan,0,3,0,2,0,False,reference_dates_below_4; target_dates_below_4; reference_premises_below_5; target_premises_below_5; common_premises_below_5,0,0,0,False
2025,chinese_new_year,after,1111,W.P. Putrajaya,14,12,9,9,9,True,,14,12,9,True
2025,chinese_new_year,after,904,Johor,13,13,39,37,37,True,,13,13,37,True
2025,chinese_new_year,after,904,Kedah,14,13,46,44,44,True,,14,13,44,True
2025,chinese_new_year,after,904,Kelantan,14,14,22,23,19,True,,14,14,19,True
2025,chinese_new_year,after,904,Melaka,14,14,8,7,7,True,,14,14,7,True
2025,chinese_new_year,after,904,Negeri Sembilan,13,13,11,10,10,True,,13,13,10,True
2025,chinese_new_year,after,904,Pahang,14,14,29,26,25,True,,14,14,25,True
2025,chinese_new_year,after,904,Perak,14,13,54,53,53,True,,14,13,53,True
2025,chinese_new_year,after,904,Perlis,3,2,13,13,13,False,reference_dates_below_4; target_dates_below_4,3,2,13,False
2025,chinese_new_year,after,904,Pulau Pinang,14,13,35,37,35,True,,14,13,35,True
2025,chinese_new_year,after,904,Sabah,0,0,0,0,0,False,reference_dates_below_4; target_dates_below_4; reference_premises_below_5; target_premises_below_5; common_premises_below_5,0,0,0,False
2025,chinese_new_year,after,904,Sarawak,0,0,0,0,0,False,reference_dates_below_4; target_dates_below_4; reference_premises_below_5; target_premises_below_5; common_premises_below_5,0,0,0,False
2025,chinese_new_year,after,904,Selangor,14,13,26,27,25,True,,14,13,25,True
2025,chinese_new_year,after,904,Terengganu,14,14,21,23,20,True,,14,14,20,True
2025,chinese_new_year,after,904,W.P. Kuala Lumpur,14,12,40,40,39,True,,14,12,39,True
2025,chinese_new_year,after,904,W.P. Labuan,0,0,0,0,0,False,reference_dates_below_4; target_dates_below_4; reference_premises_below_5; target_premises_below_5; common_premises_below_5,0,0,0,False
2025,chinese_new_year,after,904,W.P. Putrajaya,14,12,10,7,7,True,,14,12,7,True
2025,chinese_new_year,after,918,Johor,4,3,53,32,22,False,target_dates_below_4,4,3,22,False
2025,chinese_new_year,after,918,Kedah,3,2,36,34,29,False,reference_dates_below_4; target_dates_below_4,3,2,29,False
2025,chinese_new_year,after,918,Kelantan,3,2,72,63,52,False,reference_dates_below_4; target_dates_below_4,3,2,52,False
2025,chinese_new_year,after,918,Melaka,3,3,16,11,11,False,reference_dates_below_4; target_dates_below_4,3,3,11,False
2025,chinese_new_year,after,918,Negeri Sembilan,3,2,5,5,4,False,reference_dates_below_4; target_dates_below_4; common_premises_below_5,3,2,4,False
2025,chinese_new_year,after,918,Pahang,4,2,30,30,18,False,target_dates_below_4,3,2,18,False
2025,chinese_new_year,after,918,Perak,3,2,25,20,17,False,reference_dates_below_4; target_dates_below_4,3,2,17,False
2025,chinese_new_year,after,918,Perlis,3,2,21,17,13,False,reference_dates_below_4; target_dates_below_4,3,2,13,False
2025,chinese_new_year,after,918,Pulau Pinang,3,2,31,26,22,False,reference_dates_below_4; target_dates_below_4,3,2,22,False
2025,chinese_new_year,after,918,Sabah,3,2,21,16,15,False,reference_dates_below_4; target_dates_below_4,3,2,15,False
2025,chinese_new_year,after,918,Sarawak,3,2,47,36,28,False,reference_dates_below_4; target_dates_below_4,3,2,28,False
2025,chinese_new_year,after,918,Selangor,3,2,27,12,10,False,reference_dates_below_4; target_dates_below_4,3,2,10,False
2025,chinese_new_year,after,918,Terengganu,3,2,55,35,30,False,reference_dates_below_4; target_dates_below_4,3,2,30,False
2025,chinese_new_year,after,918,W.P. Kuala Lumpur,3,2,12,11,7,False,reference_dates_below_4; target_dates_below_4,3,2,7,False
2025,chinese_new_year,after,918,W.P. Labuan,3,2,6,4,4,False,reference_dates_below_4; target_dates_below_4; target_premises_below_5; common_premises_below_5,3,2,4,False
2025,chinese_new_year,after,918,W.P. Putrajaya,2,0,1,0,0,False,reference_dates_below_4; target_dates_below_4; reference_premises_below_5; target_premises_below_5; common_premises_below_5,0,0,0,False
2025,chinese_new_year,after,1589,Johor,5,4,169,165,165,True,,5,4,165,True
2025,chinese_new_year,after,1589,Kedah,3,2,81,82,80,False,reference_dates_below_4; target_dates_below_4,3,2,80,False
2025,chinese_new_year,after,1589,Kelantan,4,2,143,140,139,False,target_dates_below_4,4,2,139,False
2025,chinese_new_year,after,1589,Melaka,3,3,26,23,23,False,reference_dates_below_4; target_dates_below_4,3,3,23,False
2025,chinese_new_year,after,1589,Negeri Sembilan,3,2,39,36,36,False,reference_dates_below_4; target_dates_below_4,3,2,36,False
2025,chinese_new_year,after,1589,Pahang,5,4,143,136,135,True,,5,4,135,True
2025,chinese_new_year,after,1589,Perak,3,2,118,115,114,False,reference_dates_below_4; target_dates_below_4,3,2,114,False
2025,chinese_new_year,after,1589,Perlis,3,2,39,38,37,False,reference_dates_below_4; target_dates_below_4,3,2,37,False
2025,chinese_new_year,after,1589,Pulau Pinang,3,2,83,85,81,False,reference_dates_below_4; target_dates_below_4,3,2,81,False
2025,chinese_new_year,after,1589,Sabah,3,2,85,70,68,False,reference_dates_below_4; target_dates_below_4,3,2,68,False
2025,chinese_new_year,after,1589,Sarawak,3,2,107,91,76,False,reference_dates_below_4; target_dates_below_4,3,2,76,False
2025,chinese_new_year,after,1589,Selangor,3,2,82,75,75,False,reference_dates_below_4; target_dates_below_4,3,2,75,False
2025,chinese_new_year,after,1589,Terengganu,4,2,104,100,97,False,target_dates_below_4,4,2,97,False
2025,chinese_new_year,after,1589,W.P. Kuala Lumpur,3,2,115,113,113,False,reference_dates_below_4; target_dates_below_4,3,2,113,False
2025,chinese_new_year,after,1589,W.P. Labuan,3,2,11,12,10,False,reference_dates_below_4; target_dates_below_4,3,2,10,False
2025,chinese_new_year,after,1589,W.P. Putrajaya,3,2,19,19,19,False,reference_dates_below_4; target_dates_below_4,3,2,19,False
2025,chinese_new_year,after,917,Johor,4,4,163,160,157,True,,4,4,157,True
2025,chinese_new_year,after,917,Kedah,3,2,74,76,73,False,reference_dates_below_4; target_dates_below_4,3,2,73,False
2025,chinese_new_year,after,917,Kelantan,4,2,119,117,109,False,target_dates_below_4,4,2,109,False
2025,chinese_new_year,after,917,Melaka,3,3,26,23,22,False,reference_dates_below_4; target_dates_below_4,3,3,22,False
2025,chinese_new_year,after,917,Negeri Sembilan,3,2,39,37,37,False,reference_dates_below_4; target_dates_below_4,3,2,37,False
2025,chinese_new_year,after,917,Pahang,5,4,136,127,124,True,,5,4,124,True
2025,chinese_new_year,after,917,Perak,3,2,118,112,107,False,reference_dates_below_4; target_dates_below_4,3,2,107,False
2025,chinese_new_year,after,917,Perlis,3,2,35,32,31,False,reference_dates_below_4; target_dates_below_4,3,2,31,False
2025,chinese_new_year,after,917,Pulau Pinang,3,2,85,81,79,False,reference_dates_below_4; target_dates_below_4,3,2,79,False
2025,chinese_new_year,after,917,Sabah,3,2,47,45,40,False,reference_dates_below_4; target_dates_below_4,3,2,40,False
2025,chinese_new_year,after,917,Sarawak,3,2,58,46,41,False,reference_dates_below_4; target_dates_below_4,3,2,41,False
2025,chinese_new_year,after,917,Selangor,4,2,79,73,69,False,target_dates_below_4,4,2,69,False
2025,chinese_new_year,after,917,Terengganu,4,2,97,93,91,False,target_dates_below_4,4,2,91,False
2025,chinese_new_year,after,917,W.P. Kuala Lumpur,3,2,110,101,99,False,reference_dates_below_4; target_dates_below_4,3,2,99,False
2025,chinese_new_year,after,917,W.P. Labuan,3,2,5,7,5,False,reference_dates_below_4; target_dates_below_4,3,2,5,False
2025,chinese_new_year,after,917,W.P. Putrajaya,3,2,19,19,19,False,reference_dates_below_4; target_dates_below_4,3,2,19,False
2025,chinese_new_year,after,129,Johor,13,13,160,162,160,True,,13,13,160,True
2025,chinese_new_year,after,129,Kedah,14,13,89,87,86,True,,14,13,86,True
2025,chinese_new_year,after,129,Kelantan,14,14,126,126,120,True,,14,14,120,True
2025,chinese_new_year,after,129,Melaka,14,14,26,25,25,True,,14,14,25,True
2025,chinese_new_year,after,129,Negeri Sembilan,13,13,38,37,37,True,,13,13,37,True
2025,chinese_new_year,after,129,Pahang,14,14,109,108,106,True,,14,14,106,True
2025,chinese_new_year,after,129,Perak,14,13,104,104,99,True,,14,13,99,True
2025,chinese_new_year,after,129,Perlis,14,14,34,33,32,True,,14,14,32,True
2025,chinese_new_year,after,129,Pulau Pinang,14,13,85,85,81,True,,14,13,81,True
2025,chinese_new_year,after,129,Sabah,14,14,127,123,121,True,,14,14,121,True
2025,chinese_new_year,after,129,Sarawak,14,14,152,163,149,True,,14,14,149,True
2025,chinese_new_year,after,129,Selangor,14,13,82,81,81,True,,14,13,81,True
2025,chinese_new_year,after,129,Terengganu,14,14,108,109,107,True,,14,14,107,True
2025,chinese_new_year,after,129,W.P. Kuala Lumpur,14,12,119,123,119,True,,14,12,119,True
2025,chinese_new_year,after,129,W.P. Labuan,14,13,14,13,13,True,,14,13,13,True
2025,chinese_new_year,after,129,W.P. Putrajaya,14,12,20,20,20,True,,14,12,20,True
2025,chinese_new_year,after,1564,Johor,13,13,165,166,164,True,,13,13,164,True
2025,chinese_new_year,after,1564,Kedah,14,13,76,74,74,True,,14,13,74,True
2025,chinese_new_year,after,1564,Kelantan,14,14,57,60,57,True,,14,14,57,True
2025,chinese_new_year,after,1564,Melaka,14,14,27,26,26,True,,14,14,26,True
2025,chinese_new_year,after,1564,Negeri Sembilan,13,13,39,38,37,True,,13,13,37,True
2025,chinese_new_year,after,1564,Pahang,14,14,109,113,108,True,,14,14,108,True
2025,chinese_new_year,after,1564,Perak,14,13,120,127,118,True,,14,13,118,True
2025,chinese_new_year,after,1564,Perlis,14,14,30,28,28,True,,14,14,28,True
2025,chinese_new_year,after,1564,Pulau Pinang,14,13,97,98,95,True,,14,13,95,True
2025,chinese_new_year,after,1564,Sabah,14,14,133,127,126,True,,14,14,126,True
2025,chinese_new_year,after,1564,Sarawak,14,14,157,149,146,True,,14,14,146,True
2025,chinese_new_year,after,1564,Selangor,14,13,83,82,81,True,,14,13,81,True
2025,chinese_new_year,after,1564,Terengganu,14,14,72,73,69,True,,14,14,69,True
2025,chinese_new_year,after,1564,W.P. Kuala Lumpur,14,12,123,120,120,True,,14,12,120,True
2025,chinese_new_year,after,1564,W.P. Labuan,14,13,14,14,14,True,,14,13,14,True
2025,chinese_new_year,after,1564,W.P. Putrajaya,14,12,19,20,18,True,,14,12,18,True
2025,chinese_new_year,after,1131,Johor,13,13,153,159,152,True,,13,13,152,True
2025,chinese_new_year,after,1131,Kedah,14,13,67,66,60,True,,14,13,60,True
2025,chinese_new_year,after,1131,Kelantan,14,14,75,80,72,True,,14,14,72,True
2025,chinese_new_year,after,1131,Melaka,14,14,24,22,22,True,,14,14,22,True
2025,chinese_new_year,after,1131,Negeri Sembilan,13,13,32,32,31,True,,13,13,31,True
2025,chinese_new_year,after,1131,Pahang,14,14,115,114,112,True,,14,14,112,True
2025,chinese_new_year,after,1131,Perak,14,13,112,120,109,True,,14,13,109,True
2025,chinese_new_year,after,1131,Perlis,14,14,30,32,30,True,,14,14,30,True
2025,chinese_new_year,after,1131,Pulau Pinang,14,13,88,96,86,True,,14,13,86,True
2025,chinese_new_year,after,1131,Sabah,14,14,118,114,112,True,,14,14,112,True
2025,chinese_new_year,after,1131,Sarawak,14,14,158,161,153,True,,14,14,153,True
2025,chinese_new_year,after,1131,Selangor,14,13,75,74,73,True,,14,13,73,True
2025,chinese_new_year,after,1131,Terengganu,14,14,85,84,82,True,,14,14,82,True
2025,chinese_new_year,after,1131,W.P. Kuala Lumpur,14,12,104,106,97,True,,14,12,97,True
2025,chinese_new_year,after,1131,W.P. Labuan,14,13,13,13,13,True,,14,13,13,True
2025,chinese_new_year,after,1131,W.P. Putrajaya,14,12,21,20,20,True,,14,12,20,True
2025,chinese_new_year,after,94,Johor,13,13,95,95,91,True,,13,13,91,True
2025,chinese_new_year,after,94,Kedah,14,13,36,38,31,True,,14,13,31,True
2025,chinese_new_year,after,94,Kelantan,14,14,27,28,25,True,,14,14,25,True
2025,chinese_new_year,after,94,Melaka,14,14,15,16,13,True,,14,14,13,True
2025,chinese_new_year,after,94,Negeri Sembilan,13,13,36,37,36,True,,13,13,36,True
2025,chinese_new_year,after,94,Pahang,14,14,100,100,95,True,,14,14,95,True
2025,chinese_new_year,after,94,Perak,14,13,66,65,60,True,,14,13,60,True
2025,chinese_new_year,after,94,Perlis,14,14,20,20,18,True,,14,14,18,True
2025,chinese_new_year,after,94,Pulau Pinang,14,13,45,50,43,True,,14,13,43,True
2025,chinese_new_year,after,94,Sabah,14,14,28,22,16,True,,14,14,16,True
2025,chinese_new_year,after,94,Sarawak,14,14,105,107,96,True,,14,14,96,True
2025,chinese_new_year,after,94,Selangor,14,13,75,75,73,True,,14,13,73,True
2025,chinese_new_year,after,94,Terengganu,14,14,51,54,48,True,,14,14,48,True
2025,chinese_new_year,after,94,W.P. Kuala Lumpur,14,12,98,104,96,True,,14,12,96,True
2025,chinese_new_year,after,94,W.P. Labuan,0,0,0,0,0,False,reference_dates_below_4; target_dates_below_4; reference_premises_below_5; target_premises_below_5; common_premises_below_5,0,0,0,False
2025,chinese_new_year,after,94,W.P. Putrajaya,0,1,0,1,0,False,reference_dates_below_4; target_dates_below_4; reference_premises_below_5; target_premises_below_5; common_premises_below_5,0,0,0,False
2025,chinese_new_year,after,114,Johor,13,13,164,162,162,True,,13,13,162,True
2025,chinese_new_year,after,114,Kedah,14,13,71,72,71,True,,14,13,71,True
2025,chinese_new_year,after,114,Kelantan,14,14,85,87,84,True,,14,14,84,True
2025,chinese_new_year,after,114,Melaka,14,14,25,25,25,True,,14,14,25,True
2025,chinese_new_year,after,114,Negeri Sembilan,13,13,39,39,39,True,,13,13,39,True
2025,chinese_new_year,after,114,Pahang,14,14,112,111,110,True,,14,14,110,True
2025,chinese_new_year,after,114,Perak,14,13,94,93,93,True,,14,13,93,True
2025,chinese_new_year,after,114,Perlis,14,14,24,25,24,True,,14,14,24,True
2025,chinese_new_year,after,114,Pulau Pinang,14,13,87,86,84,True,,14,13,84,True
2025,chinese_new_year,after,114,Sabah,14,14,69,74,59,True,,14,14,59,True
2025,chinese_new_year,after,114,Sarawak,14,14,115,98,90,True,,14,14,90,True
2025,chinese_new_year,after,114,Selangor,14,13,86,84,84,True,,14,13,84,True
2025,chinese_new_year,after,114,Terengganu,14,14,91,86,85,True,,14,14,85,True
2025,chinese_new_year,after,114,W.P. Kuala Lumpur,14,12,125,121,121,True,,14,12,121,True
2025,chinese_new_year,after,114,W.P. Labuan,14,13,5,8,4,False,common_premises_below_5,14,11,4,False
2025,chinese_new_year,after,114,W.P. Putrajaya,14,12,21,19,19,True,,14,12,19,True
2025,chinese_new_year,after,103,Johor,13,13,24,19,17,True,,13,13,17,True
2025,chinese_new_year,after,103,Kedah,14,13,9,8,8,True,,14,13,8,True
2025,chinese_new_year,after,103,Kelantan,14,14,14,7,6,True,,14,14,6,True
2025,chinese_new_year,after,103,Melaka,0,2,0,2,0,False,reference_dates_below_4; target_dates_below_4; reference_premises_below_5; target_premises_below_5; common_premises_below_5,0,0,0,False
2025,chinese_new_year,after,103,Negeri Sembilan,13,13,19,19,19,True,,13,13,19,True
2025,chinese_new_year,after,103,Pahang,14,14,33,33,31,True,,14,14,31,True
2025,chinese_new_year,after,103,Perak,14,13,46,47,42,True,,14,13,42,True
2025,chinese_new_year,after,103,Perlis,0,0,0,0,0,False,reference_dates_below_4; target_dates_below_4; reference_premises_below_5; target_premises_below_5; common_premises_below_5,0,0,0,False
2025,chinese_new_year,after,103,Pulau Pinang,14,13,24,22,21,True,,14,13,21,True
2025,chinese_new_year,after,103,Sabah,14,14,2,1,1,False,reference_premises_below_5; target_premises_below_5; common_premises_below_5,14,14,1,False
2025,chinese_new_year,after,103,Sarawak,14,14,1,1,1,False,reference_premises_below_5; target_premises_below_5; common_premises_below_5,14,14,1,False
2025,chinese_new_year,after,103,Selangor,14,13,35,35,32,True,,14,13,32,True
2025,chinese_new_year,after,103,Terengganu,14,14,9,7,6,True,,14,14,6,True
2025,chinese_new_year,after,103,W.P. Kuala Lumpur,14,12,42,44,39,True,,14,12,39,True
2025,chinese_new_year,after,103,W.P. Labuan,0,0,0,0,0,False,reference_dates_below_4; target_dates_below_4; reference_premises_below_5; target_premises_below_5; common_premises_below_5,0,0,0,False
2025,chinese_new_year,after,103,W.P. Putrajaya,14,12,7,6,5,True,,14,12,5,True
2025,chinese_new_year,after,1431,Johor,13,13,13,14,12,True,,13,13,12,True
2025,chinese_new_year,after,1431,Kedah,14,13,13,14,13,True,,14,13,13,True
2025,chinese_new_year,after,1431,Kelantan,14,14,17,15,15,True,,14,14,15,True
2025,chinese_new_year,after,1431,Melaka,14,14,7,7,7,True,,14,14,7,True
2025,chinese_new_year,after,1431,Negeri Sembilan,13,13,8,8,8,True,,13,13,8,True
2025,chinese_new_year,after,1431,Pahang,14,14,9,9,9,True,,14,14,9,True
2025,chinese_new_year,after,1431,Perak,14,13,17,17,16,True,,14,13,16,True
2025,chinese_new_year,after,1431,Perlis,14,14,3,3,3,False,reference_premises_below_5; target_premises_below_5; common_premises_below_5,14,14,3,False
2025,chinese_new_year,after,1431,Pulau Pinang,14,13,19,18,17,True,,14,13,17,True
2025,chinese_new_year,after,1431,Sabah,14,14,3,3,3,False,reference_premises_below_5; target_premises_below_5; common_premises_below_5,14,14,3,False
2025,chinese_new_year,after,1431,Sarawak,8,8,1,1,1,False,reference_premises_below_5; target_premises_below_5; common_premises_below_5,8,8,1,False
2025,chinese_new_year,after,1431,Selangor,14,13,15,17,14,True,,14,13,14,True
2025,chinese_new_year,after,1431,Terengganu,14,14,12,14,12,True,,14,14,12,True
2025,chinese_new_year,after,1431,W.P. Kuala Lumpur,14,12,5,8,4,False,common_premises_below_5,14,12,4,False
2025,chinese_new_year,after,1431,W.P. Labuan,0,0,0,0,0,False,reference_dates_below_4; target_dates_below_4; reference_premises_below_5; target_premises_below_5; common_premises_below_5,0,0,0,False
2025,chinese_new_year,after,1431,W.P. Putrajaya,10,3,1,1,1,False,target_dates_below_4; reference_premises_below_5; target_premises_below_5; common_premises_below_5,10,3,1,False
2025,chinese_new_year,after,1555,Johor,13,13,131,123,121,True,,13,13,121,True
2025,chinese_new_year,after,1555,Kedah,14,13,49,44,44,True,,14,13,44,True
2025,chinese_new_year,after,1555,Kelantan,14,14,70,69,67,True,,14,14,67,True
2025,chinese_new_year,after,1555,Melaka,14,14,19,19,19,True,,14,14,19,True
2025,chinese_new_year,after,1555,Negeri Sembilan,13,13,23,23,23,True,,13,13,23,True
2025,chinese_new_year,after,1555,Pahang,14,14,80,75,72,True,,14,14,72,True
2025,chinese_new_year,after,1555,Perak,14,13,76,74,73,True,,14,13,73,True
2025,chinese_new_year,after,1555,Perlis,14,14,15,12,11,True,,13,14,11,True
2025,chinese_new_year,after,1555,Pulau Pinang,14,13,61,55,52,True,,14,13,52,True
2025,chinese_new_year,after,1555,Sabah,14,14,40,33,32,True,,14,14,32,True
2025,chinese_new_year,after,1555,Sarawak,14,14,58,46,45,True,,14,14,45,True
2025,chinese_new_year,after,1555,Selangor,14,13,79,76,75,True,,14,13,75,True
2025,chinese_new_year,after,1555,Terengganu,14,14,49,50,44,True,,14,14,44,True
2025,chinese_new_year,after,1555,W.P. Kuala Lumpur,14,12,83,77,70,True,,14,12,70,True
2025,chinese_new_year,after,1555,W.P. Labuan,0,0,0,0,0,False,reference_dates_below_4; target_dates_below_4; reference_premises_below_5; target_premises_below_5; common_premises_below_5,0,0,0,False
2025,chinese_new_year,after,1555,W.P. Putrajaya,14,12,16,13,13,True,,14,12,13,True
2025,chinese_new_year,after,193,Johor,3,2,48,47,46,False,reference_dates_below_4; target_dates_below_4,3,2,46,False
2025,chinese_new_year,after,193,Kedah,3,2,84,79,78,False,reference_dates_below_4; target_dates_below_4,3,2,78,False
2025,chinese_new_year,after,193,Kelantan,3,2,12,10,10,False,reference_dates_below_4; target_dates_below_4,3,2,10,False
2025,chinese_new_year,after,193,Melaka,3,2,6,6,6,False,reference_dates_below_4; target_dates_below_4,3,2,6,False
2025,chinese_new_year,after,193,Negeri Sembilan,3,2,21,19,17,False,reference_dates_below_4; target_dates_below_4,3,2,17,False
2025,chinese_new_year,after,193,Pahang,3,2,57,59,56,False,reference_dates_below_4; target_dates_below_4,3,2,56,False
2025,chinese_new_year,after,193,Perak,3,2,102,94,93,False,reference_dates_below_4; target_dates_below_4,3,2,93,False
2025,chinese_new_year,after,193,Perlis,3,2,34,35,33,False,reference_dates_below_4; target_dates_below_4,3,2,33,False
2025,chinese_new_year,after,193,Pulau Pinang,3,2,69,64,63,False,reference_dates_below_4; target_dates_below_4,3,2,63,False
2025,chinese_new_year,after,193,Sabah,3,2,57,55,52,False,reference_dates_below_4; target_dates_below_4,3,2,52,False
2025,chinese_new_year,after,193,Sarawak,3,2,101,96,91,False,reference_dates_below_4; target_dates_below_4,3,2,91,False
2025,chinese_new_year,after,193,Selangor,3,2,58,52,50,False,reference_dates_below_4; target_dates_below_4,3,2,50,False
2025,chinese_new_year,after,193,Terengganu,4,2,9,9,8,False,target_dates_below_4,4,2,8,False
2025,chinese_new_year,after,193,W.P. Kuala Lumpur,3,2,93,88,88,False,reference_dates_below_4; target_dates_below_4,3,2,88,False
2025,chinese_new_year,after,193,W.P. Labuan,3,2,4,3,3,False,reference_dates_below_4; target_dates_below_4; reference_premises_below_5; target_premises_below_5; common_premises_below_5,3,2,3,False
2025,chinese_new_year,after,193,W.P. Putrajaya,3,2,10,10,9,False,reference_dates_below_4; target_dates_below_4,3,2,9,False
2025,deepavali,lead_up,1,Johor,14,14,175,177,175,True,,14,14,175,True
2025,deepavali,lead_up,1,Kedah,14,14,77,77,77,True,,14,14,77,True
2025,deepavali,lead_up,1,Kelantan,12,14,90,88,88,True,,12,14,88,True
2025,deepavali,lead_up,1,Melaka,14,14,37,36,36,True,,14,14,36,True
2025,deepavali,lead_up,1,Negeri Sembilan,14,14,49,49,48,True,,14,14,48,True
2025,deepavali,lead_up,1,Pahang,14,14,111,110,110,True,,14,14,110,True
2025,deepavali,lead_up,1,Perak,14,14,121,121,121,True,,14,14,121,True
2025,deepavali,lead_up,1,Perlis,14,14,20,20,20,True,,14,14,20,True
2025,deepavali,lead_up,1,Pulau Pinang,14,14,88,88,87,True,,14,14,87,True
2025,deepavali,lead_up,1,Sabah,14,14,18,17,17,True,,14,14,17,True
2025,deepavali,lead_up,1,Sarawak,14,13,25,27,24,True,,14,13,24,True
2025,deepavali,lead_up,1,Selangor,14,14,102,102,102,True,,14,14,102,True
2025,deepavali,lead_up,1,Terengganu,14,14,94,93,93,True,,14,14,93,True
2025,deepavali,lead_up,1,W.P. Kuala Lumpur,14,14,114,114,114,True,,14,14,114,True
2025,deepavali,lead_up,1,W.P. Labuan,14,14,3,2,2,False,reference_premises_below_5; target_premises_below_5; common_premises_below_5,14,14,2,False
2025,deepavali,lead_up,1,W.P. Putrajaya,14,14,21,22,21,True,,14,14,21,True
2025,deepavali,lead_up,1111,Johor,14,14,151,156,146,True,,14,14,146,True
2025,deepavali,lead_up,1111,Kedah,14,14,41,45,41,True,,14,14,41,True
2025,deepavali,lead_up,1111,Kelantan,12,14,97,109,89,True,,12,14,89,True
2025,deepavali,lead_up,1111,Melaka,14,14,37,38,36,True,,14,14,36,True
2025,deepavali,lead_up,1111,Negeri Sembilan,14,14,38,39,36,True,,14,14,36,True
2025,deepavali,lead_up,1111,Pahang,14,14,88,110,84,True,,14,14,84,True
2025,deepavali,lead_up,1111,Perak,14,14,122,136,118,True,,14,14,118,True
2025,deepavali,lead_up,1111,Perlis,14,14,10,10,10,True,,14,14,10,True
2025,deepavali,lead_up,1111,Pulau Pinang,14,14,72,84,70,True,,14,14,70,True
2025,deepavali,lead_up,1111,Sabah,14,14,17,25,10,True,,14,13,10,True
2025,deepavali,lead_up,1111,Sarawak,14,13,66,73,52,True,,14,13,52,True
2025,deepavali,lead_up,1111,Selangor,14,14,90,100,86,True,,14,14,86,True
2025,deepavali,lead_up,1111,Terengganu,14,14,72,81,69,True,,14,14,69,True
2025,deepavali,lead_up,1111,W.P. Kuala Lumpur,14,14,115,118,112,True,,14,14,112,True
2025,deepavali,lead_up,1111,W.P. Labuan,7,13,1,1,1,False,reference_premises_below_5; target_premises_below_5; common_premises_below_5,7,13,1,False
2025,deepavali,lead_up,1111,W.P. Putrajaya,14,14,14,17,14,True,,14,14,14,True
2025,deepavali,lead_up,904,Johor,2,3,44,47,41,False,reference_dates_below_4; target_dates_below_4,2,3,41,False
2025,deepavali,lead_up,904,Kedah,2,3,52,52,50,False,reference_dates_below_4; target_dates_below_4,2,3,50,False
2025,deepavali,lead_up,904,Kelantan,2,3,18,22,15,False,reference_dates_below_4; target_dates_below_4,2,3,15,False
2025,deepavali,lead_up,904,Melaka,2,3,13,15,12,False,reference_dates_below_4; target_dates_below_4,2,3,12,False
2025,deepavali,lead_up,904,Negeri Sembilan,2,3,17,18,17,False,reference_dates_below_4; target_dates_below_4,2,3,17,False
2025,deepavali,lead_up,904,Pahang,3,4,24,24,22,False,reference_dates_below_4,3,4,22,False
2025,deepavali,lead_up,904,Perak,2,3,70,74,69,False,reference_dates_below_4; target_dates_below_4,2,3,69,False
2025,deepavali,lead_up,904,Perlis,2,3,12,13,12,False,reference_dates_below_4; target_dates_below_4,2,3,12,False
2025,deepavali,lead_up,904,Pulau Pinang,6,3,53,53,53,False,target_dates_below_4,6,3,53,False
2025,deepavali,lead_up,904,Sabah,0,0,0,0,0,False,reference_dates_below_4; target_dates_below_4; reference_premises_below_5; target_premises_below_5; common_premises_below_5,0,0,0,False
2025,deepavali,lead_up,904,Sarawak,0,0,0,0,0,False,reference_dates_below_4; target_dates_below_4; reference_premises_below_5; target_premises_below_5; common_premises_below_5,0,0,0,False
2025,deepavali,lead_up,904,Selangor,2,3,38,40,36,False,reference_dates_below_4; target_dates_below_4,2,3,36,False
2025,deepavali,lead_up,904,Terengganu,2,3,24,23,19,False,reference_dates_below_4; target_dates_below_4,2,3,19,False
2025,deepavali,lead_up,904,W.P. Kuala Lumpur,2,3,36,36,35,False,reference_dates_below_4; target_dates_below_4,2,3,35,False
2025,deepavali,lead_up,904,W.P. Labuan,0,0,0,0,0,False,reference_dates_below_4; target_dates_below_4; reference_premises_below_5; target_premises_below_5; common_premises_below_5,0,0,0,False
2025,deepavali,lead_up,904,W.P. Putrajaya,2,3,10,9,8,False,reference_dates_below_4; target_dates_below_4,2,3,8,False
2025,deepavali,lead_up,918,Johor,4,4,69,78,58,True,,4,4,58,True
2025,deepavali,lead_up,918,Kedah,2,3,43,47,37,False,reference_dates_below_4; target_dates_below_4,2,3,37,False
2025,deepavali,lead_up,918,Kelantan,2,3,125,133,115,False,reference_dates_below_4; target_dates_below_4,2,3,115,False
2025,deepavali,lead_up,918,Melaka,2,3,29,32,26,False,reference_dates_below_4; target_dates_below_4,2,3,26,False
2025,deepavali,lead_up,918,Negeri Sembilan,2,3,13,15,11,False,reference_dates_below_4; target_dates_below_4,2,3,11,False
2025,deepavali,lead_up,918,Pahang,3,4,54,64,42,False,reference_dates_below_4,3,4,42,False
2025,deepavali,lead_up,918,Perak,2,3,36,41,28,False,reference_dates_below_4; target_dates_below_4,2,3,28,False
2025,deepavali,lead_up,918,Perlis,2,3,18,20,16,False,reference_dates_below_4; target_dates_below_4,2,3,16,False
2025,deepavali,lead_up,918,Pulau Pinang,2,3,34,38,26,False,reference_dates_below_4; target_dates_below_4,2,3,26,False
2025,deepavali,lead_up,918,Sabah,2,3,37,50,31,False,reference_dates_below_4; target_dates_below_4,2,3,31,False
2025,deepavali,lead_up,918,Sarawak,2,2,67,67,50,False,reference_dates_below_4; target_dates_below_4,2,2,50,False
2025,deepavali,lead_up,918,Selangor,2,3,33,57,30,False,reference_dates_below_4; target_dates_below_4,2,3,30,False
2025,deepavali,lead_up,918,Terengganu,2,3,56,66,51,False,reference_dates_below_4; target_dates_below_4,2,3,51,False
2025,deepavali,lead_up,918,W.P. Kuala Lumpur,2,3,37,46,33,False,reference_dates_below_4; target_dates_below_4,2,3,33,False
2025,deepavali,lead_up,918,W.P. Labuan,2,3,8,8,7,False,reference_dates_below_4; target_dates_below_4,2,3,7,False
2025,deepavali,lead_up,918,W.P. Putrajaya,2,3,3,2,0,False,reference_dates_below_4; target_dates_below_4; reference_premises_below_5; target_premises_below_5; common_premises_below_5,0,0,0,False
2025,deepavali,lead_up,1589,Johor,4,5,205,209,205,True,,4,5,205,True
2025,deepavali,lead_up,1589,Kedah,2,3,109,110,108,False,reference_dates_below_4; target_dates_below_4,2,3,108,False
2025,deepavali,lead_up,1589,Kelantan,2,3,201,203,201,False,reference_dates_below_4; target_dates_below_4,2,3,201,False
2025,deepavali,lead_up,1589,Melaka,2,3,52,52,52,False,reference_dates_below_4; target_dates_below_4,2,3,52,False
2025,deepavali,lead_up,1589,Negeri Sembilan,2,3,61,60,60,False,reference_dates_below_4; target_dates_below_4,2,3,60,False
2025,deepavali,lead_up,1589,Pahang,4,4,174,175,170,True,,4,4,170,True
2025,deepavali,lead_up,1589,Perak,2,3,173,173,172,False,reference_dates_below_4; target_dates_below_4,2,3,172,False
2025,deepavali,lead_up,1589,Perlis,2,3,29,29,29,False,reference_dates_below_4; target_dates_below_4,2,3,29,False
2025,deepavali,lead_up,1589,Pulau Pinang,2,3,136,137,135,False,reference_dates_below_4; target_dates_below_4,2,3,135,False
2025,deepavali,lead_up,1589,Sabah,3,3,106,127,102,False,reference_dates_below_4; target_dates_below_4,3,3,102,False
2025,deepavali,lead_up,1589,Sarawak,2,2,159,164,148,False,reference_dates_below_4; target_dates_below_4,2,2,148,False
2025,deepavali,lead_up,1589,Selangor,2,3,116,121,115,False,reference_dates_below_4; target_dates_below_4,2,3,115,False
2025,deepavali,lead_up,1589,Terengganu,2,3,129,129,125,False,reference_dates_below_4; target_dates_below_4,2,3,125,False
2025,deepavali,lead_up,1589,W.P. Kuala Lumpur,2,3,160,167,160,False,reference_dates_below_4; target_dates_below_4,2,3,160,False
2025,deepavali,lead_up,1589,W.P. Labuan,2,3,14,14,14,False,reference_dates_below_4; target_dates_below_4,2,3,14,False
2025,deepavali,lead_up,1589,W.P. Putrajaya,2,3,25,27,24,False,reference_dates_below_4; target_dates_below_4,2,3,24,False
2025,deepavali,lead_up,917,Johor,4,4,190,195,184,True,,4,4,184,True
2025,deepavali,lead_up,917,Kedah,2,3,98,99,94,False,reference_dates_below_4; target_dates_below_4,2,3,94,False
2025,deepavali,lead_up,917,Kelantan,2,3,167,181,164,False,reference_dates_below_4; target_dates_below_4,2,3,164,False
2025,deepavali,lead_up,917,Melaka,2,3,49,50,49,False,reference_dates_below_4; target_dates_below_4,2,3,49,False
2025,deepavali,lead_up,917,Negeri Sembilan,2,3,61,62,60,False,reference_dates_below_4; target_dates_below_4,2,3,60,False
2025,deepavali,lead_up,917,Pahang,4,4,157,154,150,True,,4,4,150,True
2025,deepavali,lead_up,917,Perak,2,3,163,165,157,False,reference_dates_below_4; target_dates_below_4,2,3,157,False
2025,deepavali,lead_up,917,Perlis,2,3,24,24,24,False,reference_dates_below_4; target_dates_below_4,2,3,24,False
2025,deepavali,lead_up,917,Pulau Pinang,2,3,119,122,116,False,reference_dates_below_4; target_dates_below_4,2,3,116,False
2025,deepavali,lead_up,917,Sabah,2,3,61,63,55,False,reference_dates_below_4; target_dates_below_4,2,3,55,False
2025,deepavali,lead_up,917,Sarawak,2,2,64,64,50,False,reference_dates_below_4; target_dates_below_4,2,2,50,False
2025,deepavali,lead_up,917,Selangor,2,3,110,120,108,False,reference_dates_below_4; target_dates_below_4,2,3,108,False
2025,deepavali,lead_up,917,Terengganu,2,3,121,125,119,False,reference_dates_below_4; target_dates_below_4,2,3,119,False
2025,deepavali,lead_up,917,W.P. Kuala Lumpur,2,3,141,147,136,False,reference_dates_below_4; target_dates_below_4,2,3,136,False
2025,deepavali,lead_up,917,W.P. Labuan,2,3,3,4,3,False,reference_dates_below_4; target_dates_below_4; reference_premises_below_5; target_premises_below_5; common_premises_below_5,2,3,3,False
2025,deepavali,lead_up,917,W.P. Putrajaya,2,3,25,26,24,False,reference_dates_below_4; target_dates_below_4,2,3,24,False
2025,deepavali,lead_up,129,Johor,14,14,195,195,192,True,,14,14,192,True
2025,deepavali,lead_up,129,Kedah,14,14,99,98,97,True,,14,14,97,True
2025,deepavali,lead_up,129,Kelantan,12,14,167,168,163,True,,12,14,163,True
2025,deepavali,lead_up,129,Melaka,14,14,51,51,51,True,,14,14,51,True
2025,deepavali,lead_up,129,Negeri Sembilan,14,14,63,62,62,True,,14,14,62,True
2025,deepavali,lead_up,129,Pahang,14,14,135,139,133,True,,14,14,133,True
2025,deepavali,lead_up,129,Perak,14,14,144,144,140,True,,14,14,140,True
2025,deepavali,lead_up,129,Perlis,14,14,30,30,30,True,,14,14,30,True
2025,deepavali,lead_up,129,Pulau Pinang,14,14,124,126,124,True,,14,14,124,True
2025,deepavali,lead_up,129,Sabah,14,14,163,175,161,True,,14,14,161,True
2025,deepavali,lead_up,129,Sarawak,14,14,219,220,219,True,,14,14,219,True
2025,deepavali,lead_up,129,Selangor,14,14,122,122,121,True,,14,14,121,True
2025,deepavali,lead_up,129,Terengganu,14,14,129,133,128,True,,14,14,128,True
2025,deepavali,lead_up,129,W.P. Kuala Lumpur,14,14,160,161,160,True,,14,14,160,True
2025,deepavali,lead_up,129,W.P. Labuan,14,14,14,14,14,True,,14,14,14,True
2025,deepavali,lead_up,129,W.P. Putrajaya,14,14,28,27,27,True,,14,14,27,True
2025,deepavali,lead_up,1564,Johor,14,14,203,202,199,True,,14,14,199,True
2025,deepavali,lead_up,1564,Kedah,14,14,93,94,91,True,,14,14,91,True
2025,deepavali,lead_up,1564,Kelantan,12,14,81,84,73,True,,12,14,73,True
2025,deepavali,lead_up,1564,Melaka,14,14,53,53,53,True,,14,14,53,True
2025,deepavali,lead_up,1564,Negeri Sembilan,14,14,62,61,60,True,,14,14,60,True
2025,deepavali,lead_up,1564,Pahang,14,14,153,156,150,True,,14,14,150,True
2025,deepavali,lead_up,1564,Perak,14,14,163,168,162,True,,14,14,162,True
2025,deepavali,lead_up,1564,Perlis,14,14,26,26,26,True,,14,14,26,True
2025,deepavali,lead_up,1564,Pulau Pinang,14,14,140,139,139,True,,14,14,139,True
2025,deepavali,lead_up,1564,Sabah,14,14,170,175,168,True,,14,14,168,True
2025,deepavali,lead_up,1564,Sarawak,14,14,214,215,214,True,,14,14,214,True
2025,deepavali,lead_up,1564,Selangor,14,14,120,123,120,True,,14,14,120,True
2025,deepavali,lead_up,1564,Terengganu,14,14,93,92,90,True,,14,14,90,True
2025,deepavali,lead_up,1564,W.P. Kuala Lumpur,14,14,156,156,156,True,,14,14,156,True
2025,deepavali,lead_up,1564,W.P. Labuan,14,14,14,14,14,True,,14,14,14,True
2025,deepavali,lead_up,1564,W.P. Putrajaya,14,14,26,25,25,True,,14,14,25,True
2025,deepavali,lead_up,1131,Johor,14,14,180,180,177,True,,14,14,177,True
2025,deepavali,lead_up,1131,Kedah,14,14,84,85,80,True,,14,14,80,True
2025,deepavali,lead_up,1131,Kelantan,12,14,77,76,68,True,,12,14,68,True
2025,deepavali,lead_up,1131,Melaka,14,14,49,51,49,True,,14,14,49,True
2025,deepavali,lead_up,1131,Negeri Sembilan,14,14,43,46,42,True,,14,14,42,True
2025,deepavali,lead_up,1131,Pahang,14,14,143,136,134,True,,14,14,134,True
2025,deepavali,lead_up,1131,Perak,14,14,146,152,145,True,,14,14,145,True
2025,deepavali,lead_up,1131,Perlis,14,14,25,26,25,True,,14,14,25,True
2025,deepavali,lead_up,1131,Pulau Pinang,14,14,127,125,122,True,,14,14,122,True
2025,deepavali,lead_up,1131,Sabah,14,14,156,163,153,True,,14,14,153,True
2025,deepavali,lead_up,1131,Sarawak,14,14,213,211,210,True,,14,14,210,True
2025,deepavali,lead_up,1131,Selangor,14,14,109,108,108,True,,14,14,108,True
2025,deepavali,lead_up,1131,Terengganu,14,14,98,101,97,True,,14,14,97,True
2025,deepavali,lead_up,1131,W.P. Kuala Lumpur,14,14,146,146,146,True,,14,14,146,True
2025,deepavali,lead_up,1131,W.P. Labuan,14,14,14,14,14,True,,14,14,14,True
2025,deepavali,lead_up,1131,W.P. Putrajaya,14,14,26,26,26,True,,14,14,26,True
2025,deepavali,lead_up,94,Johor,14,14,119,116,114,True,,14,14,114,True
2025,deepavali,lead_up,94,Kedah,14,14,59,53,49,True,,14,14,49,True
2025,deepavali,lead_up,94,Kelantan,12,14,27,29,27,True,,12,14,27,True
2025,deepavali,lead_up,94,Melaka,14,14,25,27,22,True,,14,14,22,True
2025,deepavali,lead_up,94,Negeri Sembilan,14,14,56,55,54,True,,14,14,54,True
2025,deepavali,lead_up,94,Pahang,14,14,108,107,103,True,,14,14,103,True
2025,deepavali,lead_up,94,Perak,14,14,108,107,102,True,,14,14,102,True
2025,deepavali,lead_up,94,Perlis,14,14,22,20,19,True,,14,14,19,True
2025,deepavali,lead_up,94,Pulau Pinang,14,14,73,73,69,True,,14,14,69,True
2025,deepavali,lead_up,94,Sabah,14,14,33,36,25,True,,14,14,25,True
2025,deepavali,lead_up,94,Sarawak,14,13,145,151,141,True,,14,13,141,True
2025,deepavali,lead_up,94,Selangor,14,14,106,109,106,True,,14,14,106,True
2025,deepavali,lead_up,94,Terengganu,14,14,57,54,53,True,,14,14,53,True
2025,deepavali,lead_up,94,W.P. Kuala Lumpur,14,14,136,137,133,True,,14,14,133,True
2025,deepavali,lead_up,94,W.P. Labuan,2,0,1,0,0,False,reference_dates_below_4; target_dates_below_4; reference_premises_below_5; target_premises_below_5; common_premises_below_5,0,0,0,False
2025,deepavali,lead_up,94,W.P. Putrajaya,0,0,0,0,0,False,reference_dates_below_4; target_dates_below_4; reference_premises_below_5; target_premises_below_5; common_premises_below_5,0,0,0,False
2025,deepavali,lead_up,114,Johor,14,14,198,198,198,True,,14,14,198,True
2025,deepavali,lead_up,114,Kedah,14,14,86,86,86,True,,14,14,86,True
2025,deepavali,lead_up,114,Kelantan,12,14,108,112,108,True,,12,14,108,True
2025,deepavali,lead_up,114,Melaka,14,14,46,46,46,True,,14,14,46,True
2025,deepavali,lead_up,114,Negeri Sembilan,14,14,57,57,56,True,,14,14,56,True
2025,deepavali,lead_up,114,Pahang,14,14,125,125,124,True,,14,14,124,True
2025,deepavali,lead_up,114,Perak,14,14,132,133,132,True,,14,14,132,True
2025,deepavali,lead_up,114,Perlis,14,14,25,25,25,True,,14,14,25,True
2025,deepavali,lead_up,114,Pulau Pinang,14,14,117,117,117,True,,14,14,117,True
2025,deepavali,lead_up,114,Sabah,14,14,128,127,118,True,,14,14,118,True
2025,deepavali,lead_up,114,Sarawak,14,13,166,169,160,True,,14,13,160,True
2025,deepavali,lead_up,114,Selangor,14,14,116,116,116,True,,14,14,116,True
2025,deepavali,lead_up,114,Terengganu,14,14,104,105,103,True,,14,14,103,True
2025,deepavali,lead_up,114,W.P. Kuala Lumpur,14,14,159,161,159,True,,14,14,159,True
2025,deepavali,lead_up,114,W.P. Labuan,14,14,9,8,8,True,,14,14,8,True
2025,deepavali,lead_up,114,W.P. Putrajaya,14,14,27,27,27,True,,14,14,27,True
2025,deepavali,lead_up,103,Johor,4,4,42,41,35,True,,4,4,35,True
2025,deepavali,lead_up,103,Kedah,2,3,13,13,12,False,reference_dates_below_4; target_dates_below_4,2,3,12,False
2025,deepavali,lead_up,103,Kelantan,2,3,8,8,5,False,reference_dates_below_4; target_dates_below_4,2,3,5,False
2025,deepavali,lead_up,103,Melaka,2,3,4,5,4,False,reference_dates_below_4; target_dates_below_4; reference_premises_below_5; common_premises_below_5,2,3,4,False
2025,deepavali,lead_up,103,Negeri Sembilan,2,3,21,22,20,False,reference_dates_below_4; target_dates_below_4,2,3,20,False
2025,deepavali,lead_up,103,Pahang,4,4,35,37,35,True,,4,4,35,True
2025,deepavali,lead_up,103,Perak,2,3,63,63,59,False,reference_dates_below_4; target_dates_below_4,2,3,59,False
2025,deepavali,lead_up,103,Perlis,0,0,0,0,0,False,reference_dates_below_4; target_dates_below_4; reference_premises_below_5; target_premises_below_5; common_premises_below_5,0,0,0,False
2025,deepavali,lead_up,103,Pulau Pinang,2,3,23,24,22,False,reference_dates_below_4; target_dates_below_4,2,3,22,False
2025,deepavali,lead_up,103,Sabah,0,0,0,0,0,False,reference_dates_below_4; target_dates_below_4; reference_premises_below_5; target_premises_below_5; common_premises_below_5,0,0,0,False
2025,deepavali,lead_up,103,Sarawak,0,0,0,0,0,False,reference_dates_below_4; target_dates_below_4; reference_premises_below_5; target_premises_below_5; common_premises_below_5,0,0,0,False
2025,deepavali,lead_up,103,Selangor,2,3,37,44,35,False,reference_dates_below_4; target_dates_below_4,2,3,35,False
2025,deepavali,lead_up,103,Terengganu,2,3,6,6,5,False,reference_dates_below_4; target_dates_below_4,2,3,5,False
2025,deepavali,lead_up,103,W.P. Kuala Lumpur,2,3,52,58,51,False,reference_dates_below_4; target_dates_below_4,2,3,51,False
2025,deepavali,lead_up,103,W.P. Labuan,2,3,1,1,1,False,reference_dates_below_4; target_dates_below_4; reference_premises_below_5; target_premises_below_5; common_premises_below_5,2,3,1,False
2025,deepavali,lead_up,103,W.P. Putrajaya,2,3,8,8,7,False,reference_dates_below_4; target_dates_below_4,2,3,7,False
2025,deepavali,lead_up,1431,Johor,4,4,8,10,8,True,,4,4,8,True
2025,deepavali,lead_up,1431,Kedah,2,3,13,13,13,False,reference_dates_below_4; target_dates_below_4,2,3,13,False
2025,deepavali,lead_up,1431,Kelantan,2,3,15,15,14,False,reference_dates_below_4; target_dates_below_4,2,3,14,False
2025,deepavali,lead_up,1431,Melaka,2,3,5,7,5,False,reference_dates_below_4; target_dates_below_4,2,3,5,False
2025,deepavali,lead_up,1431,Negeri Sembilan,2,3,6,7,6,False,reference_dates_below_4; target_dates_below_4,2,3,6,False
2025,deepavali,lead_up,1431,Pahang,2,3,6,8,6,False,reference_dates_below_4; target_dates_below_4,2,3,6,False
2025,deepavali,lead_up,1431,Perak,2,3,15,15,13,False,reference_dates_below_4; target_dates_below_4,2,3,13,False
2025,deepavali,lead_up,1431,Perlis,2,3,1,2,1,False,reference_dates_below_4; target_dates_below_4; reference_premises_below_5; target_premises_below_5; common_premises_below_5,2,3,1,False
2025,deepavali,lead_up,1431,Pulau Pinang,2,3,15,17,15,False,reference_dates_below_4; target_dates_below_4,2,3,15,False
2025,deepavali,lead_up,1431,Sabah,2,3,1,2,1,False,reference_dates_below_4; target_dates_below_4; reference_premises_below_5; target_premises_below_5; common_premises_below_5,2,3,1,False
2025,deepavali,lead_up,1431,Sarawak,2,2,1,1,1,False,reference_dates_below_4; target_dates_below_4; reference_premises_below_5; target_premises_below_5; common_premises_below_5,2,2,1,False
2025,deepavali,lead_up,1431,Selangor,2,3,10,11,9,False,reference_dates_below_4; target_dates_below_4,2,3,9,False
2025,deepavali,lead_up,1431,Terengganu,2,3,7,7,7,False,reference_dates_below_4; target_dates_below_4,2,3,7,False
2025,deepavali,lead_up,1431,W.P. Kuala Lumpur,2,1,2,1,0,False,reference_dates_below_4; target_dates_below_4; reference_premises_below_5; target_premises_below_5; common_premises_below_5,0,0,0,False
2025,deepavali,lead_up,1431,W.P. Labuan,0,0,0,0,0,False,reference_dates_below_4; target_dates_below_4; reference_premises_below_5; target_premises_below_5; common_premises_below_5,0,0,0,False
2025,deepavali,lead_up,1431,W.P. Putrajaya,2,3,1,2,1,False,reference_dates_below_4; target_dates_below_4; reference_premises_below_5; target_premises_below_5; common_premises_below_5,2,3,1,False
2025,deepavali,lead_up,1555,Johor,14,14,151,157,147,True,,14,14,147,True
2025,deepavali,lead_up,1555,Kedah,14,14,57,58,56,True,,14,14,56,True
2025,deepavali,lead_up,1555,Kelantan,12,14,83,82,82,True,,12,14,82,True
2025,deepavali,lead_up,1555,Melaka,14,14,36,37,36,True,,14,14,36,True
2025,deepavali,lead_up,1555,Negeri Sembilan,14,14,44,47,44,True,,14,14,44,True
2025,deepavali,lead_up,1555,Pahang,14,14,88,88,81,True,,14,14,81,True
2025,deepavali,lead_up,1555,Perak,14,14,111,110,109,True,,14,14,109,True
2025,deepavali,lead_up,1555,Perlis,14,14,16,17,16,True,,14,14,16,True
2025,deepavali,lead_up,1555,Pulau Pinang,14,14,85,82,77,True,,14,14,77,True
2025,deepavali,lead_up,1555,Sabah,14,14,44,55,40,True,,14,14,40,True
2025,deepavali,lead_up,1555,Sarawak,14,13,90,87,82,True,,14,13,82,True
2025,deepavali,lead_up,1555,Selangor,14,14,95,98,95,True,,14,14,95,True
2025,deepavali,lead_up,1555,Terengganu,14,14,57,61,56,True,,14,14,56,True
2025,deepavali,lead_up,1555,W.P. Kuala Lumpur,14,14,105,111,104,True,,14,14,104,True
2025,deepavali,lead_up,1555,W.P. Labuan,14,14,9,10,9,True,,14,14,9,True
2025,deepavali,lead_up,1555,W.P. Putrajaya,14,14,21,22,21,True,,14,14,21,True
2025,deepavali,lead_up,193,Johor,2,3,50,53,49,False,reference_dates_below_4; target_dates_below_4,2,3,49,False
2025,deepavali,lead_up,193,Kedah,2,3,105,103,101,False,reference_dates_below_4; target_dates_below_4,2,3,101,False
2025,deepavali,lead_up,193,Kelantan,2,3,10,11,10,False,reference_dates_below_4; target_dates_below_4,2,3,10,False
2025,deepavali,lead_up,193,Melaka,2,3,12,12,12,False,reference_dates_below_4; target_dates_below_4,2,3,12,False
2025,deepavali,lead_up,193,Negeri Sembilan,2,3,33,34,31,False,reference_dates_below_4; target_dates_below_4,2,3,31,False
2025,deepavali,lead_up,193,Pahang,2,3,58,54,53,False,reference_dates_below_4; target_dates_below_4,2,3,53,False
2025,deepavali,lead_up,193,Perak,2,3,126,130,120,False,reference_dates_below_4; target_dates_below_4,2,3,120,False
2025,deepavali,lead_up,193,Perlis,2,3,30,30,29,False,reference_dates_below_4; target_dates_below_4,2,3,29,False
2025,deepavali,lead_up,193,Pulau Pinang,2,3,91,97,90,False,reference_dates_below_4; target_dates_below_4,2,3,90,False
2025,deepavali,lead_up,193,Sabah,3,3,70,79,63,False,reference_dates_below_4; target_dates_below_4,3,3,63,False
2025,deepavali,lead_up,193,Sarawak,2,2,103,103,98,False,reference_dates_below_4; target_dates_below_4,2,2,98,False
2025,deepavali,lead_up,193,Selangor,2,3,90,94,88,False,reference_dates_below_4; target_dates_below_4,2,3,88,False
2025,deepavali,lead_up,193,Terengganu,2,3,10,9,9,False,reference_dates_below_4; target_dates_below_4,2,3,9,False
2025,deepavali,lead_up,193,W.P. Kuala Lumpur,2,3,105,110,102,False,reference_dates_below_4; target_dates_below_4,2,3,102,False
2025,deepavali,lead_up,193,W.P. Labuan,2,3,6,4,4,False,reference_dates_below_4; target_dates_below_4; target_premises_below_5; common_premises_below_5,2,3,4,False
2025,deepavali,lead_up,193,W.P. Putrajaya,2,3,14,16,12,False,reference_dates_below_4; target_dates_below_4,2,3,12,False
2025,deepavali,after,1,Johor,14,14,175,177,175,True,,14,14,175,True
2025,deepavali,after,1,Kedah,14,14,77,77,77,True,,14,14,77,True
2025,deepavali,after,1,Kelantan,12,14,90,89,89,True,,12,14,89,True
2025,deepavali,after,1,Melaka,14,14,37,36,36,True,,14,14,36,True
2025,deepavali,after,1,Negeri Sembilan,14,14,49,49,48,True,,14,14,48,True
2025,deepavali,after,1,Pahang,14,14,111,109,109,True,,14,14,109,True
2025,deepavali,after,1,Perak,14,14,121,121,120,True,,14,14,120,True
2025,deepavali,after,1,Perlis,14,14,20,20,20,True,,14,14,20,True
2025,deepavali,after,1,Pulau Pinang,14,14,88,87,87,True,,14,14,87,True
2025,deepavali,after,1,Sabah,14,14,18,15,14,True,,14,14,14,True
2025,deepavali,after,1,Sarawak,14,14,25,24,22,True,,14,14,22,True
2025,deepavali,after,1,Selangor,14,14,102,101,101,True,,14,14,101,True
2025,deepavali,after,1,Terengganu,14,14,94,93,93,True,,14,14,93,True
2025,deepavali,after,1,W.P. Kuala Lumpur,14,14,114,116,114,True,,14,14,114,True
2025,deepavali,after,1,W.P. Labuan,14,11,3,2,2,False,reference_premises_below_5; target_premises_below_5; common_premises_below_5,14,11,2,False
2025,deepavali,after,1,W.P. Putrajaya,14,14,21,22,21,True,,14,14,21,True
2025,deepavali,after,1111,Johor,14,14,151,159,147,True,,14,14,147,True
2025,deepavali,after,1111,Kedah,14,14,41,47,41,True,,14,14,41,True
2025,deepavali,after,1111,Kelantan,12,14,97,112,90,True,,12,14,90,True
2025,deepavali,after,1111,Melaka,14,14,37,37,36,True,,14,14,36,True
2025,deepavali,after,1111,Negeri Sembilan,14,14,38,39,36,True,,14,14,36,True
2025,deepavali,after,1111,Pahang,14,14,88,105,82,True,,14,14,82,True
2025,deepavali,after,1111,Perak,14,14,122,131,112,True,,14,14,112,True
2025,deepavali,after,1111,Perlis,14,14,10,10,10,True,,14,14,10,True
2025,deepavali,after,1111,Pulau Pinang,14,14,72,82,70,True,,14,14,70,True
2025,deepavali,after,1111,Sabah,14,14,17,22,8,True,,14,14,8,True
2025,deepavali,after,1111,Sarawak,14,14,66,67,43,True,,14,14,43,True
2025,deepavali,after,1111,Selangor,14,14,90,96,83,True,,14,14,83,True
2025,deepavali,after,1111,Terengganu,14,14,72,84,67,True,,14,14,67,True
2025,deepavali,after,1111,W.P. Kuala Lumpur,14,14,115,117,110,True,,14,14,110,True
2025,deepavali,after,1111,W.P. Labuan,7,6,1,3,1,False,reference_premises_below_5; target_premises_below_5; common_premises_below_5,7,1,1,False
2025,deepavali,after,1111,W.P. Putrajaya,14,14,14,18,14,True,,14,14,14,True
2025,deepavali,after,904,Johor,2,2,44,47,41,False,reference_dates_below_4; target_dates_below_4,2,2,41,False
2025,deepavali,after,904,Kedah,2,2,52,53,50,False,reference_dates_below_4; target_dates_below_4,2,2,50,False
2025,deepavali,after,904,Kelantan,2,2,18,29,14,False,reference_dates_below_4; target_dates_below_4,2,2,14,False
2025,deepavali,after,904,Melaka,2,2,13,14,11,False,reference_dates_below_4; target_dates_below_4,2,2,11,False
2025,deepavali,after,904,Negeri Sembilan,2,2,17,18,17,False,reference_dates_below_4; target_dates_below_4,2,2,17,False
2025,deepavali,after,904,Pahang,3,2,24,23,20,False,reference_dates_below_4; target_dates_below_4,3,2,20,False
2025,deepavali,after,904,Perak,2,2,70,72,68,False,reference_dates_below_4; target_dates_below_4,2,2,68,False
2025,deepavali,after,904,Perlis,2,2,12,11,10,False,reference_dates_below_4; target_dates_below_4,2,2,10,False
2025,deepavali,after,904,Pulau Pinang,6,4,53,51,50,True,,4,4,50,True
2025,deepavali,after,904,Sabah,0,0,0,0,0,False,reference_dates_below_4; target_dates_below_4; reference_premises_below_5; target_premises_below_5; common_premises_below_5,0,0,0,False
2025,deepavali,after,904,Sarawak,0,0,0,0,0,False,reference_dates_below_4; target_dates_below_4; reference_premises_below_5; target_premises_below_5; common_premises_below_5,0,0,0,False
2025,deepavali,after,904,Selangor,2,2,38,41,34,False,reference_dates_below_4; target_dates_below_4,2,2,34,False
2025,deepavali,after,904,Terengganu,2,2,24,26,20,False,reference_dates_below_4; target_dates_below_4,2,2,20,False
2025,deepavali,after,904,W.P. Kuala Lumpur,2,2,36,37,34,False,reference_dates_below_4; target_dates_below_4,2,2,34,False
2025,deepavali,after,904,W.P. Labuan,0,0,0,0,0,False,reference_dates_below_4; target_dates_below_4; reference_premises_below_5; target_premises_below_5; common_premises_below_5,0,0,0,False
2025,deepavali,after,904,W.P. Putrajaya,2,2,10,10,9,False,reference_dates_below_4; target_dates_below_4,2,2,9,False
2025,deepavali,after,918,Johor,4,4,69,73,51,True,,4,4,51,True
2025,deepavali,after,918,Kedah,2,2,43,41,34,False,reference_dates_below_4; target_dates_below_4,2,2,34,False
2025,deepavali,after,918,Kelantan,2,2,125,123,107,False,reference_dates_below_4; target_dates_below_4,2,2,107,False
2025,deepavali,after,918,Melaka,2,2,29,27,24,False,reference_dates_below_4; target_dates_below_4,2,2,24,False
2025,deepavali,after,918,Negeri Sembilan,2,2,13,13,10,False,reference_dates_below_4; target_dates_below_4,2,2,10,False
2025,deepavali,after,918,Pahang,3,3,54,56,38,False,reference_dates_below_4; target_dates_below_4,3,3,38,False
2025,deepavali,after,918,Perak,2,2,36,37,27,False,reference_dates_below_4; target_dates_below_4,2,2,27,False
2025,deepavali,after,918,Perlis,2,2,18,19,16,False,reference_dates_below_4; target_dates_below_4,2,2,16,False
2025,deepavali,after,918,Pulau Pinang,2,2,34,34,25,False,reference_dates_below_4; target_dates_below_4,2,2,25,False
2025,deepavali,after,918,Sabah,2,2,37,47,29,False,reference_dates_below_4; target_dates_below_4,2,2,29,False
2025,deepavali,after,918,Sarawak,2,2,67,72,49,False,reference_dates_below_4; target_dates_below_4,2,2,49,False
2025,deepavali,after,918,Selangor,2,2,33,38,21,False,reference_dates_below_4; target_dates_below_4,2,2,21,False
2025,deepavali,after,918,Terengganu,2,2,56,55,39,False,reference_dates_below_4; target_dates_below_4,2,2,39,False
2025,deepavali,after,918,W.P. Kuala Lumpur,2,2,37,41,29,False,reference_dates_below_4; target_dates_below_4,2,2,29,False
2025,deepavali,after,918,W.P. Labuan,2,2,8,6,5,False,reference_dates_below_4; target_dates_below_4,2,2,5,False
2025,deepavali,after,918,W.P. Putrajaya,2,2,3,1,1,False,reference_dates_below_4; target_dates_below_4; reference_premises_below_5; target_premises_below_5; common_premises_below_5,2,2,1,False
2025,deepavali,after,1589,Johor,4,4,205,205,203,True,,4,4,203,True
2025,deepavali,after,1589,Kedah,2,2,109,110,108,False,reference_dates_below_4; target_dates_below_4,2,2,108,False
2025,deepavali,after,1589,Kelantan,2,2,201,202,200,False,reference_dates_below_4; target_dates_below_4,2,2,200,False
2025,deepavali,after,1589,Melaka,2,2,52,51,51,False,reference_dates_below_4; target_dates_below_4,2,2,51,False
2025,deepavali,after,1589,Negeri Sembilan,2,2,61,60,60,False,reference_dates_below_4; target_dates_below_4,2,2,60,False
2025,deepavali,after,1589,Pahang,4,4,174,174,169,True,,4,4,169,True
2025,deepavali,after,1589,Perak,2,2,173,172,171,False,reference_dates_below_4; target_dates_below_4,2,2,171,False
2025,deepavali,after,1589,Perlis,2,2,29,29,29,False,reference_dates_below_4; target_dates_below_4,2,2,29,False
2025,deepavali,after,1589,Pulau Pinang,2,2,136,133,132,False,reference_dates_below_4; target_dates_below_4,2,2,132,False
2025,deepavali,after,1589,Sabah,3,3,106,135,103,False,reference_dates_below_4; target_dates_below_4,3,3,103,False
2025,deepavali,after,1589,Sarawak,2,2,159,159,145,False,reference_dates_below_4; target_dates_below_4,2,2,145,False
2025,deepavali,after,1589,Selangor,2,2,116,115,114,False,reference_dates_below_4; target_dates_below_4,2,2,114,False
2025,deepavali,after,1589,Terengganu,2,2,129,130,125,False,reference_dates_below_4; target_dates_below_4,2,2,125,False
2025,deepavali,after,1589,W.P. Kuala Lumpur,2,2,160,164,160,False,reference_dates_below_4; target_dates_below_4,2,2,160,False
2025,deepavali,after,1589,W.P. Labuan,2,2,14,13,13,False,reference_dates_below_4; target_dates_below_4,2,2,13,False
2025,deepavali,after,1589,W.P. Putrajaya,2,2,25,25,22,False,reference_dates_below_4; target_dates_below_4,2,2,22,False
2025,deepavali,after,917,Johor,4,4,190,200,186,True,,4,4,186,True
2025,deepavali,after,917,Kedah,2,2,98,103,95,False,reference_dates_below_4; target_dates_below_4,2,2,95,False
2025,deepavali,after,917,Kelantan,2,2,167,180,162,False,reference_dates_below_4; target_dates_below_4,2,2,162,False
2025,deepavali,after,917,Melaka,2,2,49,50,48,False,reference_dates_below_4; target_dates_below_4,2,2,48,False
2025,deepavali,after,917,Negeri Sembilan,2,2,61,59,58,False,reference_dates_below_4; target_dates_below_4,2,2,58,False
2025,deepavali,after,917,Pahang,4,4,157,152,146,True,,4,4,146,True
2025,deepavali,after,917,Perak,2,2,163,163,153,False,reference_dates_below_4; target_dates_below_4,2,2,153,False
2025,deepavali,after,917,Perlis,2,2,24,28,24,False,reference_dates_below_4; target_dates_below_4,2,2,24,False
2025,deepavali,after,917,Pulau Pinang,2,2,119,121,114,False,reference_dates_below_4; target_dates_below_4,2,2,114,False
2025,deepavali,after,917,Sabah,2,2,61,63,49,False,reference_dates_below_4; target_dates_below_4,2,2,49,False
2025,deepavali,after,917,Sarawak,2,2,64,78,54,False,reference_dates_below_4; target_dates_below_4,2,2,54,False
2025,deepavali,after,917,Selangor,2,2,110,113,104,False,reference_dates_below_4; target_dates_below_4,2,2,104,False
2025,deepavali,after,917,Terengganu,2,2,121,121,115,False,reference_dates_below_4; target_dates_below_4,2,2,115,False
2025,deepavali,after,917,W.P. Kuala Lumpur,2,2,141,144,136,False,reference_dates_below_4; target_dates_below_4,2,2,136,False
2025,deepavali,after,917,W.P. Labuan,2,2,3,4,3,False,reference_dates_below_4; target_dates_below_4; reference_premises_below_5; target_premises_below_5; common_premises_below_5,2,2,3,False
2025,deepavali,after,917,W.P. Putrajaya,2,2,25,26,24,False,reference_dates_below_4; target_dates_below_4,2,2,24,False
2025,deepavali,after,129,Johor,14,14,195,198,193,True,,14,14,193,True
2025,deepavali,after,129,Kedah,14,14,99,99,97,True,,14,14,97,True
2025,deepavali,after,129,Kelantan,12,14,167,162,159,True,,12,14,159,True
2025,deepavali,after,129,Melaka,14,14,51,51,51,True,,14,14,51,True
2025,deepavali,after,129,Negeri Sembilan,14,14,63,62,62,True,,14,14,62,True
2025,deepavali,after,129,Pahang,14,14,135,137,131,True,,14,14,131,True
2025,deepavali,after,129,Perak,14,14,144,151,142,True,,14,14,142,True
2025,deepavali,after,129,Perlis,14,14,30,29,29,True,,14,14,29,True
2025,deepavali,after,129,Pulau Pinang,14,14,124,125,122,True,,14,14,122,True
2025,deepavali,after,129,Sabah,14,14,163,174,159,True,,14,14,159,True
2025,deepavali,after,129,Sarawak,14,14,219,222,219,True,,14,14,219,True
2025,deepavali,after,129,Selangor,14,14,122,121,121,True,,14,14,121,True
2025,deepavali,after,129,Terengganu,14,14,129,129,124,True,,14,14,124,True
2025,deepavali,after,129,W.P. Kuala Lumpur,14,14,160,160,159,True,,14,14,159,True
2025,deepavali,after,129,W.P. Labuan,14,14,14,14,14,True,,14,14,14,True
2025,deepavali,after,129,W.P. Putrajaya,14,14,28,26,26,True,,14,14,26,True
2025,deepavali,after,1564,Johor,14,14,203,203,201,True,,14,14,201,True
2025,deepavali,after,1564,Kedah,14,14,93,93,89,True,,14,14,89,True
2025,deepavali,after,1564,Kelantan,12,14,81,86,73,True,,12,14,73,True
2025,deepavali,after,1564,Melaka,14,14,53,52,52,True,,14,14,52,True
2025,deepavali,after,1564,Negeri Sembilan,14,14,62,61,60,True,,14,14,60,True
2025,deepavali,after,1564,Pahang,14,14,153,150,143,True,,14,14,143,True
2025,deepavali,after,1564,Perak,14,14,163,168,160,True,,14,14,160,True
2025,deepavali,after,1564,Perlis,14,14,26,26,26,True,,14,14,26,True
2025,deepavali,after,1564,Pulau Pinang,14,14,140,137,137,True,,14,14,137,True
2025,deepavali,after,1564,Sabah,14,14,170,174,167,True,,14,14,167,True
2025,deepavali,after,1564,Sarawak,14,14,214,216,213,True,,14,14,213,True
2025,deepavali,after,1564,Selangor,14,14,120,119,117,True,,14,14,117,True
2025,deepavali,after,1564,Terengganu,14,14,93,95,89,True,,14,14,89,True
2025,deepavali,after,1564,W.P. Kuala Lumpur,14,14,156,157,156,True,,14,14,156,True
2025,deepavali,after,1564,W.P. Labuan,14,14,14,14,14,True,,14,14,14,True
2025,deepavali,after,1564,W.P. Putrajaya,14,14,26,25,25,True,,14,14,25,True
2025,deepavali,after,1131,Johor,14,14,180,181,176,True,,14,14,176,True
2025,deepavali,after,1131,Kedah,14,14,84,88,80,True,,14,14,80,True
2025,deepavali,after,1131,Kelantan,12,14,77,74,61,True,,12,14,61,True
2025,deepavali,after,1131,Melaka,14,14,49,51,49,True,,14,14,49,True
2025,deepavali,after,1131,Negeri Sembilan,14,14,43,45,41,True,,14,14,41,True
2025,deepavali,after,1131,Pahang,14,14,143,132,129,True,,14,14,129,True
2025,deepavali,after,1131,Perak,14,14,146,148,145,True,,14,14,145,True
2025,deepavali,after,1131,Perlis,14,14,25,25,25,True,,14,14,25,True
2025,deepavali,after,1131,Pulau Pinang,14,14,127,124,121,True,,14,14,121,True
2025,deepavali,after,1131,Sabah,14,14,156,158,148,True,,14,14,148,True
2025,deepavali,after,1131,Sarawak,14,14,213,216,211,True,,14,14,211,True
2025,deepavali,after,1131,Selangor,14,14,109,106,105,True,,14,14,105,True
2025,deepavali,after,1131,Terengganu,14,14,98,101,96,True,,14,14,96,True
2025,deepavali,after,1131,W.P. Kuala Lumpur,14,14,146,146,145,True,,14,14,145,True
2025,deepavali,after,1131,W.P. Labuan,14,14,14,14,14,True,,14,14,14,True
2025,deepavali,after,1131,W.P. Putrajaya,14,14,26,26,26,True,,14,14,26,True
2025,deepavali,after,94,Johor,14,14,119,116,112,True,,14,14,112,True
2025,deepavali,after,94,Kedah,14,14,59,54,47,True,,14,14,47,True
2025,deepavali,after,94,Kelantan,12,14,27,29,26,True,,12,14,26,True
2025,deepavali,after,94,Melaka,14,14,25,25,19,True,,14,14,19,True
2025,deepavali,after,94,Negeri Sembilan,14,14,56,56,54,True,,14,14,54,True
2025,deepavali,after,94,Pahang,14,14,108,105,100,True,,14,14,100,True
2025,deepavali,after,94,Perak,14,14,108,107,101,True,,14,14,101,True
2025,deepavali,after,94,Perlis,14,14,22,21,20,True,,14,14,20,True
2025,deepavali,after,94,Pulau Pinang,14,14,73,71,66,True,,14,14,66,True
2025,deepavali,after,94,Sabah,14,14,33,54,24,True,,14,14,24,True
2025,deepavali,after,94,Sarawak,14,14,145,152,133,True,,14,14,133,True
2025,deepavali,after,94,Selangor,14,14,106,109,106,True,,14,14,106,True
2025,deepavali,after,94,Terengganu,14,14,57,50,48,True,,14,14,48,True
2025,deepavali,after,94,W.P. Kuala Lumpur,14,14,136,137,133,True,,14,14,133,True
2025,deepavali,after,94,W.P. Labuan,2,1,1,1,0,False,reference_dates_below_4; target_dates_below_4; reference_premises_below_5; target_premises_below_5; common_premises_below_5,0,0,0,False
2025,deepavali,after,94,W.P. Putrajaya,0,1,0,1,0,False,reference_dates_below_4; target_dates_below_4; reference_premises_below_5; target_premises_below_5; common_premises_below_5,0,0,0,False
2025,deepavali,after,114,Johor,14,14,198,198,198,True,,14,14,198,True
2025,deepavali,after,114,Kedah,14,14,86,86,86,True,,14,14,86,True
2025,deepavali,after,114,Kelantan,12,14,108,109,106,True,,12,14,106,True
2025,deepavali,after,114,Melaka,14,14,46,45,45,True,,14,14,45,True
2025,deepavali,after,114,Negeri Sembilan,14,14,57,57,56,True,,14,14,56,True
2025,deepavali,after,114,Pahang,14,14,125,124,123,True,,14,14,123,True
2025,deepavali,after,114,Perak,14,14,132,131,131,True,,14,14,131,True
2025,deepavali,after,114,Perlis,14,14,25,24,24,True,,14,14,24,True
2025,deepavali,after,114,Pulau Pinang,14,14,117,117,117,True,,14,14,117,True
2025,deepavali,after,114,Sabah,14,14,128,125,115,True,,14,14,115,True
2025,deepavali,after,114,Sarawak,14,14,166,164,153,True,,14,14,153,True
2025,deepavali,after,114,Selangor,14,14,116,116,116,True,,14,14,116,True
2025,deepavali,after,114,Terengganu,14,14,104,103,101,True,,14,14,101,True
2025,deepavali,after,114,W.P. Kuala Lumpur,14,14,159,161,158,True,,14,14,158,True
2025,deepavali,after,114,W.P. Labuan,14,14,9,11,9,True,,14,14,9,True
2025,deepavali,after,114,W.P. Putrajaya,14,14,27,26,26,True,,14,14,26,True
2025,deepavali,after,103,Johor,4,4,42,41,37,True,,4,4,37,True
2025,deepavali,after,103,Kedah,2,2,13,11,10,False,reference_dates_below_4; target_dates_below_4,2,2,10,False
2025,deepavali,after,103,Kelantan,2,2,8,8,5,False,reference_dates_below_4; target_dates_below_4,2,2,5,False
2025,deepavali,after,103,Melaka,2,2,4,4,3,False,reference_dates_below_4; target_dates_below_4; reference_premises_below_5; target_premises_below_5; common_premises_below_5,2,2,3,False
2025,deepavali,after,103,Negeri Sembilan,2,2,21,21,19,False,reference_dates_below_4; target_dates_below_4,2,2,19,False
2025,deepavali,after,103,Pahang,4,4,35,34,31,True,,4,4,31,True
2025,deepavali,after,103,Perak,2,2,63,55,54,False,reference_dates_below_4; target_dates_below_4,2,2,54,False
2025,deepavali,after,103,Perlis,0,0,0,0,0,False,reference_dates_below_4; target_dates_below_4; reference_premises_below_5; target_premises_below_5; common_premises_below_5,0,0,0,False
2025,deepavali,after,103,Pulau Pinang,2,2,23,22,21,False,reference_dates_below_4; target_dates_below_4,2,2,21,False
2025,deepavali,after,103,Sabah,0,0,0,0,0,False,reference_dates_below_4; target_dates_below_4; reference_premises_below_5; target_premises_below_5; common_premises_below_5,0,0,0,False
2025,deepavali,after,103,Sarawak,0,0,0,0,0,False,reference_dates_below_4; target_dates_below_4; reference_premises_below_5; target_premises_below_5; common_premises_below_5,0,0,0,False
2025,deepavali,after,103,Selangor,2,2,37,38,35,False,reference_dates_below_4; target_dates_below_4,2,2,35,False
2025,deepavali,after,103,Terengganu,2,2,6,5,5,False,reference_dates_below_4; target_dates_below_4,2,2,5,False
2025,deepavali,after,103,W.P. Kuala Lumpur,2,2,52,53,50,False,reference_dates_below_4; target_dates_below_4,2,2,50,False
2025,deepavali,after,103,W.P. Labuan,2,1,1,1,1,False,reference_dates_below_4; target_dates_below_4; reference_premises_below_5; target_premises_below_5; common_premises_below_5,2,1,1,False
2025,deepavali,after,103,W.P. Putrajaya,2,2,8,9,7,False,reference_dates_below_4; target_dates_below_4,2,2,7,False
2025,deepavali,after,1431,Johor,4,4,8,9,8,True,,4,4,8,True
2025,deepavali,after,1431,Kedah,2,2,13,13,13,False,reference_dates_below_4; target_dates_below_4,2,2,13,False
2025,deepavali,after,1431,Kelantan,2,2,15,15,14,False,reference_dates_below_4; target_dates_below_4,2,2,14,False
2025,deepavali,after,1431,Melaka,2,2,5,7,5,False,reference_dates_below_4; target_dates_below_4,2,2,5,False
2025,deepavali,after,1431,Negeri Sembilan,2,2,6,6,5,False,reference_dates_below_4; target_dates_below_4,2,2,5,False
2025,deepavali,after,1431,Pahang,2,2,6,6,6,False,reference_dates_below_4; target_dates_below_4,2,2,6,False
2025,deepavali,after,1431,Perak,2,2,15,13,13,False,reference_dates_below_4; target_dates_below_4,2,2,13,False
2025,deepavali,after,1431,Perlis,2,2,1,1,1,False,reference_dates_below_4; target_dates_below_4; reference_premises_below_5; target_premises_below_5; common_premises_below_5,2,2,1,False
2025,deepavali,after,1431,Pulau Pinang,2,2,15,15,14,False,reference_dates_below_4; target_dates_below_4,2,2,14,False
2025,deepavali,after,1431,Sabah,2,2,1,2,1,False,reference_dates_below_4; target_dates_below_4; reference_premises_below_5; target_premises_below_5; common_premises_below_5,2,2,1,False
2025,deepavali,after,1431,Sarawak,2,1,1,1,0,False,reference_dates_below_4; target_dates_below_4; reference_premises_below_5; target_premises_below_5; common_premises_below_5,0,0,0,False
2025,deepavali,after,1431,Selangor,2,2,10,10,9,False,reference_dates_below_4; target_dates_below_4,2,2,9,False
2025,deepavali,after,1431,Terengganu,2,2,7,6,5,False,reference_dates_below_4; target_dates_below_4,2,2,5,False
2025,deepavali,after,1431,W.P. Kuala Lumpur,2,0,2,0,0,False,reference_dates_below_4; target_dates_below_4; reference_premises_below_5; target_premises_below_5; common_premises_below_5,0,0,0,False
2025,deepavali,after,1431,W.P. Labuan,0,0,0,0,0,False,reference_dates_below_4; target_dates_below_4; reference_premises_below_5; target_premises_below_5; common_premises_below_5,0,0,0,False
2025,deepavali,after,1431,W.P. Putrajaya,2,2,1,2,1,False,reference_dates_below_4; target_dates_below_4; reference_premises_below_5; target_premises_below_5; common_premises_below_5,2,2,1,False
2025,deepavali,after,1555,Johor,14,14,151,155,145,True,,14,14,145,True
2025,deepavali,after,1555,Kedah,14,14,57,57,56,True,,14,14,56,True
2025,deepavali,after,1555,Kelantan,12,14,83,80,80,True,,12,14,80,True
2025,deepavali,after,1555,Melaka,14,14,36,37,36,True,,14,14,36,True
2025,deepavali,after,1555,Negeri Sembilan,14,14,44,43,42,True,,14,14,42,True
2025,deepavali,after,1555,Pahang,14,14,88,87,81,True,,14,14,81,True
2025,deepavali,after,1555,Perak,14,14,111,110,108,True,,14,14,108,True
2025,deepavali,after,1555,Perlis,14,14,16,18,16,True,,14,14,16,True
2025,deepavali,after,1555,Pulau Pinang,14,14,85,78,74,True,,14,14,74,True
2025,deepavali,after,1555,Sabah,14,14,44,53,40,True,,14,14,40,True
2025,deepavali,after,1555,Sarawak,14,14,90,90,75,True,,14,14,75,True
2025,deepavali,after,1555,Selangor,14,14,95,95,92,True,,14,14,92,True
2025,deepavali,after,1555,Terengganu,14,14,57,62,55,True,,14,14,55,True
2025,deepavali,after,1555,W.P. Kuala Lumpur,14,14,105,112,105,True,,14,14,105,True
2025,deepavali,after,1555,W.P. Labuan,14,14,9,10,8,True,,14,14,8,True
2025,deepavali,after,1555,W.P. Putrajaya,14,14,21,22,21,True,,14,14,21,True
2025,deepavali,after,193,Johor,2,2,50,54,50,False,reference_dates_below_4; target_dates_below_4,2,2,50,False
2025,deepavali,after,193,Kedah,2,2,105,101,100,False,reference_dates_below_4; target_dates_below_4,2,2,100,False
2025,deepavali,after,193,Kelantan,2,2,10,11,10,False,reference_dates_below_4; target_dates_below_4,2,2,10,False
2025,deepavali,after,193,Melaka,2,2,12,14,12,False,reference_dates_below_4; target_dates_below_4,2,2,12,False
2025,deepavali,after,193,Negeri Sembilan,2,2,33,35,32,False,reference_dates_below_4; target_dates_below_4,2,2,32,False
2025,deepavali,after,193,Pahang,2,2,58,53,50,False,reference_dates_below_4; target_dates_below_4,2,2,50,False
2025,deepavali,after,193,Perak,2,2,126,133,122,False,reference_dates_below_4; target_dates_below_4,2,2,122,False
2025,deepavali,after,193,Perlis,2,2,30,30,29,False,reference_dates_below_4; target_dates_below_4,2,2,29,False
2025,deepavali,after,193,Pulau Pinang,2,2,91,95,89,False,reference_dates_below_4; target_dates_below_4,2,2,89,False
2025,deepavali,after,193,Sabah,3,2,70,78,62,False,reference_dates_below_4; target_dates_below_4,3,2,62,False
2025,deepavali,after,193,Sarawak,2,2,103,112,98,False,reference_dates_below_4; target_dates_below_4,2,2,98,False
2025,deepavali,after,193,Selangor,2,2,90,92,87,False,reference_dates_below_4; target_dates_below_4,2,2,87,False
2025,deepavali,after,193,Terengganu,2,2,10,8,8,False,reference_dates_below_4; target_dates_below_4,2,2,8,False
2025,deepavali,after,193,W.P. Kuala Lumpur,2,2,105,107,100,False,reference_dates_below_4; target_dates_below_4,2,2,100,False
2025,deepavali,after,193,W.P. Labuan,2,2,6,5,5,False,reference_dates_below_4; target_dates_below_4,2,2,5,False
2025,deepavali,after,193,W.P. Putrajaya,2,2,14,17,13,False,reference_dates_below_4; target_dates_below_4,2,2,13,False
2025,ramadan_raya,early_ramadan,1,Johor,12,12,144,144,143,True,,12,12,143,True
2025,ramadan_raya,early_ramadan,1,Kedah,12,13,63,62,61,True,,12,13,61,True
2025,ramadan_raya,early_ramadan,1,Kelantan,12,14,77,79,77,True,,12,14,77,True
2025,ramadan_raya,early_ramadan,1,Melaka,11,14,20,20,20,True,,11,14,20,True
2025,ramadan_raya,early_ramadan,1,Negeri Sembilan,12,14,34,36,34,True,,12,14,34,True
2025,ramadan_raya,early_ramadan,1,Pahang,12,14,101,103,100,True,,12,14,100,True
2025,ramadan_raya,early_ramadan,1,Perak,12,14,93,93,93,True,,12,14,93,True
2025,ramadan_raya,early_ramadan,1,Perlis,12,14,17,17,17,True,,12,14,17,True
2025,ramadan_raya,early_ramadan,1,Pulau Pinang,12,14,66,66,66,True,,12,14,66,True
2025,ramadan_raya,early_ramadan,1,Sabah,12,14,10,10,10,True,,12,14,10,True
2025,ramadan_raya,early_ramadan,1,Sarawak,12,14,18,15,15,True,,12,14,15,True
2025,ramadan_raya,early_ramadan,1,Selangor,12,14,80,80,80,True,,12,14,80,True
2025,ramadan_raya,early_ramadan,1,Terengganu,12,13,88,87,87,True,,12,13,87,True
2025,ramadan_raya,early_ramadan,1,W.P. Kuala Lumpur,12,14,94,95,93,True,,12,14,93,True
2025,ramadan_raya,early_ramadan,1,W.P. Labuan,12,14,2,2,2,False,reference_premises_below_5; target_premises_below_5; common_premises_below_5,12,14,2,False
2025,ramadan_raya,early_ramadan,1,W.P. Putrajaya,12,14,15,15,15,True,,12,14,15,True
2025,ramadan_raya,early_ramadan,1111,Johor,12,12,124,125,118,True,,12,12,118,True
2025,ramadan_raya,early_ramadan,1111,Kedah,12,13,40,40,38,True,,12,13,38,True
2025,ramadan_raya,early_ramadan,1111,Kelantan,12,14,71,76,63,True,,12,14,63,True
2025,ramadan_raya,early_ramadan,1111,Melaka,11,14,16,14,14,True,,11,14,14,True
2025,ramadan_raya,early_ramadan,1111,Negeri Sembilan,12,14,26,28,26,True,,12,14,26,True
2025,ramadan_raya,early_ramadan,1111,Pahang,12,14,84,90,79,True,,12,14,79,True
2025,ramadan_raya,early_ramadan,1111,Perak,12,14,97,96,88,True,,12,14,88,True
2025,ramadan_raya,early_ramadan,1111,Perlis,12,14,13,12,12,True,,12,14,12,True
2025,ramadan_raya,early_ramadan,1111,Pulau Pinang,12,14,47,48,45,True,,12,14,45,True
2025,ramadan_raya,early_ramadan,1111,Sabah,12,14,9,9,4,False,common_premises_below_5,12,14,4,False
2025,ramadan_raya,early_ramadan,1111,Sarawak,12,14,16,18,12,True,,12,14,12,True
2025,ramadan_raya,early_ramadan,1111,Selangor,12,14,63,64,61,True,,12,14,61,True
2025,ramadan_raya,early_ramadan,1111,Terengganu,12,13,64,62,55,True,,12,13,55,True
2025,ramadan_raya,early_ramadan,1111,W.P. Kuala Lumpur,12,14,86,87,83,True,,12,14,83,True
2025,ramadan_raya,early_ramadan,1111,W.P. Labuan,7,4,2,2,2,False,reference_premises_below_5; target_premises_below_5; common_premises_below_5,7,4,2,False
2025,ramadan_raya,early_ramadan,1111,W.P. Putrajaya,12,14,10,11,10,True,,12,14,10,True
2025,ramadan_raya,early_ramadan,904,Johor,12,12,39,38,38,True,,12,12,38,True
2025,ramadan_raya,early_ramadan,904,Kedah,12,13,47,47,46,True,,12,13,46,True
2025,ramadan_raya,early_ramadan,904,Kelantan,12,14,22,19,17,True,,12,14,17,True
2025,ramadan_raya,early_ramadan,904,Melaka,11,14,7,7,7,True,,11,14,7,True
2025,ramadan_raya,early_ramadan,904,Negeri Sembilan,12,14,11,11,10,True,,12,14,10,True
2025,ramadan_raya,early_ramadan,904,Pahang,12,14,25,23,22,True,,12,14,22,True
2025,ramadan_raya,early_ramadan,904,Perak,12,14,56,55,55,True,,12,14,55,True
2025,ramadan_raya,early_ramadan,904,Perlis,2,2,14,14,14,False,reference_dates_below_4; target_dates_below_4,2,2,14,False
2025,ramadan_raya,early_ramadan,904,Pulau Pinang,12,14,38,37,37,True,,12,14,37,True
2025,ramadan_raya,early_ramadan,904,Sabah,0,0,0,0,0,False,reference_dates_below_4; target_dates_below_4; reference_premises_below_5; target_premises_below_5; common_premises_below_5,0,0,0,False
2025,ramadan_raya,early_ramadan,904,Sarawak,0,0,0,0,0,False,reference_dates_below_4; target_dates_below_4; reference_premises_below_5; target_premises_below_5; common_premises_below_5,0,0,0,False
2025,ramadan_raya,early_ramadan,904,Selangor,12,14,25,25,24,True,,12,14,24,True
2025,ramadan_raya,early_ramadan,904,Terengganu,12,13,23,25,22,True,,12,13,22,True
2025,ramadan_raya,early_ramadan,904,W.P. Kuala Lumpur,12,14,40,38,37,True,,12,14,37,True
2025,ramadan_raya,early_ramadan,904,W.P. Labuan,0,0,0,0,0,False,reference_dates_below_4; target_dates_below_4; reference_premises_below_5; target_premises_below_5; common_premises_below_5,0,0,0,False
2025,ramadan_raya,early_ramadan,904,W.P. Putrajaya,12,14,8,8,8,True,,12,14,8,True
2025,ramadan_raya,early_ramadan,918,Johor,5,2,55,31,26,False,target_dates_below_4,5,2,26,False
2025,ramadan_raya,early_ramadan,918,Kedah,2,2,35,33,28,False,reference_dates_below_4; target_dates_below_4,2,2,28,False
2025,ramadan_raya,early_ramadan,918,Kelantan,2,2,69,67,53,False,reference_dates_below_4; target_dates_below_4,2,2,53,False
2025,ramadan_raya,early_ramadan,918,Melaka,2,3,14,10,9,False,reference_dates_below_4; target_dates_below_4,2,3,9,False
2025,ramadan_raya,early_ramadan,918,Negeri Sembilan,2,2,6,8,6,False,reference_dates_below_4; target_dates_below_4,2,2,6,False
2025,ramadan_raya,early_ramadan,918,Pahang,3,2,24,30,21,False,reference_dates_below_4; target_dates_below_4,2,2,21,False
2025,ramadan_raya,early_ramadan,918,Perak,2,2,23,21,16,False,reference_dates_below_4; target_dates_below_4,2,2,16,False
2025,ramadan_raya,early_ramadan,918,Perlis,2,2,19,22,18,False,reference_dates_below_4; target_dates_below_4,2,2,18,False
2025,ramadan_raya,early_ramadan,918,Pulau Pinang,2,2,26,28,23,False,reference_dates_below_4; target_dates_below_4,2,2,23,False
2025,ramadan_raya,early_ramadan,918,Sabah,2,2,16,18,14,False,reference_dates_below_4; target_dates_below_4,2,2,14,False
2025,ramadan_raya,early_ramadan,918,Sarawak,2,2,48,48,34,False,reference_dates_below_4; target_dates_below_4,2,2,34,False
2025,ramadan_raya,early_ramadan,918,Selangor,2,2,18,16,10,False,reference_dates_below_4; target_dates_below_4,2,2,10,False
2025,ramadan_raya,early_ramadan,918,Terengganu,2,2,38,33,22,False,reference_dates_below_4; target_dates_below_4,2,2,22,False
2025,ramadan_raya,early_ramadan,918,W.P. Kuala Lumpur,2,2,18,15,9,False,reference_dates_below_4; target_dates_below_4,2,2,9,False
2025,ramadan_raya,early_ramadan,918,W.P. Labuan,2,2,5,3,3,False,reference_dates_below_4; target_dates_below_4; target_premises_below_5; common_premises_below_5,2,2,3,False
2025,ramadan_raya,early_ramadan,918,W.P. Putrajaya,1,2,2,2,1,False,reference_dates_below_4; target_dates_below_4; reference_premises_below_5; target_premises_below_5; common_premises_below_5,1,2,1,False
2025,ramadan_raya,early_ramadan,1589,Johor,6,2,167,162,161,False,target_dates_below_4,6,2,161,False
2025,ramadan_raya,early_ramadan,1589,Kedah,2,2,84,84,83,False,reference_dates_below_4; target_dates_below_4,2,2,83,False
2025,ramadan_raya,early_ramadan,1589,Kelantan,2,2,141,141,135,False,reference_dates_below_4; target_dates_below_4,2,2,135,False
2025,ramadan_raya,early_ramadan,1589,Melaka,2,3,24,24,23,False,reference_dates_below_4; target_dates_below_4,2,3,23,False
2025,ramadan_raya,early_ramadan,1589,Negeri Sembilan,2,2,36,39,35,False,reference_dates_below_4; target_dates_below_4,2,2,35,False
2025,ramadan_raya,early_ramadan,1589,Pahang,4,4,139,141,137,True,,4,4,137,True
2025,ramadan_raya,early_ramadan,1589,Perak,2,2,125,123,121,False,reference_dates_below_4; target_dates_below_4,2,2,121,False
2025,ramadan_raya,early_ramadan,1589,Perlis,2,2,37,39,37,False,reference_dates_below_4; target_dates_below_4,2,2,37,False
2025,ramadan_raya,early_ramadan,1589,Pulau Pinang,2,2,85,85,85,False,reference_dates_below_4; target_dates_below_4,2,2,85,False
2025,ramadan_raya,early_ramadan,1589,Sabah,2,2,70,70,62,False,reference_dates_below_4; target_dates_below_4,2,2,62,False
2025,ramadan_raya,early_ramadan,1589,Sarawak,2,2,104,103,85,False,reference_dates_below_4; target_dates_below_4,2,2,85,False
2025,ramadan_raya,early_ramadan,1589,Selangor,2,2,74,76,74,False,reference_dates_below_4; target_dates_below_4,2,2,74,False
2025,ramadan_raya,early_ramadan,1589,Terengganu,2,2,101,103,100,False,reference_dates_below_4; target_dates_below_4,2,2,100,False
2025,ramadan_raya,early_ramadan,1589,W.P. Kuala Lumpur,2,2,113,115,113,False,reference_dates_below_4; target_dates_below_4,2,2,113,False
2025,ramadan_raya,early_ramadan,1589,W.P. Labuan,2,2,13,13,13,False,reference_dates_below_4; target_dates_below_4,2,2,13,False
2025,ramadan_raya,early_ramadan,1589,W.P. Putrajaya,2,2,19,18,18,False,reference_dates_below_4; target_dates_below_4,2,2,18,False
2025,ramadan_raya,early_ramadan,917,Johor,6,2,165,155,153,False,target_dates_below_4,6,2,153,False
2025,ramadan_raya,early_ramadan,917,Kedah,2,2,73,75,71,False,reference_dates_below_4; target_dates_below_4,2,2,71,False
2025,ramadan_raya,early_ramadan,917,Kelantan,2,2,116,123,111,False,reference_dates_below_4; target_dates_below_4,2,2,111,False
2025,ramadan_raya,early_ramadan,917,Melaka,2,3,24,24,23,False,reference_dates_below_4; target_dates_below_4,2,3,23,False
2025,ramadan_raya,early_ramadan,917,Negeri Sembilan,2,2,39,41,39,False,reference_dates_below_4; target_dates_below_4,2,2,39,False
2025,ramadan_raya,early_ramadan,917,Pahang,4,4,132,130,125,True,,4,4,125,True
2025,ramadan_raya,early_ramadan,917,Perak,2,2,123,123,116,False,reference_dates_below_4; target_dates_below_4,2,2,116,False
2025,ramadan_raya,early_ramadan,917,Perlis,2,2,35,36,35,False,reference_dates_below_4; target_dates_below_4,2,2,35,False
2025,ramadan_raya,early_ramadan,917,Pulau Pinang,2,2,84,85,82,False,reference_dates_below_4; target_dates_below_4,2,2,82,False
2025,ramadan_raya,early_ramadan,917,Sabah,2,2,48,45,44,False,reference_dates_below_4; target_dates_below_4,2,2,44,False
2025,ramadan_raya,early_ramadan,917,Sarawak,2,2,45,54,40,False,reference_dates_below_4; target_dates_below_4,2,2,40,False
2025,ramadan_raya,early_ramadan,917,Selangor,2,2,71,72,67,False,reference_dates_below_4; target_dates_below_4,2,2,67,False
2025,ramadan_raya,early_ramadan,917,Terengganu,2,2,93,96,91,False,reference_dates_below_4; target_dates_below_4,2,2,91,False
2025,ramadan_raya,early_ramadan,917,W.P. Kuala Lumpur,2,2,102,106,99,False,reference_dates_below_4; target_dates_below_4,2,2,99,False
2025,ramadan_raya,early_ramadan,917,W.P. Labuan,2,2,4,3,3,False,reference_dates_below_4; target_dates_below_4; reference_premises_below_5; target_premises_below_5; common_premises_below_5,2,2,3,False
2025,ramadan_raya,early_ramadan,917,W.P. Putrajaya,2,2,16,17,16,False,reference_dates_below_4; target_dates_below_4,2,2,16,False
2025,ramadan_raya,early_ramadan,129,Johor,12,12,160,159,157,True,,12,12,157,True
2025,ramadan_raya,early_ramadan,129,Kedah,12,13,88,87,87,True,,12,13,87,True
2025,ramadan_raya,early_ramadan,129,Kelantan,12,14,123,124,118,True,,12,14,118,True
2025,ramadan_raya,early_ramadan,129,Melaka,11,14,26,25,25,True,,11,14,25,True
2025,ramadan_raya,early_ramadan,129,Negeri Sembilan,12,14,37,39,37,True,,12,14,37,True
2025,ramadan_raya,early_ramadan,129,Pahang,12,14,112,110,110,True,,12,14,110,True
2025,ramadan_raya,early_ramadan,129,Perak,12,14,114,115,114,True,,12,14,114,True
2025,ramadan_raya,early_ramadan,129,Perlis,12,14,33,33,33,True,,12,14,33,True
2025,ramadan_raya,early_ramadan,129,Pulau Pinang,12,14,85,84,84,True,,12,14,84,True
2025,ramadan_raya,early_ramadan,129,Sabah,12,14,129,138,128,True,,12,14,128,True
2025,ramadan_raya,early_ramadan,129,Sarawak,12,14,165,167,165,True,,12,14,165,True
2025,ramadan_raya,early_ramadan,129,Selangor,12,14,82,82,82,True,,12,14,82,True
2025,ramadan_raya,early_ramadan,129,Terengganu,12,13,109,109,109,True,,12,13,109,True
2025,ramadan_raya,early_ramadan,129,W.P. Kuala Lumpur,12,14,121,122,121,True,,12,14,121,True
2025,ramadan_raya,early_ramadan,129,W.P. Labuan,12,14,13,13,13,True,,12,14,13,True
2025,ramadan_raya,early_ramadan,129,W.P. Putrajaya,12,14,20,21,20,True,,12,14,20,True
2025,ramadan_raya,early_ramadan,1564,Johor,12,12,166,166,165,True,,12,12,165,True
2025,ramadan_raya,early_ramadan,1564,Kedah,12,13,77,74,74,True,,12,13,74,True
2025,ramadan_raya,early_ramadan,1564,Kelantan,12,14,60,60,56,True,,12,14,56,True
2025,ramadan_raya,early_ramadan,1564,Melaka,11,14,27,26,26,True,,11,14,26,True
2025,ramadan_raya,early_ramadan,1564,Negeri Sembilan,12,14,39,40,39,True,,12,14,39,True
2025,ramadan_raya,early_ramadan,1564,Pahang,12,14,114,113,112,True,,12,14,112,True
2025,ramadan_raya,early_ramadan,1564,Perak,12,14,135,131,131,True,,12,14,131,True
2025,ramadan_raya,early_ramadan,1564,Perlis,12,14,30,28,28,True,,12,14,28,True
2025,ramadan_raya,early_ramadan,1564,Pulau Pinang,12,14,95,95,95,True,,12,14,95,True
2025,ramadan_raya,early_ramadan,1564,Sabah,12,14,129,138,127,True,,12,14,127,True
2025,ramadan_raya,early_ramadan,1564,Sarawak,12,14,155,158,153,True,,12,14,153,True
2025,ramadan_raya,early_ramadan,1564,Selangor,12,14,82,84,82,True,,12,14,82,True
2025,ramadan_raya,early_ramadan,1564,Terengganu,12,13,73,71,71,True,,12,13,71,True
2025,ramadan_raya,early_ramadan,1564,W.P. Kuala Lumpur,12,14,118,118,118,True,,12,14,118,True
2025,ramadan_raya,early_ramadan,1564,W.P. Labuan,12,14,14,14,14,True,,12,14,14,True
2025,ramadan_raya,early_ramadan,1564,W.P. Putrajaya,12,14,20,20,20,True,,12,14,20,True
2025,ramadan_raya,early_ramadan,1131,Johor,12,12,154,154,151,True,,12,12,151,True
2025,ramadan_raya,early_ramadan,1131,Kedah,12,13,68,68,65,True,,12,13,65,True
2025,ramadan_raya,early_ramadan,1131,Kelantan,12,14,76,79,70,True,,12,14,70,True
2025,ramadan_raya,early_ramadan,1131,Melaka,11,14,22,21,21,True,,11,14,21,True
2025,ramadan_raya,early_ramadan,1131,Negeri Sembilan,12,14,32,31,29,True,,12,14,29,True
2025,ramadan_raya,early_ramadan,1131,Pahang,12,14,115,114,112,True,,12,14,112,True
2025,ramadan_raya,early_ramadan,1131,Perak,12,14,122,120,116,True,,12,14,116,True
2025,ramadan_raya,early_ramadan,1131,Perlis,12,14,33,31,31,True,,12,14,31,True
2025,ramadan_raya,early_ramadan,1131,Pulau Pinang,12,14,91,91,90,True,,12,14,90,True
2025,ramadan_raya,early_ramadan,1131,Sabah,12,14,115,121,112,True,,12,14,112,True
2025,ramadan_raya,early_ramadan,1131,Sarawak,12,14,162,164,161,True,,12,14,161,True
2025,ramadan_raya,early_ramadan,1131,Selangor,12,14,74,75,74,True,,12,14,74,True
2025,ramadan_raya,early_ramadan,1131,Terengganu,12,13,81,83,80,True,,12,13,80,True
2025,ramadan_raya,early_ramadan,1131,W.P. Kuala Lumpur,12,14,103,104,103,True,,12,14,103,True
2025,ramadan_raya,early_ramadan,1131,W.P. Labuan,12,14,13,12,12,True,,12,14,12,True
2025,ramadan_raya,early_ramadan,1131,W.P. Putrajaya,12,14,20,20,20,True,,12,14,20,True
2025,ramadan_raya,early_ramadan,94,Johor,12,12,90,96,88,True,,12,12,88,True
2025,ramadan_raya,early_ramadan,94,Kedah,12,13,33,33,30,True,,12,13,30,True
2025,ramadan_raya,early_ramadan,94,Kelantan,12,14,29,26,26,True,,12,14,26,True
2025,ramadan_raya,early_ramadan,94,Melaka,11,14,17,16,16,True,,11,14,16,True
2025,ramadan_raya,early_ramadan,94,Negeri Sembilan,12,14,37,38,36,True,,12,14,36,True
2025,ramadan_raya,early_ramadan,94,Pahang,12,14,98,98,94,True,,12,14,94,True
2025,ramadan_raya,early_ramadan,94,Perak,12,14,68,65,62,True,,12,14,62,True
2025,ramadan_raya,early_ramadan,94,Perlis,12,14,24,21,21,True,,12,14,21,True
2025,ramadan_raya,early_ramadan,94,Pulau Pinang,12,14,44,45,41,True,,12,14,41,True
2025,ramadan_raya,early_ramadan,94,Sabah,12,14,17,19,10,True,,12,14,10,True
2025,ramadan_raya,early_ramadan,94,Sarawak,12,14,106,92,90,True,,12,14,90,True
2025,ramadan_raya,early_ramadan,94,Selangor,12,14,74,74,72,True,,12,14,72,True
2025,ramadan_raya,early_ramadan,94,Terengganu,12,13,49,49,47,True,,12,13,47,True
2025,ramadan_raya,early_ramadan,94,W.P. Kuala Lumpur,12,14,102,101,96,True,,12,14,96,True
2025,ramadan_raya,early_ramadan,94,W.P. Labuan,0,3,0,1,0,False,reference_dates_below_4; target_dates_below_4; reference_premises_below_5; target_premises_below_5; common_premises_below_5,0,0,0,False
2025,ramadan_raya,early_ramadan,94,W.P. Putrajaya,0,0,0,0,0,False,reference_dates_below_4; target_dates_below_4; reference_premises_below_5; target_premises_below_5; common_premises_below_5,0,0,0,False
2025,ramadan_raya,early_ramadan,114,Johor,12,12,163,158,157,True,,12,12,157,True
2025,ramadan_raya,early_ramadan,114,Kedah,12,13,72,70,70,True,,12,13,70,True
2025,ramadan_raya,early_ramadan,114,Kelantan,12,14,86,89,85,True,,12,14,85,True
2025,ramadan_raya,early_ramadan,114,Melaka,11,14,25,23,23,True,,11,14,23,True
2025,ramadan_raya,early_ramadan,114,Negeri Sembilan,12,14,39,41,39,True,,12,14,39,True
2025,ramadan_raya,early_ramadan,114,Pahang,12,14,113,112,112,True,,12,14,112,True
2025,ramadan_raya,early_ramadan,114,Perak,12,14,99,101,99,True,,12,14,99,True
2025,ramadan_raya,early_ramadan,114,Perlis,12,14,26,26,26,True,,12,14,26,True
2025,ramadan_raya,early_ramadan,114,Pulau Pinang,12,14,86,86,86,True,,12,14,86,True
2025,ramadan_raya,early_ramadan,114,Sabah,12,14,84,84,74,True,,12,14,74,True
2025,ramadan_raya,early_ramadan,114,Sarawak,12,14,112,118,109,True,,12,14,109,True
2025,ramadan_raya,early_ramadan,114,Selangor,12,14,84,85,84,True,,12,14,84,True
2025,ramadan_raya,early_ramadan,114,Terengganu,12,13,89,89,88,True,,12,13,88,True
2025,ramadan_raya,early_ramadan,114,W.P. Kuala Lumpur,12,14,123,124,123,True,,12,14,123,True
2025,ramadan_raya,early_ramadan,114,W.P. Labuan,12,14,9,8,7,True,,12,14,7,True
2025,ramadan_raya,early_ramadan,114,W.P. Putrajaya,12,14,20,20,20,True,,12,14,20,True
2025,ramadan_raya,early_ramadan,103,Johor,12,12,20,33,19,True,,12,12,19,True
2025,ramadan_raya,early_ramadan,103,Kedah,12,13,8,11,8,True,,12,13,8,True
2025,ramadan_raya,early_ramadan,103,Kelantan,12,14,6,6,5,True,,12,14,5,True
2025,ramadan_raya,early_ramadan,103,Melaka,0,2,0,2,0,False,reference_dates_below_4; target_dates_below_4; reference_premises_below_5; target_premises_below_5; common_premises_below_5,0,0,0,False
2025,ramadan_raya,early_ramadan,103,Negeri Sembilan,12,14,19,19,19,True,,12,14,19,True
2025,ramadan_raya,early_ramadan,103,Pahang,12,14,36,37,35,True,,12,14,35,True
2025,ramadan_raya,early_ramadan,103,Perak,12,14,49,53,49,True,,12,14,49,True
2025,ramadan_raya,early_ramadan,103,Perlis,0,0,0,0,0,False,reference_dates_below_4; target_dates_below_4; reference_premises_below_5; target_premises_below_5; common_premises_below_5,0,0,0,False
2025,ramadan_raya,early_ramadan,103,Pulau Pinang,12,14,20,21,20,True,,12,14,20,True
2025,ramadan_raya,early_ramadan,103,Sabah,12,8,1,1,1,False,reference_premises_below_5; target_premises_below_5; common_premises_below_5,12,8,1,False
2025,ramadan_raya,early_ramadan,103,Sarawak,12,4,2,2,2,False,reference_premises_below_5; target_premises_below_5; common_premises_below_5,12,4,2,False
2025,ramadan_raya,early_ramadan,103,Selangor,12,14,37,34,32,True,,12,14,32,True
2025,ramadan_raya,early_ramadan,103,Terengganu,12,13,9,6,6,True,,12,13,6,True
2025,ramadan_raya,early_ramadan,103,W.P. Kuala Lumpur,12,14,47,47,42,True,,12,14,42,True
2025,ramadan_raya,early_ramadan,103,W.P. Labuan,0,0,0,0,0,False,reference_dates_below_4; target_dates_below_4; reference_premises_below_5; target_premises_below_5; common_premises_below_5,0,0,0,False
2025,ramadan_raya,early_ramadan,103,W.P. Putrajaya,12,14,6,6,6,True,,12,14,6,True
2025,ramadan_raya,early_ramadan,1431,Johor,12,12,15,12,12,True,,12,12,12,True
2025,ramadan_raya,early_ramadan,1431,Kedah,12,13,14,14,14,True,,12,13,14,True
2025,ramadan_raya,early_ramadan,1431,Kelantan,12,14,16,18,16,True,,12,14,16,True
2025,ramadan_raya,early_ramadan,1431,Melaka,11,14,7,6,6,True,,11,14,6,True
2025,ramadan_raya,early_ramadan,1431,Negeri Sembilan,12,14,8,8,8,True,,12,14,8,True
2025,ramadan_raya,early_ramadan,1431,Pahang,12,14,9,9,9,True,,12,14,9,True
2025,ramadan_raya,early_ramadan,1431,Perak,12,14,20,21,20,True,,12,14,20,True
2025,ramadan_raya,early_ramadan,1431,Perlis,12,14,5,5,5,True,,12,14,5,True
2025,ramadan_raya,early_ramadan,1431,Pulau Pinang,12,14,18,18,17,True,,12,14,17,True
2025,ramadan_raya,early_ramadan,1431,Sabah,12,14,3,3,3,False,reference_premises_below_5; target_premises_below_5; common_premises_below_5,12,14,3,False
2025,ramadan_raya,early_ramadan,1431,Sarawak,11,12,1,1,1,False,reference_premises_below_5; target_premises_below_5; common_premises_below_5,11,12,1,False
2025,ramadan_raya,early_ramadan,1431,Selangor,12,14,15,16,15,True,,12,14,15,True
2025,ramadan_raya,early_ramadan,1431,Terengganu,12,13,14,16,14,True,,12,13,14,True
2025,ramadan_raya,early_ramadan,1431,W.P. Kuala Lumpur,12,14,9,10,6,True,,11,14,6,True
2025,ramadan_raya,early_ramadan,1431,W.P. Labuan,0,0,0,0,0,False,reference_dates_below_4; target_dates_below_4; reference_premises_below_5; target_premises_below_5; common_premises_below_5,0,0,0,False
2025,ramadan_raya,early_ramadan,1431,W.P. Putrajaya,9,14,2,2,2,False,reference_premises_below_5; target_premises_below_5; common_premises_below_5,9,14,2,False
2025,ramadan_raya,early_ramadan,1555,Johor,12,12,129,122,119,True,,12,12,119,True
2025,ramadan_raya,early_ramadan,1555,Kedah,12,13,47,44,43,True,,12,13,43,True
2025,ramadan_raya,early_ramadan,1555,Kelantan,12,14,73,74,71,True,,12,14,71,True
2025,ramadan_raya,early_ramadan,1555,Melaka,11,14,18,19,18,True,,11,14,18,True
2025,ramadan_raya,early_ramadan,1555,Negeri Sembilan,12,14,23,25,23,True,,12,14,23,True
2025,ramadan_raya,early_ramadan,1555,Pahang,12,14,82,82,78,True,,12,14,78,True
2025,ramadan_raya,early_ramadan,1555,Perak,12,14,86,83,83,True,,12,14,83,True
2025,ramadan_raya,early_ramadan,1555,Perlis,12,14,14,16,13,True,,12,14,13,True
2025,ramadan_raya,early_ramadan,1555,Pulau Pinang,12,14,62,56,56,True,,12,14,56,True
2025,ramadan_raya,early_ramadan,1555,Sabah,12,14,34,38,31,True,,12,14,31,True
2025,ramadan_raya,early_ramadan,1555,Sarawak,12,14,54,55,51,True,,12,14,51,True
2025,ramadan_raya,early_ramadan,1555,Selangor,12,14,75,77,74,True,,12,14,74,True
2025,ramadan_raya,early_ramadan,1555,Terengganu,12,13,49,55,47,True,,12,13,47,True
2025,ramadan_raya,early_ramadan,1555,W.P. Kuala Lumpur,12,14,79,80,72,True,,12,14,72,True
2025,ramadan_raya,early_ramadan,1555,W.P. Labuan,10,8,7,4,3,False,target_premises_below_5; common_premises_below_5,5,6,3,False
2025,ramadan_raya,early_ramadan,1555,W.P. Putrajaya,12,14,14,12,12,True,,12,14,12,True
2025,ramadan_raya,early_ramadan,193,Johor,3,1,47,44,43,False,reference_dates_below_4; target_dates_below_4,3,1,43,False
2025,ramadan_raya,early_ramadan,193,Kedah,2,2,82,81,78,False,reference_dates_below_4; target_dates_below_4,2,2,78,False
2025,ramadan_raya,early_ramadan,193,Kelantan,2,2,9,9,9,False,reference_dates_below_4; target_dates_below_4,2,2,9,False
2025,ramadan_raya,early_ramadan,193,Melaka,2,2,6,6,6,False,reference_dates_below_4; target_dates_below_4,2,2,6,False
2025,ramadan_raya,early_ramadan,193,Negeri Sembilan,2,2,18,24,18,False,reference_dates_below_4; target_dates_below_4,2,2,18,False
2025,ramadan_raya,early_ramadan,193,Pahang,2,2,60,59,56,False,reference_dates_below_4; target_dates_below_4,2,2,56,False
2025,ramadan_raya,early_ramadan,193,Perak,2,2,106,109,103,False,reference_dates_below_4; target_dates_below_4,2,2,103,False
2025,ramadan_raya,early_ramadan,193,Perlis,2,2,36,36,36,False,reference_dates_below_4; target_dates_below_4,2,2,36,False
2025,ramadan_raya,early_ramadan,193,Pulau Pinang,2,2,65,63,61,False,reference_dates_below_4; target_dates_below_4,2,2,61,False
2025,ramadan_raya,early_ramadan,193,Sabah,2,2,56,60,54,False,reference_dates_below_4; target_dates_below_4,2,2,54,False
2025,ramadan_raya,early_ramadan,193,Sarawak,2,2,98,96,90,False,reference_dates_below_4; target_dates_below_4,2,2,90,False
2025,ramadan_raya,early_ramadan,193,Selangor,2,2,52,49,46,False,reference_dates_below_4; target_dates_below_4,2,2,46,False
2025,ramadan_raya,early_ramadan,193,Terengganu,2,2,8,8,7,False,reference_dates_below_4; target_dates_below_4,2,2,7,False
2025,ramadan_raya,early_ramadan,193,W.P. Kuala Lumpur,2,2,84,85,84,False,reference_dates_below_4; target_dates_below_4,2,2,84,False
2025,ramadan_raya,early_ramadan,193,W.P. Labuan,2,2,3,3,2,False,reference_dates_below_4; target_dates_below_4; reference_premises_below_5; target_premises_below_5; common_premises_below_5,2,2,2,False
2025,ramadan_raya,early_ramadan,193,W.P. Putrajaya,2,2,11,13,11,False,reference_dates_below_4; target_dates_below_4,2,2,11,False
2025,ramadan_raya,raya_lead_up,1,Johor,12,12,144,145,144,True,,12,12,144,True
2025,ramadan_raya,raya_lead_up,1,Kedah,12,13,63,62,61,True,,12,13,61,True
2025,ramadan_raya,raya_lead_up,1,Kelantan,12,12,77,77,76,True,,12,12,76,True
2025,ramadan_raya,raya_lead_up,1,Melaka,11,14,20,20,20,True,,11,14,20,True
2025,ramadan_raya,raya_lead_up,1,Negeri Sembilan,12,14,34,36,34,True,,12,14,34,True
2025,ramadan_raya,raya_lead_up,1,Pahang,12,13,101,104,101,True,,12,13,101,True
2025,ramadan_raya,raya_lead_up,1,Perak,12,13,93,94,93,True,,12,13,93,True
2025,ramadan_raya,raya_lead_up,1,Perlis,12,13,17,17,17,True,,12,13,17,True
2025,ramadan_raya,raya_lead_up,1,Pulau Pinang,12,13,66,65,65,True,,12,13,65,True
2025,ramadan_raya,raya_lead_up,1,Sabah,12,14,10,9,9,True,,12,14,9,True
2025,ramadan_raya,raya_lead_up,1,Sarawak,12,14,18,16,15,True,,12,14,15,True
2025,ramadan_raya,raya_lead_up,1,Selangor,12,13,80,80,80,True,,12,13,80,True
2025,ramadan_raya,raya_lead_up,1,Terengganu,12,12,88,89,88,True,,12,12,88,True
2025,ramadan_raya,raya_lead_up,1,W.P. Kuala Lumpur,12,13,94,94,93,True,,12,13,93,True
2025,ramadan_raya,raya_lead_up,1,W.P. Labuan,12,13,2,2,2,False,reference_premises_below_5; target_premises_below_5; common_premises_below_5,12,13,2,False
2025,ramadan_raya,raya_lead_up,1,W.P. Putrajaya,12,13,15,15,15,True,,12,13,15,True
2025,ramadan_raya,raya_lead_up,1111,Johor,12,12,124,132,119,True,,12,12,119,True
2025,ramadan_raya,raya_lead_up,1111,Kedah,12,13,40,41,37,True,,12,13,37,True
2025,ramadan_raya,raya_lead_up,1111,Kelantan,12,12,71,82,64,True,,12,12,64,True
2025,ramadan_raya,raya_lead_up,1111,Melaka,11,14,16,16,15,True,,11,14,15,True
2025,ramadan_raya,raya_lead_up,1111,Negeri Sembilan,12,14,26,29,26,True,,12,14,26,True
2025,ramadan_raya,raya_lead_up,1111,Pahang,12,13,84,92,80,True,,12,13,80,True
2025,ramadan_raya,raya_lead_up,1111,Perak,12,13,97,108,96,True,,12,13,96,True
2025,ramadan_raya,raya_lead_up,1111,Perlis,12,13,13,12,11,True,,12,13,11,True
2025,ramadan_raya,raya_lead_up,1111,Pulau Pinang,12,13,47,50,45,True,,12,13,45,True
2025,ramadan_raya,raya_lead_up,1111,Sabah,12,13,9,12,5,True,,12,13,5,True
2025,ramadan_raya,raya_lead_up,1111,Sarawak,12,14,16,24,13,True,,12,14,13,True
2025,ramadan_raya,raya_lead_up,1111,Selangor,12,13,63,67,63,True,,12,13,63,True
2025,ramadan_raya,raya_lead_up,1111,Terengganu,12,12,64,68,58,True,,12,12,58,True
2025,ramadan_raya,raya_lead_up,1111,W.P. Kuala Lumpur,12,13,86,88,83,True,,12,13,83,True
2025,ramadan_raya,raya_lead_up,1111,W.P. Labuan,7,2,2,2,1,False,target_dates_below_4; reference_premises_below_5; target_premises_below_5; common_premises_below_5,3,1,1,False
2025,ramadan_raya,raya_lead_up,1111,W.P. Putrajaya,12,13,10,11,10,True,,12,13,10,True
2025,ramadan_raya,raya_lead_up,904,Johor,12,12,39,37,35,True,,12,12,35,True
2025,ramadan_raya,raya_lead_up,904,Kedah,12,13,47,46,46,True,,12,13,46,True
2025,ramadan_raya,raya_lead_up,904,Kelantan,12,12,22,24,19,True,,12,12,19,True
2025,ramadan_raya,raya_lead_up,904,Melaka,11,14,7,7,7,True,,11,14,7,True
2025,ramadan_raya,raya_lead_up,904,Negeri Sembilan,12,14,11,11,10,True,,12,14,10,True
2025,ramadan_raya,raya_lead_up,904,Pahang,12,13,25,25,24,True,,12,13,24,True
2025,ramadan_raya,raya_lead_up,904,Perak,12,13,56,57,56,True,,12,13,56,True
2025,ramadan_raya,raya_lead_up,904,Perlis,2,3,14,15,14,False,reference_dates_below_4; target_dates_below_4,2,3,14,False
2025,ramadan_raya,raya_lead_up,904,Pulau Pinang,12,13,38,37,37,True,,12,13,37,True
2025,ramadan_raya,raya_lead_up,904,Sabah,0,0,0,0,0,False,reference_dates_below_4; target_dates_below_4; reference_premises_below_5; target_premises_below_5; common_premises_below_5,0,0,0,False
2025,ramadan_raya,raya_lead_up,904,Sarawak,0,0,0,0,0,False,reference_dates_below_4; target_dates_below_4; reference_premises_below_5; target_premises_below_5; common_premises_below_5,0,0,0,False
2025,ramadan_raya,raya_lead_up,904,Selangor,12,13,25,25,24,True,,12,13,24,True
2025,ramadan_raya,raya_lead_up,904,Terengganu,12,12,23,26,22,True,,12,12,22,True
2025,ramadan_raya,raya_lead_up,904,W.P. Kuala Lumpur,12,13,40,37,35,True,,12,13,35,True
2025,ramadan_raya,raya_lead_up,904,W.P. Labuan,0,0,0,0,0,False,reference_dates_below_4; target_dates_below_4; reference_premises_below_5; target_premises_below_5; common_premises_below_5,0,0,0,False
2025,ramadan_raya,raya_lead_up,904,W.P. Putrajaya,12,13,8,9,8,True,,12,13,8,True
2025,ramadan_raya,raya_lead_up,918,Johor,5,3,55,54,37,False,target_dates_below_4,5,3,37,False
2025,ramadan_raya,raya_lead_up,918,Kedah,2,3,35,41,28,False,reference_dates_below_4; target_dates_below_4,2,3,28,False
2025,ramadan_raya,raya_lead_up,918,Kelantan,2,3,69,89,63,False,reference_dates_below_4; target_dates_below_4,2,3,63,False
2025,ramadan_raya,raya_lead_up,918,Melaka,2,3,14,12,10,False,reference_dates_below_4; target_dates_below_4,2,3,10,False
2025,ramadan_raya,raya_lead_up,918,Negeri Sembilan,2,3,6,8,4,False,reference_dates_below_4; target_dates_below_4; common_premises_below_5,2,3,4,False
2025,ramadan_raya,raya_lead_up,918,Pahang,3,4,24,51,20,False,reference_dates_below_4,3,4,20,False
2025,ramadan_raya,raya_lead_up,918,Perak,2,3,23,31,20,False,reference_dates_below_4; target_dates_below_4,2,3,20,False
2025,ramadan_raya,raya_lead_up,918,Perlis,2,3,19,30,19,False,reference_dates_below_4; target_dates_below_4,2,3,19,False
2025,ramadan_raya,raya_lead_up,918,Pulau Pinang,2,3,26,26,21,False,reference_dates_below_4; target_dates_below_4,2,3,21,False
2025,ramadan_raya,raya_lead_up,918,Sabah,2,3,16,18,14,False,reference_dates_below_4; target_dates_below_4,2,3,14,False
2025,ramadan_raya,raya_lead_up,918,Sarawak,2,3,48,65,44,False,reference_dates_below_4; target_dates_below_4,2,3,44,False
2025,ramadan_raya,raya_lead_up,918,Selangor,2,3,18,26,10,False,reference_dates_below_4; target_dates_below_4,2,3,10,False
2025,ramadan_raya,raya_lead_up,918,Terengganu,2,3,38,50,27,False,reference_dates_below_4; target_dates_below_4,2,3,27,False
2025,ramadan_raya,raya_lead_up,918,W.P. Kuala Lumpur,2,3,18,21,11,False,reference_dates_below_4; target_dates_below_4,2,3,11,False
2025,ramadan_raya,raya_lead_up,918,W.P. Labuan,2,3,5,4,3,False,reference_dates_below_4; target_dates_below_4; target_premises_below_5; common_premises_below_5,2,3,3,False
2025,ramadan_raya,raya_lead_up,918,W.P. Putrajaya,1,1,2,2,1,False,reference_dates_below_4; target_dates_below_4; reference_premises_below_5; target_premises_below_5; common_premises_below_5,1,1,1,False
2025,ramadan_raya,raya_lead_up,1589,Johor,6,5,167,168,165,True,,6,5,165,True
2025,ramadan_raya,raya_lead_up,1589,Kedah,2,3,84,85,83,False,reference_dates_below_4; target_dates_below_4,2,3,83,False
2025,ramadan_raya,raya_lead_up,1589,Kelantan,2,3,141,146,137,False,reference_dates_below_4; target_dates_below_4,2,3,137,False
2025,ramadan_raya,raya_lead_up,1589,Melaka,2,3,24,26,24,False,reference_dates_below_4; target_dates_below_4,2,3,24,False
2025,ramadan_raya,raya_lead_up,1589,Negeri Sembilan,2,3,36,36,32,False,reference_dates_below_4; target_dates_below_4,2,3,32,False
2025,ramadan_raya,raya_lead_up,1589,Pahang,4,4,139,141,137,True,,4,4,137,True
2025,ramadan_raya,raya_lead_up,1589,Perak,2,3,125,125,122,False,reference_dates_below_4; target_dates_below_4,2,3,122,False
2025,ramadan_raya,raya_lead_up,1589,Perlis,2,3,37,39,37,False,reference_dates_below_4; target_dates_below_4,2,3,37,False
2025,ramadan_raya,raya_lead_up,1589,Pulau Pinang,2,3,85,86,85,False,reference_dates_below_4; target_dates_below_4,2,3,85,False
2025,ramadan_raya,raya_lead_up,1589,Sabah,2,3,70,79,65,False,reference_dates_below_4; target_dates_below_4,2,3,65,False
2025,ramadan_raya,raya_lead_up,1589,Sarawak,2,3,104,122,96,False,reference_dates_below_4; target_dates_below_4,2,3,96,False
2025,ramadan_raya,raya_lead_up,1589,Selangor,2,3,74,82,74,False,reference_dates_below_4; target_dates_below_4,2,3,74,False
2025,ramadan_raya,raya_lead_up,1589,Terengganu,2,3,101,104,99,False,reference_dates_below_4; target_dates_below_4,2,3,99,False
2025,ramadan_raya,raya_lead_up,1589,W.P. Kuala Lumpur,2,3,113,116,111,False,reference_dates_below_4; target_dates_below_4,2,3,111,False
2025,ramadan_raya,raya_lead_up,1589,W.P. Labuan,2,3,13,13,13,False,reference_dates_below_4; target_dates_below_4,2,3,13,False
2025,ramadan_raya,raya_lead_up,1589,W.P. Putrajaya,2,3,19,19,19,False,reference_dates_below_4; target_dates_below_4,2,3,19,False
2025,ramadan_raya,raya_lead_up,917,Johor,6,5,165,166,162,True,,6,5,162,True
2025,ramadan_raya,raya_lead_up,917,Kedah,2,3,73,76,70,False,reference_dates_below_4; target_dates_below_4,2,3,70,False
2025,ramadan_raya,raya_lead_up,917,Kelantan,2,3,116,122,105,False,reference_dates_below_4; target_dates_below_4,2,3,105,False
2025,ramadan_raya,raya_lead_up,917,Melaka,2,3,24,26,24,False,reference_dates_below_4; target_dates_below_4,2,3,24,False
2025,ramadan_raya,raya_lead_up,917,Negeri Sembilan,2,3,39,41,38,False,reference_dates_below_4; target_dates_below_4,2,3,38,False
2025,ramadan_raya,raya_lead_up,917,Pahang,4,4,132,133,126,True,,4,4,126,True
2025,ramadan_raya,raya_lead_up,917,Perak,2,3,123,127,120,False,reference_dates_below_4; target_dates_below_4,2,3,120,False
2025,ramadan_raya,raya_lead_up,917,Perlis,2,3,35,36,35,False,reference_dates_below_4; target_dates_below_4,2,3,35,False
2025,ramadan_raya,raya_lead_up,917,Pulau Pinang,2,3,84,85,81,False,reference_dates_below_4; target_dates_below_4,2,3,81,False
2025,ramadan_raya,raya_lead_up,917,Sabah,2,3,48,48,44,False,reference_dates_below_4; target_dates_below_4,2,3,44,False
2025,ramadan_raya,raya_lead_up,917,Sarawak,2,3,45,58,38,False,reference_dates_below_4; target_dates_below_4,2,3,38,False
2025,ramadan_raya,raya_lead_up,917,Selangor,2,3,71,80,67,False,reference_dates_below_4; target_dates_below_4,2,3,67,False
2025,ramadan_raya,raya_lead_up,917,Terengganu,2,3,93,97,91,False,reference_dates_below_4; target_dates_below_4,2,3,91,False
2025,ramadan_raya,raya_lead_up,917,W.P. Kuala Lumpur,2,3,102,108,97,False,reference_dates_below_4; target_dates_below_4,2,3,97,False
2025,ramadan_raya,raya_lead_up,917,W.P. Labuan,2,3,4,3,3,False,reference_dates_below_4; target_dates_below_4; reference_premises_below_5; target_premises_below_5; common_premises_below_5,2,3,3,False
2025,ramadan_raya,raya_lead_up,917,W.P. Putrajaya,2,3,16,19,16,False,reference_dates_below_4; target_dates_below_4,2,3,16,False
2025,ramadan_raya,raya_lead_up,129,Johor,12,12,160,161,159,True,,12,12,159,True
2025,ramadan_raya,raya_lead_up,129,Kedah,12,13,88,87,87,True,,12,13,87,True
2025,ramadan_raya,raya_lead_up,129,Kelantan,12,12,123,127,117,True,,12,12,117,True
2025,ramadan_raya,raya_lead_up,129,Melaka,11,14,26,26,26,True,,11,14,26,True
2025,ramadan_raya,raya_lead_up,129,Negeri Sembilan,12,14,37,39,37,True,,12,14,37,True
2025,ramadan_raya,raya_lead_up,129,Pahang,12,13,112,113,111,True,,12,13,111,True
2025,ramadan_raya,raya_lead_up,129,Perak,12,13,114,116,112,True,,12,13,112,True
2025,ramadan_raya,raya_lead_up,129,Perlis,12,13,33,34,33,True,,12,13,33,True
2025,ramadan_raya,raya_lead_up,129,Pulau Pinang,12,13,85,86,85,True,,12,13,85,True
2025,ramadan_raya,raya_lead_up,129,Sabah,12,14,129,137,124,True,,12,14,124,True
2025,ramadan_raya,raya_lead_up,129,Sarawak,12,14,165,168,163,True,,12,14,163,True
2025,ramadan_raya,raya_lead_up,129,Selangor,12,13,82,82,82,True,,12,13,82,True
2025,ramadan_raya,raya_lead_up,129,Terengganu,12,12,109,109,108,True,,12,12,108,True
2025,ramadan_raya,raya_lead_up,129,W.P. Kuala Lumpur,12,13,121,123,120,True,,12,13,120,True
2025,ramadan_raya,raya_lead_up,129,W.P. Labuan,12,13,13,13,13,True,,12,13,13,True
2025,ramadan_raya,raya_lead_up,129,W.P. Putrajaya,12,13,20,20,20,True,,12,13,20,True
2025,ramadan_raya,raya_lead_up,1564,Johor,12,12,166,165,164,True,,12,12,164,True
2025,ramadan_raya,raya_lead_up,1564,Kedah,12,13,77,75,75,True,,12,13,75,True
2025,ramadan_raya,raya_lead_up,1564,Kelantan,12,12,60,63,55,True,,12,12,55,True
2025,ramadan_raya,raya_lead_up,1564,Melaka,11,14,27,27,27,True,,11,14,27,True
2025,ramadan_raya,raya_lead_up,1564,Negeri Sembilan,12,14,39,42,39,True,,12,14,39,True
2025,ramadan_raya,raya_lead_up,1564,Pahang,12,13,114,115,113,True,,12,13,113,True
2025,ramadan_raya,raya_lead_up,1564,Perak,12,13,135,138,135,True,,12,13,135,True
2025,ramadan_raya,raya_lead_up,1564,Perlis,12,13,30,30,30,True,,12,13,30,True
2025,ramadan_raya,raya_lead_up,1564,Pulau Pinang,12,13,95,95,95,True,,12,13,95,True
2025,ramadan_raya,raya_lead_up,1564,Sabah,12,14,129,139,125,True,,12,14,125,True
2025,ramadan_raya,raya_lead_up,1564,Sarawak,12,14,155,160,154,True,,12,14,154,True
2025,ramadan_raya,raya_lead_up,1564,Selangor,12,13,82,84,82,True,,12,13,82,True
2025,ramadan_raya,raya_lead_up,1564,Terengganu,12,12,73,76,71,True,,12,12,71,True
2025,ramadan_raya,raya_lead_up,1564,W.P. Kuala Lumpur,12,13,118,119,118,True,,12,13,118,True
2025,ramadan_raya,raya_lead_up,1564,W.P. Labuan,12,13,14,13,13,True,,12,13,13,True
2025,ramadan_raya,raya_lead_up,1564,W.P. Putrajaya,12,13,20,20,20,True,,12,13,20,True
2025,ramadan_raya,raya_lead_up,1131,Johor,12,12,154,154,147,True,,12,12,147,True
2025,ramadan_raya,raya_lead_up,1131,Kedah,12,13,68,68,63,True,,12,13,63,True
2025,ramadan_raya,raya_lead_up,1131,Kelantan,12,12,76,83,70,True,,12,12,70,True
2025,ramadan_raya,raya_lead_up,1131,Melaka,11,14,22,25,22,True,,11,14,22,True
2025,ramadan_raya,raya_lead_up,1131,Negeri Sembilan,12,14,32,37,31,True,,12,14,31,True
2025,ramadan_raya,raya_lead_up,1131,Pahang,12,13,115,117,113,True,,12,13,113,True
2025,ramadan_raya,raya_lead_up,1131,Perak,12,13,122,121,113,True,,12,13,113,True
2025,ramadan_raya,raya_lead_up,1131,Perlis,12,13,33,30,30,True,,12,13,30,True
2025,ramadan_raya,raya_lead_up,1131,Pulau Pinang,12,13,91,92,89,True,,12,13,89,True
2025,ramadan_raya,raya_lead_up,1131,Sabah,12,14,115,123,109,True,,12,14,109,True
2025,ramadan_raya,raya_lead_up,1131,Sarawak,12,14,162,164,159,True,,12,14,159,True
2025,ramadan_raya,raya_lead_up,1131,Selangor,12,13,74,76,72,True,,12,13,72,True
2025,ramadan_raya,raya_lead_up,1131,Terengganu,12,12,81,86,79,True,,12,12,79,True
2025,ramadan_raya,raya_lead_up,1131,W.P. Kuala Lumpur,12,13,103,106,102,True,,12,13,102,True
2025,ramadan_raya,raya_lead_up,1131,W.P. Labuan,12,13,13,13,13,True,,12,13,13,True
2025,ramadan_raya,raya_lead_up,1131,W.P. Putrajaya,12,13,20,20,20,True,,12,13,20,True
2025,ramadan_raya,raya_lead_up,94,Johor,12,12,90,98,90,True,,12,12,90,True
2025,ramadan_raya,raya_lead_up,94,Kedah,12,13,33,35,31,True,,12,13,31,True
2025,ramadan_raya,raya_lead_up,94,Kelantan,12,12,29,28,26,True,,12,12,26,True
2025,ramadan_raya,raya_lead_up,94,Melaka,11,14,17,18,15,True,,11,14,15,True
2025,ramadan_raya,raya_lead_up,94,Negeri Sembilan,12,14,37,38,37,True,,12,14,37,True
2025,ramadan_raya,raya_lead_up,94,Pahang,12,13,98,100,95,True,,12,13,95,True
2025,ramadan_raya,raya_lead_up,94,Perak,12,13,68,69,63,True,,12,13,63,True
2025,ramadan_raya,raya_lead_up,94,Perlis,12,13,24,23,23,True,,12,13,23,True
2025,ramadan_raya,raya_lead_up,94,Pulau Pinang,12,13,44,46,38,True,,12,13,38,True
2025,ramadan_raya,raya_lead_up,94,Sabah,12,13,17,21,10,True,,12,13,10,True
2025,ramadan_raya,raya_lead_up,94,Sarawak,12,14,106,105,98,True,,12,14,98,True
2025,ramadan_raya,raya_lead_up,94,Selangor,12,13,74,73,72,True,,12,13,72,True
2025,ramadan_raya,raya_lead_up,94,Terengganu,12,12,49,51,47,True,,12,12,47,True
2025,ramadan_raya,raya_lead_up,94,W.P. Kuala Lumpur,12,13,102,103,97,True,,12,13,97,True
2025,ramadan_raya,raya_lead_up,94,W.P. Labuan,0,0,0,0,0,False,reference_dates_below_4; target_dates_below_4; reference_premises_below_5; target_premises_below_5; common_premises_below_5,0,0,0,False
2025,ramadan_raya,raya_lead_up,94,W.P. Putrajaya,0,0,0,0,0,False,reference_dates_below_4; target_dates_below_4; reference_premises_below_5; target_premises_below_5; common_premises_below_5,0,0,0,False
2025,ramadan_raya,raya_lead_up,114,Johor,12,12,163,164,163,True,,12,12,163,True
2025,ramadan_raya,raya_lead_up,114,Kedah,12,13,72,71,70,True,,12,13,70,True
2025,ramadan_raya,raya_lead_up,114,Kelantan,12,12,86,90,85,True,,12,12,85,True
2025,ramadan_raya,raya_lead_up,114,Melaka,11,14,25,25,25,True,,11,14,25,True
2025,ramadan_raya,raya_lead_up,114,Negeri Sembilan,12,14,39,41,39,True,,12,14,39,True
2025,ramadan_raya,raya_lead_up,114,Pahang,12,13,113,113,113,True,,12,13,113,True
2025,ramadan_raya,raya_lead_up,114,Perak,12,13,99,102,99,True,,12,13,99,True
2025,ramadan_raya,raya_lead_up,114,Perlis,12,13,26,26,26,True,,12,13,26,True
2025,ramadan_raya,raya_lead_up,114,Pulau Pinang,12,13,86,86,86,True,,12,13,86,True
2025,ramadan_raya,raya_lead_up,114,Sabah,12,14,84,97,78,True,,12,14,78,True
2025,ramadan_raya,raya_lead_up,114,Sarawak,12,14,112,110,101,True,,12,14,101,True
2025,ramadan_raya,raya_lead_up,114,Selangor,12,13,84,85,84,True,,12,13,84,True
2025,ramadan_raya,raya_lead_up,114,Terengganu,12,12,89,93,88,True,,12,12,88,True
2025,ramadan_raya,raya_lead_up,114,W.P. Kuala Lumpur,12,13,123,125,123,True,,12,13,123,True
2025,ramadan_raya,raya_lead_up,114,W.P. Labuan,12,13,9,9,8,True,,12,13,8,True
2025,ramadan_raya,raya_lead_up,114,W.P. Putrajaya,12,13,20,20,20,True,,12,13,20,True
2025,ramadan_raya,raya_lead_up,103,Johor,12,12,20,38,18,True,,12,12,18,True
2025,ramadan_raya,raya_lead_up,103,Kedah,12,13,8,12,8,True,,12,13,8,True
2025,ramadan_raya,raya_lead_up,103,Kelantan,12,12,6,7,6,True,,12,12,6,True
2025,ramadan_raya,raya_lead_up,103,Melaka,0,2,0,1,0,False,reference_dates_below_4; target_dates_below_4; reference_premises_below_5; target_premises_below_5; common_premises_below_5,0,0,0,False
2025,ramadan_raya,raya_lead_up,103,Negeri Sembilan,12,14,19,19,18,True,,12,14,18,True
2025,ramadan_raya,raya_lead_up,103,Pahang,12,13,36,37,34,True,,12,13,34,True
2025,ramadan_raya,raya_lead_up,103,Perak,12,13,49,54,48,True,,12,13,48,True
2025,ramadan_raya,raya_lead_up,103,Perlis,0,0,0,0,0,False,reference_dates_below_4; target_dates_below_4; reference_premises_below_5; target_premises_below_5; common_premises_below_5,0,0,0,False
2025,ramadan_raya,raya_lead_up,103,Pulau Pinang,12,13,20,22,20,True,,12,13,20,True
2025,ramadan_raya,raya_lead_up,103,Sabah,12,10,1,2,1,False,reference_premises_below_5; target_premises_below_5; common_premises_below_5,12,6,1,False
2025,ramadan_raya,raya_lead_up,103,Sarawak,12,0,2,0,0,False,target_dates_below_4; reference_premises_below_5; target_premises_below_5; common_premises_below_5,0,0,0,False
2025,ramadan_raya,raya_lead_up,103,Selangor,12,13,37,33,29,True,,12,13,29,True
2025,ramadan_raya,raya_lead_up,103,Terengganu,12,12,9,8,6,True,,12,12,6,True
2025,ramadan_raya,raya_lead_up,103,W.P. Kuala Lumpur,12,13,47,48,41,True,,12,13,41,True
2025,ramadan_raya,raya_lead_up,103,W.P. Labuan,0,0,0,0,0,False,reference_dates_below_4; target_dates_below_4; reference_premises_below_5; target_premises_below_5; common_premises_below_5,0,0,0,False
2025,ramadan_raya,raya_lead_up,103,W.P. Putrajaya,12,13,6,6,6,True,,12,13,6,True
2025,ramadan_raya,raya_lead_up,1431,Johor,12,12,15,16,13,True,,12,12,13,True
2025,ramadan_raya,raya_lead_up,1431,Kedah,12,13,14,15,14,True,,12,13,14,True
2025,ramadan_raya,raya_lead_up,1431,Kelantan,12,12,16,18,16,True,,12,12,16,True
2025,ramadan_raya,raya_lead_up,1431,Melaka,11,14,7,6,6,True,,11,14,6,True
2025,ramadan_raya,raya_lead_up,1431,Negeri Sembilan,12,14,8,8,8,True,,12,14,8,True
2025,ramadan_raya,raya_lead_up,1431,Pahang,12,13,9,9,9,True,,12,13,9,True
2025,ramadan_raya,raya_lead_up,1431,Perak,12,13,20,21,20,True,,12,13,20,True
2025,ramadan_raya,raya_lead_up,1431,Perlis,12,13,5,5,5,True,,12,13,5,True
2025,ramadan_raya,raya_lead_up,1431,Pulau Pinang,12,13,18,18,17,True,,12,13,17,True
2025,ramadan_raya,raya_lead_up,1431,Sabah,12,14,3,3,3,False,reference_premises_below_5; target_premises_below_5; common_premises_below_5,12,14,3,False
2025,ramadan_raya,raya_lead_up,1431,Sarawak,11,14,1,1,1,False,reference_premises_below_5; target_premises_below_5; common_premises_below_5,11,14,1,False
2025,ramadan_raya,raya_lead_up,1431,Selangor,12,13,15,15,15,True,,12,13,15,True
2025,ramadan_raya,raya_lead_up,1431,Terengganu,12,12,14,16,11,True,,12,12,11,True
2025,ramadan_raya,raya_lead_up,1431,W.P. Kuala Lumpur,12,12,9,9,6,True,,11,11,6,True
2025,ramadan_raya,raya_lead_up,1431,W.P. Labuan,0,0,0,0,0,False,reference_dates_below_4; target_dates_below_4; reference_premises_below_5; target_premises_below_5; common_premises_below_5,0,0,0,False
2025,ramadan_raya,raya_lead_up,1431,W.P. Putrajaya,9,13,2,1,1,False,reference_premises_below_5; target_premises_below_5; common_premises_below_5,9,13,1,False
2025,ramadan_raya,raya_lead_up,1555,Johor,12,12,129,132,126,True,,12,12,126,True
2025,ramadan_raya,raya_lead_up,1555,Kedah,12,13,47,45,42,True,,12,13,42,True
2025,ramadan_raya,raya_lead_up,1555,Kelantan,12,12,73,73,70,True,,12,12,70,True
2025,ramadan_raya,raya_lead_up,1555,Melaka,11,14,18,19,18,True,,11,14,18,True
2025,ramadan_raya,raya_lead_up,1555,Negeri Sembilan,12,14,23,25,23,True,,12,14,23,True
2025,ramadan_raya,raya_lead_up,1555,Pahang,12,13,82,84,78,True,,12,13,78,True
2025,ramadan_raya,raya_lead_up,1555,Perak,12,13,86,84,84,True,,12,13,84,True
2025,ramadan_raya,raya_lead_up,1555,Perlis,12,13,14,16,14,True,,12,13,14,True
2025,ramadan_raya,raya_lead_up,1555,Pulau Pinang,12,13,62,56,56,True,,12,13,56,True
2025,ramadan_raya,raya_lead_up,1555,Sabah,12,14,34,36,29,True,,12,14,29,True
2025,ramadan_raya,raya_lead_up,1555,Sarawak,12,14,54,58,50,True,,12,14,50,True
2025,ramadan_raya,raya_lead_up,1555,Selangor,12,13,75,76,73,True,,12,13,73,True
2025,ramadan_raya,raya_lead_up,1555,Terengganu,12,12,49,49,40,True,,12,12,40,True
2025,ramadan_raya,raya_lead_up,1555,W.P. Kuala Lumpur,12,13,79,84,73,True,,12,13,73,True
2025,ramadan_raya,raya_lead_up,1555,W.P. Labuan,10,6,7,4,4,False,target_premises_below_5; common_premises_below_5,7,6,4,False
2025,ramadan_raya,raya_lead_up,1555,W.P. Putrajaya,12,13,14,15,14,True,,12,13,14,True
2025,ramadan_raya,raya_lead_up,193,Johor,3,3,47,47,45,False,reference_dates_below_4; target_dates_below_4,3,3,45,False
2025,ramadan_raya,raya_lead_up,193,Kedah,2,3,82,85,80,False,reference_dates_below_4; target_dates_below_4,2,3,80,False
2025,ramadan_raya,raya_lead_up,193,Kelantan,2,3,9,8,8,False,reference_dates_below_4; target_dates_below_4,2,3,8,False
2025,ramadan_raya,raya_lead_up,193,Melaka,2,3,6,6,6,False,reference_dates_below_4; target_dates_below_4,2,3,6,False
2025,ramadan_raya,raya_lead_up,193,Negeri Sembilan,2,3,18,22,17,False,reference_dates_below_4; target_dates_below_4,2,3,17,False
2025,ramadan_raya,raya_lead_up,193,Pahang,2,3,60,61,58,False,reference_dates_below_4; target_dates_below_4,2,3,58,False
2025,ramadan_raya,raya_lead_up,193,Perak,2,3,106,107,102,False,reference_dates_below_4; target_dates_below_4,2,3,102,False
2025,ramadan_raya,raya_lead_up,193,Perlis,2,3,36,37,35,False,reference_dates_below_4; target_dates_below_4,2,3,35,False
2025,ramadan_raya,raya_lead_up,193,Pulau Pinang,2,3,65,66,61,False,reference_dates_below_4; target_dates_below_4,2,3,61,False
2025,ramadan_raya,raya_lead_up,193,Sabah,2,3,56,61,53,False,reference_dates_below_4; target_dates_below_4,2,3,53,False
2025,ramadan_raya,raya_lead_up,193,Sarawak,2,3,98,98,87,False,reference_dates_below_4; target_dates_below_4,2,3,87,False
2025,ramadan_raya,raya_lead_up,193,Selangor,2,3,52,57,50,False,reference_dates_below_4; target_dates_below_4,2,3,50,False
2025,ramadan_raya,raya_lead_up,193,Terengganu,2,3,8,8,7,False,reference_dates_below_4; target_dates_below_4,2,3,7,False
2025,ramadan_raya,raya_lead_up,193,W.P. Kuala Lumpur,2,3,84,88,84,False,reference_dates_below_4; target_dates_below_4,2,3,84,False
2025,ramadan_raya,raya_lead_up,193,W.P. Labuan,2,3,3,2,2,False,reference_dates_below_4; target_dates_below_4; reference_premises_below_5; target_premises_below_5; common_premises_below_5,2,3,2,False
2025,ramadan_raya,raya_lead_up,193,W.P. Putrajaya,2,3,11,13,10,False,reference_dates_below_4; target_dates_below_4,2,3,10,False
2025,ramadan_raya,after_raya,1,Johor,12,14,144,143,142,True,,12,14,142,True
2025,ramadan_raya,after_raya,1,Kedah,12,14,63,63,62,True,,12,14,62,True
2025,ramadan_raya,after_raya,1,Kelantan,12,14,77,77,76,True,,12,14,76,True
2025,ramadan_raya,after_raya,1,Melaka,11,13,20,20,20,True,,11,13,20,True
2025,ramadan_raya,after_raya,1,Negeri Sembilan,12,14,34,34,32,True,,12,14,32,True
2025,ramadan_raya,after_raya,1,Pahang,12,14,101,102,100,True,,12,14,100,True
2025,ramadan_raya,after_raya,1,Perak,12,14,93,94,93,True,,12,14,93,True
2025,ramadan_raya,after_raya,1,Perlis,12,14,17,18,17,True,,12,14,17,True
2025,ramadan_raya,after_raya,1,Pulau Pinang,12,14,66,65,65,True,,12,14,65,True
2025,ramadan_raya,after_raya,1,Sabah,12,13,10,9,9,True,,12,13,9,True
2025,ramadan_raya,after_raya,1,Sarawak,12,14,18,16,15,True,,12,14,15,True
2025,ramadan_raya,after_raya,1,Selangor,12,14,80,80,80,True,,12,14,80,True
2025,ramadan_raya,after_raya,1,Terengganu,12,14,88,89,88,True,,12,14,88,True
2025,ramadan_raya,after_raya,1,W.P. Kuala Lumpur,12,14,94,94,93,True,,12,14,93,True
2025,ramadan_raya,after_raya,1,W.P. Labuan,12,14,2,2,2,False,reference_premises_below_5; target_premises_below_5; common_premises_below_5,12,14,2,False
2025,ramadan_raya,after_raya,1,W.P. Putrajaya,12,14,15,15,15,True,,12,14,15,True
2025,ramadan_raya,after_raya,1111,Johor,12,14,124,124,115,True,,12,14,115,True
2025,ramadan_raya,after_raya,1111,Kedah,12,14,40,44,37,True,,12,14,37,True
2025,ramadan_raya,after_raya,1111,Kelantan,12,14,71,71,58,True,,12,14,58,True
2025,ramadan_raya,after_raya,1111,Melaka,11,13,16,16,15,True,,11,13,15,True
2025,ramadan_raya,after_raya,1111,Negeri Sembilan,12,14,26,27,24,True,,12,14,24,True
2025,ramadan_raya,after_raya,1111,Pahang,12,14,84,84,76,True,,12,14,76,True
2025,ramadan_raya,after_raya,1111,Perak,12,14,97,106,92,True,,12,14,92,True
2025,ramadan_raya,after_raya,1111,Perlis,12,14,13,12,11,True,,12,14,11,True
2025,ramadan_raya,after_raya,1111,Pulau Pinang,12,14,47,54,47,True,,12,14,47,True
2025,ramadan_raya,after_raya,1111,Sabah,12,13,9,13,4,False,common_premises_below_5,12,13,4,False
2025,ramadan_raya,after_raya,1111,Sarawak,12,14,16,23,11,True,,12,14,11,True
2025,ramadan_raya,after_raya,1111,Selangor,12,14,63,63,61,True,,12,14,61,True
2025,ramadan_raya,after_raya,1111,Terengganu,12,14,64,65,55,True,,12,14,55,True
2025,ramadan_raya,after_raya,1111,W.P. Kuala Lumpur,12,14,86,86,80,True,,12,14,80,True
2025,ramadan_raya,after_raya,1111,W.P. Labuan,7,0,2,0,0,False,target_dates_below_4; reference_premises_below_5; target_premises_below_5; common_premises_below_5,0,0,0,False
2025,ramadan_raya,after_raya,1111,W.P. Putrajaya,12,14,10,9,9,True,,12,14,9,True
2025,ramadan_raya,after_raya,904,Johor,12,14,39,39,36,True,,12,14,36,True
2025,ramadan_raya,after_raya,904,Kedah,12,14,47,45,44,True,,12,14,44,True
2025,ramadan_raya,after_raya,904,Kelantan,12,14,22,26,20,True,,12,14,20,True
2025,ramadan_raya,after_raya,904,Melaka,11,13,7,7,7,True,,11,13,7,True
2025,ramadan_raya,after_raya,904,Negeri Sembilan,12,14,11,11,9,True,,12,14,9,True
2025,ramadan_raya,after_raya,904,Pahang,12,14,25,25,24,True,,12,14,24,True
2025,ramadan_raya,after_raya,904,Perak,12,14,56,56,55,True,,12,14,55,True
2025,ramadan_raya,after_raya,904,Perlis,2,2,14,11,11,False,reference_dates_below_4; target_dates_below_4,2,2,11,False
2025,ramadan_raya,after_raya,904,Pulau Pinang,12,14,38,38,37,True,,12,14,37,True
2025,ramadan_raya,after_raya,904,Sabah,0,0,0,0,0,False,reference_dates_below_4; target_dates_below_4; reference_premises_below_5; target_premises_below_5; common_premises_below_5,0,0,0,False
2025,ramadan_raya,after_raya,904,Sarawak,0,0,0,0,0,False,reference_dates_below_4; target_dates_below_4; reference_premises_below_5; target_premises_below_5; common_premises_below_5,0,0,0,False
2025,ramadan_raya,after_raya,904,Selangor,12,14,25,23,22,True,,12,14,22,True
2025,ramadan_raya,after_raya,904,Terengganu,12,14,23,24,21,True,,12,14,21,True
2025,ramadan_raya,after_raya,904,W.P. Kuala Lumpur,12,14,40,37,37,True,,12,14,37,True
2025,ramadan_raya,after_raya,904,W.P. Labuan,0,0,0,0,0,False,reference_dates_below_4; target_dates_below_4; reference_premises_below_5; target_premises_below_5; common_premises_below_5,0,0,0,False
2025,ramadan_raya,after_raya,904,W.P. Putrajaya,12,14,8,9,8,True,,12,14,8,True
2025,ramadan_raya,after_raya,918,Johor,5,4,55,38,23,True,,5,4,23,True
2025,ramadan_raya,after_raya,918,Kedah,2,2,35,34,26,False,reference_dates_below_4; target_dates_below_4,2,2,26,False
2025,ramadan_raya,after_raya,918,Kelantan,2,2,69,80,55,False,reference_dates_below_4; target_dates_below_4,2,2,55,False
2025,ramadan_raya,after_raya,918,Melaka,2,3,14,11,10,False,reference_dates_below_4; target_dates_below_4,2,3,10,False
2025,ramadan_raya,after_raya,918,Negeri Sembilan,2,2,6,7,4,False,reference_dates_below_4; target_dates_below_4; common_premises_below_5,2,2,4,False
2025,ramadan_raya,after_raya,918,Pahang,3,2,24,38,16,False,reference_dates_below_4; target_dates_below_4,2,2,16,False
2025,ramadan_raya,after_raya,918,Perak,2,2,23,18,14,False,reference_dates_below_4; target_dates_below_4,2,2,14,False
2025,ramadan_raya,after_raya,918,Perlis,2,2,19,29,19,False,reference_dates_below_4; target_dates_below_4,2,2,19,False
2025,ramadan_raya,after_raya,918,Pulau Pinang,2,2,26,28,21,False,reference_dates_below_4; target_dates_below_4,2,2,21,False
2025,ramadan_raya,after_raya,918,Sabah,2,2,16,16,13,False,reference_dates_below_4; target_dates_below_4,2,2,13,False
2025,ramadan_raya,after_raya,918,Sarawak,2,2,48,53,34,False,reference_dates_below_4; target_dates_below_4,2,2,34,False
2025,ramadan_raya,after_raya,918,Selangor,2,2,18,14,7,False,reference_dates_below_4; target_dates_below_4,2,2,7,False
2025,ramadan_raya,after_raya,918,Terengganu,2,2,38,37,24,False,reference_dates_below_4; target_dates_below_4,2,2,24,False
2025,ramadan_raya,after_raya,918,W.P. Kuala Lumpur,2,2,18,16,9,False,reference_dates_below_4; target_dates_below_4,2,2,9,False
2025,ramadan_raya,after_raya,918,W.P. Labuan,2,2,5,4,4,False,reference_dates_below_4; target_dates_below_4; target_premises_below_5; common_premises_below_5,2,2,4,False
2025,ramadan_raya,after_raya,918,W.P. Putrajaya,1,2,2,1,1,False,reference_dates_below_4; target_dates_below_4; reference_premises_below_5; target_premises_below_5; common_premises_below_5,1,2,1,False
2025,ramadan_raya,after_raya,1589,Johor,6,4,167,165,162,True,,6,4,162,True
2025,ramadan_raya,after_raya,1589,Kedah,2,2,84,84,82,False,reference_dates_below_4; target_dates_below_4,2,2,82,False
2025,ramadan_raya,after_raya,1589,Kelantan,2,2,141,146,137,False,reference_dates_below_4; target_dates_below_4,2,2,137,False
2025,ramadan_raya,after_raya,1589,Melaka,2,3,24,26,24,False,reference_dates_below_4; target_dates_below_4,2,3,24,False
2025,ramadan_raya,after_raya,1589,Negeri Sembilan,2,2,36,38,34,False,reference_dates_below_4; target_dates_below_4,2,2,34,False
2025,ramadan_raya,after_raya,1589,Pahang,4,4,139,141,136,True,,4,4,136,True
2025,ramadan_raya,after_raya,1589,Perak,2,2,125,123,119,False,reference_dates_below_4; target_dates_below_4,2,2,119,False
2025,ramadan_raya,after_raya,1589,Perlis,2,2,37,39,37,False,reference_dates_below_4; target_dates_below_4,2,2,37,False
2025,ramadan_raya,after_raya,1589,Pulau Pinang,2,2,85,89,85,False,reference_dates_below_4; target_dates_below_4,2,2,85,False
2025,ramadan_raya,after_raya,1589,Sabah,2,2,70,82,65,False,reference_dates_below_4; target_dates_below_4,2,2,65,False
2025,ramadan_raya,after_raya,1589,Sarawak,2,2,104,108,85,False,reference_dates_below_4; target_dates_below_4,2,2,85,False
2025,ramadan_raya,after_raya,1589,Selangor,2,2,74,74,72,False,reference_dates_below_4; target_dates_below_4,2,2,72,False
2025,ramadan_raya,after_raya,1589,Terengganu,2,2,101,103,97,False,reference_dates_below_4; target_dates_below_4,2,2,97,False
2025,ramadan_raya,after_raya,1589,W.P. Kuala Lumpur,2,2,113,113,110,False,reference_dates_below_4; target_dates_below_4,2,2,110,False
2025,ramadan_raya,after_raya,1589,W.P. Labuan,2,2,13,12,11,False,reference_dates_below_4; target_dates_below_4,2,2,11,False
2025,ramadan_raya,after_raya,1589,W.P. Putrajaya,2,2,19,19,19,False,reference_dates_below_4; target_dates_below_4,2,2,19,False
2025,ramadan_raya,after_raya,917,Johor,6,4,165,162,159,True,,6,4,159,True
2025,ramadan_raya,after_raya,917,Kedah,2,2,73,77,70,False,reference_dates_below_4; target_dates_below_4,2,2,70,False
2025,ramadan_raya,after_raya,917,Kelantan,2,2,116,120,101,False,reference_dates_below_4; target_dates_below_4,2,2,101,False
2025,ramadan_raya,after_raya,917,Melaka,2,3,24,24,22,False,reference_dates_below_4; target_dates_below_4,2,3,22,False
2025,ramadan_raya,after_raya,917,Negeri Sembilan,2,2,39,41,38,False,reference_dates_below_4; target_dates_below_4,2,2,38,False
2025,ramadan_raya,after_raya,917,Pahang,4,4,132,131,126,True,,4,4,126,True
2025,ramadan_raya,after_raya,917,Perak,2,2,123,122,114,False,reference_dates_below_4; target_dates_below_4,2,2,114,False
2025,ramadan_raya,after_raya,917,Perlis,2,2,35,34,33,False,reference_dates_below_4; target_dates_below_4,2,2,33,False
2025,ramadan_raya,after_raya,917,Pulau Pinang,2,2,84,87,82,False,reference_dates_below_4; target_dates_below_4,2,2,82,False
2025,ramadan_raya,after_raya,917,Sabah,2,2,48,43,38,False,reference_dates_below_4; target_dates_below_4,2,2,38,False
2025,ramadan_raya,after_raya,917,Sarawak,2,2,45,57,38,False,reference_dates_below_4; target_dates_below_4,2,2,38,False
2025,ramadan_raya,after_raya,917,Selangor,2,2,71,68,65,False,reference_dates_below_4; target_dates_below_4,2,2,65,False
2025,ramadan_raya,after_raya,917,Terengganu,2,2,93,107,90,False,reference_dates_below_4; target_dates_below_4,2,2,90,False
2025,ramadan_raya,after_raya,917,W.P. Kuala Lumpur,2,2,102,96,89,False,reference_dates_below_4; target_dates_below_4,2,2,89,False
2025,ramadan_raya,after_raya,917,W.P. Labuan,2,2,4,3,3,False,reference_dates_below_4; target_dates_below_4; reference_premises_below_5; target_premises_below_5; common_premises_below_5,2,2,3,False
2025,ramadan_raya,after_raya,917,W.P. Putrajaya,2,2,16,16,14,False,reference_dates_below_4; target_dates_below_4,2,2,14,False
2025,ramadan_raya,after_raya,129,Johor,12,14,160,160,158,True,,12,14,158,True
2025,ramadan_raya,after_raya,129,Kedah,12,14,88,86,86,True,,12,14,86,True
2025,ramadan_raya,after_raya,129,Kelantan,12,14,123,127,116,True,,12,14,116,True
2025,ramadan_raya,after_raya,129,Melaka,11,13,26,26,26,True,,11,13,26,True
2025,ramadan_raya,after_raya,129,Negeri Sembilan,12,14,37,39,37,True,,12,14,37,True
2025,ramadan_raya,after_raya,129,Pahang,12,14,112,114,112,True,,12,14,112,True
2025,ramadan_raya,after_raya,129,Perak,12,14,114,115,112,True,,12,14,112,True
2025,ramadan_raya,after_raya,129,Perlis,12,14,33,33,32,True,,12,14,32,True
2025,ramadan_raya,after_raya,129,Pulau Pinang,12,14,85,86,85,True,,12,14,85,True
2025,ramadan_raya,after_raya,129,Sabah,12,13,129,134,121,True,,12,13,121,True
2025,ramadan_raya,after_raya,129,Sarawak,12,14,165,162,157,True,,12,14,157,True
2025,ramadan_raya,after_raya,129,Selangor,12,14,82,81,81,True,,12,14,81,True
2025,ramadan_raya,after_raya,129,Terengganu,12,14,109,110,108,True,,12,14,108,True
2025,ramadan_raya,after_raya,129,W.P. Kuala Lumpur,12,14,121,123,120,True,,12,14,120,True
2025,ramadan_raya,after_raya,129,W.P. Labuan,12,14,13,13,13,True,,12,14,13,True
2025,ramadan_raya,after_raya,129,W.P. Putrajaya,12,14,20,19,19,True,,12,14,19,True
2025,ramadan_raya,after_raya,1564,Johor,12,14,166,165,163,True,,12,14,163,True
2025,ramadan_raya,after_raya,1564,Kedah,12,14,77,74,73,True,,12,14,73,True
2025,ramadan_raya,after_raya,1564,Kelantan,12,14,60,64,55,True,,12,14,55,True
2025,ramadan_raya,after_raya,1564,Melaka,11,13,27,27,27,True,,11,13,27,True
2025,ramadan_raya,after_raya,1564,Negeri Sembilan,12,14,39,38,37,True,,12,14,37,True
2025,ramadan_raya,after_raya,1564,Pahang,12,14,114,117,113,True,,12,14,113,True
2025,ramadan_raya,after_raya,1564,Perak,12,14,135,132,131,True,,12,14,131,True
2025,ramadan_raya,after_raya,1564,Perlis,12,14,30,28,28,True,,12,14,28,True
2025,ramadan_raya,after_raya,1564,Pulau Pinang,12,14,95,95,94,True,,12,14,94,True
2025,ramadan_raya,after_raya,1564,Sabah,12,13,129,136,122,True,,12,13,122,True
2025,ramadan_raya,after_raya,1564,Sarawak,12,14,155,153,145,True,,12,14,145,True
2025,ramadan_raya,after_raya,1564,Selangor,12,14,82,84,82,True,,12,14,82,True
2025,ramadan_raya,after_raya,1564,Terengganu,12,14,73,76,70,True,,12,14,70,True
2025,ramadan_raya,after_raya,1564,W.P. Kuala Lumpur,12,14,118,118,117,True,,12,14,117,True
2025,ramadan_raya,after_raya,1564,W.P. Labuan,12,14,14,13,13,True,,12,14,13,True
2025,ramadan_raya,after_raya,1564,W.P. Putrajaya,12,14,20,20,20,True,,12,14,20,True
2025,ramadan_raya,after_raya,1131,Johor,12,14,154,154,147,True,,12,14,147,True
2025,ramadan_raya,after_raya,1131,Kedah,12,14,68,63,60,True,,12,14,60,True
2025,ramadan_raya,after_raya,1131,Kelantan,12,14,76,71,60,True,,12,14,60,True
2025,ramadan_raya,after_raya,1131,Melaka,11,13,22,25,22,True,,11,13,22,True
2025,ramadan_raya,after_raya,1131,Negeri Sembilan,12,14,32,34,29,True,,12,14,29,True
2025,ramadan_raya,after_raya,1131,Pahang,12,14,115,117,113,True,,12,14,113,True
2025,ramadan_raya,after_raya,1131,Perak,12,14,122,116,111,True,,12,14,111,True
2025,ramadan_raya,after_raya,1131,Perlis,12,14,33,35,31,True,,12,14,31,True
2025,ramadan_raya,after_raya,1131,Pulau Pinang,12,14,91,88,84,True,,12,14,84,True
2025,ramadan_raya,after_raya,1131,Sabah,12,13,115,124,107,True,,12,13,107,True
2025,ramadan_raya,after_raya,1131,Sarawak,12,14,162,163,158,True,,12,14,158,True
2025,ramadan_raya,after_raya,1131,Selangor,12,14,74,80,73,True,,12,14,73,True
2025,ramadan_raya,after_raya,1131,Terengganu,12,14,81,84,77,True,,12,14,77,True
2025,ramadan_raya,after_raya,1131,W.P. Kuala Lumpur,12,14,103,106,102,True,,12,14,102,True
2025,ramadan_raya,after_raya,1131,W.P. Labuan,12,14,13,13,13,True,,12,14,13,True
2025,ramadan_raya,after_raya,1131,W.P. Putrajaya,12,14,20,20,20,True,,12,14,20,True
2025,ramadan_raya,after_raya,94,Johor,12,14,90,94,84,True,,12,14,84,True
2025,ramadan_raya,after_raya,94,Kedah,12,14,33,40,30,True,,12,14,30,True
2025,ramadan_raya,after_raya,94,Kelantan,12,14,29,29,26,True,,12,14,26,True
2025,ramadan_raya,after_raya,94,Melaka,11,13,17,16,14,True,,11,13,14,True
2025,ramadan_raya,after_raya,94,Negeri Sembilan,12,14,37,37,34,True,,12,14,34,True
2025,ramadan_raya,after_raya,94,Pahang,12,14,98,99,91,True,,12,14,91,True
2025,ramadan_raya,after_raya,94,Perak,12,14,68,71,64,True,,12,14,64,True
2025,ramadan_raya,after_raya,94,Perlis,12,14,24,22,21,True,,12,14,21,True
2025,ramadan_raya,after_raya,94,Pulau Pinang,12,14,44,44,40,True,,12,14,40,True
2025,ramadan_raya,after_raya,94,Sabah,12,13,17,18,12,True,,12,13,12,True
2025,ramadan_raya,after_raya,94,Sarawak,12,14,106,102,93,True,,12,14,93,True
2025,ramadan_raya,after_raya,94,Selangor,12,14,74,75,73,True,,12,14,73,True
2025,ramadan_raya,after_raya,94,Terengganu,12,14,49,53,45,True,,12,14,45,True
2025,ramadan_raya,after_raya,94,W.P. Kuala Lumpur,12,14,102,101,96,True,,12,14,96,True
2025,ramadan_raya,after_raya,94,W.P. Labuan,0,0,0,0,0,False,reference_dates_below_4; target_dates_below_4; reference_premises_below_5; target_premises_below_5; common_premises_below_5,0,0,0,False
2025,ramadan_raya,after_raya,94,W.P. Putrajaya,0,0,0,0,0,False,reference_dates_below_4; target_dates_below_4; reference_premises_below_5; target_premises_below_5; common_premises_below_5,0,0,0,False
2025,ramadan_raya,after_raya,114,Johor,12,14,163,163,162,True,,12,14,162,True
2025,ramadan_raya,after_raya,114,Kedah,12,14,72,72,70,True,,12,14,70,True
2025,ramadan_raya,after_raya,114,Kelantan,12,14,86,89,83,True,,12,14,83,True
2025,ramadan_raya,after_raya,114,Melaka,11,13,25,25,25,True,,11,13,25,True
2025,ramadan_raya,after_raya,114,Negeri Sembilan,12,14,39,39,37,True,,12,14,37,True
2025,ramadan_raya,after_raya,114,Pahang,12,14,113,112,112,True,,12,14,112,True
2025,ramadan_raya,after_raya,114,Perak,12,14,99,102,99,True,,12,14,99,True
2025,ramadan_raya,after_raya,114,Perlis,12,14,26,26,26,True,,12,14,26,True
2025,ramadan_raya,after_raya,114,Pulau Pinang,12,14,86,86,86,True,,12,14,86,True
2025,ramadan_raya,after_raya,114,Sabah,12,13,84,94,76,True,,12,13,76,True
2025,ramadan_raya,after_raya,114,Sarawak,12,14,112,106,102,True,,12,14,102,True
2025,ramadan_raya,after_raya,114,Selangor,12,14,84,84,84,True,,12,14,84,True
2025,ramadan_raya,after_raya,114,Terengganu,12,14,89,94,88,True,,12,14,88,True
2025,ramadan_raya,after_raya,114,W.P. Kuala Lumpur,12,14,123,124,122,True,,12,14,122,True
2025,ramadan_raya,after_raya,114,W.P. Labuan,12,14,9,8,8,True,,12,14,8,True
2025,ramadan_raya,after_raya,114,W.P. Putrajaya,12,14,20,20,20,True,,12,14,20,True
2025,ramadan_raya,after_raya,103,Johor,12,14,20,36,16,True,,12,14,16,True
2025,ramadan_raya,after_raya,103,Kedah,12,14,8,11,7,True,,12,14,7,True
2025,ramadan_raya,after_raya,103,Kelantan,12,14,6,5,4,False,common_premises_below_5,12,14,4,False
2025,ramadan_raya,after_raya,103,Melaka,0,0,0,0,0,False,reference_dates_below_4; target_dates_below_4; reference_premises_below_5; target_premises_below_5; common_premises_below_5,0,0,0,False
2025,ramadan_raya,after_raya,103,Negeri Sembilan,12,14,19,19,17,True,,12,14,17,True
2025,ramadan_raya,after_raya,103,Pahang,12,14,36,29,28,True,,12,14,28,True
2025,ramadan_raya,after_raya,103,Perak,12,14,49,52,46,True,,12,14,46,True
2025,ramadan_raya,after_raya,103,Perlis,0,0,0,0,0,False,reference_dates_below_4; target_dates_below_4; reference_premises_below_5; target_premises_below_5; common_premises_below_5,0,0,0,False
2025,ramadan_raya,after_raya,103,Pulau Pinang,12,14,20,22,20,True,,12,14,20,True
2025,ramadan_raya,after_raya,103,Sabah,12,7,1,1,1,False,reference_premises_below_5; target_premises_below_5; common_premises_below_5,12,7,1,False
2025,ramadan_raya,after_raya,103,Sarawak,12,0,2,0,0,False,target_dates_below_4; reference_premises_below_5; target_premises_below_5; common_premises_below_5,0,0,0,False
2025,ramadan_raya,after_raya,103,Selangor,12,14,37,32,29,True,,12,14,29,True
2025,ramadan_raya,after_raya,103,Terengganu,12,14,9,5,5,True,,12,14,5,True
2025,ramadan_raya,after_raya,103,W.P. Kuala Lumpur,12,14,47,51,42,True,,12,14,42,True
2025,ramadan_raya,after_raya,103,W.P. Labuan,0,0,0,0,0,False,reference_dates_below_4; target_dates_below_4; reference_premises_below_5; target_premises_below_5; common_premises_below_5,0,0,0,False
2025,ramadan_raya,after_raya,103,W.P. Putrajaya,12,14,6,6,6,True,,12,14,6,True
2025,ramadan_raya,after_raya,1431,Johor,12,14,15,13,12,True,,12,14,12,True
2025,ramadan_raya,after_raya,1431,Kedah,12,14,14,13,13,True,,12,14,13,True
2025,ramadan_raya,after_raya,1431,Kelantan,12,14,16,18,15,True,,12,14,15,True
2025,ramadan_raya,after_raya,1431,Melaka,11,13,7,6,6,True,,11,13,6,True
2025,ramadan_raya,after_raya,1431,Negeri Sembilan,12,14,8,8,7,True,,12,14,7,True
2025,ramadan_raya,after_raya,1431,Pahang,12,14,9,9,9,True,,12,14,9,True
2025,ramadan_raya,after_raya,1431,Perak,12,14,20,20,20,True,,12,14,20,True
2025,ramadan_raya,after_raya,1431,Perlis,12,14,5,4,4,False,target_premises_below_5; common_premises_below_5,12,14,4,False
2025,ramadan_raya,after_raya,1431,Pulau Pinang,12,14,18,17,16,True,,12,14,16,True
2025,ramadan_raya,after_raya,1431,Sabah,12,13,3,3,3,False,reference_premises_below_5; target_premises_below_5; common_premises_below_5,12,13,3,False
2025,ramadan_raya,after_raya,1431,Sarawak,11,11,1,1,1,False,reference_premises_below_5; target_premises_below_5; common_premises_below_5,11,11,1,False
2025,ramadan_raya,after_raya,1431,Selangor,12,14,15,17,14,True,,12,14,14,True
2025,ramadan_raya,after_raya,1431,Terengganu,12,14,14,15,13,True,,12,14,13,True
2025,ramadan_raya,after_raya,1431,W.P. Kuala Lumpur,12,12,9,5,4,False,common_premises_below_5,11,12,4,False
2025,ramadan_raya,after_raya,1431,W.P. Labuan,0,0,0,0,0,False,reference_dates_below_4; target_dates_below_4; reference_premises_below_5; target_premises_below_5; common_premises_below_5,0,0,0,False
2025,ramadan_raya,after_raya,1431,W.P. Putrajaya,9,6,2,2,1,False,reference_premises_below_5; target_premises_below_5; common_premises_below_5,9,5,1,False
2025,ramadan_raya,after_raya,1555,Johor,12,14,129,125,120,True,,12,14,120,True
2025,ramadan_raya,after_raya,1555,Kedah,12,14,47,43,42,True,,12,14,42,True
2025,ramadan_raya,after_raya,1555,Kelantan,12,14,73,69,68,True,,12,14,68,True
2025,ramadan_raya,after_raya,1555,Melaka,11,13,18,19,18,True,,11,13,18,True
2025,ramadan_raya,after_raya,1555,Negeri Sembilan,12,14,23,24,22,True,,12,14,22,True
2025,ramadan_raya,after_raya,1555,Pahang,12,14,82,77,73,True,,12,14,73,True
2025,ramadan_raya,after_raya,1555,Perak,12,14,86,83,83,True,,12,14,83,True
2025,ramadan_raya,after_raya,1555,Perlis,12,14,14,15,14,True,,12,14,14,True
2025,ramadan_raya,after_raya,1555,Pulau Pinang,12,14,62,57,56,True,,12,14,56,True
2025,ramadan_raya,after_raya,1555,Sabah,12,13,34,28,23,True,,12,13,23,True
2025,ramadan_raya,after_raya,1555,Sarawak,12,14,54,58,47,True,,12,14,47,True
2025,ramadan_raya,after_raya,1555,Selangor,12,14,75,78,75,True,,12,14,75,True
2025,ramadan_raya,after_raya,1555,Terengganu,12,14,49,50,44,True,,12,14,44,True
2025,ramadan_raya,after_raya,1555,W.P. Kuala Lumpur,12,14,79,84,72,True,,12,14,72,True
2025,ramadan_raya,after_raya,1555,W.P. Labuan,10,8,7,4,3,False,target_premises_below_5; common_premises_below_5,7,8,3,False
2025,ramadan_raya,after_raya,1555,W.P. Putrajaya,12,14,14,15,14,True,,12,14,14,True
2025,ramadan_raya,after_raya,193,Johor,3,2,47,44,42,False,reference_dates_below_4; target_dates_below_4,3,2,42,False
2025,ramadan_raya,after_raya,193,Kedah,2,2,82,81,78,False,reference_dates_below_4; target_dates_below_4,2,2,78,False
2025,ramadan_raya,after_raya,193,Kelantan,2,2,9,11,9,False,reference_dates_below_4; target_dates_below_4,2,2,9,False
2025,ramadan_raya,after_raya,193,Melaka,2,2,6,7,6,False,reference_dates_below_4; target_dates_below_4,2,2,6,False
2025,ramadan_raya,after_raya,193,Negeri Sembilan,2,2,18,19,15,False,reference_dates_below_4; target_dates_below_4,2,2,15,False
2025,ramadan_raya,after_raya,193,Pahang,2,2,60,61,57,False,reference_dates_below_4; target_dates_below_4,2,2,57,False
2025,ramadan_raya,after_raya,193,Perak,2,2,106,102,97,False,reference_dates_below_4; target_dates_below_4,2,2,97,False
2025,ramadan_raya,after_raya,193,Perlis,2,2,36,36,34,False,reference_dates_below_4; target_dates_below_4,2,2,34,False
2025,ramadan_raya,after_raya,193,Pulau Pinang,2,2,65,67,62,False,reference_dates_below_4; target_dates_below_4,2,2,62,False
2025,ramadan_raya,after_raya,193,Sabah,2,2,56,54,48,False,reference_dates_below_4; target_dates_below_4,2,2,48,False
2025,ramadan_raya,after_raya,193,Sarawak,2,2,98,95,85,False,reference_dates_below_4; target_dates_below_4,2,2,85,False
2025,ramadan_raya,after_raya,193,Selangor,2,2,52,59,50,False,reference_dates_below_4; target_dates_below_4,2,2,50,False
2025,ramadan_raya,after_raya,193,Terengganu,2,2,8,7,7,False,reference_dates_below_4; target_dates_below_4,2,2,7,False
2025,ramadan_raya,after_raya,193,W.P. Kuala Lumpur,2,2,84,85,77,False,reference_dates_below_4; target_dates_below_4,2,2,77,False
2025,ramadan_raya,after_raya,193,W.P. Labuan,2,2,3,2,2,False,reference_dates_below_4; target_dates_below_4; reference_premises_below_5; target_premises_below_5; common_premises_below_5,2,2,2,False
2025,ramadan_raya,after_raya,193,W.P. Putrajaya,2,2,11,13,11,False,reference_dates_below_4; target_dates_below_4,2,2,11,False
