item_code,premise_type_clean,observations,recorded_days,premises,month,has_records
1,Borong,23,4,9,2023-01,True
1,Foodcourt,0,0,0,2023-01,False
1,Hypermarket,2889,29,106,2023-01,True
1,Kedai Runcit,214,5,46,2023-01,True
1,Kedai Serbaneka,0,0,0,2023-01,False
1,Medan Selera,0,0,0,2023-01,False
1,Pasar Basah,6758,29,256,2023-01,True
1,Pasar Mini,399,27,72,2023-01,True
1,Pasar Raya / Supermarket,8439,29,319,2023-01,True
1,Restoran Cina,0,0,0,2023-01,False
1,Restoran India Muslim,0,0,0,2023-01,False
1,Restoran Melayu,0,0,0,2023-01,False
1111,Borong,0,0,0,2023-01,False
1111,Foodcourt,0,0,0,2023-01,False
1111,Hypermarket,626,28,77,2023-01,True
1111,Kedai Runcit,127,5,41,2023-01,True
1111,Kedai Serbaneka,0,0,0,2023-01,False
1111,Medan Selera,0,0,0,2023-01,False
1111,Pasar Basah,688,29,70,2023-01,True
1111,Pasar Mini,88,5,40,2023-01,True
1111,Pasar Raya / Supermarket,1324,29,222,2023-01,True
1111,Restoran Cina,0,0,0,2023-01,False
1111,Restoran India Muslim,0,0,0,2023-01,False
1111,Restoran Melayu,0,0,0,2023-01,False
904,Borong,0,0,0,2023-01,False
904,Foodcourt,0,0,0,2023-01,False
904,Hypermarket,335,5,78,2023-01,True
904,Kedai Runcit,77,5,21,2023-01,True
904,Kedai Serbaneka,0,0,0,2023-01,False
904,Medan Selera,0,0,0,2023-01,False
904,Pasar Basah,21,7,6,2023-01,True
904,Pasar Mini,219,5,50,2023-01,True
904,Pasar Raya / Supermarket,777,5,191,2023-01,True
904,Restoran Cina,0,0,0,2023-01,False
904,Restoran India Muslim,0,0,0,2023-01,False
904,Restoran Melayu,0,0,0,2023-01,False
918,Borong,0,0,0,2023-01,False
918,Foodcourt,0,0,0,2023-01,False
918,Hypermarket,824,29,91,2023-01,True
918,Kedai Runcit,494,6,137,2023-01,True
918,Kedai Serbaneka,0,0,0,2023-01,False
918,Medan Selera,0,0,0,2023-01,False
918,Pasar Basah,262,9,77,2023-01,True
918,Pasar Mini,473,26,138,2023-01,True
918,Pasar Raya / Supermarket,4145,29,332,2023-01,True
918,Restoran Cina,0,0,0,2023-01,False
918,Restoran India Muslim,0,0,0,2023-01,False
918,Restoran Melayu,0,0,0,2023-01,False
1589,Borong,0,0,0,2023-01,False
1589,Foodcourt,0,0,0,2023-01,False
1589,Hypermarket,627,5,128,2023-01,True
1589,Kedai Runcit,1215,5,257,2023-01,True
1589,Kedai Serbaneka,0,0,0,2023-01,False
1589,Medan Selera,0,0,0,2023-01,False
1589,Pasar Basah,822,9,182,2023-01,True
1589,Pasar Mini,1278,7,274,2023-01,True
1589,Pasar Raya / Supermarket,2274,8,469,2023-01,True
1589,Restoran Cina,0,0,0,2023-01,False
1589,Restoran India Muslim,0,0,0,2023-01,False
1589,Restoran Melayu,0,0,0,2023-01,False
917,Borong,0,0,0,2023-01,False
917,Foodcourt,0,0,0,2023-01,False
917,Hypermarket,394,5,88,2023-01,True
917,Kedai Runcit,740,5,166,2023-01,True
917,Kedai Serbaneka,0,0,0,2023-01,False
917,Medan Selera,0,0,0,2023-01,False
917,Pasar Basah,672,10,156,2023-01,True
917,Pasar Mini,885,6,213,2023-01,True
917,Pasar Raya / Supermarket,1824,8,411,2023-01,True
917,Restoran Cina,0,0,0,2023-01,False
917,Restoran India Muslim,0,0,0,2023-01,False
917,Restoran Melayu,0,0,0,2023-01,False
129,Borong,0,0,0,2023-01,False
129,Foodcourt,0,0,0,2023-01,False
129,Hypermarket,3578,29,132,2023-01,True
129,Kedai Runcit,955,5,208,2023-01,True
129,Kedai Serbaneka,0,0,0,2023-01,False
129,Medan Selera,0,0,0,2023-01,False
129,Pasar Basah,7530,29,289,2023-01,True
129,Pasar Mini,926,27,186,2023-01,True
129,Pasar Raya / Supermarket,11808,29,458,2023-01,True
129,Restoran Cina,0,0,0,2023-01,False
129,Restoran India Muslim,0,0,0,2023-01,False
129,Restoran Melayu,0,0,0,2023-01,False
1564,Borong,30,4,9,2023-01,True
1564,Foodcourt,0,0,0,2023-01,False
1564,Hypermarket,3571,29,133,2023-01,True
1564,Kedai Runcit,763,5,174,2023-01,True
1564,Kedai Serbaneka,0,0,0,2023-01,False
1564,Medan Selera,0,0,0,2023-01,False
1564,Pasar Basah,6943,29,274,2023-01,True
1564,Pasar Mini,888,27,181,2023-01,True
1564,Pasar Raya / Supermarket,11970,29,456,2023-01,True
1564,Restoran Cina,0,0,0,2023-01,False
1564,Restoran India Muslim,0,0,0,2023-01,False
1564,Restoran Melayu,0,0,0,2023-01,False
1131,Borong,22,4,7,2023-01,True
1131,Foodcourt,0,0,0,2023-01,False
1131,Hypermarket,3355,29,130,2023-01,True
1131,Kedai Runcit,618,5,149,2023-01,True
1131,Kedai Serbaneka,0,0,0,2023-01,False
1131,Medan Selera,0,0,0,2023-01,False
1131,Pasar Basah,5932,29,247,2023-01,True
1131,Pasar Mini,751,27,157,2023-01,True
1131,Pasar Raya / Supermarket,10611,29,437,2023-01,True
1131,Restoran Cina,0,0,0,2023-01,False
1131,Restoran India Muslim,0,0,0,2023-01,False
1131,Restoran Melayu,0,0,0,2023-01,False
94,Borong,19,4,7,2023-01,True
94,Foodcourt,0,0,0,2023-01,False
94,Hypermarket,2211,29,96,2023-01,True
94,Kedai Runcit,166,5,39,2023-01,True
94,Kedai Serbaneka,0,0,0,2023-01,False
94,Medan Selera,0,0,0,2023-01,False
94,Pasar Basah,2772,29,147,2023-01,True
94,Pasar Mini,292,25,63,2023-01,True
94,Pasar Raya / Supermarket,7128,29,321,2023-01,True
94,Restoran Cina,0,0,0,2023-01,False
94,Restoran India Muslim,0,0,0,2023-01,False
94,Restoran Melayu,0,0,0,2023-01,False
114,Borong,38,4,12,2023-01,True
114,Foodcourt,0,0,0,2023-01,False
114,Hypermarket,3209,29,130,2023-01,True
114,Kedai Runcit,366,5,88,2023-01,True
114,Kedai Serbaneka,0,0,0,2023-01,False
114,Medan Selera,0,0,0,2023-01,False
114,Pasar Basah,7579,29,296,2023-01,True
114,Pasar Mini,562,27,120,2023-01,True
114,Pasar Raya / Supermarket,11131,29,445,2023-01,True
114,Restoran Cina,0,0,0,2023-01,False
114,Restoran India Muslim,0,0,0,2023-01,False
114,Restoran Melayu,0,0,0,2023-01,False
103,Borong,16,4,4,2023-01,True
103,Foodcourt,0,0,0,2023-01,False
103,Hypermarket,351,29,18,2023-01,True
103,Kedai Runcit,26,5,6,2023-01,True
103,Kedai Serbaneka,0,0,0,2023-01,False
103,Medan Selera,0,0,0,2023-01,False
103,Pasar Basah,3335,29,129,2023-01,True
103,Pasar Mini,35,6,7,2023-01,True
103,Pasar Raya / Supermarket,2353,29,100,2023-01,True
103,Restoran Cina,0,0,0,2023-01,False
103,Restoran India Muslim,0,0,0,2023-01,False
103,Restoran Melayu,0,0,0,2023-01,False
1431,Borong,7,4,3,2023-01,True
1431,Foodcourt,0,0,0,2023-01,False
1431,Hypermarket,51,27,5,2023-01,True
1431,Kedai Runcit,0,0,0,2023-01,False
1431,Kedai Serbaneka,0,0,0,2023-01,False
1431,Medan Selera,0,0,0,2023-01,False
1431,Pasar Basah,3116,29,132,2023-01,True
1431,Pasar Mini,5,5,1,2023-01,True
1431,Pasar Raya / Supermarket,107,28,7,2023-01,True
1431,Restoran Cina,0,0,0,2023-01,False
1431,Restoran India Muslim,0,0,0,2023-01,False
1431,Restoran Melayu,0,0,0,2023-01,False
1555,Borong,23,4,7,2023-01,True
1555,Foodcourt,0,0,0,2023-01,False
1555,Hypermarket,2445,29,116,2023-01,True
1555,Kedai Runcit,152,5,42,2023-01,True
1555,Kedai Serbaneka,0,0,0,2023-01,False
1555,Medan Selera,0,0,0,2023-01,False
1555,Pasar Basah,5084,29,246,2023-01,True
1555,Pasar Mini,288,27,65,2023-01,True
1555,Pasar Raya / Supermarket,6047,29,324,2023-01,True
1555,Restoran Cina,0,0,0,2023-01,False
1555,Restoran India Muslim,0,0,0,2023-01,False
1555,Restoran Melayu,0,0,0,2023-01,False
193,Borong,0,0,0,2023-01,False
193,Foodcourt,0,0,0,2023-01,False
193,Hypermarket,515,5,117,2023-01,True
193,Kedai Runcit,315,5,75,2023-01,True
193,Kedai Serbaneka,0,0,0,2023-01,False
193,Medan Selera,0,0,0,2023-01,False
193,Pasar Basah,317,6,76,2023-01,True
193,Pasar Mini,612,7,136,2023-01,True
193,Pasar Raya / Supermarket,1344,7,304,2023-01,True
193,Restoran Cina,0,0,0,2023-01,False
193,Restoran India Muslim,0,0,0,2023-01,False
193,Restoran Melayu,0,0,0,2023-01,False
1,Borong,31,5,9,2023-02,True
1,Foodcourt,0,0,0,2023-02,False
1,Hypermarket,2629,27,106,2023-02,True
1,Kedai Runcit,187,20,44,2023-02,True
1,Kedai Serbaneka,0,0,0,2023-02,False
1,Medan Selera,0,0,0,2023-02,False
1,Pasar Basah,6162,27,256,2023-02,True
1,Pasar Mini,321,27,71,2023-02,True
1,Pasar Raya / Supermarket,7811,27,320,2023-02,True
1,Restoran Cina,0,0,0,2023-02,False
1,Restoran India Muslim,0,0,0,2023-02,False
1,Restoran Melayu,0,0,0,2023-02,False
1111,Borong,0,0,0,2023-02,False
1111,Foodcourt,0,0,0,2023-02,False
1111,Hypermarket,786,27,81,2023-02,True
1111,Kedai Runcit,113,13,37,2023-02,True
1111,Kedai Serbaneka,0,0,0,2023-02,False
1111,Medan Selera,0,0,0,2023-02,False
1111,Pasar Basah,925,27,82,2023-02,True
1111,Pasar Mini,87,11,45,2023-02,True
1111,Pasar Raya / Supermarket,1897,27,247,2023-02,True
1111,Restoran Cina,0,0,0,2023-02,False
1111,Restoran India Muslim,0,0,0,2023-02,False
1111,Restoran Melayu,0,0,0,2023-02,False
904,Borong,0,0,0,2023-02,False
904,Foodcourt,0,0,0,2023-02,False
904,Hypermarket,258,6,77,2023-02,True
904,Kedai Runcit,64,4,18,2023-02,True
904,Kedai Serbaneka,0,0,0,2023-02,False
904,Medan Selera,0,0,0,2023-02,False
904,Pasar Basah,18,7,5,2023-02,True
904,Pasar Mini,177,4,53,2023-02,True
904,Pasar Raya / Supermarket,620,5,182,2023-02,True
904,Restoran Cina,0,0,0,2023-02,False
904,Restoran India Muslim,0,0,0,2023-02,False
904,Restoran Melayu,0,0,0,2023-02,False
918,Borong,0,0,0,2023-02,False
918,Foodcourt,0,0,0,2023-02,False
918,Hypermarket,979,27,94,2023-02,True
918,Kedai Runcit,452,10,135,2023-02,True
918,Kedai Serbaneka,0,0,0,2023-02,False
918,Medan Selera,0,0,0,2023-02,False
918,Pasar Basah,218,7,74,2023-02,True
918,Pasar Mini,397,27,126,2023-02,True
918,Pasar Raya / Supermarket,4372,27,344,2023-02,True
918,Restoran Cina,0,0,0,2023-02,False
918,Restoran India Muslim,0,0,0,2023-02,False
918,Restoran Melayu,0,0,0,2023-02,False
1589,Borong,0,0,0,2023-02,False
1589,Foodcourt,0,0,0,2023-02,False
1589,Hypermarket,514,6,130,2023-02,True
1589,Kedai Runcit,994,4,254,2023-02,True
1589,Kedai Serbaneka,0,0,0,2023-02,False
1589,Medan Selera,0,0,0,2023-02,False
1589,Pasar Basah,644,7,179,2023-02,True
1589,Pasar Mini,1031,6,271,2023-02,True
1589,Pasar Raya / Supermarket,1811,9,466,2023-02,True
1589,Restoran Cina,0,0,0,2023-02,False
1589,Restoran India Muslim,0,0,0,2023-02,False
1589,Restoran Melayu,0,0,0,2023-02,False
917,Borong,0,0,0,2023-02,False
917,Foodcourt,0,0,0,2023-02,False
917,Hypermarket,327,6,89,2023-02,True
917,Kedai Runcit,600,4,169,2023-02,True
917,Kedai Serbaneka,0,0,0,2023-02,False
917,Medan Selera,0,0,0,2023-02,False
917,Pasar Basah,548,8,154,2023-02,True
917,Pasar Mini,733,6,207,2023-02,True
917,Pasar Raya / Supermarket,1494,7,412,2023-02,True
917,Restoran Cina,0,0,0,2023-02,False
917,Restoran India Muslim,0,0,0,2023-02,False
917,Restoran Melayu,0,0,0,2023-02,False
129,Borong,0,0,0,2023-02,False
129,Foodcourt,0,0,0,2023-02,False
129,Hypermarket,3339,27,132,2023-02,True
129,Kedai Runcit,785,21,202,2023-02,True
129,Kedai Serbaneka,0,0,0,2023-02,False
129,Medan Selera,0,0,0,2023-02,False
129,Pasar Basah,6956,27,290,2023-02,True
129,Pasar Mini,770,27,182,2023-02,True
129,Pasar Raya / Supermarket,11141,27,453,2023-02,True
129,Restoran Cina,0,0,0,2023-02,False
129,Restoran India Muslim,0,0,0,2023-02,False
129,Restoran Melayu,0,0,0,2023-02,False
1564,Borong,34,4,10,2023-02,True
1564,Foodcourt,0,0,0,2023-02,False
1564,Hypermarket,3311,27,133,2023-02,True
1564,Kedai Runcit,645,20,168,2023-02,True
1564,Kedai Serbaneka,0,0,0,2023-02,False
1564,Medan Selera,0,0,0,2023-02,False
1564,Pasar Basah,6392,27,272,2023-02,True
1564,Pasar Mini,730,27,172,2023-02,True
1564,Pasar Raya / Supermarket,11138,27,447,2023-02,True
1564,Restoran Cina,0,0,0,2023-02,False
1564,Restoran India Muslim,0,0,0,2023-02,False
1564,Restoran Melayu,0,0,0,2023-02,False
1131,Borong,22,4,7,2023-02,True
1131,Foodcourt,0,0,0,2023-02,False
1131,Hypermarket,2827,27,126,2023-02,True
1131,Kedai Runcit,564,20,149,2023-02,True
1131,Kedai Serbaneka,0,0,0,2023-02,False
1131,Medan Selera,0,0,0,2023-02,False
1131,Pasar Basah,5587,27,239,2023-02,True
1131,Pasar Mini,648,27,156,2023-02,True
1131,Pasar Raya / Supermarket,9627,27,418,2023-02,True
1131,Restoran Cina,0,0,0,2023-02,False
1131,Restoran India Muslim,0,0,0,2023-02,False
1131,Restoran Melayu,0,0,0,2023-02,False
94,Borong,25,4,9,2023-02,True
94,Foodcourt,0,0,0,2023-02,False
94,Hypermarket,2083,27,97,2023-02,True
94,Kedai Runcit,125,4,37,2023-02,True
94,Kedai Serbaneka,0,0,0,2023-02,False
94,Medan Selera,0,0,0,2023-02,False
94,Pasar Basah,2562,27,144,2023-02,True
94,Pasar Mini,249,27,64,2023-02,True
94,Pasar Raya / Supermarket,6692,27,313,2023-02,True
94,Restoran Cina,0,0,0,2023-02,False
94,Restoran India Muslim,0,0,0,2023-02,False
94,Restoran Melayu,0,0,0,2023-02,False
114,Borong,43,5,13,2023-02,True
114,Foodcourt,0,0,0,2023-02,False
114,Hypermarket,2964,27,129,2023-02,True
114,Kedai Runcit,290,20,83,2023-02,True
114,Kedai Serbaneka,0,0,0,2023-02,False
114,Medan Selera,0,0,0,2023-02,False
114,Pasar Basah,6904,27,298,2023-02,True
114,Pasar Mini,469,27,120,2023-02,True
114,Pasar Raya / Supermarket,9886,27,432,2023-02,True
114,Restoran Cina,0,0,0,2023-02,False
114,Restoran India Muslim,0,0,0,2023-02,False
114,Restoran Melayu,0,0,0,2023-02,False
103,Borong,18,4,5,2023-02,True
103,Foodcourt,0,0,0,2023-02,False
103,Hypermarket,304,27,18,2023-02,True
103,Kedai Runcit,21,4,6,2023-02,True
103,Kedai Serbaneka,0,0,0,2023-02,False
103,Medan Selera,0,0,0,2023-02,False
103,Pasar Basah,3046,27,128,2023-02,True
103,Pasar Mini,27,4,8,2023-02,True
103,Pasar Raya / Supermarket,2205,27,99,2023-02,True
103,Restoran Cina,0,0,0,2023-02,False
103,Restoran India Muslim,0,0,0,2023-02,False
103,Restoran Melayu,0,0,0,2023-02,False
1431,Borong,12,5,4,2023-02,True
1431,Foodcourt,0,0,0,2023-02,False
1431,Hypermarket,69,27,4,2023-02,True
1431,Kedai Runcit,0,0,0,2023-02,False
1431,Kedai Serbaneka,0,0,0,2023-02,False
1431,Medan Selera,0,0,0,2023-02,False
1431,Pasar Basah,2918,27,135,2023-02,True
1431,Pasar Mini,4,4,1,2023-02,True
1431,Pasar Raya / Supermarket,102,27,5,2023-02,True
1431,Restoran Cina,0,0,0,2023-02,False
1431,Restoran India Muslim,0,0,0,2023-02,False
1431,Restoran Melayu,0,0,0,2023-02,False
1555,Borong,32,5,10,2023-02,True
1555,Foodcourt,0,0,0,2023-02,False
1555,Hypermarket,2451,27,118,2023-02,True
1555,Kedai Runcit,133,14,43,2023-02,True
1555,Kedai Serbaneka,0,0,0,2023-02,False
1555,Medan Selera,0,0,0,2023-02,False
1555,Pasar Basah,4957,27,240,2023-02,True
1555,Pasar Mini,261,27,64,2023-02,True
1555,Pasar Raya / Supermarket,5998,27,322,2023-02,True
1555,Restoran Cina,0,0,0,2023-02,False
1555,Restoran India Muslim,0,0,0,2023-02,False
1555,Restoran Melayu,0,0,0,2023-02,False
193,Borong,0,0,0,2023-02,False
193,Foodcourt,0,0,0,2023-02,False
193,Hypermarket,438,6,118,2023-02,True
193,Kedai Runcit,266,4,76,2023-02,True
193,Kedai Serbaneka,0,0,0,2023-02,False
193,Medan Selera,0,0,0,2023-02,False
193,Pasar Basah,254,4,75,2023-02,True
193,Pasar Mini,496,5,132,2023-02,True
193,Pasar Raya / Supermarket,1120,8,303,2023-02,True
193,Restoran Cina,0,0,0,2023-02,False
193,Restoran India Muslim,0,0,0,2023-02,False
193,Restoran Melayu,0,0,0,2023-02,False
1,Borong,35,5,9,2023-03,True
1,Foodcourt,0,0,0,2023-03,False
1,Hypermarket,3088,31,105,2023-03,True
1,Kedai Runcit,198,28,46,2023-03,True
1,Kedai Serbaneka,0,0,0,2023-03,False
1,Medan Selera,0,0,0,2023-03,False
1,Pasar Basah,7402,31,256,2023-03,True
1,Pasar Mini,291,30,71,2023-03,True
1,Pasar Raya / Supermarket,9208,31,322,2023-03,True
1,Restoran Cina,0,0,0,2023-03,False
1,Restoran India Muslim,0,0,0,2023-03,False
1,Restoran Melayu,0,0,0,2023-03,False
1111,Borong,0,0,0,2023-03,False
1111,Foodcourt,0,0,0,2023-03,False
1111,Hypermarket,940,31,79,2023-03,True
1111,Kedai Runcit,128,8,46,2023-03,True
1111,Kedai Serbaneka,0,0,0,2023-03,False
1111,Medan Selera,0,0,0,2023-03,False
1111,Pasar Basah,1369,31,82,2023-03,True
1111,Pasar Mini,116,8,54,2023-03,True
1111,Pasar Raya / Supermarket,2722,31,255,2023-03,True
1111,Restoran Cina,0,0,0,2023-03,False
1111,Restoran India Muslim,0,0,0,2023-03,False
1111,Restoran Melayu,0,0,0,2023-03,False
904,Borong,0,0,0,2023-03,False
904,Foodcourt,0,0,0,2023-03,False
904,Hypermarket,244,4,71,2023-03,True
904,Kedai Runcit,66,4,22,2023-03,True
904,Kedai Serbaneka,0,0,0,2023-03,False
904,Medan Selera,0,0,0,2023-03,False
904,Pasar Basah,20,8,5,2023-03,True
904,Pasar Mini,179,4,50,2023-03,True
904,Pasar Raya / Supermarket,611,5,180,2023-03,True
904,Restoran Cina,0,0,0,2023-03,False
904,Restoran India Muslim,0,0,0,2023-03,False
904,Restoran Melayu,0,0,0,2023-03,False
918,Borong,0,0,0,2023-03,False
918,Foodcourt,0,0,0,2023-03,False
918,Hypermarket,1300,31,104,2023-03,True
918,Kedai Runcit,465,18,132,2023-03,True
918,Kedai Serbaneka,0,0,0,2023-03,False
918,Medan Selera,0,0,0,2023-03,False
918,Pasar Basah,250,10,80,2023-03,True
918,Pasar Mini,429,31,126,2023-03,True
918,Pasar Raya / Supermarket,5277,31,351,2023-03,True
918,Restoran Cina,0,0,0,2023-03,False
918,Restoran India Muslim,0,0,0,2023-03,False
918,Restoran Melayu,0,0,0,2023-03,False
1589,Borong,0,0,0,2023-03,False
1589,Foodcourt,0,0,0,2023-03,False
1589,Hypermarket,514,6,129,2023-03,True
1589,Kedai Runcit,1008,4,259,2023-03,True
1589,Kedai Serbaneka,0,0,0,2023-03,False
1589,Medan Selera,0,0,0,2023-03,False
1589,Pasar Basah,611,12,159,2023-03,True
1589,Pasar Mini,1038,4,270,2023-03,True
1589,Pasar Raya / Supermarket,1830,9,467,2023-03,True
1589,Restoran Cina,0,0,0,2023-03,False
1589,Restoran India Muslim,0,0,0,2023-03,False
1589,Restoran Melayu,0,0,0,2023-03,False
917,Borong,0,0,0,2023-03,False
917,Foodcourt,0,0,0,2023-03,False
917,Hypermarket,331,5,88,2023-03,True
917,Kedai Runcit,624,4,169,2023-03,True
917,Kedai Serbaneka,0,0,0,2023-03,False
917,Medan Selera,0,0,0,2023-03,False
917,Pasar Basah,514,11,138,2023-03,True
917,Pasar Mini,742,4,208,2023-03,True
917,Pasar Raya / Supermarket,1554,9,419,2023-03,True
917,Restoran Cina,0,0,0,2023-03,False
917,Restoran India Muslim,0,0,0,2023-03,False
917,Restoran Melayu,0,0,0,2023-03,False
129,Borong,0,0,0,2023-03,False
129,Foodcourt,0,0,0,2023-03,False
129,Hypermarket,3959,31,133,2023-03,True
129,Kedai Runcit,799,29,204,2023-03,True
129,Kedai Serbaneka,0,0,0,2023-03,False
129,Medan Selera,0,0,0,2023-03,False
129,Pasar Basah,8285,31,285,2023-03,True
129,Pasar Mini,768,31,180,2023-03,True
129,Pasar Raya / Supermarket,13269,31,457,2023-03,True
129,Restoran Cina,0,0,0,2023-03,False
129,Restoran India Muslim,0,0,0,2023-03,False
129,Restoran Melayu,0,0,0,2023-03,False
1564,Borong,34,5,10,2023-03,True
1564,Foodcourt,0,0,0,2023-03,False
1564,Hypermarket,3966,31,133,2023-03,True
1564,Kedai Runcit,669,29,171,2023-03,True
1564,Kedai Serbaneka,0,0,0,2023-03,False
1564,Medan Selera,0,0,0,2023-03,False
1564,Pasar Basah,7738,31,269,2023-03,True
1564,Pasar Mini,754,31,176,2023-03,True
1564,Pasar Raya / Supermarket,13223,31,449,2023-03,True
1564,Restoran Cina,0,0,0,2023-03,False
1564,Restoran India Muslim,0,0,0,2023-03,False
1564,Restoran Melayu,0,0,0,2023-03,False
1131,Borong,26,5,7,2023-03,True
1131,Foodcourt,0,0,0,2023-03,False
1131,Hypermarket,2885,31,118,2023-03,True
1131,Kedai Runcit,589,29,154,2023-03,True
1131,Kedai Serbaneka,0,0,0,2023-03,False
1131,Medan Selera,0,0,0,2023-03,False
1131,Pasar Basah,6042,31,237,2023-03,True
1131,Pasar Mini,640,31,159,2023-03,True
1131,Pasar Raya / Supermarket,10536,31,398,2023-03,True
1131,Restoran Cina,0,0,0,2023-03,False
1131,Restoran India Muslim,0,0,0,2023-03,False
1131,Restoran Melayu,0,0,0,2023-03,False
94,Borong,29,5,9,2023-03,True
94,Foodcourt,0,0,0,2023-03,False
94,Hypermarket,2565,31,96,2023-03,True
94,Kedai Runcit,135,4,38,2023-03,True
94,Kedai Serbaneka,0,0,0,2023-03,False
94,Medan Selera,0,0,0,2023-03,False
94,Pasar Basah,3091,31,147,2023-03,True
94,Pasar Mini,265,30,66,2023-03,True
94,Pasar Raya / Supermarket,8232,31,310,2023-03,True
94,Restoran Cina,0,0,0,2023-03,False
94,Restoran India Muslim,0,0,0,2023-03,False
94,Restoran Melayu,0,0,0,2023-03,False
114,Borong,49,5,13,2023-03,True
114,Foodcourt,0,0,0,2023-03,False
114,Hypermarket,3610,31,128,2023-03,True
114,Kedai Runcit,301,8,87,2023-03,True
114,Kedai Serbaneka,0,0,0,2023-03,False
114,Medan Selera,0,0,0,2023-03,False
114,Pasar Basah,8476,31,297,2023-03,True
114,Pasar Mini,494,31,120,2023-03,True
114,Pasar Raya / Supermarket,12101,31,440,2023-03,True
114,Restoran Cina,0,0,0,2023-03,False
114,Restoran India Muslim,0,0,0,2023-03,False
114,Restoran Melayu,0,0,0,2023-03,False
103,Borong,19,5,5,2023-03,True
103,Foodcourt,0,0,0,2023-03,False
103,Hypermarket,401,31,25,2023-03,True
103,Kedai Runcit,20,4,5,2023-03,True
103,Kedai Serbaneka,0,0,0,2023-03,False
103,Medan Selera,0,0,0,2023-03,False
103,Pasar Basah,3667,31,127,2023-03,True
103,Pasar Mini,24,4,7,2023-03,True
103,Pasar Raya / Supermarket,2728,31,107,2023-03,True
103,Restoran Cina,0,0,0,2023-03,False
103,Restoran India Muslim,0,0,0,2023-03,False
103,Restoran Melayu,0,0,0,2023-03,False
1431,Borong,14,5,4,2023-03,True
1431,Foodcourt,0,0,0,2023-03,False
1431,Hypermarket,77,31,5,2023-03,True
1431,Kedai Runcit,0,0,0,2023-03,False
1431,Kedai Serbaneka,0,0,0,2023-03,False
1431,Medan Selera,0,0,0,2023-03,False
1431,Pasar Basah,3522,31,140,2023-03,True
1431,Pasar Mini,4,4,1,2023-03,True
1431,Pasar Raya / Supermarket,115,31,8,2023-03,True
1431,Restoran Cina,0,0,0,2023-03,False
1431,Restoran India Muslim,0,0,0,2023-03,False
1431,Restoran Melayu,0,0,0,2023-03,False
1555,Borong,36,5,10,2023-03,True
1555,Foodcourt,0,0,0,2023-03,False
1555,Hypermarket,2971,31,116,2023-03,True
1555,Kedai Runcit,124,6,43,2023-03,True
1555,Kedai Serbaneka,0,0,0,2023-03,False
1555,Medan Selera,0,0,0,2023-03,False
1555,Pasar Basah,5986,31,246,2023-03,True
1555,Pasar Mini,229,30,58,2023-03,True
1555,Pasar Raya / Supermarket,7360,31,326,2023-03,True
1555,Restoran Cina,0,0,0,2023-03,False
1555,Restoran India Muslim,0,0,0,2023-03,False
1555,Restoran Melayu,0,0,0,2023-03,False
193,Borong,0,0,0,2023-03,False
193,Foodcourt,0,0,0,2023-03,False
193,Hypermarket,417,5,117,2023-03,True
193,Kedai Runcit,282,4,74,2023-03,True
193,Kedai Serbaneka,0,0,0,2023-03,False
193,Medan Selera,0,0,0,2023-03,False
193,Pasar Basah,239,4,67,2023-03,True
193,Pasar Mini,484,4,129,2023-03,True
193,Pasar Raya / Supermarket,1136,7,304,2023-03,True
193,Restoran Cina,0,0,0,2023-03,False
193,Restoran India Muslim,0,0,0,2023-03,False
193,Restoran Melayu,0,0,0,2023-03,False
1,Borong,25,4,9,2023-04,True
1,Foodcourt,0,0,0,2023-04,False
1,Hypermarket,2485,26,104,2023-04,True
1,Kedai Runcit,227,22,44,2023-04,True
1,Kedai Serbaneka,0,0,0,2023-04,False
1,Medan Selera,0,0,0,2023-04,False
1,Pasar Basah,6006,26,254,2023-04,True
1,Pasar Mini,323,25,60,2023-04,True
1,Pasar Raya / Supermarket,7569,26,324,2023-04,True
1,Restoran Cina,0,0,0,2023-04,False
1,Restoran India Muslim,0,0,0,2023-04,False
1,Restoran Melayu,0,0,0,2023-04,False
1111,Borong,0,0,0,2023-04,False
1111,Foodcourt,0,0,0,2023-04,False
1111,Hypermarket,1160,26,88,2023-04,True
1111,Kedai Runcit,203,9,53,2023-04,True
1111,Kedai Serbaneka,0,0,0,2023-04,False
1111,Medan Selera,0,0,0,2023-04,False
1111,Pasar Basah,1366,26,87,2023-04,True
1111,Pasar Mini,231,23,68,2023-04,True
1111,Pasar Raya / Supermarket,3310,26,271,2023-04,True
1111,Restoran Cina,0,0,0,2023-04,False
1111,Restoran India Muslim,0,0,0,2023-04,False
1111,Restoran Melayu,0,0,0,2023-04,False
904,Borong,0,0,0,2023-04,False
904,Foodcourt,0,0,0,2023-04,False
904,Hypermarket,318,6,73,2023-04,True
904,Kedai Runcit,88,5,21,2023-04,True
904,Kedai Serbaneka,0,0,0,2023-04,False
904,Medan Selera,0,0,0,2023-04,False
904,Pasar Basah,18,5,4,2023-04,True
904,Pasar Mini,206,6,46,2023-04,True
904,Pasar Raya / Supermarket,755,7,181,2023-04,True
904,Restoran Cina,0,0,0,2023-04,False
904,Restoran India Muslim,0,0,0,2023-04,False
904,Restoran Melayu,0,0,0,2023-04,False
918,Borong,0,0,0,2023-04,False
918,Foodcourt,0,0,0,2023-04,False
918,Hypermarket,924,26,102,2023-04,True
918,Kedai Runcit,626,14,144,2023-04,True
918,Kedai Serbaneka,0,0,0,2023-04,False
918,Medan Selera,0,0,0,2023-04,False
918,Pasar Basah,340,9,88,2023-04,True
918,Pasar Mini,553,25,136,2023-04,True
918,Pasar Raya / Supermarket,4468,26,330,2023-04,True
918,Restoran Cina,0,0,0,2023-04,False
918,Restoran India Muslim,0,0,0,2023-04,False
918,Restoran Melayu,0,0,0,2023-04,False
1589,Borong,0,0,0,2023-04,False
1589,Foodcourt,0,0,0,2023-04,False
1589,Hypermarket,640,8,130,2023-04,True
1589,Kedai Runcit,1247,5,257,2023-04,True
1589,Kedai Serbaneka,0,0,0,2023-04,False
1589,Medan Selera,0,0,0,2023-04,False
1589,Pasar Basah,775,10,169,2023-04,True
1589,Pasar Mini,1300,6,271,2023-04,True
1589,Pasar Raya / Supermarket,2298,10,466,2023-04,True
1589,Restoran Cina,0,0,0,2023-04,False
1589,Restoran India Muslim,0,0,0,2023-04,False
1589,Restoran Melayu,0,0,0,2023-04,False
917,Borong,0,0,0,2023-04,False
917,Foodcourt,0,0,0,2023-04,False
917,Hypermarket,405,7,90,2023-04,True
917,Kedai Runcit,763,5,165,2023-04,True
917,Kedai Serbaneka,0,0,0,2023-04,False
917,Medan Selera,0,0,0,2023-04,False
917,Pasar Basah,685,12,154,2023-04,True
917,Pasar Mini,866,6,192,2023-04,True
917,Pasar Raya / Supermarket,1906,9,417,2023-04,True
917,Restoran Cina,0,0,0,2023-04,False
917,Restoran India Muslim,0,0,0,2023-04,False
917,Restoran Melayu,0,0,0,2023-04,False
129,Borong,0,0,0,2023-04,False
129,Foodcourt,0,0,0,2023-04,False
129,Hypermarket,3179,26,132,2023-04,True
129,Kedai Runcit,945,23,201,2023-04,True
129,Kedai Serbaneka,0,0,0,2023-04,False
129,Medan Selera,0,0,0,2023-04,False
129,Pasar Basah,6548,26,282,2023-04,True
129,Pasar Mini,914,26,183,2023-04,True
129,Pasar Raya / Supermarket,10552,26,455,2023-04,True
129,Restoran Cina,0,0,0,2023-04,False
129,Restoran India Muslim,0,0,0,2023-04,False
129,Restoran Melayu,0,0,0,2023-04,False
1564,Borong,28,4,10,2023-04,True
1564,Foodcourt,0,0,0,2023-04,False
1564,Hypermarket,3274,26,133,2023-04,True
1564,Kedai Runcit,831,23,174,2023-04,True
1564,Kedai Serbaneka,0,0,0,2023-04,False
1564,Medan Selera,0,0,0,2023-04,False
1564,Pasar Basah,6322,26,269,2023-04,True
1564,Pasar Mini,917,26,179,2023-04,True
1564,Pasar Raya / Supermarket,10845,26,451,2023-04,True
1564,Restoran Cina,0,0,0,2023-04,False
1564,Restoran India Muslim,0,0,0,2023-04,False
1564,Restoran Melayu,0,0,0,2023-04,False
1131,Borong,19,4,6,2023-04,True
1131,Foodcourt,0,0,0,2023-04,False
1131,Hypermarket,2367,26,115,2023-04,True
1131,Kedai Runcit,685,23,153,2023-04,True
1131,Kedai Serbaneka,0,0,0,2023-04,False
1131,Medan Selera,0,0,0,2023-04,False
1131,Pasar Basah,4948,26,231,2023-04,True
1131,Pasar Mini,779,26,160,2023-04,True
1131,Pasar Raya / Supermarket,8394,26,394,2023-04,True
1131,Restoran Cina,0,0,0,2023-04,False
1131,Restoran India Muslim,0,0,0,2023-04,False
1131,Restoran Melayu,0,0,0,2023-04,False
94,Borong,25,4,8,2023-04,True
94,Foodcourt,0,0,0,2023-04,False
94,Hypermarket,2160,26,99,2023-04,True
94,Kedai Runcit,168,5,42,2023-04,True
94,Kedai Serbaneka,0,0,0,2023-04,False
94,Medan Selera,0,0,0,2023-04,False
94,Pasar Basah,2308,26,130,2023-04,True
94,Pasar Mini,279,24,60,2023-04,True
94,Pasar Raya / Supermarket,6470,26,309,2023-04,True
94,Restoran Cina,0,0,0,2023-04,False
94,Restoran India Muslim,0,0,0,2023-04,False
94,Restoran Melayu,0,0,0,2023-04,False
114,Borong,40,4,13,2023-04,True
114,Foodcourt,0,0,0,2023-04,False
114,Hypermarket,3013,26,129,2023-04,True
114,Kedai Runcit,391,8,90,2023-04,True
114,Kedai Serbaneka,0,0,0,2023-04,False
114,Medan Selera,0,0,0,2023-04,False
114,Pasar Basah,6782,26,297,2023-04,True
114,Pasar Mini,600,26,123,2023-04,True
114,Pasar Raya / Supermarket,10203,26,451,2023-04,True
114,Restoran Cina,0,0,0,2023-04,False
114,Restoran India Muslim,0,0,0,2023-04,False
114,Restoran Melayu,0,0,0,2023-04,False
103,Borong,14,4,5,2023-04,True
103,Foodcourt,0,0,0,2023-04,False
103,Hypermarket,395,26,27,2023-04,True
103,Kedai Runcit,25,5,5,2023-04,True
103,Kedai Serbaneka,0,0,0,2023-04,False
103,Medan Selera,0,0,0,2023-04,False
103,Pasar Basah,2992,26,128,2023-04,True
103,Pasar Mini,41,5,9,2023-04,True
103,Pasar Raya / Supermarket,2193,26,112,2023-04,True
103,Restoran Cina,0,0,0,2023-04,False
103,Restoran India Muslim,0,0,0,2023-04,False
103,Restoran Melayu,0,0,0,2023-04,False
1431,Borong,6,3,3,2023-04,True
1431,Foodcourt,0,0,0,2023-04,False
1431,Hypermarket,70,26,7,2023-04,True
1431,Kedai Runcit,0,0,0,2023-04,False
1431,Kedai Serbaneka,0,0,0,2023-04,False
1431,Medan Selera,0,0,0,2023-04,False
1431,Pasar Basah,3060,26,146,2023-04,True
1431,Pasar Mini,5,5,1,2023-04,True
1431,Pasar Raya / Supermarket,98,26,12,2023-04,True
1431,Restoran Cina,0,0,0,2023-04,False
1431,Restoran India Muslim,0,0,0,2023-04,False
1431,Restoran Melayu,0,0,0,2023-04,False
1555,Borong,26,4,10,2023-04,True
1555,Foodcourt,0,0,0,2023-04,False
1555,Hypermarket,2424,26,116,2023-04,True
1555,Kedai Runcit,170,10,41,2023-04,True
1555,Kedai Serbaneka,0,0,0,2023-04,False
1555,Medan Selera,0,0,0,2023-04,False
1555,Pasar Basah,4811,26,244,2023-04,True
1555,Pasar Mini,260,26,58,2023-04,True
1555,Pasar Raya / Supermarket,5604,26,324,2023-04,True
1555,Restoran Cina,0,0,0,2023-04,False
1555,Restoran India Muslim,0,0,0,2023-04,False
1555,Restoran Melayu,0,0,0,2023-04,False
193,Borong,0,0,0,2023-04,False
193,Foodcourt,0,0,0,2023-04,False
193,Hypermarket,536,8,115,2023-04,True
193,Kedai Runcit,363,5,77,2023-04,True
193,Kedai Serbaneka,0,0,0,2023-04,False
193,Medan Selera,0,0,0,2023-04,False
193,Pasar Basah,302,6,70,2023-04,True
193,Pasar Mini,609,6,127,2023-04,True
193,Pasar Raya / Supermarket,1440,10,314,2023-04,True
193,Restoran Cina,0,0,0,2023-04,False
193,Restoran India Muslim,0,0,0,2023-04,False
193,Restoran Melayu,0,0,0,2023-04,False
1,Borong,24,4,9,2023-05,True
1,Foodcourt,0,0,0,2023-05,False
1,Hypermarket,2368,24,103,2023-05,True
1,Kedai Runcit,187,22,43,2023-05,True
1,Kedai Serbaneka,0,0,0,2023-05,False
1,Medan Selera,0,0,0,2023-05,False
1,Pasar Basah,5758,24,251,2023-05,True
1,Pasar Mini,275,24,62,2023-05,True
1,Pasar Raya / Supermarket,7304,24,322,2023-05,True
1,Restoran Cina,0,0,0,2023-05,False
1,Restoran India Muslim,0,0,0,2023-05,False
1,Restoran Melayu,0,0,0,2023-05,False
1111,Borong,0,0,0,2023-05,False
1111,Foodcourt,0,0,0,2023-05,False
1111,Hypermarket,1445,24,92,2023-05,True
1111,Kedai Runcit,193,15,64,2023-05,True
1111,Kedai Serbaneka,0,0,0,2023-05,False
1111,Medan Selera,0,0,0,2023-05,False
1111,Pasar Basah,1352,24,88,2023-05,True
1111,Pasar Mini,228,17,76,2023-05,True
1111,Pasar Raya / Supermarket,4017,24,300,2023-05,True
1111,Restoran Cina,0,0,0,2023-05,False
1111,Restoran India Muslim,0,0,0,2023-05,False
1111,Restoran Melayu,0,0,0,2023-05,False
904,Borong,0,0,0,2023-05,False
904,Foodcourt,0,0,0,2023-05,False
904,Hypermarket,267,6,76,2023-05,True
904,Kedai Runcit,73,4,21,2023-05,True
904,Kedai Serbaneka,0,0,0,2023-05,False
904,Medan Selera,0,0,0,2023-05,False
904,Pasar Basah,16,4,4,2023-05,True
904,Pasar Mini,162,5,50,2023-05,True
904,Pasar Raya / Supermarket,593,8,175,2023-05,True
904,Restoran Cina,0,0,0,2023-05,False
904,Restoran India Muslim,0,0,0,2023-05,False
904,Restoran Melayu,0,0,0,2023-05,False
918,Borong,0,0,0,2023-05,False
918,Foodcourt,0,0,0,2023-05,False
918,Hypermarket,929,24,100,2023-05,True
918,Kedai Runcit,577,20,153,2023-05,True
918,Kedai Serbaneka,0,0,0,2023-05,False
918,Medan Selera,0,0,0,2023-05,False
918,Pasar Basah,292,8,88,2023-05,True
918,Pasar Mini,449,23,141,2023-05,True
918,Pasar Raya / Supermarket,4704,24,344,2023-05,True
918,Restoran Cina,0,0,0,2023-05,False
918,Restoran India Muslim,0,0,0,2023-05,False
918,Restoran Melayu,0,0,0,2023-05,False
1589,Borong,0,0,0,2023-05,False
1589,Foodcourt,0,0,0,2023-05,False
1589,Hypermarket,486,8,127,2023-05,True
1589,Kedai Runcit,881,7,246,2023-05,True
1589,Kedai Serbaneka,0,0,0,2023-05,False
1589,Medan Selera,0,0,0,2023-05,False
1589,Pasar Basah,539,10,156,2023-05,True
1589,Pasar Mini,908,8,260,2023-05,True
1589,Pasar Raya / Supermarket,1695,11,460,2023-05,True
1589,Restoran Cina,0,0,0,2023-05,False
1589,Restoran India Muslim,0,0,0,2023-05,False
1589,Restoran Melayu,0,0,0,2023-05,False
917,Borong,0,0,0,2023-05,False
917,Foodcourt,0,0,0,2023-05,False
917,Hypermarket,362,8,91,2023-05,True
917,Kedai Runcit,623,5,171,2023-05,True
917,Kedai Serbaneka,0,0,0,2023-05,False
917,Medan Selera,0,0,0,2023-05,False
917,Pasar Basah,534,9,147,2023-05,True
917,Pasar Mini,729,8,200,2023-05,True
917,Pasar Raya / Supermarket,1599,12,420,2023-05,True
917,Restoran Cina,0,0,0,2023-05,False
917,Restoran India Muslim,0,0,0,2023-05,False
917,Restoran Melayu,0,0,0,2023-05,False
129,Borong,0,0,0,2023-05,False
129,Foodcourt,0,0,0,2023-05,False
129,Hypermarket,2869,24,132,2023-05,True
129,Kedai Runcit,796,24,203,2023-05,True
129,Kedai Serbaneka,0,0,0,2023-05,False
129,Medan Selera,0,0,0,2023-05,False
129,Pasar Basah,6199,24,284,2023-05,True
129,Pasar Mini,743,24,179,2023-05,True
129,Pasar Raya / Supermarket,9022,24,447,2023-05,True
129,Restoran Cina,0,0,0,2023-05,False
129,Restoran India Muslim,0,0,0,2023-05,False
129,Restoran Melayu,0,0,0,2023-05,False
1564,Borong,22,4,8,2023-05,True
1564,Foodcourt,0,0,0,2023-05,False
1564,Hypermarket,3086,24,133,2023-05,True
1564,Kedai Runcit,660,24,173,2023-05,True
1564,Kedai Serbaneka,0,0,0,2023-05,False
1564,Medan Selera,0,0,0,2023-05,False
1564,Pasar Basah,5885,24,265,2023-05,True
1564,Pasar Mini,758,24,181,2023-05,True
1564,Pasar Raya / Supermarket,10106,24,447,2023-05,True
1564,Restoran Cina,0,0,0,2023-05,False
1564,Restoran India Muslim,0,0,0,2023-05,False
1564,Restoran Melayu,0,0,0,2023-05,False
1131,Borong,17,4,6,2023-05,True
1131,Foodcourt,0,0,0,2023-05,False
1131,Hypermarket,2034,24,108,2023-05,True
1131,Kedai Runcit,573,24,142,2023-05,True
1131,Kedai Serbaneka,0,0,0,2023-05,False
1131,Medan Selera,0,0,0,2023-05,False
1131,Pasar Basah,4853,24,234,2023-05,True
1131,Pasar Mini,624,24,154,2023-05,True
1131,Pasar Raya / Supermarket,7802,24,384,2023-05,True
1131,Restoran Cina,0,0,0,2023-05,False
1131,Restoran India Muslim,0,0,0,2023-05,False
1131,Restoran Melayu,0,0,0,2023-05,False
94,Borong,20,4,8,2023-05,True
94,Foodcourt,0,0,0,2023-05,False
94,Hypermarket,2087,24,99,2023-05,True
94,Kedai Runcit,140,22,36,2023-05,True
94,Kedai Serbaneka,0,0,0,2023-05,False
94,Medan Selera,0,0,0,2023-05,False
94,Pasar Basah,2170,24,133,2023-05,True
94,Pasar Mini,231,20,61,2023-05,True
94,Pasar Raya / Supermarket,6369,24,321,2023-05,True
94,Restoran Cina,0,0,0,2023-05,False
94,Restoran India Muslim,0,0,0,2023-05,False
94,Restoran Melayu,0,0,0,2023-05,False
114,Borong,36,4,13,2023-05,True
114,Foodcourt,0,0,0,2023-05,False
114,Hypermarket,2949,24,131,2023-05,True
114,Kedai Runcit,365,20,94,2023-05,True
114,Kedai Serbaneka,0,0,0,2023-05,False
114,Medan Selera,0,0,0,2023-05,False
114,Pasar Basah,6706,24,302,2023-05,True
114,Pasar Mini,520,24,121,2023-05,True
114,Pasar Raya / Supermarket,10020,24,450,2023-05,True
114,Restoran Cina,0,0,0,2023-05,False
114,Restoran India Muslim,0,0,0,2023-05,False
114,Restoran Melayu,0,0,0,2023-05,False
103,Borong,15,4,5,2023-05,True
103,Foodcourt,0,0,0,2023-05,False
103,Hypermarket,373,24,24,2023-05,True
103,Kedai Runcit,21,5,5,2023-05,True
103,Kedai Serbaneka,0,0,0,2023-05,False
103,Medan Selera,0,0,0,2023-05,False
103,Pasar Basah,2884,24,131,2023-05,True
103,Pasar Mini,34,4,9,2023-05,True
103,Pasar Raya / Supermarket,1981,24,111,2023-05,True
103,Restoran Cina,0,0,0,2023-05,False
103,Restoran India Muslim,0,0,0,2023-05,False
103,Restoran Melayu,0,0,0,2023-05,False
1431,Borong,4,3,2,2023-05,True
1431,Foodcourt,0,0,0,2023-05,False
1431,Hypermarket,57,23,5,2023-05,True
1431,Kedai Runcit,0,0,0,2023-05,False
1431,Kedai Serbaneka,0,0,0,2023-05,False
1431,Medan Selera,0,0,0,2023-05,False
1431,Pasar Basah,2678,24,139,2023-05,True
1431,Pasar Mini,8,4,2,2023-05,True
1431,Pasar Raya / Supermarket,86,24,9,2023-05,True
1431,Restoran Cina,0,0,0,2023-05,False
1431,Restoran India Muslim,0,0,0,2023-05,False
1431,Restoran Melayu,0,0,0,2023-05,False
1555,Borong,27,4,10,2023-05,True
1555,Foodcourt,0,0,0,2023-05,False
1555,Hypermarket,2252,24,116,2023-05,True
1555,Kedai Runcit,140,15,44,2023-05,True
1555,Kedai Serbaneka,0,0,0,2023-05,False
1555,Medan Selera,0,0,0,2023-05,False
1555,Pasar Basah,4779,24,249,2023-05,True
1555,Pasar Mini,236,24,63,2023-05,True
1555,Pasar Raya / Supermarket,5882,24,322,2023-05,True
1555,Restoran Cina,0,0,0,2023-05,False
1555,Restoran India Muslim,0,0,0,2023-05,False
1555,Restoran Melayu,0,0,0,2023-05,False
193,Borong,0,0,0,2023-05,False
193,Foodcourt,0,0,0,2023-05,False
193,Hypermarket,439,8,115,2023-05,True
193,Kedai Runcit,311,8,80,2023-05,True
193,Kedai Serbaneka,0,0,0,2023-05,False
193,Medan Selera,0,0,0,2023-05,False
193,Pasar Basah,235,6,68,2023-05,True
193,Pasar Mini,502,7,126,2023-05,True
193,Pasar Raya / Supermarket,1208,8,313,2023-05,True
193,Restoran Cina,0,0,0,2023-05,False
193,Restoran India Muslim,0,0,0,2023-05,False
193,Restoran Melayu,0,0,0,2023-05,False
1,Borong,24,4,8,2023-06,True
1,Foodcourt,0,0,0,2023-06,False
1,Hypermarket,2799,28,104,2023-06,True
1,Kedai Runcit,191,26,45,2023-06,True
1,Kedai Serbaneka,0,0,0,2023-06,False
1,Medan Selera,0,0,0,2023-06,False
1,Pasar Basah,6624,28,252,2023-06,True
1,Pasar Mini,270,28,59,2023-06,True
1,Pasar Raya / Supermarket,8476,28,323,2023-06,True
1,Restoran Cina,0,0,0,2023-06,False
1,Restoran India Muslim,0,0,0,2023-06,False
1,Restoran Melayu,0,0,0,2023-06,False
1111,Borong,0,0,0,2023-06,False
1111,Foodcourt,0,0,0,2023-06,False
1111,Hypermarket,1658,28,94,2023-06,True
1111,Kedai Runcit,214,17,73,2023-06,True
1111,Kedai Serbaneka,0,0,0,2023-06,False
1111,Medan Selera,0,0,0,2023-06,False
1111,Pasar Basah,1814,28,100,2023-06,True
1111,Pasar Mini,213,13,70,2023-06,True
1111,Pasar Raya / Supermarket,4046,28,291,2023-06,True
1111,Restoran Cina,0,0,0,2023-06,False
1111,Restoran India Muslim,0,0,0,2023-06,False
1111,Restoran Melayu,0,0,0,2023-06,False
904,Borong,0,0,0,2023-06,False
904,Foodcourt,0,0,0,2023-06,False
904,Hypermarket,266,4,75,2023-06,True
904,Kedai Runcit,69,5,20,2023-06,True
904,Kedai Serbaneka,0,0,0,2023-06,False
904,Medan Selera,0,0,0,2023-06,False
904,Pasar Basah,19,4,5,2023-06,True
904,Pasar Mini,182,4,53,2023-06,True
904,Pasar Raya / Supermarket,609,5,188,2023-06,True
904,Restoran Cina,0,0,0,2023-06,False
904,Restoran India Muslim,0,0,0,2023-06,False
904,Restoran Melayu,0,0,0,2023-06,False
918,Borong,0,0,0,2023-06,False
918,Foodcourt,0,0,0,2023-06,False
918,Hypermarket,1190,28,104,2023-06,True
918,Kedai Runcit,515,19,147,2023-06,True
918,Kedai Serbaneka,0,0,0,2023-06,False
918,Medan Selera,0,0,0,2023-06,False
918,Pasar Basah,316,7,97,2023-06,True
918,Pasar Mini,451,26,132,2023-06,True
918,Pasar Raya / Supermarket,5313,28,352,2023-06,True
918,Restoran Cina,0,0,0,2023-06,False
918,Restoran India Muslim,0,0,0,2023-06,False
918,Restoran Melayu,0,0,0,2023-06,False
1589,Borong,0,0,0,2023-06,False
1589,Foodcourt,0,0,0,2023-06,False
1589,Hypermarket,487,4,128,2023-06,True
1589,Kedai Runcit,842,5,235,2023-06,True
1589,Kedai Serbaneka,0,0,0,2023-06,False
1589,Medan Selera,0,0,0,2023-06,False
1589,Pasar Basah,515,8,147,2023-06,True
1589,Pasar Mini,864,5,254,2023-06,True
1589,Pasar Raya / Supermarket,1597,9,453,2023-06,True
1589,Restoran Cina,0,0,0,2023-06,False
1589,Restoran India Muslim,0,0,0,2023-06,False
1589,Restoran Melayu,0,0,0,2023-06,False
917,Borong,0,0,0,2023-06,False
917,Foodcourt,0,0,0,2023-06,False
917,Hypermarket,343,4,92,2023-06,True
917,Kedai Runcit,630,4,169,2023-06,True
917,Kedai Serbaneka,0,0,0,2023-06,False
917,Medan Selera,0,0,0,2023-06,False
917,Pasar Basah,565,7,154,2023-06,True
917,Pasar Mini,709,5,195,2023-06,True
917,Pasar Raya / Supermarket,1545,9,422,2023-06,True
917,Restoran Cina,0,0,0,2023-06,False
917,Restoran India Muslim,0,0,0,2023-06,False
917,Restoran Melayu,0,0,0,2023-06,False
129,Borong,0,0,0,2023-06,False
129,Foodcourt,0,0,0,2023-06,False
129,Hypermarket,3458,28,130,2023-06,True
129,Kedai Runcit,735,26,200,2023-06,True
129,Kedai Serbaneka,0,0,0,2023-06,False
129,Medan Selera,0,0,0,2023-06,False
129,Pasar Basah,7166,28,279,2023-06,True
129,Pasar Mini,715,28,177,2023-06,True
129,Pasar Raya / Supermarket,11626,28,455,2023-06,True
129,Restoran Cina,0,0,0,2023-06,False
129,Restoran India Muslim,0,0,0,2023-06,False
129,Restoran Melayu,0,0,0,2023-06,False
1564,Borong,20,4,6,2023-06,True
1564,Foodcourt,0,0,0,2023-06,False
1564,Hypermarket,3608,28,133,2023-06,True
1564,Kedai Runcit,605,26,167,2023-06,True
1564,Kedai Serbaneka,0,0,0,2023-06,False
1564,Medan Selera,0,0,0,2023-06,False
1564,Pasar Basah,6742,28,266,2023-06,True
1564,Pasar Mini,724,28,177,2023-06,True
1564,Pasar Raya / Supermarket,11774,28,442,2023-06,True
1564,Restoran Cina,0,0,0,2023-06,False
1564,Restoran India Muslim,0,0,0,2023-06,False
1564,Restoran Melayu,0,0,0,2023-06,False
1131,Borong,11,4,4,2023-06,True
1131,Foodcourt,0,0,0,2023-06,False
1131,Hypermarket,2193,28,108,2023-06,True
1131,Kedai Runcit,512,8,144,2023-06,True
1131,Kedai Serbaneka,0,0,0,2023-06,False
1131,Medan Selera,0,0,0,2023-06,False
1131,Pasar Basah,5626,28,230,2023-06,True
1131,Pasar Mini,592,28,152,2023-06,True
1131,Pasar Raya / Supermarket,9136,28,383,2023-06,True
1131,Restoran Cina,0,0,0,2023-06,False
1131,Restoran India Muslim,0,0,0,2023-06,False
1131,Restoran Melayu,0,0,0,2023-06,False
94,Borong,22,4,7,2023-06,True
94,Foodcourt,0,0,0,2023-06,False
94,Hypermarket,2463,28,99,2023-06,True
94,Kedai Runcit,144,26,35,2023-06,True
94,Kedai Serbaneka,0,0,0,2023-06,False
94,Medan Selera,0,0,0,2023-06,False
94,Pasar Basah,2621,28,139,2023-06,True
94,Pasar Mini,220,27,60,2023-06,True
94,Pasar Raya / Supermarket,7319,28,311,2023-06,True
94,Restoran Cina,0,0,0,2023-06,False
94,Restoran India Muslim,0,0,0,2023-06,False
94,Restoran Melayu,0,0,0,2023-06,False
114,Borong,37,4,11,2023-06,True
114,Foodcourt,0,0,0,2023-06,False
114,Hypermarket,3381,28,132,2023-06,True
114,Kedai Runcit,366,25,95,2023-06,True
114,Kedai Serbaneka,0,0,0,2023-06,False
114,Medan Selera,0,0,0,2023-06,False
114,Pasar Basah,7800,28,304,2023-06,True
114,Pasar Mini,528,28,128,2023-06,True
114,Pasar Raya / Supermarket,11614,28,453,2023-06,True
114,Restoran Cina,0,0,0,2023-06,False
114,Restoran India Muslim,0,0,0,2023-06,False
114,Restoran Melayu,0,0,0,2023-06,False
103,Borong,16,4,4,2023-06,True
103,Foodcourt,0,0,0,2023-06,False
103,Hypermarket,473,28,30,2023-06,True
103,Kedai Runcit,20,4,5,2023-06,True
103,Kedai Serbaneka,0,0,0,2023-06,False
103,Medan Selera,0,0,0,2023-06,False
103,Pasar Basah,3333,28,127,2023-06,True
103,Pasar Mini,25,4,7,2023-06,True
103,Pasar Raya / Supermarket,2510,28,108,2023-06,True
103,Restoran Cina,0,0,0,2023-06,False
103,Restoran India Muslim,0,0,0,2023-06,False
103,Restoran Melayu,0,0,0,2023-06,False
1431,Borong,6,4,2,2023-06,True
1431,Foodcourt,0,0,0,2023-06,False
1431,Hypermarket,63,28,3,2023-06,True
1431,Kedai Runcit,0,0,0,2023-06,False
1431,Kedai Serbaneka,0,0,0,2023-06,False
1431,Medan Selera,0,0,0,2023-06,False
1431,Pasar Basah,3072,28,134,2023-06,True
1431,Pasar Mini,8,4,2,2023-06,True
1431,Pasar Raya / Supermarket,123,28,10,2023-06,True
1431,Restoran Cina,0,0,0,2023-06,False
1431,Restoran India Muslim,0,0,0,2023-06,False
1431,Restoran Melayu,0,0,0,2023-06,False
1555,Borong,27,4,8,2023-06,True
1555,Foodcourt,0,0,0,2023-06,False
1555,Hypermarket,2654,28,114,2023-06,True
1555,Kedai Runcit,134,4,45,2023-06,True
1555,Kedai Serbaneka,0,0,0,2023-06,False
1555,Medan Selera,0,0,0,2023-06,False
1555,Pasar Basah,5591,28,252,2023-06,True
1555,Pasar Mini,256,28,57,2023-06,True
1555,Pasar Raya / Supermarket,6772,28,328,2023-06,True
1555,Restoran Cina,0,0,0,2023-06,False
1555,Restoran India Muslim,0,0,0,2023-06,False
1555,Restoran Melayu,0,0,0,2023-06,False
193,Borong,0,0,0,2023-06,False
193,Foodcourt,0,0,0,2023-06,False
193,Hypermarket,421,4,116,2023-06,True
193,Kedai Runcit,279,5,81,2023-06,True
193,Kedai Serbaneka,0,0,0,2023-06,False
193,Medan Selera,0,0,0,2023-06,False
193,Pasar Basah,238,6,72,2023-06,True
193,Pasar Mini,462,4,126,2023-06,True
193,Pasar Raya / Supermarket,1150,6,318,2023-06,True
193,Restoran Cina,0,0,0,2023-06,False
193,Restoran India Muslim,0,0,0,2023-06,False
193,Restoran Melayu,0,0,0,2023-06,False
1,Borong,19,3,9,2023-07,True
1,Foodcourt,0,0,0,2023-07,False
1,Hypermarket,3021,30,106,2023-07,True
1,Kedai Runcit,235,29,46,2023-07,True
1,Kedai Serbaneka,0,0,0,2023-07,False
1,Medan Selera,0,0,0,2023-07,False
1,Pasar Basah,7061,30,252,2023-07,True
1,Pasar Mini,375,30,72,2023-07,True
1,Pasar Raya / Supermarket,9165,30,323,2023-07,True
1,Restoran Cina,0,0,0,2023-07,False
1,Restoran India Muslim,0,0,0,2023-07,False
1,Restoran Melayu,0,0,0,2023-07,False
1111,Borong,0,0,0,2023-07,False
1111,Foodcourt,0,0,0,2023-07,False
1111,Hypermarket,1533,30,93,2023-07,True
1111,Kedai Runcit,235,10,66,2023-07,True
1111,Kedai Serbaneka,0,0,0,2023-07,False
1111,Medan Selera,0,0,0,2023-07,False
1111,Pasar Basah,1726,30,97,2023-07,True
1111,Pasar Mini,246,10,77,2023-07,True
1111,Pasar Raya / Supermarket,3895,30,291,2023-07,True
1111,Restoran Cina,0,0,0,2023-07,False
1111,Restoran India Muslim,0,0,0,2023-07,False
1111,Restoran Melayu,0,0,0,2023-07,False
904,Borong,0,0,0,2023-07,False
904,Foodcourt,0,0,0,2023-07,False
904,Hypermarket,278,7,76,2023-07,True
904,Kedai Runcit,87,5,23,2023-07,True
904,Kedai Serbaneka,0,0,0,2023-07,False
904,Medan Selera,0,0,0,2023-07,False
904,Pasar Basah,16,5,5,2023-07,True
904,Pasar Mini,223,5,52,2023-07,True
904,Pasar Raya / Supermarket,638,7,181,2023-07,True
904,Restoran Cina,0,0,0,2023-07,False
904,Restoran India Muslim,0,0,0,2023-07,False
904,Restoran Melayu,0,0,0,2023-07,False
918,Borong,0,0,0,2023-07,False
918,Foodcourt,0,0,0,2023-07,False
918,Hypermarket,1283,30,104,2023-07,True
918,Kedai Runcit,612,24,145,2023-07,True
918,Kedai Serbaneka,0,0,0,2023-07,False
918,Medan Selera,0,0,0,2023-07,False
918,Pasar Basah,355,13,92,2023-07,True
918,Pasar Mini,583,30,141,2023-07,True
918,Pasar Raya / Supermarket,5130,30,351,2023-07,True
918,Restoran Cina,0,0,0,2023-07,False
918,Restoran India Muslim,0,0,0,2023-07,False
918,Restoran Melayu,0,0,0,2023-07,False
1589,Borong,0,0,0,2023-07,False
1589,Foodcourt,0,0,0,2023-07,False
1589,Hypermarket,630,10,131,2023-07,True
1589,Kedai Runcit,1056,7,231,2023-07,True
1589,Kedai Serbaneka,0,0,0,2023-07,False
1589,Medan Selera,0,0,0,2023-07,False
1589,Pasar Basah,628,13,139,2023-07,True
1589,Pasar Mini,1189,8,266,2023-07,True
1589,Pasar Raya / Supermarket,2127,9,450,2023-07,True
1589,Restoran Cina,0,0,0,2023-07,False
1589,Restoran India Muslim,0,0,0,2023-07,False
1589,Restoran Melayu,0,0,0,2023-07,False
917,Borong,0,0,0,2023-07,False
917,Foodcourt,0,0,0,2023-07,False
917,Hypermarket,432,7,93,2023-07,True
917,Kedai Runcit,777,6,172,2023-07,True
917,Kedai Serbaneka,0,0,0,2023-07,False
917,Medan Selera,0,0,0,2023-07,False
917,Pasar Basah,674,13,147,2023-07,True
917,Pasar Mini,901,8,205,2023-07,True
917,Pasar Raya / Supermarket,1935,9,425,2023-07,True
917,Restoran Cina,0,0,0,2023-07,False
917,Restoran India Muslim,0,0,0,2023-07,False
917,Restoran Melayu,0,0,0,2023-07,False
129,Borong,0,0,0,2023-07,False
129,Foodcourt,0,0,0,2023-07,False
129,Hypermarket,3719,30,130,2023-07,True
129,Kedai Runcit,985,30,205,2023-07,True
129,Kedai Serbaneka,0,0,0,2023-07,False
129,Medan Selera,0,0,0,2023-07,False
129,Pasar Basah,7667,30,281,2023-07,True
129,Pasar Mini,928,30,181,2023-07,True
129,Pasar Raya / Supermarket,12767,30,451,2023-07,True
129,Restoran Cina,0,0,0,2023-07,False
129,Restoran India Muslim,0,0,0,2023-07,False
129,Restoran Melayu,0,0,0,2023-07,False
1564,Borong,20,3,9,2023-07,True
1564,Foodcourt,0,0,0,2023-07,False
1564,Hypermarket,3885,30,133,2023-07,True
1564,Kedai Runcit,734,25,158,2023-07,True
1564,Kedai Serbaneka,0,0,0,2023-07,False
1564,Medan Selera,0,0,0,2023-07,False
1564,Pasar Basah,7254,30,264,2023-07,True
1564,Pasar Mini,923,30,181,2023-07,True
1564,Pasar Raya / Supermarket,12530,30,442,2023-07,True
1564,Restoran Cina,0,0,0,2023-07,False
1564,Restoran India Muslim,0,0,0,2023-07,False
1564,Restoran Melayu,0,0,0,2023-07,False
1131,Borong,16,3,7,2023-07,True
1131,Foodcourt,0,0,0,2023-07,False
1131,Hypermarket,2931,30,119,2023-07,True
1131,Kedai Runcit,647,13,143,2023-07,True
1131,Kedai Serbaneka,0,0,0,2023-07,False
1131,Medan Selera,0,0,0,2023-07,False
1131,Pasar Basah,6234,30,233,2023-07,True
1131,Pasar Mini,775,30,156,2023-07,True
1131,Pasar Raya / Supermarket,10185,30,393,2023-07,True
1131,Restoran Cina,0,0,0,2023-07,False
1131,Restoran India Muslim,0,0,0,2023-07,False
1131,Restoran Melayu,0,0,0,2023-07,False
94,Borong,15,3,7,2023-07,True
94,Foodcourt,0,0,0,2023-07,False
94,Hypermarket,2665,30,102,2023-07,True
94,Kedai Runcit,202,30,40,2023-07,True
94,Kedai Serbaneka,0,0,0,2023-07,False
94,Medan Selera,0,0,0,2023-07,False
94,Pasar Basah,3131,30,144,2023-07,True
94,Pasar Mini,322,30,70,2023-07,True
94,Pasar Raya / Supermarket,8147,30,317,2023-07,True
94,Restoran Cina,0,0,0,2023-07,False
94,Restoran India Muslim,0,0,0,2023-07,False
94,Restoran Melayu,0,0,0,2023-07,False
114,Borong,27,3,12,2023-07,True
114,Foodcourt,0,0,0,2023-07,False
114,Hypermarket,3644,30,132,2023-07,True
114,Kedai Runcit,428,21,94,2023-07,True
114,Kedai Serbaneka,0,0,0,2023-07,False
114,Medan Selera,0,0,0,2023-07,False
114,Pasar Basah,8250,30,302,2023-07,True
114,Pasar Mini,616,30,128,2023-07,True
114,Pasar Raya / Supermarket,12177,30,450,2023-07,True
114,Restoran Cina,0,0,0,2023-07,False
114,Restoran India Muslim,0,0,0,2023-07,False
114,Restoran Melayu,0,0,0,2023-07,False
103,Borong,8,3,4,2023-07,True
103,Foodcourt,0,0,0,2023-07,False
103,Hypermarket,459,30,27,2023-07,True
103,Kedai Runcit,25,5,5,2023-07,True
103,Kedai Serbaneka,0,0,0,2023-07,False
103,Medan Selera,0,0,0,2023-07,False
103,Pasar Basah,3476,30,128,2023-07,True
103,Pasar Mini,61,28,8,2023-07,True
103,Pasar Raya / Supermarket,2557,30,109,2023-07,True
103,Restoran Cina,0,0,0,2023-07,False
103,Restoran India Muslim,0,0,0,2023-07,False
103,Restoran Melayu,0,0,0,2023-07,False
1431,Borong,3,3,1,2023-07,True
1431,Foodcourt,0,0,0,2023-07,False
1431,Hypermarket,30,28,2,2023-07,True
1431,Kedai Runcit,0,0,0,2023-07,False
1431,Kedai Serbaneka,0,0,0,2023-07,False
1431,Medan Selera,0,0,0,2023-07,False
1431,Pasar Basah,2620,30,130,2023-07,True
1431,Pasar Mini,10,5,2,2023-07,True
1431,Pasar Raya / Supermarket,98,30,7,2023-07,True
1431,Restoran Cina,0,0,0,2023-07,False
1431,Restoran India Muslim,0,0,0,2023-07,False
1431,Restoran Melayu,0,0,0,2023-07,False
1555,Borong,18,3,9,2023-07,True
1555,Foodcourt,0,0,0,2023-07,False
1555,Hypermarket,2878,30,116,2023-07,True
1555,Kedai Runcit,171,16,46,2023-07,True
1555,Kedai Serbaneka,0,0,0,2023-07,False
1555,Medan Selera,0,0,0,2023-07,False
1555,Pasar Basah,5911,30,247,2023-07,True
1555,Pasar Mini,290,30,59,2023-07,True
1555,Pasar Raya / Supermarket,7326,30,325,2023-07,True
1555,Restoran Cina,0,0,0,2023-07,False
1555,Restoran India Muslim,0,0,0,2023-07,False
1555,Restoran Melayu,0,0,0,2023-07,False
193,Borong,0,0,0,2023-07,False
193,Foodcourt,0,0,0,2023-07,False
193,Hypermarket,535,9,116,2023-07,True
193,Kedai Runcit,360,5,85,2023-07,True
193,Kedai Serbaneka,0,0,0,2023-07,False
193,Medan Selera,0,0,0,2023-07,False
193,Pasar Basah,274,6,64,2023-07,True
193,Pasar Mini,608,6,131,2023-07,True
193,Pasar Raya / Supermarket,1486,9,318,2023-07,True
193,Restoran Cina,0,0,0,2023-07,False
193,Restoran India Muslim,0,0,0,2023-07,False
193,Restoran Melayu,0,0,0,2023-07,False
1,Borong,19,4,8,2023-08,True
1,Foodcourt,0,0,0,2023-08,False
1,Hypermarket,2881,29,106,2023-08,True
1,Kedai Runcit,195,27,48,2023-08,True
1,Kedai Serbaneka,0,0,0,2023-08,False
1,Medan Selera,0,0,0,2023-08,False
1,Pasar Basah,6761,29,254,2023-08,True
1,Pasar Mini,322,28,70,2023-08,True
1,Pasar Raya / Supermarket,8791,29,325,2023-08,True
1,Restoran Cina,0,0,0,2023-08,False
1,Restoran India Muslim,0,0,0,2023-08,False
1,Restoran Melayu,0,0,0,2023-08,False
1111,Borong,0,0,0,2023-08,False
1111,Foodcourt,0,0,0,2023-08,False
1111,Hypermarket,1403,29,98,2023-08,True
1111,Kedai Runcit,187,6,60,2023-08,True
1111,Kedai Serbaneka,0,0,0,2023-08,False
1111,Medan Selera,0,0,0,2023-08,False
1111,Pasar Basah,1549,29,84,2023-08,True
1111,Pasar Mini,201,8,70,2023-08,True
1111,Pasar Raya / Supermarket,2960,29,282,2023-08,True
1111,Restoran Cina,0,0,0,2023-08,False
1111,Restoran India Muslim,0,0,0,2023-08,False
1111,Restoran Melayu,0,0,0,2023-08,False
904,Borong,0,0,0,2023-08,False
904,Foodcourt,0,0,0,2023-08,False
904,Hypermarket,257,6,76,2023-08,True
904,Kedai Runcit,70,5,21,2023-08,True
904,Kedai Serbaneka,0,0,0,2023-08,False
904,Medan Selera,0,0,0,2023-08,False
904,Pasar Basah,9,4,3,2023-08,True
904,Pasar Mini,178,5,51,2023-08,True
904,Pasar Raya / Supermarket,602,6,187,2023-08,True
904,Restoran Cina,0,0,0,2023-08,False
904,Restoran India Muslim,0,0,0,2023-08,False
904,Restoran Melayu,0,0,0,2023-08,False
918,Borong,0,0,0,2023-08,False
918,Foodcourt,0,0,0,2023-08,False
918,Hypermarket,1065,29,105,2023-08,True
918,Kedai Runcit,459,18,138,2023-08,True
918,Kedai Serbaneka,0,0,0,2023-08,False
918,Medan Selera,0,0,0,2023-08,False
918,Pasar Basah,250,10,80,2023-08,True
918,Pasar Mini,443,29,126,2023-08,True
918,Pasar Raya / Supermarket,4535,29,334,2023-08,True
918,Restoran Cina,0,0,0,2023-08,False
918,Restoran India Muslim,0,0,0,2023-08,False
918,Restoran Melayu,0,0,0,2023-08,False
1589,Borong,0,0,0,2023-08,False
1589,Foodcourt,0,0,0,2023-08,False
1589,Hypermarket,503,7,129,2023-08,True
1589,Kedai Runcit,856,5,234,2023-08,True
1589,Kedai Serbaneka,0,0,0,2023-08,False
1589,Medan Selera,0,0,0,2023-08,False
1589,Pasar Basah,538,10,149,2023-08,True
1589,Pasar Mini,953,5,262,2023-08,True
1589,Pasar Raya / Supermarket,1725,12,458,2023-08,True
1589,Restoran Cina,0,0,0,2023-08,False
1589,Restoran India Muslim,0,0,0,2023-08,False
1589,Restoran Melayu,0,0,0,2023-08,False
917,Borong,0,0,0,2023-08,False
917,Foodcourt,0,0,0,2023-08,False
917,Hypermarket,343,7,90,2023-08,True
917,Kedai Runcit,624,5,170,2023-08,True
917,Kedai Serbaneka,0,0,0,2023-08,False
917,Medan Selera,0,0,0,2023-08,False
917,Pasar Basah,539,10,150,2023-08,True
917,Pasar Mini,737,5,208,2023-08,True
917,Pasar Raya / Supermarket,1579,10,428,2023-08,True
917,Restoran Cina,0,0,0,2023-08,False
917,Restoran India Muslim,0,0,0,2023-08,False
917,Restoran Melayu,0,0,0,2023-08,False
129,Borong,0,0,0,2023-08,False
129,Foodcourt,0,0,0,2023-08,False
129,Hypermarket,3558,29,132,2023-08,True
129,Kedai Runcit,783,27,199,2023-08,True
129,Kedai Serbaneka,0,0,0,2023-08,False
129,Medan Selera,0,0,0,2023-08,False
129,Pasar Basah,7344,29,281,2023-08,True
129,Pasar Mini,759,29,180,2023-08,True
129,Pasar Raya / Supermarket,12331,29,453,2023-08,True
129,Restoran Cina,0,0,0,2023-08,False
129,Restoran India Muslim,0,0,0,2023-08,False
129,Restoran Melayu,0,0,0,2023-08,False
1564,Borong,19,4,8,2023-08,True
1564,Foodcourt,0,0,0,2023-08,False
1564,Hypermarket,3592,29,133,2023-08,True
1564,Kedai Runcit,596,27,153,2023-08,True
1564,Kedai Serbaneka,0,0,0,2023-08,False
1564,Medan Selera,0,0,0,2023-08,False
1564,Pasar Basah,7117,29,266,2023-08,True
1564,Pasar Mini,748,29,177,2023-08,True
1564,Pasar Raya / Supermarket,11988,29,440,2023-08,True
1564,Restoran Cina,0,0,0,2023-08,False
1564,Restoran India Muslim,0,0,0,2023-08,False
1564,Restoran Melayu,0,0,0,2023-08,False
1131,Borong,16,4,6,2023-08,True
1131,Foodcourt,0,0,0,2023-08,False
1131,Hypermarket,3029,29,119,2023-08,True
1131,Kedai Runcit,554,27,140,2023-08,True
1131,Kedai Serbaneka,0,0,0,2023-08,False
1131,Medan Selera,0,0,0,2023-08,False
1131,Pasar Basah,5992,29,229,2023-08,True
1131,Pasar Mini,610,29,152,2023-08,True
1131,Pasar Raya / Supermarket,10252,29,395,2023-08,True
1131,Restoran Cina,0,0,0,2023-08,False
1131,Restoran India Muslim,0,0,0,2023-08,False
1131,Restoran Melayu,0,0,0,2023-08,False
94,Borong,15,4,6,2023-08,True
94,Foodcourt,0,0,0,2023-08,False
94,Hypermarket,2484,29,101,2023-08,True
94,Kedai Runcit,166,27,40,2023-08,True
94,Kedai Serbaneka,0,0,0,2023-08,False
94,Medan Selera,0,0,0,2023-08,False
94,Pasar Basah,3238,29,159,2023-08,True
94,Pasar Mini,278,29,69,2023-08,True
94,Pasar Raya / Supermarket,7986,29,319,2023-08,True
94,Restoran Cina,0,0,0,2023-08,False
94,Restoran India Muslim,0,0,0,2023-08,False
94,Restoran Melayu,0,0,0,2023-08,False
114,Borong,27,4,11,2023-08,True
114,Foodcourt,0,0,0,2023-08,False
114,Hypermarket,3380,29,132,2023-08,True
114,Kedai Runcit,347,25,89,2023-08,True
114,Kedai Serbaneka,0,0,0,2023-08,False
114,Medan Selera,0,0,0,2023-08,False
114,Pasar Basah,7944,29,302,2023-08,True
114,Pasar Mini,526,29,124,2023-08,True
114,Pasar Raya / Supermarket,11717,29,448,2023-08,True
114,Restoran Cina,0,0,0,2023-08,False
114,Restoran India Muslim,0,0,0,2023-08,False
114,Restoran Melayu,0,0,0,2023-08,False
103,Borong,12,4,4,2023-08,True
103,Foodcourt,0,0,0,2023-08,False
103,Hypermarket,448,29,21,2023-08,True
103,Kedai Runcit,20,5,5,2023-08,True
103,Kedai Serbaneka,0,0,0,2023-08,False
103,Medan Selera,0,0,0,2023-08,False
103,Pasar Basah,3389,29,128,2023-08,True
103,Pasar Mini,50,28,8,2023-08,True
103,Pasar Raya / Supermarket,2708,29,112,2023-08,True
103,Restoran Cina,0,0,0,2023-08,False
103,Restoran India Muslim,0,0,0,2023-08,False
103,Restoran Melayu,0,0,0,2023-08,False
1431,Borong,1,1,1,2023-08,True
1431,Foodcourt,0,0,0,2023-08,False
1431,Hypermarket,50,29,2,2023-08,True
1431,Kedai Runcit,0,0,0,2023-08,False
1431,Kedai Serbaneka,0,0,0,2023-08,False
1431,Medan Selera,0,0,0,2023-08,False
1431,Pasar Basah,2937,29,129,2023-08,True
1431,Pasar Mini,8,4,2,2023-08,True
1431,Pasar Raya / Supermarket,114,29,8,2023-08,True
1431,Restoran Cina,0,0,0,2023-08,False
1431,Restoran India Muslim,0,0,0,2023-08,False
1431,Restoran Melayu,0,0,0,2023-08,False
1555,Borong,21,4,8,2023-08,True
1555,Foodcourt,0,0,0,2023-08,False
1555,Hypermarket,2685,29,115,2023-08,True
1555,Kedai Runcit,150,11,47,2023-08,True
1555,Kedai Serbaneka,0,0,0,2023-08,False
1555,Medan Selera,0,0,0,2023-08,False
1555,Pasar Basah,5641,29,251,2023-08,True
1555,Pasar Mini,245,29,58,2023-08,True
1555,Pasar Raya / Supermarket,7178,29,321,2023-08,True
1555,Restoran Cina,0,0,0,2023-08,False
1555,Restoran India Muslim,0,0,0,2023-08,False
1555,Restoran Melayu,0,0,0,2023-08,False
193,Borong,0,0,0,2023-08,False
193,Foodcourt,0,0,0,2023-08,False
193,Hypermarket,419,7,113,2023-08,True
193,Kedai Runcit,314,5,85,2023-08,True
193,Kedai Serbaneka,0,0,0,2023-08,False
193,Medan Selera,0,0,0,2023-08,False
193,Pasar Basah,245,5,67,2023-08,True
193,Pasar Mini,497,5,130,2023-08,True
193,Pasar Raya / Supermarket,1175,8,307,2023-08,True
193,Restoran Cina,0,0,0,2023-08,False
193,Restoran India Muslim,0,0,0,2023-08,False
193,Restoran Melayu,0,0,0,2023-08,False
1,Borong,22,5,7,2023-09,True
1,Foodcourt,0,0,0,2023-09,False
1,Hypermarket,2748,27,105,2023-09,True
1,Kedai Runcit,195,26,46,2023-09,True
1,Kedai Serbaneka,0,0,0,2023-09,False
1,Medan Selera,0,0,0,2023-09,False
1,Pasar Basah,6388,27,252,2023-09,True
1,Pasar Mini,339,27,73,2023-09,True
1,Pasar Raya / Supermarket,8369,27,324,2023-09,True
1,Restoran Cina,0,0,0,2023-09,False
1,Restoran India Muslim,0,0,0,2023-09,False
1,Restoran Melayu,0,0,0,2023-09,False
1111,Borong,0,0,0,2023-09,False
1111,Foodcourt,0,0,0,2023-09,False
1111,Hypermarket,983,27,89,2023-09,True
1111,Kedai Runcit,148,6,54,2023-09,True
1111,Kedai Serbaneka,0,0,0,2023-09,False
1111,Medan Selera,0,0,0,2023-09,False
1111,Pasar Basah,1273,27,83,2023-09,True
1111,Pasar Mini,156,5,55,2023-09,True
1111,Pasar Raya / Supermarket,2188,27,261,2023-09,True
1111,Restoran Cina,0,0,0,2023-09,False
1111,Restoran India Muslim,0,0,0,2023-09,False
1111,Restoran Melayu,0,0,0,2023-09,False
904,Borong,0,0,0,2023-09,False
904,Foodcourt,0,0,0,2023-09,False
904,Hypermarket,696,17,79,2023-09,True
904,Kedai Runcit,51,4,23,2023-09,True
904,Kedai Serbaneka,0,0,0,2023-09,False
904,Medan Selera,0,0,0,2023-09,False
904,Pasar Basah,6,4,3,2023-09,True
904,Pasar Mini,179,10,57,2023-09,True
904,Pasar Raya / Supermarket,1176,17,202,2023-09,True
904,Restoran Cina,0,0,0,2023-09,False
904,Restoran India Muslim,0,0,0,2023-09,False
904,Restoran Melayu,0,0,0,2023-09,False
918,Borong,0,0,0,2023-09,False
918,Foodcourt,0,0,0,2023-09,False
918,Hypermarket,716,27,87,2023-09,True
918,Kedai Runcit,394,15,126,2023-09,True
918,Kedai Serbaneka,0,0,0,2023-09,False
918,Medan Selera,0,0,0,2023-09,False
918,Pasar Basah,213,9,69,2023-09,True
918,Pasar Mini,336,24,109,2023-09,True
918,Pasar Raya / Supermarket,3525,27,313,2023-09,True
918,Restoran Cina,0,0,0,2023-09,False
918,Restoran India Muslim,0,0,0,2023-09,False
918,Restoran Melayu,0,0,0,2023-09,False
1589,Borong,0,0,0,2023-09,False
1589,Foodcourt,0,0,0,2023-09,False
1589,Hypermarket,452,8,127,2023-09,True
1589,Kedai Runcit,786,6,229,2023-09,True
1589,Kedai Serbaneka,0,0,0,2023-09,False
1589,Medan Selera,0,0,0,2023-09,False
1589,Pasar Basah,464,9,131,2023-09,True
1589,Pasar Mini,815,5,247,2023-09,True
1589,Pasar Raya / Supermarket,1401,8,439,2023-09,True
1589,Restoran Cina,0,0,0,2023-09,False
1589,Restoran India Muslim,0,0,0,2023-09,False
1589,Restoran Melayu,0,0,0,2023-09,False
917,Borong,0,0,0,2023-09,False
917,Foodcourt,0,0,0,2023-09,False
917,Hypermarket,351,6,105,2023-09,True
917,Kedai Runcit,615,5,167,2023-09,True
917,Kedai Serbaneka,0,0,0,2023-09,False
917,Medan Selera,0,0,0,2023-09,False
917,Pasar Basah,542,9,145,2023-09,True
917,Pasar Mini,738,6,205,2023-09,True
917,Pasar Raya / Supermarket,1546,9,428,2023-09,True
917,Restoran Cina,0,0,0,2023-09,False
917,Restoran India Muslim,0,0,0,2023-09,False
917,Restoran Melayu,0,0,0,2023-09,False
129,Borong,0,0,0,2023-09,False
129,Foodcourt,0,0,0,2023-09,False
129,Hypermarket,3358,27,131,2023-09,True
129,Kedai Runcit,778,26,198,2023-09,True
129,Kedai Serbaneka,0,0,0,2023-09,False
129,Medan Selera,0,0,0,2023-09,False
129,Pasar Basah,7051,28,280,2023-09,True
129,Pasar Mini,768,27,181,2023-09,True
129,Pasar Raya / Supermarket,11020,27,448,2023-09,True
129,Restoran Cina,0,0,0,2023-09,False
129,Restoran India Muslim,0,0,0,2023-09,False
129,Restoran Melayu,0,0,0,2023-09,False
1564,Borong,24,5,7,2023-09,True
1564,Foodcourt,0,0,0,2023-09,False
1564,Hypermarket,3479,27,132,2023-09,True
1564,Kedai Runcit,621,22,158,2023-09,True
1564,Kedai Serbaneka,0,0,0,2023-09,False
1564,Medan Selera,0,0,0,2023-09,False
1564,Pasar Basah,6752,28,265,2023-09,True
1564,Pasar Mini,746,27,179,2023-09,True
1564,Pasar Raya / Supermarket,11445,27,438,2023-09,True
1564,Restoran Cina,0,0,0,2023-09,False
1564,Restoran India Muslim,0,0,0,2023-09,False
1564,Restoran Melayu,0,0,0,2023-09,False
1131,Borong,20,5,6,2023-09,True
1131,Foodcourt,0,0,0,2023-09,False
1131,Hypermarket,2958,27,122,2023-09,True
1131,Kedai Runcit,556,26,146,2023-09,True
1131,Kedai Serbaneka,0,0,0,2023-09,False
1131,Medan Selera,0,0,0,2023-09,False
1131,Pasar Basah,5662,28,229,2023-09,True
1131,Pasar Mini,615,27,157,2023-09,True
1131,Pasar Raya / Supermarket,9811,27,393,2023-09,True
1131,Restoran Cina,0,0,0,2023-09,False
1131,Restoran India Muslim,0,0,0,2023-09,False
1131,Restoran Melayu,0,0,0,2023-09,False
94,Borong,20,5,7,2023-09,True
94,Foodcourt,0,0,0,2023-09,False
94,Hypermarket,2328,27,99,2023-09,True
94,Kedai Runcit,159,26,41,2023-09,True
94,Kedai Serbaneka,0,0,0,2023-09,False
94,Medan Selera,0,0,0,2023-09,False
94,Pasar Basah,3082,28,155,2023-09,True
94,Pasar Mini,281,26,69,2023-09,True
94,Pasar Raya / Supermarket,7455,27,320,2023-09,True
94,Restoran Cina,0,0,0,2023-09,False
94,Restoran India Muslim,0,0,0,2023-09,False
94,Restoran Melayu,0,0,0,2023-09,False
114,Borong,36,5,11,2023-09,True
114,Foodcourt,0,0,0,2023-09,False
114,Hypermarket,3230,27,128,2023-09,True
114,Kedai Runcit,319,10,89,2023-09,True
114,Kedai Serbaneka,0,0,0,2023-09,False
114,Medan Selera,0,0,0,2023-09,False
114,Pasar Basah,7443,28,298,2023-09,True
114,Pasar Mini,540,27,129,2023-09,True
114,Pasar Raya / Supermarket,10862,27,438,2023-09,True
114,Restoran Cina,0,0,0,2023-09,False
114,Restoran India Muslim,0,0,0,2023-09,False
114,Restoran Melayu,0,0,0,2023-09,False
103,Borong,14,5,4,2023-09,True
103,Foodcourt,0,0,0,2023-09,False
103,Hypermarket,525,27,29,2023-09,True
103,Kedai Runcit,20,4,5,2023-09,True
103,Kedai Serbaneka,0,0,0,2023-09,False
103,Medan Selera,0,0,0,2023-09,False
103,Pasar Basah,3219,27,127,2023-09,True
103,Pasar Mini,40,21,6,2023-09,True
103,Pasar Raya / Supermarket,2710,27,116,2023-09,True
103,Restoran Cina,0,0,0,2023-09,False
103,Restoran India Muslim,0,0,0,2023-09,False
103,Restoran Melayu,0,0,0,2023-09,False
1431,Borong,3,3,1,2023-09,True
1431,Foodcourt,0,0,0,2023-09,False
1431,Hypermarket,46,25,5,2023-09,True
1431,Kedai Runcit,0,0,0,2023-09,False
1431,Kedai Serbaneka,0,0,0,2023-09,False
1431,Medan Selera,0,0,0,2023-09,False
1431,Pasar Basah,2823,27,129,2023-09,True
1431,Pasar Mini,8,4,2,2023-09,True
1431,Pasar Raya / Supermarket,108,27,6,2023-09,True
1431,Restoran Cina,0,0,0,2023-09,False
1431,Restoran India Muslim,0,0,0,2023-09,False
1431,Restoran Melayu,0,0,0,2023-09,False
1555,Borong,29,5,9,2023-09,True
1555,Foodcourt,0,0,0,2023-09,False
1555,Hypermarket,2520,27,115,2023-09,True
1555,Kedai Runcit,158,16,47,2023-09,True
1555,Kedai Serbaneka,0,0,0,2023-09,False
1555,Medan Selera,0,0,0,2023-09,False
1555,Pasar Basah,5366,27,246,2023-09,True
1555,Pasar Mini,237,27,59,2023-09,True
1555,Pasar Raya / Supermarket,6568,27,322,2023-09,True
1555,Restoran Cina,0,0,0,2023-09,False
1555,Restoran India Muslim,0,0,0,2023-09,False
1555,Restoran Melayu,0,0,0,2023-09,False
193,Borong,0,0,0,2023-09,False
193,Foodcourt,0,0,0,2023-09,False
193,Hypermarket,432,8,116,2023-09,True
193,Kedai Runcit,320,4,87,2023-09,True
193,Kedai Serbaneka,0,0,0,2023-09,False
193,Medan Selera,0,0,0,2023-09,False
193,Pasar Basah,246,4,67,2023-09,True
193,Pasar Mini,484,5,130,2023-09,True
193,Pasar Raya / Supermarket,1144,7,311,2023-09,True
193,Restoran Cina,0,0,0,2023-09,False
193,Restoran India Muslim,0,0,0,2023-09,False
193,Restoran Melayu,0,0,0,2023-09,False
1,Borong,30,4,10,2023-10,True
1,Foodcourt,0,0,0,2023-10,False
1,Hypermarket,3099,30,106,2023-10,True
1,Kedai Runcit,246,30,46,2023-10,True
1,Kedai Serbaneka,0,0,0,2023-10,False
1,Medan Selera,0,0,0,2023-10,False
1,Pasar Basah,7216,30,254,2023-10,True
1,Pasar Mini,420,30,74,2023-10,True
1,Pasar Raya / Supermarket,9382,30,322,2023-10,True
1,Restoran Cina,0,0,0,2023-10,False
1,Restoran India Muslim,0,0,0,2023-10,False
1,Restoran Melayu,0,0,0,2023-10,False
1111,Borong,0,0,0,2023-10,False
1111,Foodcourt,0,0,0,2023-10,False
1111,Hypermarket,991,30,85,2023-10,True
1111,Kedai Runcit,177,5,54,2023-10,True
1111,Kedai Serbaneka,0,0,0,2023-10,False
1111,Medan Selera,0,0,0,2023-10,False
1111,Pasar Basah,1495,30,86,2023-10,True
1111,Pasar Mini,178,6,60,2023-10,True
1111,Pasar Raya / Supermarket,2519,30,253,2023-10,True
1111,Restoran Cina,0,0,0,2023-10,False
1111,Restoran India Muslim,0,0,0,2023-10,False
1111,Restoran Melayu,0,0,0,2023-10,False
904,Borong,0,0,0,2023-10,False
904,Foodcourt,0,0,0,2023-10,False
904,Hypermarket,1900,30,78,2023-10,True
904,Kedai Runcit,66,5,21,2023-10,True
904,Kedai Serbaneka,0,0,0,2023-10,False
904,Medan Selera,0,0,0,2023-10,False
904,Pasar Basah,12,5,3,2023-10,True
904,Pasar Mini,204,13,51,2023-10,True
904,Pasar Raya / Supermarket,3703,30,198,2023-10,True
904,Restoran Cina,0,0,0,2023-10,False
904,Restoran India Muslim,0,0,0,2023-10,False
904,Restoran Melayu,0,0,0,2023-10,False
918,Borong,0,0,0,2023-10,False
918,Foodcourt,0,0,0,2023-10,False
918,Hypermarket,788,30,88,2023-10,True
918,Kedai Runcit,465,15,124,2023-10,True
918,Kedai Serbaneka,0,0,0,2023-10,False
918,Medan Selera,0,0,0,2023-10,False
918,Pasar Basah,257,10,71,2023-10,True
918,Pasar Mini,453,29,120,2023-10,True
918,Pasar Raya / Supermarket,3698,30,307,2023-10,True
918,Restoran Cina,0,0,0,2023-10,False
918,Restoran India Muslim,0,0,0,2023-10,False
918,Restoran Melayu,0,0,0,2023-10,False
1589,Borong,0,0,0,2023-10,False
1589,Foodcourt,0,0,0,2023-10,False
1589,Hypermarket,481,6,123,2023-10,True
1589,Kedai Runcit,817,6,209,2023-10,True
1589,Kedai Serbaneka,0,0,0,2023-10,False
1589,Medan Selera,0,0,0,2023-10,False
1589,Pasar Basah,444,10,110,2023-10,True
1589,Pasar Mini,739,6,214,2023-10,True
1589,Pasar Raya / Supermarket,1342,12,397,2023-10,True
1589,Restoran Cina,0,0,0,2023-10,False
1589,Restoran India Muslim,0,0,0,2023-10,False
1589,Restoran Melayu,0,0,0,2023-10,False
917,Borong,0,0,0,2023-10,False
917,Foodcourt,0,0,0,2023-10,False
917,Hypermarket,527,5,122,2023-10,True
917,Kedai Runcit,800,6,175,2023-10,True
917,Kedai Serbaneka,0,0,0,2023-10,False
917,Medan Selera,0,0,0,2023-10,False
917,Pasar Basah,669,10,145,2023-10,True
917,Pasar Mini,967,6,221,2023-10,True
917,Pasar Raya / Supermarket,1923,8,424,2023-10,True
917,Restoran Cina,0,0,0,2023-10,False
917,Restoran India Muslim,0,0,0,2023-10,False
917,Restoran Melayu,0,0,0,2023-10,False
129,Borong,0,0,0,2023-10,False
129,Foodcourt,0,0,0,2023-10,False
129,Hypermarket,3709,30,129,2023-10,True
129,Kedai Runcit,974,30,201,2023-10,True
129,Kedai Serbaneka,0,0,0,2023-10,False
129,Medan Selera,0,0,0,2023-10,False
129,Pasar Basah,7761,30,284,2023-10,True
129,Pasar Mini,945,30,182,2023-10,True
129,Pasar Raya / Supermarket,12669,30,451,2023-10,True
129,Restoran Cina,0,0,0,2023-10,False
129,Restoran India Muslim,0,0,0,2023-10,False
129,Restoran Melayu,0,0,0,2023-10,False
1564,Borong,23,4,8,2023-10,True
1564,Foodcourt,0,0,0,2023-10,False
1564,Hypermarket,3874,30,131,2023-10,True
1564,Kedai Runcit,783,30,159,2023-10,True
1564,Kedai Serbaneka,0,0,0,2023-10,False
1564,Medan Selera,0,0,0,2023-10,False
1564,Pasar Basah,7321,30,265,2023-10,True
1564,Pasar Mini,909,30,176,2023-10,True
1564,Pasar Raya / Supermarket,12623,30,439,2023-10,True
1564,Restoran Cina,0,0,0,2023-10,False
1564,Restoran India Muslim,0,0,0,2023-10,False
1564,Restoran Melayu,0,0,0,2023-10,False
1131,Borong,23,4,8,2023-10,True
1131,Foodcourt,0,0,0,2023-10,False
1131,Hypermarket,3341,30,125,2023-10,True
1131,Kedai Runcit,691,30,143,2023-10,True
1131,Kedai Serbaneka,0,0,0,2023-10,False
1131,Medan Selera,0,0,0,2023-10,False
1131,Pasar Basah,6301,30,236,2023-10,True
1131,Pasar Mini,769,29,158,2023-10,True
1131,Pasar Raya / Supermarket,10635,30,393,2023-10,True
1131,Restoran Cina,0,0,0,2023-10,False
1131,Restoran India Muslim,0,0,0,2023-10,False
1131,Restoran Melayu,0,0,0,2023-10,False
94,Borong,24,4,9,2023-10,True
94,Foodcourt,0,0,0,2023-10,False
94,Hypermarket,2449,30,90,2023-10,True
94,Kedai Runcit,203,30,39,2023-10,True
94,Kedai Serbaneka,0,0,0,2023-10,False
94,Medan Selera,0,0,0,2023-10,False
94,Pasar Basah,3204,30,146,2023-10,True
94,Pasar Mini,321,23,70,2023-10,True
94,Pasar Raya / Supermarket,8201,30,315,2023-10,True
94,Restoran Cina,0,0,0,2023-10,False
94,Restoran India Muslim,0,0,0,2023-10,False
94,Restoran Melayu,0,0,0,2023-10,False
114,Borong,44,4,14,2023-10,True
114,Foodcourt,0,0,0,2023-10,False
114,Hypermarket,3557,30,130,2023-10,True
114,Kedai Runcit,414,28,89,2023-10,True
114,Kedai Serbaneka,0,0,0,2023-10,False
114,Medan Selera,0,0,0,2023-10,False
114,Pasar Basah,8398,30,301,2023-10,True
114,Pasar Mini,661,30,128,2023-10,True
114,Pasar Raya / Supermarket,11939,30,439,2023-10,True
114,Restoran Cina,0,0,0,2023-10,False
114,Restoran India Muslim,0,0,0,2023-10,False
114,Restoran Melayu,0,0,0,2023-10,False
103,Borong,10,4,4,2023-10,True
103,Foodcourt,0,0,0,2023-10,False
103,Hypermarket,571,30,26,2023-10,True
103,Kedai Runcit,25,5,5,2023-10,True
103,Kedai Serbaneka,0,0,0,2023-10,False
103,Medan Selera,0,0,0,2023-10,False
103,Pasar Basah,3626,30,132,2023-10,True
103,Pasar Mini,22,5,6,2023-10,True
103,Pasar Raya / Supermarket,2785,30,111,2023-10,True
103,Restoran Cina,0,0,0,2023-10,False
103,Restoran India Muslim,0,0,0,2023-10,False
103,Restoran Melayu,0,0,0,2023-10,False
1431,Borong,4,3,2,2023-10,True
1431,Foodcourt,0,0,0,2023-10,False
1431,Hypermarket,31,20,2,2023-10,True
1431,Kedai Runcit,0,0,0,2023-10,False
1431,Kedai Serbaneka,0,0,0,2023-10,False
1431,Medan Selera,0,0,0,2023-10,False
1431,Pasar Basah,3204,30,131,2023-10,True
1431,Pasar Mini,10,5,2,2023-10,True
1431,Pasar Raya / Supermarket,58,30,5,2023-10,True
1431,Restoran Cina,0,0,0,2023-10,False
1431,Restoran India Muslim,0,0,0,2023-10,False
1431,Restoran Melayu,0,0,0,2023-10,False
1555,Borong,27,4,9,2023-10,True
1555,Foodcourt,0,0,0,2023-10,False
1555,Hypermarket,2778,30,110,2023-10,True
1555,Kedai Runcit,194,21,43,2023-10,True
1555,Kedai Serbaneka,0,0,0,2023-10,False
1555,Medan Selera,0,0,0,2023-10,False
1555,Pasar Basah,5861,30,248,2023-10,True
1555,Pasar Mini,292,30,57,2023-10,True
1555,Pasar Raya / Supermarket,7196,30,324,2023-10,True
1555,Restoran Cina,0,0,0,2023-10,False
1555,Restoran India Muslim,0,0,0,2023-10,False
1555,Restoran Melayu,0,0,0,2023-10,False
193,Borong,0,0,0,2023-10,False
193,Foodcourt,0,0,0,2023-10,False
193,Hypermarket,514,6,115,2023-10,True
193,Kedai Runcit,413,6,85,2023-10,True
193,Kedai Serbaneka,0,0,0,2023-10,False
193,Medan Selera,0,0,0,2023-10,False
193,Pasar Basah,297,5,69,2023-10,True
193,Pasar Mini,614,5,131,2023-10,True
193,Pasar Raya / Supermarket,1452,12,313,2023-10,True
193,Restoran Cina,0,0,0,2023-10,False
193,Restoran India Muslim,0,0,0,2023-10,False
193,Restoran Melayu,0,0,0,2023-10,False
1,Borong,28,4,10,2023-11,True
1,Foodcourt,0,0,0,2023-11,False
1,Hypermarket,2549,28,106,2023-11,True
1,Kedai Runcit,217,26,46,2023-11,True
1,Kedai Serbaneka,0,0,0,2023-11,False
1,Medan Selera,0,0,0,2023-11,False
1,Pasar Basah,6441,28,254,2023-11,True
1,Pasar Mini,338,26,71,2023-11,True
1,Pasar Raya / Supermarket,8306,28,327,2023-11,True
1,Restoran Cina,0,0,0,2023-11,False
1,Restoran India Muslim,0,0,0,2023-11,False
1,Restoran Melayu,0,0,0,2023-11,False
1111,Borong,0,0,0,2023-11,False
1111,Foodcourt,0,0,0,2023-11,False
1111,Hypermarket,1054,28,93,2023-11,True
1111,Kedai Runcit,139,4,49,2023-11,True
1111,Kedai Serbaneka,0,0,0,2023-11,False
1111,Medan Selera,0,0,0,2023-11,False
1111,Pasar Basah,1410,27,80,2023-11,True
1111,Pasar Mini,155,7,55,2023-11,True
1111,Pasar Raya / Supermarket,2532,28,250,2023-11,True
1111,Restoran Cina,0,0,0,2023-11,False
1111,Restoran India Muslim,0,0,0,2023-11,False
1111,Restoran Melayu,0,0,0,2023-11,False
904,Borong,0,0,0,2023-11,False
904,Foodcourt,0,0,0,2023-11,False
904,Hypermarket,1750,27,81,2023-11,True
904,Kedai Runcit,88,21,23,2023-11,True
904,Kedai Serbaneka,0,0,0,2023-11,False
904,Medan Selera,0,0,0,2023-11,False
904,Pasar Basah,4,4,1,2023-11,True
904,Pasar Mini,151,21,39,2023-11,True
904,Pasar Raya / Supermarket,4162,27,202,2023-11,True
904,Restoran Cina,0,0,0,2023-11,False
904,Restoran India Muslim,0,0,0,2023-11,False
904,Restoran Melayu,0,0,0,2023-11,False
918,Borong,0,0,0,2023-11,False
918,Foodcourt,0,0,0,2023-11,False
918,Hypermarket,617,28,85,2023-11,True
918,Kedai Runcit,362,13,113,2023-11,True
918,Kedai Serbaneka,0,0,0,2023-11,False
918,Medan Selera,0,0,0,2023-11,False
918,Pasar Basah,190,9,67,2023-11,True
918,Pasar Mini,324,26,106,2023-11,True
918,Pasar Raya / Supermarket,3112,28,291,2023-11,True
918,Restoran Cina,0,0,0,2023-11,False
918,Restoran India Muslim,0,0,0,2023-11,False
918,Restoran Melayu,0,0,0,2023-11,False
1589,Borong,0,0,0,2023-11,False
1589,Foodcourt,0,0,0,2023-11,False
1589,Hypermarket,326,8,111,2023-11,True
1589,Kedai Runcit,621,4,187,2023-11,True
1589,Kedai Serbaneka,0,0,0,2023-11,False
1589,Medan Selera,0,0,0,2023-11,False
1589,Pasar Basah,331,9,103,2023-11,True
1589,Pasar Mini,580,6,193,2023-11,True
1589,Pasar Raya / Supermarket,1008,14,369,2023-11,True
1589,Restoran Cina,0,0,0,2023-11,False
1589,Restoran India Muslim,0,0,0,2023-11,False
1589,Restoran Melayu,0,0,0,2023-11,False
917,Borong,0,0,0,2023-11,False
917,Foodcourt,0,0,0,2023-11,False
917,Hypermarket,418,4,121,2023-11,True
917,Kedai Runcit,634,4,167,2023-11,True
917,Kedai Serbaneka,0,0,0,2023-11,False
917,Medan Selera,0,0,0,2023-11,False
917,Pasar Basah,561,10,156,2023-11,True
917,Pasar Mini,794,6,219,2023-11,True
917,Pasar Raya / Supermarket,1552,8,426,2023-11,True
917,Restoran Cina,0,0,0,2023-11,False
917,Restoran India Muslim,0,0,0,2023-11,False
917,Restoran Melayu,0,0,0,2023-11,False
129,Borong,0,0,0,2023-11,False
129,Foodcourt,0,0,0,2023-11,False
129,Hypermarket,3294,28,130,2023-11,True
129,Kedai Runcit,793,26,200,2023-11,True
129,Kedai Serbaneka,0,0,0,2023-11,False
129,Medan Selera,0,0,0,2023-11,False
129,Pasar Basah,7063,28,281,2023-11,True
129,Pasar Mini,776,28,184,2023-11,True
129,Pasar Raya / Supermarket,11396,28,452,2023-11,True
129,Restoran Cina,0,0,0,2023-11,False
129,Restoran India Muslim,0,0,0,2023-11,False
129,Restoran Melayu,0,0,0,2023-11,False
1564,Borong,17,4,7,2023-11,True
1564,Foodcourt,0,0,0,2023-11,False
1564,Hypermarket,3403,28,131,2023-11,True
1564,Kedai Runcit,618,25,155,2023-11,True
1564,Kedai Serbaneka,0,0,0,2023-11,False
1564,Medan Selera,0,0,0,2023-11,False
1564,Pasar Basah,6509,28,261,2023-11,True
1564,Pasar Mini,744,28,176,2023-11,True
1564,Pasar Raya / Supermarket,11242,28,437,2023-11,True
1564,Restoran Cina,0,0,0,2023-11,False
1564,Restoran India Muslim,0,0,0,2023-11,False
1564,Restoran Melayu,0,0,0,2023-11,False
1131,Borong,24,4,8,2023-11,True
1131,Foodcourt,0,0,0,2023-11,False
1131,Hypermarket,2985,28,120,2023-11,True
1131,Kedai Runcit,547,26,140,2023-11,True
1131,Kedai Serbaneka,0,0,0,2023-11,False
1131,Medan Selera,0,0,0,2023-11,False
1131,Pasar Basah,5612,28,229,2023-11,True
1131,Pasar Mini,628,28,155,2023-11,True
1131,Pasar Raya / Supermarket,9661,28,393,2023-11,True
1131,Restoran Cina,0,0,0,2023-11,False
1131,Restoran India Muslim,0,0,0,2023-11,False
1131,Restoran Melayu,0,0,0,2023-11,False
94,Borong,22,4,9,2023-11,True
94,Foodcourt,0,0,0,2023-11,False
94,Hypermarket,2077,28,98,2023-11,True
94,Kedai Runcit,136,24,36,2023-11,True
94,Kedai Serbaneka,0,0,0,2023-11,False
94,Medan Selera,0,0,0,2023-11,False
94,Pasar Basah,2715,28,151,2023-11,True
94,Pasar Mini,250,28,68,2023-11,True
94,Pasar Raya / Supermarket,7169,28,316,2023-11,True
94,Restoran Cina,0,0,0,2023-11,False
94,Restoran India Muslim,0,0,0,2023-11,False
94,Restoran Melayu,0,0,0,2023-11,False
114,Borong,37,4,14,2023-11,True
114,Foodcourt,0,0,0,2023-11,False
114,Hypermarket,3109,28,129,2023-11,True
114,Kedai Runcit,332,25,90,2023-11,True
114,Kedai Serbaneka,0,0,0,2023-11,False
114,Medan Selera,0,0,0,2023-11,False
114,Pasar Basah,7357,28,302,2023-11,True
114,Pasar Mini,525,28,125,2023-11,True
114,Pasar Raya / Supermarket,10812,28,441,2023-11,True
114,Restoran Cina,0,0,0,2023-11,False
114,Restoran India Muslim,0,0,0,2023-11,False
114,Restoran Melayu,0,0,0,2023-11,False
103,Borong,12,4,4,2023-11,True
103,Foodcourt,0,0,0,2023-11,False
103,Hypermarket,507,27,26,2023-11,True
103,Kedai Runcit,20,4,5,2023-11,True
103,Kedai Serbaneka,0,0,0,2023-11,False
103,Medan Selera,0,0,0,2023-11,False
103,Pasar Basah,3184,28,129,2023-11,True
103,Pasar Mini,13,4,4,2023-11,True
103,Pasar Raya / Supermarket,2334,27,107,2023-11,True
103,Restoran Cina,0,0,0,2023-11,False
103,Restoran India Muslim,0,0,0,2023-11,False
103,Restoran Melayu,0,0,0,2023-11,False
1431,Borong,3,2,2,2023-11,True
1431,Foodcourt,0,0,0,2023-11,False
1431,Hypermarket,46,28,2,2023-11,True
1431,Kedai Runcit,0,0,0,2023-11,False
1431,Kedai Serbaneka,0,0,0,2023-11,False
1431,Medan Selera,0,0,0,2023-11,False
1431,Pasar Basah,2946,28,129,2023-11,True
1431,Pasar Mini,8,4,2,2023-11,True
1431,Pasar Raya / Supermarket,84,27,4,2023-11,True
1431,Restoran Cina,0,0,0,2023-11,False
1431,Restoran India Muslim,0,0,0,2023-11,False
1431,Restoran Melayu,0,0,0,2023-11,False
1555,Borong,35,4,11,2023-11,True
1555,Foodcourt,0,0,0,2023-11,False
1555,Hypermarket,2456,28,110,2023-11,True
1555,Kedai Runcit,145,16,46,2023-11,True
1555,Kedai Serbaneka,0,0,0,2023-11,False
1555,Medan Selera,0,0,0,2023-11,False
1555,Pasar Basah,5345,28,250,2023-11,True
1555,Pasar Mini,232,26,58,2023-11,True
1555,Pasar Raya / Supermarket,6432,28,325,2023-11,True
1555,Restoran Cina,0,0,0,2023-11,False
1555,Restoran India Muslim,0,0,0,2023-11,False
1555,Restoran Melayu,0,0,0,2023-11,False
193,Borong,0,0,0,2023-11,False
193,Foodcourt,0,0,0,2023-11,False
193,Hypermarket,424,9,112,2023-11,True
193,Kedai Runcit,316,4,85,2023-11,True
193,Kedai Serbaneka,0,0,0,2023-11,False
193,Medan Selera,0,0,0,2023-11,False
193,Pasar Basah,242,4,68,2023-11,True
193,Pasar Mini,488,6,130,2023-11,True
193,Pasar Raya / Supermarket,1184,7,309,2023-11,True
193,Restoran Cina,0,0,0,2023-11,False
193,Restoran India Muslim,0,0,0,2023-11,False
193,Restoran Melayu,0,0,0,2023-11,False
1,Borong,20,3,8,2023-12,True
1,Foodcourt,0,0,0,2023-12,False
1,Hypermarket,2145,24,100,2023-12,True
1,Kedai Runcit,199,24,45,2023-12,True
1,Kedai Serbaneka,0,0,0,2023-12,False
1,Medan Selera,0,0,0,2023-12,False
1,Pasar Basah,5798,24,252,2023-12,True
1,Pasar Mini,329,24,71,2023-12,True
1,Pasar Raya / Supermarket,7471,24,326,2023-12,True
1,Restoran Cina,0,0,0,2023-12,False
1,Restoran India Muslim,0,0,0,2023-12,False
1,Restoran Melayu,0,0,0,2023-12,False
1111,Borong,0,0,0,2023-12,False
1111,Foodcourt,0,0,0,2023-12,False
1111,Hypermarket,1044,24,80,2023-12,True
1111,Kedai Runcit,154,7,53,2023-12,True
1111,Kedai Serbaneka,0,0,0,2023-12,False
1111,Medan Selera,0,0,0,2023-12,False
1111,Pasar Basah,1348,24,88,2023-12,True
1111,Pasar Mini,174,8,64,2023-12,True
1111,Pasar Raya / Supermarket,2402,24,257,2023-12,True
1111,Restoran Cina,0,0,0,2023-12,False
1111,Restoran India Muslim,0,0,0,2023-12,False
1111,Restoran Melayu,0,0,0,2023-12,False
904,Borong,0,0,0,2023-12,False
904,Foodcourt,0,0,0,2023-12,False
904,Hypermarket,1476,24,75,2023-12,True
904,Kedai Runcit,65,5,19,2023-12,True
904,Kedai Serbaneka,0,0,0,2023-12,False
904,Medan Selera,0,0,0,2023-12,False
904,Pasar Basah,7,4,2,2023-12,True
904,Pasar Mini,176,22,45,2023-12,True
904,Pasar Raya / Supermarket,3281,24,189,2023-12,True
904,Restoran Cina,0,0,0,2023-12,False
904,Restoran India Muslim,0,0,0,2023-12,False
904,Restoran Melayu,0,0,0,2023-12,False
918,Borong,0,0,0,2023-12,False
918,Foodcourt,0,0,0,2023-12,False
918,Hypermarket,603,24,79,2023-12,True
918,Kedai Runcit,353,14,107,2023-12,True
918,Kedai Serbaneka,0,0,0,2023-12,False
918,Medan Selera,0,0,0,2023-12,False
918,Pasar Basah,215,9,71,2023-12,True
918,Pasar Mini,327,24,105,2023-12,True
918,Pasar Raya / Supermarket,2870,24,278,2023-12,True
918,Restoran Cina,0,0,0,2023-12,False
918,Restoran India Muslim,0,0,0,2023-12,False
918,Restoran Melayu,0,0,0,2023-12,False
1589,Borong,0,0,0,2023-12,False
1589,Foodcourt,0,0,0,2023-12,False
1589,Hypermarket,412,6,114,2023-12,True
1589,Kedai Runcit,695,7,200,2023-12,True
1589,Kedai Serbaneka,0,0,0,2023-12,False
1589,Medan Selera,0,0,0,2023-12,False
1589,Pasar Basah,391,9,115,2023-12,True
1589,Pasar Mini,680,6,207,2023-12,True
1589,Pasar Raya / Supermarket,1223,10,383,2023-12,True
1589,Restoran Cina,0,0,0,2023-12,False
1589,Restoran India Muslim,0,0,0,2023-12,False
1589,Restoran Melayu,0,0,0,2023-12,False
917,Borong,0,0,0,2023-12,False
917,Foodcourt,0,0,0,2023-12,False
917,Hypermarket,418,6,116,2023-12,True
917,Kedai Runcit,621,7,168,2023-12,True
917,Kedai Serbaneka,0,0,0,2023-12,False
917,Medan Selera,0,0,0,2023-12,False
917,Pasar Basah,561,11,154,2023-12,True
917,Pasar Mini,777,5,212,2023-12,True
917,Pasar Raya / Supermarket,1545,11,421,2023-12,True
917,Restoran Cina,0,0,0,2023-12,False
917,Restoran India Muslim,0,0,0,2023-12,False
917,Restoran Melayu,0,0,0,2023-12,False
129,Borong,0,0,0,2023-12,False
129,Foodcourt,0,0,0,2023-12,False
129,Hypermarket,2856,24,129,2023-12,True
129,Kedai Runcit,794,24,200,2023-12,True
129,Kedai Serbaneka,0,0,0,2023-12,False
129,Medan Selera,0,0,0,2023-12,False
129,Pasar Basah,6160,24,282,2023-12,True
129,Pasar Mini,761,24,186,2023-12,True
129,Pasar Raya / Supermarket,9988,24,461,2023-12,True
129,Restoran Cina,0,0,0,2023-12,False
129,Restoran India Muslim,0,0,0,2023-12,False
129,Restoran Melayu,0,0,0,2023-12,False
1564,Borong,14,3,6,2023-12,True
1564,Foodcourt,0,0,0,2023-12,False
1564,Hypermarket,2995,24,129,2023-12,True
1564,Kedai Runcit,609,24,153,2023-12,True
1564,Kedai Serbaneka,0,0,0,2023-12,False
1564,Medan Selera,0,0,0,2023-12,False
1564,Pasar Basah,5800,24,264,2023-12,True
1564,Pasar Mini,742,24,175,2023-12,True
1564,Pasar Raya / Supermarket,10013,24,438,2023-12,True
1564,Restoran Cina,0,0,0,2023-12,False
1564,Restoran India Muslim,0,0,0,2023-12,False
1564,Restoran Melayu,0,0,0,2023-12,False
1131,Borong,21,3,8,2023-12,True
1131,Foodcourt,0,0,0,2023-12,False
1131,Hypermarket,2714,24,128,2023-12,True
1131,Kedai Runcit,544,24,138,2023-12,True
1131,Kedai Serbaneka,0,0,0,2023-12,False
1131,Medan Selera,0,0,0,2023-12,False
1131,Pasar Basah,5071,24,240,2023-12,True
1131,Pasar Mini,629,24,156,2023-12,True
1131,Pasar Raya / Supermarket,8866,24,424,2023-12,True
1131,Restoran Cina,0,0,0,2023-12,False
1131,Restoran India Muslim,0,0,0,2023-12,False
1131,Restoran Melayu,0,0,0,2023-12,False
94,Borong,16,3,7,2023-12,True
94,Foodcourt,0,0,0,2023-12,False
94,Hypermarket,1746,24,93,2023-12,True
94,Kedai Runcit,129,24,30,2023-12,True
94,Kedai Serbaneka,0,0,0,2023-12,False
94,Medan Selera,0,0,0,2023-12,False
94,Pasar Basah,2285,24,149,2023-12,True
94,Pasar Mini,252,23,62,2023-12,True
94,Pasar Raya / Supermarket,6264,24,320,2023-12,True
94,Restoran Cina,0,0,0,2023-12,False
94,Restoran India Muslim,0,0,0,2023-12,False
94,Restoran Melayu,0,0,0,2023-12,False
114,Borong,26,3,11,2023-12,True
114,Foodcourt,0,0,0,2023-12,False
114,Hypermarket,2764,24,126,2023-12,True
114,Kedai Runcit,338,23,87,2023-12,True
114,Kedai Serbaneka,0,0,0,2023-12,False
114,Medan Selera,0,0,0,2023-12,False
114,Pasar Basah,6518,24,294,2023-12,True
114,Pasar Mini,521,24,125,2023-12,True
114,Pasar Raya / Supermarket,9793,24,442,2023-12,True
114,Restoran Cina,0,0,0,2023-12,False
114,Restoran India Muslim,0,0,0,2023-12,False
114,Restoran Melayu,0,0,0,2023-12,False
103,Borong,8,3,3,2023-12,True
103,Foodcourt,0,0,0,2023-12,False
103,Hypermarket,417,24,25,2023-12,True
103,Kedai Runcit,19,5,6,2023-12,True
103,Kedai Serbaneka,0,0,0,2023-12,False
103,Medan Selera,0,0,0,2023-12,False
103,Pasar Basah,2884,24,127,2023-12,True
103,Pasar Mini,15,5,5,2023-12,True
103,Pasar Raya / Supermarket,2164,24,105,2023-12,True
103,Restoran Cina,0,0,0,2023-12,False
103,Restoran India Muslim,0,0,0,2023-12,False
103,Restoran Melayu,0,0,0,2023-12,False
1431,Borong,2,2,1,2023-12,True
1431,Foodcourt,0,0,0,2023-12,False
1431,Hypermarket,48,24,2,2023-12,True
1431,Kedai Runcit,0,0,0,2023-12,False
1431,Kedai Serbaneka,0,0,0,2023-12,False
1431,Medan Selera,0,0,0,2023-12,False
1431,Pasar Basah,2696,24,133,2023-12,True
1431,Pasar Mini,8,4,2,2023-12,True
1431,Pasar Raya / Supermarket,69,24,6,2023-12,True
1431,Restoran Cina,0,0,0,2023-12,False
1431,Restoran India Muslim,0,0,0,2023-12,False
1431,Restoran Melayu,0,0,0,2023-12,False
1555,Borong,22,3,10,2023-12,True
1555,Foodcourt,0,0,0,2023-12,False
1555,Hypermarket,2276,24,111,2023-12,True
1555,Kedai Runcit,148,13,41,2023-12,True
1555,Kedai Serbaneka,0,0,0,2023-12,False
1555,Medan Selera,0,0,0,2023-12,False
1555,Pasar Basah,4804,24,244,2023-12,True
1555,Pasar Mini,229,24,54,2023-12,True
1555,Pasar Raya / Supermarket,5843,24,321,2023-12,True
1555,Restoran Cina,0,0,0,2023-12,False
1555,Restoran India Muslim,0,0,0,2023-12,False
1555,Restoran Melayu,0,0,0,2023-12,False
193,Borong,0,0,0,2023-12,False
193,Foodcourt,0,0,0,2023-12,False
193,Hypermarket,399,6,110,2023-12,True
193,Kedai Runcit,322,6,84,2023-12,True
193,Kedai Serbaneka,0,0,0,2023-12,False
193,Medan Selera,0,0,0,2023-12,False
193,Pasar Basah,249,6,69,2023-12,True
193,Pasar Mini,512,6,133,2023-12,True
193,Pasar Raya / Supermarket,1190,11,317,2023-12,True
193,Restoran Cina,0,0,0,2023-12,False
193,Restoran India Muslim,0,0,0,2023-12,False
193,Restoran Melayu,0,0,0,2023-12,False
1,Borong,46,5,12,2024-01,True
1,Foodcourt,0,0,0,2024-01,False
1,Hypermarket,2847,31,101,2024-01,True
1,Kedai Runcit,255,31,49,2024-01,True
1,Kedai Serbaneka,0,0,0,2024-01,False
1,Medan Selera,0,0,0,2024-01,False
1,Pasar Basah,7358,31,254,2024-01,True
1,Pasar Mini,416,31,72,2024-01,True
1,Pasar Raya / Supermarket,9562,31,328,2024-01,True
1,Restoran Cina,0,0,0,2024-01,False
1,Restoran India Muslim,0,0,0,2024-01,False
1,Restoran Melayu,0,0,0,2024-01,False
1111,Borong,0,0,0,2024-01,False
1111,Foodcourt,0,0,0,2024-01,False
1111,Hypermarket,1350,31,88,2024-01,True
1111,Kedai Runcit,206,10,53,2024-01,True
1111,Kedai Serbaneka,0,0,0,2024-01,False
1111,Medan Selera,0,0,0,2024-01,False
1111,Pasar Basah,1795,31,88,2024-01,True
1111,Pasar Mini,214,7,61,2024-01,True
1111,Pasar Raya / Supermarket,3363,31,278,2024-01,True
1111,Restoran Cina,0,0,0,2024-01,False
1111,Restoran India Muslim,0,0,0,2024-01,False
1111,Restoran Melayu,0,0,0,2024-01,False
904,Borong,0,0,0,2024-01,False
904,Foodcourt,0,0,0,2024-01,False
904,Hypermarket,322,8,73,2024-01,True
904,Kedai Runcit,84,5,20,2024-01,True
904,Kedai Serbaneka,0,0,0,2024-01,False
904,Medan Selera,0,0,0,2024-01,False
904,Pasar Basah,9,5,2,2024-01,True
904,Pasar Mini,223,6,51,2024-01,True
904,Pasar Raya / Supermarket,653,8,161,2024-01,True
904,Restoran Cina,0,0,0,2024-01,False
904,Restoran India Muslim,0,0,0,2024-01,False
904,Restoran Melayu,0,0,0,2024-01,False
918,Borong,0,0,0,2024-01,False
918,Foodcourt,0,0,0,2024-01,False
918,Hypermarket,449,29,73,2024-01,True
918,Kedai Runcit,427,11,118,2024-01,True
918,Kedai Serbaneka,0,0,0,2024-01,False
918,Medan Selera,0,0,0,2024-01,False
918,Pasar Basah,248,10,68,2024-01,True
918,Pasar Mini,344,16,108,2024-01,True
918,Pasar Raya / Supermarket,2577,30,276,2024-01,True
918,Restoran Cina,0,0,0,2024-01,False
918,Restoran India Muslim,0,0,0,2024-01,False
918,Restoran Melayu,0,0,0,2024-01,False
1589,Borong,0,0,0,2024-01,False
1589,Foodcourt,0,0,0,2024-01,False
1589,Hypermarket,538,8,121,2024-01,True
1589,Kedai Runcit,939,8,214,2024-01,True
1589,Kedai Serbaneka,0,0,0,2024-01,False
1589,Medan Selera,0,0,0,2024-01,False
1589,Pasar Basah,503,10,118,2024-01,True
1589,Pasar Mini,915,9,232,2024-01,True
1589,Pasar Raya / Supermarket,1686,16,421,2024-01,True
1589,Restoran Cina,0,0,0,2024-01,False
1589,Restoran India Muslim,0,0,0,2024-01,False
1589,Restoran Melayu,0,0,0,2024-01,False
917,Borong,0,0,0,2024-01,False
917,Foodcourt,0,0,0,2024-01,False
917,Hypermarket,519,9,123,2024-01,True
917,Kedai Runcit,771,7,172,2024-01,True
917,Kedai Serbaneka,0,0,0,2024-01,False
917,Medan Selera,0,0,0,2024-01,False
917,Pasar Basah,674,11,148,2024-01,True
917,Pasar Mini,934,8,214,2024-01,True
917,Pasar Raya / Supermarket,1801,16,421,2024-01,True
917,Restoran Cina,0,0,0,2024-01,False
917,Restoran India Muslim,0,0,0,2024-01,False
917,Restoran Melayu,0,0,0,2024-01,False
129,Borong,0,0,0,2024-01,False
129,Foodcourt,0,0,0,2024-01,False
129,Hypermarket,3718,31,129,2024-01,True
129,Kedai Runcit,977,31,204,2024-01,True
129,Kedai Serbaneka,0,0,0,2024-01,False
129,Medan Selera,0,0,0,2024-01,False
129,Pasar Basah,7940,31,284,2024-01,True
129,Pasar Mini,934,31,183,2024-01,True
129,Pasar Raya / Supermarket,12516,31,452,2024-01,True
129,Restoran Cina,0,0,0,2024-01,False
129,Restoran India Muslim,0,0,0,2024-01,False
129,Restoran Melayu,0,0,0,2024-01,False
1564,Borong,39,5,10,2024-01,True
1564,Foodcourt,0,0,0,2024-01,False
1564,Hypermarket,3913,31,132,2024-01,True
1564,Kedai Runcit,744,31,155,2024-01,True
1564,Kedai Serbaneka,0,0,0,2024-01,False
1564,Medan Selera,0,0,0,2024-01,False
1564,Pasar Basah,7438,31,261,2024-01,True
1564,Pasar Mini,936,31,177,2024-01,True
1564,Pasar Raya / Supermarket,12932,31,440,2024-01,True
1564,Restoran Cina,0,0,0,2024-01,False
1564,Restoran India Muslim,0,0,0,2024-01,False
1564,Restoran Melayu,0,0,0,2024-01,False
1131,Borong,41,5,9,2024-01,True
1131,Foodcourt,0,0,0,2024-01,False
1131,Hypermarket,3498,31,126,2024-01,True
1131,Kedai Runcit,719,31,151,2024-01,True
1131,Kedai Serbaneka,0,0,0,2024-01,False
1131,Medan Selera,0,0,0,2024-01,False
1131,Pasar Basah,6486,31,237,2024-01,True
1131,Pasar Mini,825,31,161,2024-01,True
1131,Pasar Raya / Supermarket,11502,31,410,2024-01,True
1131,Restoran Cina,0,0,0,2024-01,False
1131,Restoran India Muslim,0,0,0,2024-01,False
1131,Restoran Melayu,0,0,0,2024-01,False
94,Borong,40,5,10,2024-01,True
94,Foodcourt,0,0,0,2024-01,False
94,Hypermarket,2473,31,96,2024-01,True
94,Kedai Runcit,160,24,33,2024-01,True
94,Kedai Serbaneka,0,0,0,2024-01,False
94,Medan Selera,0,0,0,2024-01,False
94,Pasar Basah,3094,31,148,2024-01,True
94,Pasar Mini,330,30,71,2024-01,True
94,Pasar Raya / Supermarket,8343,31,316,2024-01,True
94,Restoran Cina,0,0,0,2024-01,False
94,Restoran India Muslim,0,0,0,2024-01,False
94,Restoran Melayu,0,0,0,2024-01,False
114,Borong,63,5,15,2024-01,True
114,Foodcourt,0,0,0,2024-01,False
114,Hypermarket,3611,31,129,2024-01,True
114,Kedai Runcit,395,5,90,2024-01,True
114,Kedai Serbaneka,0,0,0,2024-01,False
114,Medan Selera,0,0,0,2024-01,False
114,Pasar Basah,8316,31,299,2024-01,True
114,Pasar Mini,631,31,128,2024-01,True
114,Pasar Raya / Supermarket,12462,31,441,2024-01,True
114,Restoran Cina,0,0,0,2024-01,False
114,Restoran India Muslim,0,0,0,2024-01,False
114,Restoran Melayu,0,0,0,2024-01,False
103,Borong,19,5,4,2024-01,True
103,Foodcourt,0,0,0,2024-01,False
103,Hypermarket,553,31,26,2024-01,True
103,Kedai Runcit,23,5,5,2024-01,True
103,Kedai Serbaneka,0,0,0,2024-01,False
103,Medan Selera,0,0,0,2024-01,False
103,Pasar Basah,3571,31,128,2024-01,True
103,Pasar Mini,19,5,4,2024-01,True
103,Pasar Raya / Supermarket,2781,31,106,2024-01,True
103,Restoran Cina,0,0,0,2024-01,False
103,Restoran India Muslim,0,0,0,2024-01,False
103,Restoran Melayu,0,0,0,2024-01,False
1431,Borong,10,5,2,2024-01,True
1431,Foodcourt,0,0,0,2024-01,False
1431,Hypermarket,46,27,2,2024-01,True
1431,Kedai Runcit,0,0,0,2024-01,False
1431,Kedai Serbaneka,0,0,0,2024-01,False
1431,Medan Selera,0,0,0,2024-01,False
1431,Pasar Basah,3426,31,132,2024-01,True
1431,Pasar Mini,10,5,2,2024-01,True
1431,Pasar Raya / Supermarket,122,31,5,2024-01,True
1431,Restoran Cina,0,0,0,2024-01,False
1431,Restoran India Muslim,0,0,0,2024-01,False
1431,Restoran Melayu,0,0,0,2024-01,False
1555,Borong,42,5,11,2024-01,True
1555,Foodcourt,0,0,0,2024-01,False
1555,Hypermarket,2979,31,114,2024-01,True
1555,Kedai Runcit,163,7,42,2024-01,True
1555,Kedai Serbaneka,0,0,0,2024-01,False
1555,Medan Selera,0,0,0,2024-01,False
1555,Pasar Basah,5990,31,252,2024-01,True
1555,Pasar Mini,280,31,60,2024-01,True
1555,Pasar Raya / Supermarket,7401,31,327,2024-01,True
1555,Restoran Cina,0,0,0,2024-01,False
1555,Restoran India Muslim,0,0,0,2024-01,False
1555,Restoran Melayu,0,0,0,2024-01,False
193,Borong,0,0,0,2024-01,False
193,Foodcourt,0,0,0,2024-01,False
193,Hypermarket,502,8,110,2024-01,True
193,Kedai Runcit,387,6,84,2024-01,True
193,Kedai Serbaneka,0,0,0,2024-01,False
193,Medan Selera,0,0,0,2024-01,False
193,Pasar Basah,294,6,68,2024-01,True
193,Pasar Mini,632,8,135,2024-01,True
193,Pasar Raya / Supermarket,1492,14,321,2024-01,True
193,Restoran Cina,0,0,0,2024-01,False
193,Restoran India Muslim,0,0,0,2024-01,False
193,Restoran Melayu,0,0,0,2024-01,False
1,Borong,32,4,9,2024-02,True
1,Foodcourt,0,0,0,2024-02,False
1,Hypermarket,2594,27,102,2024-02,True
1,Kedai Runcit,248,25,57,2024-02,True
1,Kedai Serbaneka,0,0,0,2024-02,False
1,Medan Selera,0,0,0,2024-02,False
1,Pasar Basah,6322,27,256,2024-02,True
1,Pasar Mini,421,26,89,2024-02,True
1,Pasar Raya / Supermarket,8655,27,348,2024-02,True
1,Restoran Cina,0,0,0,2024-02,False
1,Restoran India Muslim,0,0,0,2024-02,False
1,Restoran Melayu,0,0,0,2024-02,False
1111,Borong,0,0,0,2024-02,False
1111,Foodcourt,0,0,0,2024-02,False
1111,Hypermarket,1276,27,103,2024-02,True
1111,Kedai Runcit,160,8,58,2024-02,True
1111,Kedai Serbaneka,0,0,0,2024-02,False
1111,Medan Selera,0,0,0,2024-02,False
1111,Pasar Basah,1499,27,94,2024-02,True
1111,Pasar Mini,227,5,84,2024-02,True
1111,Pasar Raya / Supermarket,3053,27,300,2024-02,True
1111,Restoran Cina,0,0,0,2024-02,False
1111,Restoran India Muslim,0,0,0,2024-02,False
1111,Restoran Melayu,0,0,0,2024-02,False
904,Borong,0,0,0,2024-02,False
904,Foodcourt,0,0,0,2024-02,False
904,Hypermarket,214,5,69,2024-02,True
904,Kedai Runcit,81,5,24,2024-02,True
904,Kedai Serbaneka,0,0,0,2024-02,False
904,Medan Selera,0,0,0,2024-02,False
904,Pasar Basah,5,3,2,2024-02,True
904,Pasar Mini,199,5,59,2024-02,True
904,Pasar Raya / Supermarket,527,5,159,2024-02,True
904,Restoran Cina,0,0,0,2024-02,False
904,Restoran India Muslim,0,0,0,2024-02,False
904,Restoran Melayu,0,0,0,2024-02,False
918,Borong,0,0,0,2024-02,False
918,Foodcourt,0,0,0,2024-02,False
918,Hypermarket,79,7,37,2024-02,True
918,Kedai Runcit,345,6,117,2024-02,True
918,Kedai Serbaneka,0,0,0,2024-02,False
918,Medan Selera,0,0,0,2024-02,False
918,Pasar Basah,206,9,68,2024-02,True
918,Pasar Mini,253,5,100,2024-02,True
918,Pasar Raya / Supermarket,415,15,161,2024-02,True
918,Restoran Cina,0,0,0,2024-02,False
918,Restoran India Muslim,0,0,0,2024-02,False
918,Restoran Melayu,0,0,0,2024-02,False
1589,Borong,0,0,0,2024-02,False
1589,Foodcourt,0,0,0,2024-02,False
1589,Hypermarket,463,7,123,2024-02,True
1589,Kedai Runcit,817,5,230,2024-02,True
1589,Kedai Serbaneka,0,0,0,2024-02,False
1589,Medan Selera,0,0,0,2024-02,False
1589,Pasar Basah,431,9,123,2024-02,True
1589,Pasar Mini,852,5,258,2024-02,True
1589,Pasar Raya / Supermarket,1492,7,426,2024-02,True
1589,Restoran Cina,0,0,0,2024-02,False
1589,Restoran India Muslim,0,0,0,2024-02,False
1589,Restoran Melayu,0,0,0,2024-02,False
917,Borong,0,0,0,2024-02,False
917,Foodcourt,0,0,0,2024-02,False
917,Hypermarket,421,7,121,2024-02,True
917,Kedai Runcit,709,5,193,2024-02,True
917,Kedai Serbaneka,0,0,0,2024-02,False
917,Medan Selera,0,0,0,2024-02,False
917,Pasar Basah,548,9,155,2024-02,True
917,Pasar Mini,835,5,236,2024-02,True
917,Pasar Raya / Supermarket,1520,6,428,2024-02,True
917,Restoran Cina,0,0,0,2024-02,False
917,Restoran India Muslim,0,0,0,2024-02,False
917,Restoran Melayu,0,0,0,2024-02,False
129,Borong,0,0,0,2024-02,False
129,Foodcourt,0,0,0,2024-02,False
129,Hypermarket,3204,28,131,2024-02,True
129,Kedai Runcit,820,26,212,2024-02,True
129,Kedai Serbaneka,0,0,0,2024-02,False
129,Medan Selera,0,0,0,2024-02,False
129,Pasar Basah,6874,27,286,2024-02,True
129,Pasar Mini,860,26,208,2024-02,True
129,Pasar Raya / Supermarket,11047,27,471,2024-02,True
129,Restoran Cina,0,0,0,2024-02,False
129,Restoran India Muslim,0,0,0,2024-02,False
129,Restoran Melayu,0,0,0,2024-02,False
1564,Borong,26,4,8,2024-02,True
1564,Foodcourt,0,0,0,2024-02,False
1564,Hypermarket,3378,28,132,2024-02,True
1564,Kedai Runcit,614,26,162,2024-02,True
1564,Kedai Serbaneka,0,0,0,2024-02,False
1564,Medan Selera,0,0,0,2024-02,False
1564,Pasar Basah,6295,27,267,2024-02,True
1564,Pasar Mini,823,26,201,2024-02,True
1564,Pasar Raya / Supermarket,11458,27,465,2024-02,True
1564,Restoran Cina,0,0,0,2024-02,False
1564,Restoran India Muslim,0,0,0,2024-02,False
1564,Restoran Melayu,0,0,0,2024-02,False
1131,Borong,31,4,9,2024-02,True
1131,Foodcourt,0,0,0,2024-02,False
1131,Hypermarket,3067,28,131,2024-02,True
1131,Kedai Runcit,582,26,161,2024-02,True
1131,Kedai Serbaneka,0,0,0,2024-02,False
1131,Medan Selera,0,0,0,2024-02,False
1131,Pasar Basah,5670,27,254,2024-02,True
1131,Pasar Mini,731,26,182,2024-02,True
1131,Pasar Raya / Supermarket,10260,27,442,2024-02,True
1131,Restoran Cina,0,0,0,2024-02,False
1131,Restoran India Muslim,0,0,0,2024-02,False
1131,Restoran Melayu,0,0,0,2024-02,False
94,Borong,31,4,10,2024-02,True
94,Foodcourt,0,0,0,2024-02,False
94,Hypermarket,2280,27,97,2024-02,True
94,Kedai Runcit,140,25,35,2024-02,True
94,Kedai Serbaneka,0,0,0,2024-02,False
94,Medan Selera,0,0,0,2024-02,False
94,Pasar Basah,2848,27,150,2024-02,True
94,Pasar Mini,293,26,72,2024-02,True
94,Pasar Raya / Supermarket,7496,27,331,2024-02,True
94,Restoran Cina,0,0,0,2024-02,False
94,Restoran India Muslim,0,0,0,2024-02,False
94,Restoran Melayu,0,0,0,2024-02,False
114,Borong,44,4,13,2024-02,True
114,Foodcourt,0,0,0,2024-02,False
114,Hypermarket,3099,28,127,2024-02,True
114,Kedai Runcit,355,5,97,2024-02,True
114,Kedai Serbaneka,0,0,0,2024-02,False
114,Medan Selera,0,0,0,2024-02,False
114,Pasar Basah,7190,27,300,2024-02,True
114,Pasar Mini,602,26,151,2024-02,True
114,Pasar Raya / Supermarket,11022,27,469,2024-02,True
114,Restoran Cina,0,0,0,2024-02,False
114,Restoran India Muslim,0,0,0,2024-02,False
114,Restoran Melayu,0,0,0,2024-02,False
103,Borong,14,4,4,2024-02,True
103,Foodcourt,0,0,0,2024-02,False
103,Hypermarket,418,27,24,2024-02,True
103,Kedai Runcit,29,5,8,2024-02,True
103,Kedai Serbaneka,0,0,0,2024-02,False
103,Medan Selera,0,0,0,2024-02,False
103,Pasar Basah,3049,27,128,2024-02,True
103,Pasar Mini,23,4,6,2024-02,True
103,Pasar Raya / Supermarket,2306,27,112,2024-02,True
103,Restoran Cina,0,0,0,2024-02,False
103,Restoran India Muslim,0,0,0,2024-02,False
103,Restoran Melayu,0,0,0,2024-02,False
1431,Borong,8,4,2,2024-02,True
1431,Foodcourt,0,0,0,2024-02,False
1431,Hypermarket,44,25,2,2024-02,True
1431,Kedai Runcit,0,0,0,2024-02,False
1431,Kedai Serbaneka,0,0,0,2024-02,False
1431,Medan Selera,0,0,0,2024-02,False
1431,Pasar Basah,2923,27,133,2024-02,True
1431,Pasar Mini,10,5,2,2024-02,True
1431,Pasar Raya / Supermarket,88,27,5,2024-02,True
1431,Restoran Cina,0,0,0,2024-02,False
1431,Restoran India Muslim,0,0,0,2024-02,False
1431,Restoran Melayu,0,0,0,2024-02,False
1555,Borong,28,4,10,2024-02,True
1555,Foodcourt,0,0,0,2024-02,False
1555,Hypermarket,2446,27,113,2024-02,True
1555,Kedai Runcit,139,10,44,2024-02,True
1555,Kedai Serbaneka,0,0,0,2024-02,False
1555,Medan Selera,0,0,0,2024-02,False
1555,Pasar Basah,4833,27,246,2024-02,True
1555,Pasar Mini,268,25,68,2024-02,True
1555,Pasar Raya / Supermarket,6216,27,350,2024-02,True
1555,Restoran Cina,0,0,0,2024-02,False
1555,Restoran India Muslim,0,0,0,2024-02,False
1555,Restoran Melayu,0,0,0,2024-02,False
193,Borong,0,0,0,2024-02,False
193,Foodcourt,0,0,0,2024-02,False
193,Hypermarket,410,6,112,2024-02,True
193,Kedai Runcit,318,5,92,2024-02,True
193,Kedai Serbaneka,0,0,0,2024-02,False
193,Medan Selera,0,0,0,2024-02,False
193,Pasar Basah,236,4,68,2024-02,True
193,Pasar Mini,547,4,150,2024-02,True
193,Pasar Raya / Supermarket,1215,7,324,2024-02,True
193,Restoran Cina,0,0,0,2024-02,False
193,Restoran India Muslim,0,0,0,2024-02,False
193,Restoran Melayu,0,0,0,2024-02,False
1,Borong,39,4,11,2024-03,True
1,Foodcourt,0,0,0,2024-03,False
1,Hypermarket,2513,28,102,2024-03,True
1,Kedai Runcit,227,26,57,2024-03,True
1,Kedai Serbaneka,0,0,0,2024-03,False
1,Medan Selera,0,0,0,2024-03,False
1,Pasar Basah,6406,28,254,2024-03,True
1,Pasar Mini,422,28,97,2024-03,True
1,Pasar Raya / Supermarket,8961,28,364,2024-03,True
1,Restoran Cina,0,0,0,2024-03,False
1,Restoran India Muslim,0,0,0,2024-03,False
1,Restoran Melayu,0,0,0,2024-03,False
1111,Borong,0,0,0,2024-03,False
1111,Foodcourt,0,0,0,2024-03,False
1111,Hypermarket,1791,28,106,2024-03,True
1111,Kedai Runcit,188,16,65,2024-03,True
1111,Kedai Serbaneka,0,0,0,2024-03,False
1111,Medan Selera,0,0,0,2024-03,False
1111,Pasar Basah,1728,28,99,2024-03,True
1111,Pasar Mini,296,6,114,2024-03,True
1111,Pasar Raya / Supermarket,4547,28,318,2024-03,True
1111,Restoran Cina,0,0,0,2024-03,False
1111,Restoran India Muslim,0,0,0,2024-03,False
1111,Restoran Melayu,0,0,0,2024-03,False
904,Borong,0,0,0,2024-03,False
904,Foodcourt,0,0,0,2024-03,False
904,Hypermarket,227,4,72,2024-03,True
904,Kedai Runcit,79,4,23,2024-03,True
904,Kedai Serbaneka,0,0,0,2024-03,False
904,Medan Selera,0,0,0,2024-03,False
904,Pasar Basah,4,4,1,2024-03,True
904,Pasar Mini,191,4,55,2024-03,True
904,Pasar Raya / Supermarket,500,4,158,2024-03,True
904,Restoran Cina,0,0,0,2024-03,False
904,Restoran India Muslim,0,0,0,2024-03,False
904,Restoran Melayu,0,0,0,2024-03,False
918,Borong,0,0,0,2024-03,False
918,Foodcourt,0,0,0,2024-03,False
918,Hypermarket,81,5,33,2024-03,True
918,Kedai Runcit,361,4,116,2024-03,True
918,Kedai Serbaneka,0,0,0,2024-03,False
918,Medan Selera,0,0,0,2024-03,False
918,Pasar Basah,210,9,69,2024-03,True
918,Pasar Mini,307,4,116,2024-03,True
918,Pasar Raya / Supermarket,392,5,161,2024-03,True
918,Restoran Cina,0,0,0,2024-03,False
918,Restoran India Muslim,0,0,0,2024-03,False
918,Restoran Melayu,0,0,0,2024-03,False
1589,Borong,0,0,0,2024-03,False
1589,Foodcourt,0,0,0,2024-03,False
1589,Hypermarket,454,4,120,2024-03,True
1589,Kedai Runcit,826,4,239,2024-03,True
1589,Kedai Serbaneka,0,0,0,2024-03,False
1589,Medan Selera,0,0,0,2024-03,False
1589,Pasar Basah,427,9,121,2024-03,True
1589,Pasar Mini,1017,5,288,2024-03,True
1589,Pasar Raya / Supermarket,1540,10,445,2024-03,True
1589,Restoran Cina,0,0,0,2024-03,False
1589,Restoran India Muslim,0,0,0,2024-03,False
1589,Restoran Melayu,0,0,0,2024-03,False
917,Borong,0,0,0,2024-03,False
917,Foodcourt,0,0,0,2024-03,False
917,Hypermarket,397,4,120,2024-03,True
917,Kedai Runcit,728,5,200,2024-03,True
917,Kedai Serbaneka,0,0,0,2024-03,False
917,Medan Selera,0,0,0,2024-03,False
917,Pasar Basah,542,9,149,2024-03,True
917,Pasar Mini,945,6,270,2024-03,True
917,Pasar Raya / Supermarket,1511,9,442,2024-03,True
917,Restoran Cina,0,0,0,2024-03,False
917,Restoran India Muslim,0,0,0,2024-03,False
917,Restoran Melayu,0,0,0,2024-03,False
129,Borong,0,0,0,2024-03,False
129,Foodcourt,0,0,0,2024-03,False
129,Hypermarket,3005,28,132,2024-03,True
129,Kedai Runcit,822,22,218,2024-03,True
129,Kedai Serbaneka,0,0,0,2024-03,False
129,Medan Selera,0,0,0,2024-03,False
129,Pasar Basah,7113,28,286,2024-03,True
129,Pasar Mini,890,28,221,2024-03,True
129,Pasar Raya / Supermarket,11202,28,481,2024-03,True
129,Restoran Cina,0,0,0,2024-03,False
129,Restoran India Muslim,0,0,0,2024-03,False
129,Restoran Melayu,0,0,0,2024-03,False
1564,Borong,31,4,9,2024-03,True
1564,Foodcourt,0,0,0,2024-03,False
1564,Hypermarket,3389,28,133,2024-03,True
1564,Kedai Runcit,637,26,170,2024-03,True
1564,Kedai Serbaneka,0,0,0,2024-03,False
1564,Medan Selera,0,0,0,2024-03,False
1564,Pasar Basah,6647,28,266,2024-03,True
1564,Pasar Mini,859,28,210,2024-03,True
1564,Pasar Raya / Supermarket,11654,28,466,2024-03,True
1564,Restoran Cina,0,0,0,2024-03,False
1564,Restoran India Muslim,0,0,0,2024-03,False
1564,Restoran Melayu,0,0,0,2024-03,False
1131,Borong,28,4,8,2024-03,True
1131,Foodcourt,0,0,0,2024-03,False
1131,Hypermarket,2767,28,125,2024-03,True
1131,Kedai Runcit,575,17,158,2024-03,True
1131,Kedai Serbaneka,0,0,0,2024-03,False
1131,Medan Selera,0,0,0,2024-03,False
1131,Pasar Basah,5794,28,239,2024-03,True
1131,Pasar Mini,738,27,190,2024-03,True
1131,Pasar Raya / Supermarket,10013,28,430,2024-03,True
1131,Restoran Cina,0,0,0,2024-03,False
1131,Restoran India Muslim,0,0,0,2024-03,False
1131,Restoran Melayu,0,0,0,2024-03,False
94,Borong,32,4,10,2024-03,True
94,Foodcourt,0,0,0,2024-03,False
94,Hypermarket,2295,28,103,2024-03,True
94,Kedai Runcit,165,26,42,2024-03,True
94,Kedai Serbaneka,0,0,0,2024-03,False
94,Medan Selera,0,0,0,2024-03,False
94,Pasar Basah,2868,28,152,2024-03,True
94,Pasar Mini,309,27,88,2024-03,True
94,Pasar Raya / Supermarket,7922,28,345,2024-03,True
94,Restoran Cina,0,0,0,2024-03,False
94,Restoran India Muslim,0,0,0,2024-03,False
94,Restoran Melayu,0,0,0,2024-03,False
114,Borong,45,4,13,2024-03,True
114,Foodcourt,0,0,0,2024-03,False
114,Hypermarket,3189,28,129,2024-03,True
114,Kedai Runcit,363,9,103,2024-03,True
114,Kedai Serbaneka,0,0,0,2024-03,False
114,Medan Selera,0,0,0,2024-03,False
114,Pasar Basah,7445,28,300,2024-03,True
114,Pasar Mini,641,28,160,2024-03,True
114,Pasar Raya / Supermarket,11411,28,470,2024-03,True
114,Restoran Cina,0,0,0,2024-03,False
114,Restoran India Muslim,0,0,0,2024-03,False
114,Restoran Melayu,0,0,0,2024-03,False
103,Borong,15,4,4,2024-03,True
103,Foodcourt,0,0,0,2024-03,False
103,Hypermarket,488,28,28,2024-03,True
103,Kedai Runcit,27,4,8,2024-03,True
103,Kedai Serbaneka,0,0,0,2024-03,False
103,Medan Selera,0,0,0,2024-03,False
103,Pasar Basah,3120,28,129,2024-03,True
103,Pasar Mini,24,4,6,2024-03,True
103,Pasar Raya / Supermarket,2428,28,111,2024-03,True
103,Restoran Cina,0,0,0,2024-03,False
103,Restoran India Muslim,0,0,0,2024-03,False
103,Restoran Melayu,0,0,0,2024-03,False
1431,Borong,8,4,2,2024-03,True
1431,Foodcourt,0,0,0,2024-03,False
1431,Hypermarket,28,26,2,2024-03,True
1431,Kedai Runcit,0,0,0,2024-03,False
1431,Kedai Serbaneka,0,0,0,2024-03,False
1431,Medan Selera,0,0,0,2024-03,False
1431,Pasar Basah,3338,28,150,2024-03,True
1431,Pasar Mini,6,3,2,2024-03,True
1431,Pasar Raya / Supermarket,104,27,8,2024-03,True
1431,Restoran Cina,0,0,0,2024-03,False
1431,Restoran India Muslim,0,0,0,2024-03,False
1431,Restoran Melayu,0,0,0,2024-03,False
1555,Borong,27,4,8,2024-03,True
1555,Foodcourt,0,0,0,2024-03,False
1555,Hypermarket,2581,28,115,2024-03,True
1555,Kedai Runcit,139,6,48,2024-03,True
1555,Kedai Serbaneka,0,0,0,2024-03,False
1555,Medan Selera,0,0,0,2024-03,False
1555,Pasar Basah,5230,28,251,2024-03,True
1555,Pasar Mini,283,27,79,2024-03,True
1555,Pasar Raya / Supermarket,6880,28,357,2024-03,True
1555,Restoran Cina,0,0,0,2024-03,False
1555,Restoran India Muslim,0,0,0,2024-03,False
1555,Restoran Melayu,0,0,0,2024-03,False
193,Borong,0,0,0,2024-03,False
193,Foodcourt,0,0,0,2024-03,False
193,Hypermarket,382,4,111,2024-03,True
193,Kedai Runcit,361,4,95,2024-03,True
193,Kedai Serbaneka,0,0,0,2024-03,False
193,Medan Selera,0,0,0,2024-03,False
193,Pasar Basah,239,5,64,2024-03,True
193,Pasar Mini,601,5,159,2024-03,True
193,Pasar Raya / Supermarket,1223,8,333,2024-03,True
193,Restoran Cina,0,0,0,2024-03,False
193,Restoran India Muslim,0,0,0,2024-03,False
193,Restoran Melayu,0,0,0,2024-03,False
1,Borong,26,3,11,2024-04,True
1,Foodcourt,0,0,0,2024-04,False
1,Hypermarket,2467,28,95,2024-04,True
1,Kedai Runcit,302,27,60,2024-04,True
1,Kedai Serbaneka,0,0,0,2024-04,False
1,Medan Selera,0,0,0,2024-04,False
1,Pasar Basah,6619,28,253,2024-04,True
1,Pasar Mini,560,28,108,2024-04,True
1,Pasar Raya / Supermarket,9547,28,363,2024-04,True
1,Restoran Cina,0,0,0,2024-04,False
1,Restoran India Muslim,0,0,0,2024-04,False
1,Restoran Melayu,0,0,0,2024-04,False
1111,Borong,0,0,0,2024-04,False
1111,Foodcourt,0,0,0,2024-04,False
1111,Hypermarket,2472,28,112,2024-04,True
1111,Kedai Runcit,297,22,79,2024-04,True
1111,Kedai Serbaneka,0,0,0,2024-04,False
1111,Medan Selera,0,0,0,2024-04,False
1111,Pasar Basah,1975,28,111,2024-04,True
1111,Pasar Mini,511,12,149,2024-04,True
1111,Pasar Raya / Supermarket,6465,28,346,2024-04,True
1111,Restoran Cina,0,0,0,2024-04,False
1111,Restoran India Muslim,0,0,0,2024-04,False
1111,Restoran Melayu,0,0,0,2024-04,False
904,Borong,0,0,0,2024-04,False
904,Foodcourt,0,0,0,2024-04,False
904,Hypermarket,1792,28,74,2024-04,True
904,Kedai Runcit,126,18,26,2024-04,True
904,Kedai Serbaneka,0,0,0,2024-04,False
904,Medan Selera,0,0,0,2024-04,False
904,Pasar Basah,8,5,2,2024-04,True
904,Pasar Mini,280,25,60,2024-04,True
904,Pasar Raya / Supermarket,4216,28,199,2024-04,True
904,Restoran Cina,0,0,0,2024-04,False
904,Restoran India Muslim,0,0,0,2024-04,False
904,Restoran Melayu,0,0,0,2024-04,False
918,Borong,0,0,0,2024-04,False
918,Foodcourt,0,0,0,2024-04,False
918,Hypermarket,125,5,48,2024-04,True
918,Kedai Runcit,487,5,124,2024-04,True
918,Kedai Serbaneka,0,0,0,2024-04,False
918,Medan Selera,0,0,0,2024-04,False
918,Pasar Basah,268,10,71,2024-04,True
918,Pasar Mini,391,6,117,2024-04,True
918,Pasar Raya / Supermarket,511,5,168,2024-04,True
918,Restoran Cina,0,0,0,2024-04,False
918,Restoran India Muslim,0,0,0,2024-04,False
918,Restoran Melayu,0,0,0,2024-04,False
1589,Borong,0,0,0,2024-04,False
1589,Foodcourt,0,0,0,2024-04,False
1589,Hypermarket,583,7,127,2024-04,True
1589,Kedai Runcit,1111,7,248,2024-04,True
1589,Kedai Serbaneka,0,0,0,2024-04,False
1589,Medan Selera,0,0,0,2024-04,False
1589,Pasar Basah,546,11,125,2024-04,True
1589,Pasar Mini,1313,8,305,2024-04,True
1589,Pasar Raya / Supermarket,1922,6,458,2024-04,True
1589,Restoran Cina,0,0,0,2024-04,False
1589,Restoran India Muslim,0,0,0,2024-04,False
1589,Restoran Melayu,0,0,0,2024-04,False
917,Borong,0,0,0,2024-04,False
917,Foodcourt,0,0,0,2024-04,False
917,Hypermarket,574,8,126,2024-04,True
917,Kedai Runcit,962,6,203,2024-04,True
917,Kedai Serbaneka,0,0,0,2024-04,False
917,Medan Selera,0,0,0,2024-04,False
917,Pasar Basah,699,11,159,2024-04,True
917,Pasar Mini,1261,6,280,2024-04,True
917,Pasar Raya / Supermarket,2054,7,450,2024-04,True
917,Restoran Cina,0,0,0,2024-04,False
917,Restoran India Muslim,0,0,0,2024-04,False
917,Restoran Melayu,0,0,0,2024-04,False
129,Borong,0,0,0,2024-04,False
129,Foodcourt,0,0,0,2024-04,False
129,Hypermarket,3434,28,132,2024-04,True
129,Kedai Runcit,1027,26,224,2024-04,True
129,Kedai Serbaneka,0,0,0,2024-04,False
129,Medan Selera,0,0,0,2024-04,False
129,Pasar Basah,7250,28,287,2024-04,True
129,Pasar Mini,1103,28,231,2024-04,True
129,Pasar Raya / Supermarket,12654,28,488,2024-04,True
129,Restoran Cina,0,0,0,2024-04,False
129,Restoran India Muslim,0,0,0,2024-04,False
129,Restoran Melayu,0,0,0,2024-04,False
1564,Borong,21,3,9,2024-04,True
1564,Foodcourt,0,0,0,2024-04,False
1564,Hypermarket,3619,28,133,2024-04,True
1564,Kedai Runcit,824,27,178,2024-04,True
1564,Kedai Serbaneka,0,0,0,2024-04,False
1564,Medan Selera,0,0,0,2024-04,False
1564,Pasar Basah,6549,28,262,2024-04,True
1564,Pasar Mini,1068,28,220,2024-04,True
1564,Pasar Raya / Supermarket,12468,28,468,2024-04,True
1564,Restoran Cina,0,0,0,2024-04,False
1564,Restoran India Muslim,0,0,0,2024-04,False
1564,Restoran Melayu,0,0,0,2024-04,False
1131,Borong,19,3,7,2024-04,True
1131,Foodcourt,0,0,0,2024-04,False
1131,Hypermarket,2910,28,127,2024-04,True
1131,Kedai Runcit,778,25,168,2024-04,True
1131,Kedai Serbaneka,0,0,0,2024-04,False
1131,Medan Selera,0,0,0,2024-04,False
1131,Pasar Basah,6235,28,261,2024-04,True
1131,Pasar Mini,974,28,204,2024-04,True
1131,Pasar Raya / Supermarket,10641,28,443,2024-04,True
1131,Restoran Cina,0,0,0,2024-04,False
1131,Restoran India Muslim,0,0,0,2024-04,False
1131,Restoran Melayu,0,0,0,2024-04,False
94,Borong,18,3,9,2024-04,True
94,Foodcourt,0,0,0,2024-04,False
94,Hypermarket,2408,28,99,2024-04,True
94,Kedai Runcit,191,15,48,2024-04,True
94,Kedai Serbaneka,0,0,0,2024-04,False
94,Medan Selera,0,0,0,2024-04,False
94,Pasar Basah,2693,28,140,2024-04,True
94,Pasar Mini,387,26,90,2024-04,True
94,Pasar Raya / Supermarket,8373,28,340,2024-04,True
94,Restoran Cina,0,0,0,2024-04,False
94,Restoran India Muslim,0,0,0,2024-04,False
94,Restoran Melayu,0,0,0,2024-04,False
114,Borong,30,3,13,2024-04,True
114,Foodcourt,0,0,0,2024-04,False
114,Hypermarket,3433,28,129,2024-04,True
114,Kedai Runcit,488,20,111,2024-04,True
114,Kedai Serbaneka,0,0,0,2024-04,False
114,Medan Selera,0,0,0,2024-04,False
114,Pasar Basah,7690,28,300,2024-04,True
114,Pasar Mini,803,28,170,2024-04,True
114,Pasar Raya / Supermarket,12333,28,474,2024-04,True
114,Restoran Cina,0,0,0,2024-04,False
114,Restoran India Muslim,0,0,0,2024-04,False
114,Restoran Melayu,0,0,0,2024-04,False
103,Borong,10,3,4,2024-04,True
103,Foodcourt,0,0,0,2024-04,False
103,Hypermarket,467,28,31,2024-04,True
103,Kedai Runcit,34,5,9,2024-04,True
103,Kedai Serbaneka,0,0,0,2024-04,False
103,Medan Selera,0,0,0,2024-04,False
103,Pasar Basah,3268,28,131,2024-04,True
103,Pasar Mini,34,5,7,2024-04,True
103,Pasar Raya / Supermarket,2359,28,111,2024-04,True
103,Restoran Cina,0,0,0,2024-04,False
103,Restoran India Muslim,0,0,0,2024-04,False
103,Restoran Melayu,0,0,0,2024-04,False
1431,Borong,5,3,3,2024-04,True
1431,Foodcourt,0,0,0,2024-04,False
1431,Hypermarket,29,25,2,2024-04,True
1431,Kedai Runcit,0,0,0,2024-04,False
1431,Kedai Serbaneka,0,0,0,2024-04,False
1431,Medan Selera,0,0,0,2024-04,False
1431,Pasar Basah,3352,28,155,2024-04,True
1431,Pasar Mini,10,5,2,2024-04,True
1431,Pasar Raya / Supermarket,106,28,11,2024-04,True
1431,Restoran Cina,0,0,0,2024-04,False
1431,Restoran India Muslim,0,0,0,2024-04,False
1431,Restoran Melayu,0,0,0,2024-04,False
1555,Borong,17,3,7,2024-04,True
1555,Foodcourt,0,0,0,2024-04,False
1555,Hypermarket,2735,28,115,2024-04,True
1555,Kedai Runcit,189,5,53,2024-04,True
1555,Kedai Serbaneka,0,0,0,2024-04,False
1555,Medan Selera,0,0,0,2024-04,False
1555,Pasar Basah,5317,28,250,2024-04,True
1555,Pasar Mini,360,28,81,2024-04,True
1555,Pasar Raya / Supermarket,7127,28,353,2024-04,True
1555,Restoran Cina,0,0,0,2024-04,False
1555,Restoran India Muslim,0,0,0,2024-04,False
1555,Restoran Melayu,0,0,0,2024-04,False
193,Borong,0,0,0,2024-04,False
193,Foodcourt,0,0,0,2024-04,False
193,Hypermarket,496,8,111,2024-04,True
193,Kedai Runcit,456,7,99,2024-04,True
193,Kedai Serbaneka,0,0,0,2024-04,False
193,Medan Selera,0,0,0,2024-04,False
193,Pasar Basah,294,8,69,2024-04,True
193,Pasar Mini,740,7,159,2024-04,True
193,Pasar Raya / Supermarket,1508,6,335,2024-04,True
193,Restoran Cina,0,0,0,2024-04,False
193,Restoran India Muslim,0,0,0,2024-04,False
193,Restoran Melayu,0,0,0,2024-04,False
1,Borong,30,3,12,2024-05,True
1,Foodcourt,0,0,0,2024-05,False
1,Hypermarket,2587,29,93,2024-05,True
1,Kedai Runcit,320,29,64,2024-05,True
1,Kedai Serbaneka,0,0,0,2024-05,False
1,Medan Selera,0,0,0,2024-05,False
1,Pasar Basah,6914,29,249,2024-05,True
1,Pasar Mini,578,29,110,2024-05,True
1,Pasar Raya / Supermarket,10157,29,368,2024-05,True
1,Restoran Cina,0,0,0,2024-05,False
1,Restoran India Muslim,0,0,0,2024-05,False
1,Restoran Melayu,0,0,0,2024-05,False
1111,Borong,0,0,0,2024-05,False
1111,Foodcourt,0,0,0,2024-05,False
1111,Hypermarket,2594,29,115,2024-05,True
1111,Kedai Runcit,312,21,85,2024-05,True
1111,Kedai Serbaneka,0,0,0,2024-05,False
1111,Medan Selera,0,0,0,2024-05,False
1111,Pasar Basah,2273,29,110,2024-05,True
1111,Pasar Mini,471,6,144,2024-05,True
1111,Pasar Raya / Supermarket,6957,29,364,2024-05,True
1111,Restoran Cina,0,0,0,2024-05,False
1111,Restoran India Muslim,0,0,0,2024-05,False
1111,Restoran Melayu,0,0,0,2024-05,False
904,Borong,0,0,0,2024-05,False
904,Foodcourt,0,0,0,2024-05,False
904,Hypermarket,1929,29,76,2024-05,True
904,Kedai Runcit,116,14,28,2024-05,True
904,Kedai Serbaneka,0,0,0,2024-05,False
904,Medan Selera,0,0,0,2024-05,False
904,Pasar Basah,10,5,2,2024-05,True
904,Pasar Mini,256,29,54,2024-05,True
904,Pasar Raya / Supermarket,4510,29,199,2024-05,True
904,Restoran Cina,0,0,0,2024-05,False
904,Restoran India Muslim,0,0,0,2024-05,False
904,Restoran Melayu,0,0,0,2024-05,False
918,Borong,0,0,0,2024-05,False
918,Foodcourt,0,0,0,2024-05,False
918,Hypermarket,112,6,45,2024-05,True
918,Kedai Runcit,556,6,145,2024-05,True
918,Kedai Serbaneka,0,0,0,2024-05,False
918,Medan Selera,0,0,0,2024-05,False
918,Pasar Basah,293,11,77,2024-05,True
918,Pasar Mini,455,7,144,2024-05,True
918,Pasar Raya / Supermarket,625,8,199,2024-05,True
918,Restoran Cina,0,0,0,2024-05,False
918,Restoran India Muslim,0,0,0,2024-05,False
918,Restoran Melayu,0,0,0,2024-05,False
1589,Borong,0,0,0,2024-05,False
1589,Foodcourt,0,0,0,2024-05,False
1589,Hypermarket,601,7,127,2024-05,True
1589,Kedai Runcit,1134,7,251,2024-05,True
1589,Kedai Serbaneka,0,0,0,2024-05,False
1589,Medan Selera,0,0,0,2024-05,False
1589,Pasar Basah,575,12,130,2024-05,True
1589,Pasar Mini,1346,8,317,2024-05,True
1589,Pasar Raya / Supermarket,2046,10,469,2024-05,True
1589,Restoran Cina,0,0,0,2024-05,False
1589,Restoran India Muslim,0,0,0,2024-05,False
1589,Restoran Melayu,0,0,0,2024-05,False
917,Borong,0,0,0,2024-05,False
917,Foodcourt,0,0,0,2024-05,False
917,Hypermarket,623,7,129,2024-05,True
917,Kedai Runcit,959,8,212,2024-05,True
917,Kedai Serbaneka,0,0,0,2024-05,False
917,Medan Selera,0,0,0,2024-05,False
917,Pasar Basah,703,13,159,2024-05,True
917,Pasar Mini,1296,8,285,2024-05,True
917,Pasar Raya / Supermarket,2136,10,466,2024-05,True
917,Restoran Cina,0,0,0,2024-05,False
917,Restoran India Muslim,0,0,0,2024-05,False
917,Restoran Melayu,0,0,0,2024-05,False
129,Borong,0,0,0,2024-05,False
129,Foodcourt,0,0,0,2024-05,False
129,Hypermarket,3684,30,134,2024-05,True
129,Kedai Runcit,1095,29,226,2024-05,True
129,Kedai Serbaneka,0,0,0,2024-05,False
129,Medan Selera,0,0,0,2024-05,False
129,Pasar Basah,7752,29,285,2024-05,True
129,Pasar Mini,1188,29,236,2024-05,True
129,Pasar Raya / Supermarket,13448,30,498,2024-05,True
129,Restoran Cina,0,0,0,2024-05,False
129,Restoran India Muslim,0,0,0,2024-05,False
129,Restoran Melayu,0,0,0,2024-05,False
1564,Borong,25,3,10,2024-05,True
1564,Foodcourt,0,0,0,2024-05,False
1564,Hypermarket,3780,30,135,2024-05,True
1564,Kedai Runcit,847,16,183,2024-05,True
1564,Kedai Serbaneka,0,0,0,2024-05,False
1564,Medan Selera,0,0,0,2024-05,False
1564,Pasar Basah,7005,29,260,2024-05,True
1564,Pasar Mini,1118,29,222,2024-05,True
1564,Pasar Raya / Supermarket,13353,30,484,2024-05,True
1564,Restoran Cina,0,0,0,2024-05,False
1564,Restoran India Muslim,0,0,0,2024-05,False
1564,Restoran Melayu,0,0,0,2024-05,False
1131,Borong,24,3,8,2024-05,True
1131,Foodcourt,0,0,0,2024-05,False
1131,Hypermarket,2807,30,121,2024-05,True
1131,Kedai Runcit,800,26,171,2024-05,True
1131,Kedai Serbaneka,0,0,0,2024-05,False
1131,Medan Selera,0,0,0,2024-05,False
1131,Pasar Basah,6466,29,247,2024-05,True
1131,Pasar Mini,962,29,203,2024-05,True
1131,Pasar Raya / Supermarket,10596,30,417,2024-05,True
1131,Restoran Cina,0,0,0,2024-05,False
1131,Restoran India Muslim,0,0,0,2024-05,False
1131,Restoran Melayu,0,0,0,2024-05,False
94,Borong,24,3,11,2024-05,True
94,Foodcourt,0,0,0,2024-05,False
94,Hypermarket,2560,30,104,2024-05,True
94,Kedai Runcit,179,7,47,2024-05,True
94,Kedai Serbaneka,0,0,0,2024-05,False
94,Medan Selera,0,0,0,2024-05,False
94,Pasar Basah,3007,29,144,2024-05,True
94,Pasar Mini,406,29,91,2024-05,True
94,Pasar Raya / Supermarket,9044,30,364,2024-05,True
94,Restoran Cina,0,0,0,2024-05,False
94,Restoran India Muslim,0,0,0,2024-05,False
94,Restoran Melayu,0,0,0,2024-05,False
114,Borong,35,3,14,2024-05,True
114,Foodcourt,0,0,0,2024-05,False
114,Hypermarket,3617,30,133,2024-05,True
114,Kedai Runcit,550,26,115,2024-05,True
114,Kedai Serbaneka,0,0,0,2024-05,False
114,Medan Selera,0,0,0,2024-05,False
114,Pasar Basah,8162,29,299,2024-05,True
114,Pasar Mini,841,29,172,2024-05,True
114,Pasar Raya / Supermarket,13116,30,489,2024-05,True
114,Restoran Cina,0,0,0,2024-05,False
114,Restoran India Muslim,0,0,0,2024-05,False
114,Restoran Melayu,0,0,0,2024-05,False
103,Borong,10,3,4,2024-05,True
103,Foodcourt,0,0,0,2024-05,False
103,Hypermarket,570,29,32,2024-05,True
103,Kedai Runcit,34,5,8,2024-05,True
103,Kedai Serbaneka,0,0,0,2024-05,False
103,Medan Selera,0,0,0,2024-05,False
103,Pasar Basah,3483,29,129,2024-05,True
103,Pasar Mini,30,5,7,2024-05,True
103,Pasar Raya / Supermarket,2646,29,121,2024-05,True
103,Restoran Cina,0,0,0,2024-05,False
103,Restoran India Muslim,0,0,0,2024-05,False
103,Restoran Melayu,0,0,0,2024-05,False
1431,Borong,10,3,4,2024-05,True
1431,Foodcourt,0,0,0,2024-05,False
1431,Hypermarket,4,4,2,2024-05,True
1431,Kedai Runcit,0,0,0,2024-05,False
1431,Kedai Serbaneka,0,0,0,2024-05,False
1431,Medan Selera,0,0,0,2024-05,False
1431,Pasar Basah,3352,29,141,2024-05,True
1431,Pasar Mini,10,5,2,2024-05,True
1431,Pasar Raya / Supermarket,108,29,5,2024-05,True
1431,Restoran Cina,0,0,0,2024-05,False
1431,Restoran India Muslim,0,0,0,2024-05,False
1431,Restoran Melayu,0,0,0,2024-05,False
1555,Borong,20,3,9,2024-05,True
1555,Foodcourt,0,0,0,2024-05,False
1555,Hypermarket,2951,29,115,2024-05,True
1555,Kedai Runcit,210,10,54,2024-05,True
1555,Kedai Serbaneka,0,0,0,2024-05,False
1555,Medan Selera,0,0,0,2024-05,False
1555,Pasar Basah,5772,29,247,2024-05,True
1555,Pasar Mini,355,29,85,2024-05,True
1555,Pasar Raya / Supermarket,8332,29,364,2024-05,True
1555,Restoran Cina,0,0,0,2024-05,False
1555,Restoran India Muslim,0,0,0,2024-05,False
1555,Restoran Melayu,0,0,0,2024-05,False
193,Borong,0,0,0,2024-05,False
193,Foodcourt,0,0,0,2024-05,False
193,Hypermarket,524,6,115,2024-05,True
193,Kedai Runcit,459,7,98,2024-05,True
193,Kedai Serbaneka,0,0,0,2024-05,False
193,Medan Selera,0,0,0,2024-05,False
193,Pasar Basah,301,9,71,2024-05,True
193,Pasar Mini,781,9,166,2024-05,True
193,Pasar Raya / Supermarket,1577,10,337,2024-05,True
193,Restoran Cina,0,0,0,2024-05,False
193,Restoran India Muslim,0,0,0,2024-05,False
193,Restoran Melayu,0,0,0,2024-05,False
1,Borong,32,4,10,2024-06,True
1,Foodcourt,0,0,0,2024-06,False
1,Hypermarket,2439,28,92,2024-06,True
1,Kedai Runcit,203,25,62,2024-06,True
1,Kedai Serbaneka,0,0,0,2024-06,False
1,Medan Selera,0,0,0,2024-06,False
1,Pasar Basah,6524,28,250,2024-06,True
1,Pasar Mini,387,28,113,2024-06,True
1,Pasar Raya / Supermarket,9843,28,371,2024-06,True
1,Restoran Cina,0,0,0,2024-06,False
1,Restoran India Muslim,0,0,0,2024-06,False
1,Restoran Melayu,0,0,0,2024-06,False
1111,Borong,0,0,0,2024-06,False
1111,Foodcourt,0,0,0,2024-06,False
1111,Hypermarket,2089,28,111,2024-06,True
1111,Kedai Runcit,172,6,75,2024-06,True
1111,Kedai Serbaneka,0,0,0,2024-06,False
1111,Medan Selera,0,0,0,2024-06,False
1111,Pasar Basah,1881,28,109,2024-06,True
1111,Pasar Mini,228,3,110,2024-06,True
1111,Pasar Raya / Supermarket,5149,28,348,2024-06,True
1111,Restoran Cina,0,0,0,2024-06,False
1111,Restoran India Muslim,0,0,0,2024-06,False
1111,Restoran Melayu,0,0,0,2024-06,False
904,Borong,0,0,0,2024-06,False
904,Foodcourt,0,0,0,2024-06,False
904,Hypermarket,1894,28,77,2024-06,True
904,Kedai Runcit,67,3,23,2024-06,True
904,Kedai Serbaneka,0,0,0,2024-06,False
904,Medan Selera,0,0,0,2024-06,False
904,Pasar Basah,5,3,2,2024-06,True
904,Pasar Mini,172,26,57,2024-06,True
904,Pasar Raya / Supermarket,4291,28,204,2024-06,True
904,Restoran Cina,0,0,0,2024-06,False
904,Restoran India Muslim,0,0,0,2024-06,False
904,Restoran Melayu,0,0,0,2024-06,False
918,Borong,0,0,0,2024-06,False
918,Foodcourt,0,0,0,2024-06,False
918,Hypermarket,61,3,34,2024-06,True
918,Kedai Runcit,298,3,126,2024-06,True
918,Kedai Serbaneka,0,0,0,2024-06,False
918,Medan Selera,0,0,0,2024-06,False
918,Pasar Basah,168,6,66,2024-06,True
918,Pasar Mini,274,3,123,2024-06,True
918,Pasar Raya / Supermarket,356,4,168,2024-06,True
918,Restoran Cina,0,0,0,2024-06,False
918,Restoran India Muslim,0,0,0,2024-06,False
918,Restoran Melayu,0,0,0,2024-06,False
1589,Borong,0,0,0,2024-06,False
1589,Foodcourt,0,0,0,2024-06,False
1589,Hypermarket,346,5,121,2024-06,True
1589,Kedai Runcit,657,3,242,2024-06,True
1589,Kedai Serbaneka,0,0,0,2024-06,False
1589,Medan Selera,0,0,0,2024-06,False
1589,Pasar Basah,363,7,126,2024-06,True
1589,Pasar Mini,801,6,302,2024-06,True
1589,Pasar Raya / Supermarket,1275,7,459,2024-06,True
1589,Restoran Cina,0,0,0,2024-06,False
1589,Restoran India Muslim,0,0,0,2024-06,False
1589,Restoran Melayu,0,0,0,2024-06,False
917,Borong,0,0,0,2024-06,False
917,Foodcourt,0,0,0,2024-06,False
917,Hypermarket,371,5,126,2024-06,True
917,Kedai Runcit,560,3,193,2024-06,True
917,Kedai Serbaneka,0,0,0,2024-06,False
917,Medan Selera,0,0,0,2024-06,False
917,Pasar Basah,444,7,156,2024-06,True
917,Pasar Mini,754,5,275,2024-06,True
917,Pasar Raya / Supermarket,1281,7,452,2024-06,True
917,Restoran Cina,0,0,0,2024-06,False
917,Restoran India Muslim,0,0,0,2024-06,False
917,Restoran Melayu,0,0,0,2024-06,False
129,Borong,0,0,0,2024-06,False
129,Foodcourt,0,0,0,2024-06,False
129,Hypermarket,3462,28,133,2024-06,True
129,Kedai Runcit,666,25,219,2024-06,True
129,Kedai Serbaneka,0,0,0,2024-06,False
129,Medan Selera,0,0,0,2024-06,False
129,Pasar Basah,7292,28,283,2024-06,True
129,Pasar Mini,774,28,244,2024-06,True
129,Pasar Raya / Supermarket,12555,28,499,2024-06,True
129,Restoran Cina,0,0,0,2024-06,False
129,Restoran India Muslim,0,0,0,2024-06,False
129,Restoran Melayu,0,0,0,2024-06,False
1564,Borong,27,4,8,2024-06,True
1564,Foodcourt,0,0,0,2024-06,False
1564,Hypermarket,3577,28,133,2024-06,True
1564,Kedai Runcit,521,25,175,2024-06,True
1564,Kedai Serbaneka,0,0,0,2024-06,False
1564,Medan Selera,0,0,0,2024-06,False
1564,Pasar Basah,6733,28,262,2024-06,True
1564,Pasar Mini,707,28,221,2024-06,True
1564,Pasar Raya / Supermarket,12779,28,488,2024-06,True
1564,Restoran Cina,0,0,0,2024-06,False
1564,Restoran India Muslim,0,0,0,2024-06,False
1564,Restoran Melayu,0,0,0,2024-06,False
1131,Borong,26,4,7,2024-06,True
1131,Foodcourt,0,0,0,2024-06,False
1131,Hypermarket,3059,28,124,2024-06,True
1131,Kedai Runcit,508,23,170,2024-06,True
1131,Kedai Serbaneka,0,0,0,2024-06,False
1131,Medan Selera,0,0,0,2024-06,False
1131,Pasar Basah,6145,28,244,2024-06,True
1131,Pasar Mini,616,25,203,2024-06,True
1131,Pasar Raya / Supermarket,10558,28,433,2024-06,True
1131,Restoran Cina,0,0,0,2024-06,False
1131,Restoran India Muslim,0,0,0,2024-06,False
1131,Restoran Melayu,0,0,0,2024-06,False
94,Borong,29,4,9,2024-06,True
94,Foodcourt,0,0,0,2024-06,False
94,Hypermarket,2310,28,101,2024-06,True
94,Kedai Runcit,129,17,43,2024-06,True
94,Kedai Serbaneka,0,0,0,2024-06,False
94,Medan Selera,0,0,0,2024-06,False
94,Pasar Basah,2928,28,146,2024-06,True
94,Pasar Mini,291,27,96,2024-06,True
94,Pasar Raya / Supermarket,8273,28,363,2024-06,True
94,Restoran Cina,0,0,0,2024-06,False
94,Restoran India Muslim,0,0,0,2024-06,False
94,Restoran Melayu,0,0,0,2024-06,False
114,Borong,40,4,12,2024-06,True
114,Foodcourt,0,0,0,2024-06,False
114,Hypermarket,3306,28,132,2024-06,True
114,Kedai Runcit,318,15,110,2024-06,True
114,Kedai Serbaneka,0,0,0,2024-06,False
114,Medan Selera,0,0,0,2024-06,False
114,Pasar Basah,7595,28,299,2024-06,True
114,Pasar Mini,548,28,167,2024-06,True
114,Pasar Raya / Supermarket,12414,28,490,2024-06,True
114,Restoran Cina,0,0,0,2024-06,False
114,Restoran India Muslim,0,0,0,2024-06,False
114,Restoran Melayu,0,0,0,2024-06,False
103,Borong,10,4,3,2024-06,True
103,Foodcourt,0,0,0,2024-06,False
103,Hypermarket,571,28,32,2024-06,True
103,Kedai Runcit,22,3,8,2024-06,True
103,Kedai Serbaneka,0,0,0,2024-06,False
103,Medan Selera,0,0,0,2024-06,False
103,Pasar Basah,3358,28,130,2024-06,True
103,Pasar Mini,18,3,6,2024-06,True
103,Pasar Raya / Supermarket,2553,28,112,2024-06,True
103,Restoran Cina,0,0,0,2024-06,False
103,Restoran India Muslim,0,0,0,2024-06,False
103,Restoran Melayu,0,0,0,2024-06,False
1431,Borong,11,4,3,2024-06,True
1431,Foodcourt,0,0,0,2024-06,False
1431,Hypermarket,5,5,2,2024-06,True
1431,Kedai Runcit,1,1,1,2024-06,True
1431,Kedai Serbaneka,0,0,0,2024-06,False
1431,Medan Selera,0,0,0,2024-06,False
1431,Pasar Basah,2684,28,141,2024-06,True
1431,Pasar Mini,6,3,2,2024-06,True
1431,Pasar Raya / Supermarket,95,28,5,2024-06,True
1431,Restoran Cina,0,0,0,2024-06,False
1431,Restoran India Muslim,0,0,0,2024-06,False
1431,Restoran Melayu,0,0,0,2024-06,False
1555,Borong,25,4,7,2024-06,True
1555,Foodcourt,0,0,0,2024-06,False
1555,Hypermarket,2728,28,114,2024-06,True
1555,Kedai Runcit,130,3,52,2024-06,True
1555,Kedai Serbaneka,0,0,0,2024-06,False
1555,Medan Selera,0,0,0,2024-06,False
1555,Pasar Basah,5533,28,251,2024-06,True
1555,Pasar Mini,277,28,86,2024-06,True
1555,Pasar Raya / Supermarket,8122,28,373,2024-06,True
1555,Restoran Cina,0,0,0,2024-06,False
1555,Restoran India Muslim,0,0,0,2024-06,False
1555,Restoran Melayu,0,0,0,2024-06,False
193,Borong,0,0,0,2024-06,False
193,Foodcourt,0,0,0,2024-06,False
193,Hypermarket,320,5,112,2024-06,True
193,Kedai Runcit,263,3,93,2024-06,True
193,Kedai Serbaneka,0,0,0,2024-06,False
193,Medan Selera,0,0,0,2024-06,False
193,Pasar Basah,174,3,62,2024-06,True
193,Pasar Mini,472,5,162,2024-06,True
193,Pasar Raya / Supermarket,954,4,334,2024-06,True
193,Restoran Cina,0,0,0,2024-06,False
193,Restoran India Muslim,0,0,0,2024-06,False
193,Restoran Melayu,0,0,0,2024-06,False
1,Borong,45,5,11,2024-07,True
1,Foodcourt,0,0,0,2024-07,False
1,Hypermarket,2531,29,93,2024-07,True
1,Kedai Runcit,325,29,63,2024-07,True
1,Kedai Serbaneka,0,0,0,2024-07,False
1,Medan Selera,0,0,0,2024-07,False
1,Pasar Basah,6774,29,250,2024-07,True
1,Pasar Mini,630,28,120,2024-07,True
1,Pasar Raya / Supermarket,10128,30,374,2024-07,True
1,Restoran Cina,0,0,0,2024-07,False
1,Restoran India Muslim,0,0,0,2024-07,False
1,Restoran Melayu,0,0,0,2024-07,False
1111,Borong,0,0,0,2024-07,False
1111,Foodcourt,0,0,0,2024-07,False
1111,Hypermarket,1847,29,104,2024-07,True
1111,Kedai Runcit,223,9,65,2024-07,True
1111,Kedai Serbaneka,0,0,0,2024-07,False
1111,Medan Selera,0,0,0,2024-07,False
1111,Pasar Basah,1930,29,107,2024-07,True
1111,Pasar Mini,378,5,131,2024-07,True
1111,Pasar Raya / Supermarket,4742,30,344,2024-07,True
1111,Restoran Cina,0,0,0,2024-07,False
1111,Restoran India Muslim,0,0,0,2024-07,False
1111,Restoran Melayu,0,0,0,2024-07,False
904,Borong,0,0,0,2024-07,False
904,Foodcourt,0,0,0,2024-07,False
904,Hypermarket,2006,29,78,2024-07,True
904,Kedai Runcit,115,5,26,2024-07,True
904,Kedai Serbaneka,0,0,0,2024-07,False
904,Medan Selera,0,0,0,2024-07,False
904,Pasar Basah,5,5,1,2024-07,True
904,Pasar Mini,257,21,56,2024-07,True
904,Pasar Raya / Supermarket,4655,29,206,2024-07,True
904,Restoran Cina,0,0,0,2024-07,False
904,Restoran India Muslim,0,0,0,2024-07,False
904,Restoran Melayu,0,0,0,2024-07,False
918,Borong,0,0,0,2024-07,False
918,Foodcourt,0,0,0,2024-07,False
918,Hypermarket,95,7,36,2024-07,True
918,Kedai Runcit,509,6,136,2024-07,True
918,Kedai Serbaneka,0,0,0,2024-07,False
918,Medan Selera,0,0,0,2024-07,False
918,Pasar Basah,263,7,67,2024-07,True
918,Pasar Mini,498,6,161,2024-07,True
918,Pasar Raya / Supermarket,619,6,198,2024-07,True
918,Restoran Cina,0,0,0,2024-07,False
918,Restoran India Muslim,0,0,0,2024-07,False
918,Restoran Melayu,0,0,0,2024-07,False
1589,Borong,0,0,0,2024-07,False
1589,Foodcourt,0,0,0,2024-07,False
1589,Hypermarket,605,10,129,2024-07,True
1589,Kedai Runcit,1106,6,252,2024-07,True
1589,Kedai Serbaneka,0,0,0,2024-07,False
1589,Medan Selera,0,0,0,2024-07,False
1589,Pasar Basah,569,8,133,2024-07,True
1589,Pasar Mini,1434,7,333,2024-07,True
1589,Pasar Raya / Supermarket,2106,8,472,2024-07,True
1589,Restoran Cina,0,0,0,2024-07,False
1589,Restoran India Muslim,0,0,0,2024-07,False
1589,Restoran Melayu,0,0,0,2024-07,False
917,Borong,0,0,0,2024-07,False
917,Foodcourt,0,0,0,2024-07,False
917,Hypermarket,566,10,125,2024-07,True
917,Kedai Runcit,928,6,204,2024-07,True
917,Kedai Serbaneka,0,0,0,2024-07,False
917,Medan Selera,0,0,0,2024-07,False
917,Pasar Basah,696,9,159,2024-07,True
917,Pasar Mini,1243,6,283,2024-07,True
917,Pasar Raya / Supermarket,2144,8,469,2024-07,True
917,Restoran Cina,0,0,0,2024-07,False
917,Restoran India Muslim,0,0,0,2024-07,False
917,Restoran Melayu,0,0,0,2024-07,False
129,Borong,0,0,0,2024-07,False
129,Foodcourt,0,0,0,2024-07,False
129,Hypermarket,3598,30,132,2024-07,True
129,Kedai Runcit,1090,29,226,2024-07,True
129,Kedai Serbaneka,0,0,0,2024-07,False
129,Medan Selera,0,0,0,2024-07,False
129,Pasar Basah,7492,30,282,2024-07,True
129,Pasar Mini,1264,28,254,2024-07,True
129,Pasar Raya / Supermarket,13394,30,501,2024-07,True
129,Restoran Cina,0,0,0,2024-07,False
129,Restoran India Muslim,0,0,0,2024-07,False
129,Restoran Melayu,0,0,0,2024-07,False
1564,Borong,38,5,9,2024-07,True
1564,Foodcourt,0,0,0,2024-07,False
1564,Hypermarket,3659,30,135,2024-07,True
1564,Kedai Runcit,875,29,181,2024-07,True
1564,Kedai Serbaneka,0,0,0,2024-07,False
1564,Medan Selera,0,0,0,2024-07,False
1564,Pasar Basah,6795,30,265,2024-07,True
1564,Pasar Mini,1151,28,234,2024-07,True
1564,Pasar Raya / Supermarket,13259,30,490,2024-07,True
1564,Restoran Cina,0,0,0,2024-07,False
1564,Restoran India Muslim,0,0,0,2024-07,False
1564,Restoran Melayu,0,0,0,2024-07,False
1131,Borong,34,5,7,2024-07,True
1131,Foodcourt,0,0,0,2024-07,False
1131,Hypermarket,3353,30,129,2024-07,True
1131,Kedai Runcit,848,29,181,2024-07,True
1131,Kedai Serbaneka,0,0,0,2024-07,False
1131,Medan Selera,0,0,0,2024-07,False
1131,Pasar Basah,6505,30,252,2024-07,True
1131,Pasar Mini,1070,28,222,2024-07,True
1131,Pasar Raya / Supermarket,11259,30,436,2024-07,True
1131,Restoran Cina,0,0,0,2024-07,False
1131,Restoran India Muslim,0,0,0,2024-07,False
1131,Restoran Melayu,0,0,0,2024-07,False
94,Borong,35,5,10,2024-07,True
94,Foodcourt,0,0,0,2024-07,False
94,Hypermarket,2480,29,104,2024-07,True
94,Kedai Runcit,209,29,48,2024-07,True
94,Kedai Serbaneka,0,0,0,2024-07,False
94,Medan Selera,0,0,0,2024-07,False
94,Pasar Basah,3358,30,165,2024-07,True
94,Pasar Mini,467,28,101,2024-07,True
94,Pasar Raya / Supermarket,9083,30,373,2024-07,True
94,Restoran Cina,0,0,0,2024-07,False
94,Restoran India Muslim,0,0,0,2024-07,False
94,Restoran Melayu,0,0,0,2024-07,False
114,Borong,55,5,13,2024-07,True
114,Foodcourt,0,0,0,2024-07,False
114,Hypermarket,3382,30,131,2024-07,True
114,Kedai Runcit,527,14,115,2024-07,True
114,Kedai Serbaneka,0,0,0,2024-07,False
114,Medan Selera,0,0,0,2024-07,False
114,Pasar Basah,7737,30,294,2024-07,True
114,Pasar Mini,857,28,179,2024-07,True
114,Pasar Raya / Supermarket,12710,30,488,2024-07,True
114,Restoran Cina,0,0,0,2024-07,False
114,Restoran India Muslim,0,0,0,2024-07,False
114,Restoran Melayu,0,0,0,2024-07,False
103,Borong,13,5,3,2024-07,True
103,Foodcourt,0,0,0,2024-07,False
103,Hypermarket,624,29,36,2024-07,True
103,Kedai Runcit,39,5,9,2024-07,True
103,Kedai Serbaneka,0,0,0,2024-07,False
103,Medan Selera,0,0,0,2024-07,False
103,Pasar Basah,3500,29,135,2024-07,True
103,Pasar Mini,29,5,7,2024-07,True
103,Pasar Raya / Supermarket,2923,29,142,2024-07,True
103,Restoran Cina,0,0,0,2024-07,False
103,Restoran India Muslim,0,0,0,2024-07,False
103,Restoran Melayu,0,0,0,2024-07,False
1431,Borong,16,5,4,2024-07,True
1431,Foodcourt,0,0,0,2024-07,False
1431,Hypermarket,19,17,3,2024-07,True
1431,Kedai Runcit,0,0,0,2024-07,False
1431,Kedai Serbaneka,0,0,0,2024-07,False
1431,Medan Selera,0,0,0,2024-07,False
1431,Pasar Basah,2908,29,139,2024-07,True
1431,Pasar Mini,10,5,2,2024-07,True
1431,Pasar Raya / Supermarket,92,29,5,2024-07,True
1431,Restoran Cina,0,0,0,2024-07,False
1431,Restoran India Muslim,0,0,0,2024-07,False
1431,Restoran Melayu,0,0,0,2024-07,False
1555,Borong,33,5,10,2024-07,True
1555,Foodcourt,0,0,0,2024-07,False
1555,Hypermarket,2857,30,115,2024-07,True
1555,Kedai Runcit,220,6,57,2024-07,True
1555,Kedai Serbaneka,0,0,0,2024-07,False
1555,Medan Selera,0,0,0,2024-07,False
1555,Pasar Basah,5742,30,249,2024-07,True
1555,Pasar Mini,436,28,96,2024-07,True
1555,Pasar Raya / Supermarket,8206,30,367,2024-07,True
1555,Restoran Cina,0,0,0,2024-07,False
1555,Restoran India Muslim,0,0,0,2024-07,False
1555,Restoran Melayu,0,0,0,2024-07,False
193,Borong,0,0,0,2024-07,False
193,Foodcourt,0,0,0,2024-07,False
193,Hypermarket,546,8,120,2024-07,True
193,Kedai Runcit,420,6,94,2024-07,True
193,Kedai Serbaneka,0,0,0,2024-07,False
193,Medan Selera,0,0,0,2024-07,False
193,Pasar Basah,295,5,68,2024-07,True
193,Pasar Mini,784,7,167,2024-07,True
193,Pasar Raya / Supermarket,1593,6,348,2024-07,True
193,Restoran Cina,0,0,0,2024-07,False
193,Restoran India Muslim,0,0,0,2024-07,False
193,Restoran Melayu,0,0,0,2024-07,False
1,Borong,27,3,10,2024-08,True
1,Foodcourt,0,0,0,2024-08,False
1,Hypermarket,2281,25,102,2024-08,True
1,Kedai Runcit,209,25,64,2024-08,True
1,Kedai Serbaneka,0,0,0,2024-08,False
1,Medan Selera,0,0,0,2024-08,False
1,Pasar Basah,6017,25,252,2024-08,True
1,Pasar Mini,409,25,119,2024-08,True
1,Pasar Raya / Supermarket,8971,25,373,2024-08,True
1,Restoran Cina,0,0,0,2024-08,False
1,Restoran India Muslim,0,0,0,2024-08,False
1,Restoran Melayu,0,0,0,2024-08,False
1111,Borong,0,0,0,2024-08,False
1111,Foodcourt,0,0,0,2024-08,False
1111,Hypermarket,1506,25,106,2024-08,True
1111,Kedai Runcit,149,5,60,2024-08,True
1111,Kedai Serbaneka,0,0,0,2024-08,False
1111,Medan Selera,0,0,0,2024-08,False
1111,Pasar Basah,1894,25,113,2024-08,True
1111,Pasar Mini,220,5,102,2024-08,True
1111,Pasar Raya / Supermarket,3958,25,338,2024-08,True
1111,Restoran Cina,0,0,0,2024-08,False
1111,Restoran India Muslim,0,0,0,2024-08,False
1111,Restoran Melayu,0,0,0,2024-08,False
904,Borong,0,0,0,2024-08,False
904,Foodcourt,0,0,0,2024-08,False
904,Hypermarket,1654,25,77,2024-08,True
904,Kedai Runcit,64,3,23,2024-08,True
904,Kedai Serbaneka,0,0,0,2024-08,False
904,Medan Selera,0,0,0,2024-08,False
904,Pasar Basah,3,3,1,2024-08,True
904,Pasar Mini,170,14,60,2024-08,True
904,Pasar Raya / Supermarket,4142,25,201,2024-08,True
904,Restoran Cina,0,0,0,2024-08,False
904,Restoran India Muslim,0,0,0,2024-08,False
904,Restoran Melayu,0,0,0,2024-08,False
918,Borong,0,0,0,2024-08,False
918,Foodcourt,0,0,0,2024-08,False
918,Hypermarket,59,3,34,2024-08,True
918,Kedai Runcit,284,4,124,2024-08,True
918,Kedai Serbaneka,0,0,0,2024-08,False
918,Medan Selera,0,0,0,2024-08,False
918,Pasar Basah,147,8,57,2024-08,True
918,Pasar Mini,277,4,128,2024-08,True
918,Pasar Raya / Supermarket,313,6,155,2024-08,True
918,Restoran Cina,0,0,0,2024-08,False
918,Restoran India Muslim,0,0,0,2024-08,False
918,Restoran Melayu,0,0,0,2024-08,False
1589,Borong,0,0,0,2024-08,False
1589,Foodcourt,0,0,0,2024-08,False
1589,Hypermarket,364,4,127,2024-08,True
1589,Kedai Runcit,692,4,242,2024-08,True
1589,Kedai Serbaneka,0,0,0,2024-08,False
1589,Medan Selera,0,0,0,2024-08,False
1589,Pasar Basah,355,8,121,2024-08,True
1589,Pasar Mini,874,5,316,2024-08,True
1589,Pasar Raya / Supermarket,1305,6,466,2024-08,True
1589,Restoran Cina,0,0,0,2024-08,False
1589,Restoran India Muslim,0,0,0,2024-08,False
1589,Restoran Melayu,0,0,0,2024-08,False
917,Borong,0,0,0,2024-08,False
917,Foodcourt,0,0,0,2024-08,False
917,Hypermarket,342,4,124,2024-08,True
917,Kedai Runcit,581,4,204,2024-08,True
917,Kedai Serbaneka,0,0,0,2024-08,False
917,Medan Selera,0,0,0,2024-08,False
917,Pasar Basah,418,8,147,2024-08,True
917,Pasar Mini,754,5,271,2024-08,True
917,Pasar Raya / Supermarket,1299,6,467,2024-08,True
917,Restoran Cina,0,0,0,2024-08,False
917,Restoran India Muslim,0,0,0,2024-08,False
917,Restoran Melayu,0,0,0,2024-08,False
129,Borong,0,0,0,2024-08,False
129,Foodcourt,0,0,0,2024-08,False
129,Hypermarket,3179,26,132,2024-08,True
129,Kedai Runcit,687,25,228,2024-08,True
129,Kedai Serbaneka,0,0,0,2024-08,False
129,Medan Selera,0,0,0,2024-08,False
129,Pasar Basah,6738,26,285,2024-08,True
129,Pasar Mini,797,25,247,2024-08,True
129,Pasar Raya / Supermarket,11987,26,502,2024-08,True
129,Restoran Cina,0,0,0,2024-08,False
129,Restoran India Muslim,0,0,0,2024-08,False
129,Restoran Melayu,0,0,0,2024-08,False
1564,Borong,22,3,8,2024-08,True
1564,Foodcourt,0,0,0,2024-08,False
1564,Hypermarket,3263,26,134,2024-08,True
1564,Kedai Runcit,557,25,182,2024-08,True
1564,Kedai Serbaneka,0,0,0,2024-08,False
1564,Medan Selera,0,0,0,2024-08,False
1564,Pasar Basah,6053,26,259,2024-08,True
1564,Pasar Mini,751,25,234,2024-08,True
1564,Pasar Raya / Supermarket,11911,26,490,2024-08,True
1564,Restoran Cina,0,0,0,2024-08,False
1564,Restoran India Muslim,0,0,0,2024-08,False
1564,Restoran Melayu,0,0,0,2024-08,False
1131,Borong,20,3,7,2024-08,True
1131,Foodcourt,0,0,0,2024-08,False
1131,Hypermarket,3069,26,131,2024-08,True
1131,Kedai Runcit,552,25,186,2024-08,True
1131,Kedai Serbaneka,0,0,0,2024-08,False
1131,Medan Selera,0,0,0,2024-08,False
1131,Pasar Basah,5760,26,252,2024-08,True
1131,Pasar Mini,687,25,220,2024-08,True
1131,Pasar Raya / Supermarket,10070,25,438,2024-08,True
1131,Restoran Cina,0,0,0,2024-08,False
1131,Restoran India Muslim,0,0,0,2024-08,False
1131,Restoran Melayu,0,0,0,2024-08,False
94,Borong,26,3,10,2024-08,True
94,Foodcourt,0,0,0,2024-08,False
94,Hypermarket,2278,25,104,2024-08,True
94,Kedai Runcit,149,25,47,2024-08,True
94,Kedai Serbaneka,0,0,0,2024-08,False
94,Medan Selera,0,0,0,2024-08,False
94,Pasar Basah,3271,25,174,2024-08,True
94,Pasar Mini,292,24,97,2024-08,True
94,Pasar Raya / Supermarket,8400,25,383,2024-08,True
94,Restoran Cina,0,0,0,2024-08,False
94,Restoran India Muslim,0,0,0,2024-08,False
94,Restoran Melayu,0,0,0,2024-08,False
114,Borong,32,3,12,2024-08,True
114,Foodcourt,0,0,0,2024-08,False
114,Hypermarket,3174,26,134,2024-08,True
114,Kedai Runcit,351,25,115,2024-08,True
114,Kedai Serbaneka,0,0,0,2024-08,False
114,Medan Selera,0,0,0,2024-08,False
114,Pasar Basah,6995,26,297,2024-08,True
114,Pasar Mini,593,25,179,2024-08,True
114,Pasar Raya / Supermarket,11628,25,488,2024-08,True
114,Restoran Cina,0,0,0,2024-08,False
114,Restoran India Muslim,0,0,0,2024-08,False
114,Restoran Melayu,0,0,0,2024-08,False
103,Borong,8,3,3,2024-08,True
103,Foodcourt,0,0,0,2024-08,False
103,Hypermarket,584,25,34,2024-08,True
103,Kedai Runcit,21,3,7,2024-08,True
103,Kedai Serbaneka,0,0,0,2024-08,False
103,Medan Selera,0,0,0,2024-08,False
103,Pasar Basah,3106,26,138,2024-08,True
103,Pasar Mini,18,3,7,2024-08,True
103,Pasar Raya / Supermarket,2902,25,144,2024-08,True
103,Restoran Cina,0,0,0,2024-08,False
103,Restoran India Muslim,0,0,0,2024-08,False
103,Restoran Melayu,0,0,0,2024-08,False
1431,Borong,8,3,3,2024-08,True
1431,Foodcourt,0,0,0,2024-08,False
1431,Hypermarket,19,17,3,2024-08,True
1431,Kedai Runcit,0,0,0,2024-08,False
1431,Kedai Serbaneka,0,0,0,2024-08,False
1431,Medan Selera,0,0,0,2024-08,False
1431,Pasar Basah,2764,25,140,2024-08,True
1431,Pasar Mini,5,3,2,2024-08,True
1431,Pasar Raya / Supermarket,92,25,4,2024-08,True
1431,Restoran Cina,0,0,0,2024-08,False
1431,Restoran India Muslim,0,0,0,2024-08,False
1431,Restoran Melayu,0,0,0,2024-08,False
1555,Borong,21,3,8,2024-08,True
1555,Foodcourt,0,0,0,2024-08,False
1555,Hypermarket,2518,26,117,2024-08,True
1555,Kedai Runcit,149,8,57,2024-08,True
1555,Kedai Serbaneka,0,0,0,2024-08,False
1555,Medan Selera,0,0,0,2024-08,False
1555,Pasar Basah,5071,25,251,2024-08,True
1555,Pasar Mini,257,25,88,2024-08,True
1555,Pasar Raya / Supermarket,7128,26,366,2024-08,True
1555,Restoran Cina,0,0,0,2024-08,False
1555,Restoran India Muslim,0,0,0,2024-08,False
1555,Restoran Melayu,0,0,0,2024-08,False
193,Borong,0,0,0,2024-08,False
193,Foodcourt,0,0,0,2024-08,False
193,Hypermarket,343,4,116,2024-08,True
193,Kedai Runcit,253,3,89,2024-08,True
193,Kedai Serbaneka,0,0,0,2024-08,False
193,Medan Selera,0,0,0,2024-08,False
193,Pasar Basah,178,3,64,2024-08,True
193,Pasar Mini,470,5,160,2024-08,True
193,Pasar Raya / Supermarket,1005,5,350,2024-08,True
193,Restoran Cina,0,0,0,2024-08,False
193,Restoran India Muslim,0,0,0,2024-08,False
193,Restoran Melayu,0,0,0,2024-08,False
1,Borong,32,4,10,2024-09,True
1,Foodcourt,0,0,0,2024-09,False
1,Hypermarket,2919,29,104,2024-09,True
1,Kedai Runcit,339,27,66,2024-09,True
1,Kedai Serbaneka,0,0,0,2024-09,False
1,Medan Selera,0,0,0,2024-09,False
1,Pasar Basah,6869,29,248,2024-09,True
1,Pasar Mini,643,29,119,2024-09,True
1,Pasar Raya / Supermarket,10444,29,376,2024-09,True
1,Restoran Cina,0,0,0,2024-09,False
1,Restoran India Muslim,0,0,0,2024-09,False
1,Restoran Melayu,0,0,0,2024-09,False
1111,Borong,0,0,0,2024-09,False
1111,Foodcourt,0,0,0,2024-09,False
1111,Hypermarket,1629,29,98,2024-09,True
1111,Kedai Runcit,232,8,66,2024-09,True
1111,Kedai Serbaneka,0,0,0,2024-09,False
1111,Medan Selera,0,0,0,2024-09,False
1111,Pasar Basah,2020,29,106,2024-09,True
1111,Pasar Mini,367,7,122,2024-09,True
1111,Pasar Raya / Supermarket,4365,29,333,2024-09,True
1111,Restoran Cina,0,0,0,2024-09,False
1111,Restoran India Muslim,0,0,0,2024-09,False
1111,Restoran Melayu,0,0,0,2024-09,False
904,Borong,0,0,0,2024-09,False
904,Foodcourt,0,0,0,2024-09,False
904,Hypermarket,1912,29,78,2024-09,True
904,Kedai Runcit,106,5,25,2024-09,True
904,Kedai Serbaneka,0,0,0,2024-09,False
904,Medan Selera,0,0,0,2024-09,False
904,Pasar Basah,8,5,2,2024-09,True
904,Pasar Mini,297,29,61,2024-09,True
904,Pasar Raya / Supermarket,4840,29,204,2024-09,True
904,Restoran Cina,0,0,0,2024-09,False
904,Restoran India Muslim,0,0,0,2024-09,False
904,Restoran Melayu,0,0,0,2024-09,False
918,Borong,0,0,0,2024-09,False
918,Foodcourt,0,0,0,2024-09,False
918,Hypermarket,97,6,36,2024-09,True
918,Kedai Runcit,438,6,136,2024-09,True
918,Kedai Serbaneka,0,0,0,2024-09,False
918,Medan Selera,0,0,0,2024-09,False
918,Pasar Basah,232,11,64,2024-09,True
918,Pasar Mini,412,6,139,2024-09,True
918,Pasar Raya / Supermarket,538,8,191,2024-09,True
918,Restoran Cina,0,0,0,2024-09,False
918,Restoran India Muslim,0,0,0,2024-09,False
918,Restoran Melayu,0,0,0,2024-09,False
1589,Borong,0,0,0,2024-09,False
1589,Foodcourt,0,0,0,2024-09,False
1589,Hypermarket,597,7,129,2024-09,True
1589,Kedai Runcit,1138,6,250,2024-09,True
1589,Kedai Serbaneka,0,0,0,2024-09,False
1589,Medan Selera,0,0,0,2024-09,False
1589,Pasar Basah,593,13,135,2024-09,True
1589,Pasar Mini,1474,6,331,2024-09,True
1589,Pasar Raya / Supermarket,2229,10,487,2024-09,True
1589,Restoran Cina,0,0,0,2024-09,False
1589,Restoran India Muslim,0,0,0,2024-09,False
1589,Restoran Melayu,0,0,0,2024-09,False
917,Borong,0,0,0,2024-09,False
917,Foodcourt,0,0,0,2024-09,False
917,Hypermarket,558,7,123,2024-09,True
917,Kedai Runcit,938,6,202,2024-09,True
917,Kedai Serbaneka,0,0,0,2024-09,False
917,Medan Selera,0,0,0,2024-09,False
917,Pasar Basah,716,13,162,2024-09,True
917,Pasar Mini,1202,6,272,2024-09,True
917,Pasar Raya / Supermarket,2096,10,465,2024-09,True
917,Restoran Cina,0,0,0,2024-09,False
917,Restoran India Muslim,0,0,0,2024-09,False
917,Restoran Melayu,0,0,0,2024-09,False
129,Borong,0,0,0,2024-09,False
129,Foodcourt,0,0,0,2024-09,False
129,Hypermarket,3714,29,132,2024-09,True
129,Kedai Runcit,1134,27,231,2024-09,True
129,Kedai Serbaneka,0,0,0,2024-09,False
129,Medan Selera,0,0,0,2024-09,False
129,Pasar Basah,7724,29,282,2024-09,True
129,Pasar Mini,1252,29,249,2024-09,True
129,Pasar Raya / Supermarket,14017,29,502,2024-09,True
129,Restoran Cina,0,0,0,2024-09,False
129,Restoran India Muslim,0,0,0,2024-09,False
129,Restoran Melayu,0,0,0,2024-09,False
1564,Borong,27,4,8,2024-09,True
1564,Foodcourt,0,0,0,2024-09,False
1564,Hypermarket,3847,29,135,2024-09,True
1564,Kedai Runcit,917,28,185,2024-09,True
1564,Kedai Serbaneka,0,0,0,2024-09,False
1564,Medan Selera,0,0,0,2024-09,False
1564,Pasar Basah,7001,29,255,2024-09,True
1564,Pasar Mini,1198,29,238,2024-09,True
1564,Pasar Raya / Supermarket,13872,29,492,2024-09,True
1564,Restoran Cina,0,0,0,2024-09,False
1564,Restoran India Muslim,0,0,0,2024-09,False
1564,Restoran Melayu,0,0,0,2024-09,False
1131,Borong,25,4,7,2024-09,True
1131,Foodcourt,0,0,0,2024-09,False
1131,Hypermarket,3575,29,129,2024-09,True
1131,Kedai Runcit,935,28,194,2024-09,True
1131,Kedai Serbaneka,0,0,0,2024-09,False
1131,Medan Selera,0,0,0,2024-09,False
1131,Pasar Basah,6606,29,246,2024-09,True
1131,Pasar Mini,1098,29,228,2024-09,True
1131,Pasar Raya / Supermarket,11934,29,443,2024-09,True
1131,Restoran Cina,0,0,0,2024-09,False
1131,Restoran India Muslim,0,0,0,2024-09,False
1131,Restoran Melayu,0,0,0,2024-09,False
94,Borong,27,4,9,2024-09,True
94,Foodcourt,0,0,0,2024-09,False
94,Hypermarket,2638,29,102,2024-09,True
94,Kedai Runcit,271,25,56,2024-09,True
94,Kedai Serbaneka,0,0,0,2024-09,False
94,Medan Selera,0,0,0,2024-09,False
94,Pasar Basah,3771,29,178,2024-09,True
94,Pasar Mini,459,29,96,2024-09,True
94,Pasar Raya / Supermarket,9914,29,390,2024-09,True
94,Restoran Cina,0,0,0,2024-09,False
94,Restoran India Muslim,0,0,0,2024-09,False
94,Restoran Melayu,0,0,0,2024-09,False
114,Borong,39,4,12,2024-09,True
114,Foodcourt,0,0,0,2024-09,False
114,Hypermarket,3611,29,133,2024-09,True
114,Kedai Runcit,565,19,122,2024-09,True
114,Kedai Serbaneka,0,0,0,2024-09,False
114,Medan Selera,0,0,0,2024-09,False
114,Pasar Basah,8058,29,296,2024-09,True
114,Pasar Mini,950,29,190,2024-09,True
114,Pasar Raya / Supermarket,13417,29,492,2024-09,True
114,Restoran Cina,0,0,0,2024-09,False
114,Restoran India Muslim,0,0,0,2024-09,False
114,Restoran Melayu,0,0,0,2024-09,False
103,Borong,9,4,3,2024-09,True
103,Foodcourt,0,0,0,2024-09,False
103,Hypermarket,780,29,38,2024-09,True
103,Kedai Runcit,31,5,7,2024-09,True
103,Kedai Serbaneka,0,0,0,2024-09,False
103,Medan Selera,0,0,0,2024-09,False
103,Pasar Basah,3548,29,134,2024-09,True
103,Pasar Mini,30,5,7,2024-09,True
103,Pasar Raya / Supermarket,3277,29,141,2024-09,True
103,Restoran Cina,0,0,0,2024-09,False
103,Restoran India Muslim,0,0,0,2024-09,False
103,Restoran Melayu,0,0,0,2024-09,False
1431,Borong,9,4,3,2024-09,True
1431,Foodcourt,0,0,0,2024-09,False
1431,Hypermarket,23,21,3,2024-09,True
1431,Kedai Runcit,0,0,0,2024-09,False
1431,Kedai Serbaneka,0,0,0,2024-09,False
1431,Medan Selera,0,0,0,2024-09,False
1431,Pasar Basah,3198,29,141,2024-09,True
1431,Pasar Mini,5,5,1,2024-09,True
1431,Pasar Raya / Supermarket,123,29,5,2024-09,True
1431,Restoran Cina,0,0,0,2024-09,False
1431,Restoran India Muslim,0,0,0,2024-09,False
1431,Restoran Melayu,0,0,0,2024-09,False
1555,Borong,25,4,8,2024-09,True
1555,Foodcourt,0,0,0,2024-09,False
1555,Hypermarket,2825,29,117,2024-09,True
1555,Kedai Runcit,233,14,62,2024-09,True
1555,Kedai Serbaneka,0,0,0,2024-09,False
1555,Medan Selera,0,0,0,2024-09,False
1555,Pasar Basah,5737,29,250,2024-09,True
1555,Pasar Mini,413,29,94,2024-09,True
1555,Pasar Raya / Supermarket,8267,29,365,2024-09,True
1555,Restoran Cina,0,0,0,2024-09,False
1555,Restoran India Muslim,0,0,0,2024-09,False
1555,Restoran Melayu,0,0,0,2024-09,False
193,Borong,0,0,0,2024-09,False
193,Foodcourt,0,0,0,2024-09,False
193,Hypermarket,552,7,120,2024-09,True
193,Kedai Runcit,423,5,92,2024-09,True
193,Kedai Serbaneka,0,0,0,2024-09,False
193,Medan Selera,0,0,0,2024-09,False
193,Pasar Basah,292,5,69,2024-09,True
193,Pasar Mini,773,5,165,2024-09,True
193,Pasar Raya / Supermarket,1661,9,354,2024-09,True
193,Restoran Cina,0,0,0,2024-09,False
193,Restoran India Muslim,0,0,0,2024-09,False
193,Restoran Melayu,0,0,0,2024-09,False
1,Borong,45,5,10,2024-10,True
1,Foodcourt,0,0,0,2024-10,False
1,Hypermarket,3052,31,104,2024-10,True
1,Kedai Runcit,286,30,69,2024-10,True
1,Kedai Serbaneka,0,0,0,2024-10,False
1,Medan Selera,0,0,0,2024-10,False
1,Pasar Basah,7146,31,252,2024-10,True
1,Pasar Mini,534,30,118,2024-10,True
1,Pasar Raya / Supermarket,10992,31,377,2024-10,True
1,Restoran Cina,0,0,0,2024-10,False
1,Restoran India Muslim,0,0,0,2024-10,False
1,Restoran Melayu,0,0,0,2024-10,False
1111,Borong,0,0,0,2024-10,False
1111,Foodcourt,0,0,0,2024-10,False
1111,Hypermarket,1948,30,105,2024-10,True
1111,Kedai Runcit,214,13,73,2024-10,True
1111,Kedai Serbaneka,0,0,0,2024-10,False
1111,Medan Selera,0,0,0,2024-10,False
1111,Pasar Basah,2143,31,113,2024-10,True
1111,Pasar Mini,329,14,121,2024-10,True
1111,Pasar Raya / Supermarket,5274,31,344,2024-10,True
1111,Restoran Cina,0,0,0,2024-10,False
1111,Restoran India Muslim,0,0,0,2024-10,False
1111,Restoran Melayu,0,0,0,2024-10,False
904,Borong,0,0,0,2024-10,False
904,Foodcourt,0,0,0,2024-10,False
904,Hypermarket,2203,30,78,2024-10,True
904,Kedai Runcit,83,4,25,2024-10,True
904,Kedai Serbaneka,0,0,0,2024-10,False
904,Medan Selera,0,0,0,2024-10,False
904,Pasar Basah,5,4,2,2024-10,True
904,Pasar Mini,253,30,61,2024-10,True
904,Pasar Raya / Supermarket,5183,30,207,2024-10,True
904,Restoran Cina,0,0,0,2024-10,False
904,Restoran India Muslim,0,0,0,2024-10,False
904,Restoran Melayu,0,0,0,2024-10,False
918,Borong,0,0,0,2024-10,False
918,Foodcourt,0,0,0,2024-10,False
918,Hypermarket,89,4,35,2024-10,True
918,Kedai Runcit,358,4,127,2024-10,True
918,Kedai Serbaneka,0,0,0,2024-10,False
918,Medan Selera,0,0,0,2024-10,False
918,Pasar Basah,174,9,53,2024-10,True
918,Pasar Mini,344,4,133,2024-10,True
918,Pasar Raya / Supermarket,405,4,161,2024-10,True
918,Restoran Cina,0,0,0,2024-10,False
918,Restoran India Muslim,0,0,0,2024-10,False
918,Restoran Melayu,0,0,0,2024-10,False
1589,Borong,0,0,0,2024-10,False
1589,Foodcourt,0,0,0,2024-10,False
1589,Hypermarket,494,5,131,2024-10,True
1589,Kedai Runcit,938,4,254,2024-10,True
1589,Kedai Serbaneka,0,0,0,2024-10,False
1589,Medan Selera,0,0,0,2024-10,False
1589,Pasar Basah,490,9,131,2024-10,True
1589,Pasar Mini,1250,4,333,2024-10,True
1589,Pasar Raya / Supermarket,1833,6,489,2024-10,True
1589,Restoran Cina,0,0,0,2024-10,False
1589,Restoran India Muslim,0,0,0,2024-10,False
1589,Restoran Melayu,0,0,0,2024-10,False
917,Borong,0,0,0,2024-10,False
917,Foodcourt,0,0,0,2024-10,False
917,Hypermarket,469,5,123,2024-10,True
917,Kedai Runcit,769,4,212,2024-10,True
917,Kedai Serbaneka,0,0,0,2024-10,False
917,Medan Selera,0,0,0,2024-10,False
917,Pasar Basah,567,9,150,2024-10,True
917,Pasar Mini,972,4,268,2024-10,True
917,Pasar Raya / Supermarket,1730,6,468,2024-10,True
917,Restoran Cina,0,0,0,2024-10,False
917,Restoran India Muslim,0,0,0,2024-10,False
917,Restoran Melayu,0,0,0,2024-10,False
129,Borong,0,0,0,2024-10,False
129,Foodcourt,0,0,0,2024-10,False
129,Hypermarket,3748,31,133,2024-10,True
129,Kedai Runcit,898,28,227,2024-10,True
129,Kedai Serbaneka,0,0,0,2024-10,False
129,Medan Selera,0,0,0,2024-10,False
129,Pasar Basah,8048,31,283,2024-10,True
129,Pasar Mini,1034,31,251,2024-10,True
129,Pasar Raya / Supermarket,14337,31,505,2024-10,True
129,Restoran Cina,0,0,0,2024-10,False
129,Restoran India Muslim,0,0,0,2024-10,False
129,Restoran Melayu,0,0,0,2024-10,False
1564,Borong,35,5,8,2024-10,True
1564,Foodcourt,0,0,0,2024-10,False
1564,Hypermarket,3933,31,134,2024-10,True
1564,Kedai Runcit,731,30,187,2024-10,True
1564,Kedai Serbaneka,0,0,0,2024-10,False
1564,Medan Selera,0,0,0,2024-10,False
1564,Pasar Basah,7253,31,255,2024-10,True
1564,Pasar Mini,970,31,234,2024-10,True
1564,Pasar Raya / Supermarket,14422,31,493,2024-10,True
1564,Restoran Cina,0,0,0,2024-10,False
1564,Restoran India Muslim,0,0,0,2024-10,False
1564,Restoran Melayu,0,0,0,2024-10,False
1131,Borong,33,5,7,2024-10,True
1131,Foodcourt,0,0,0,2024-10,False
1131,Hypermarket,3661,31,130,2024-10,True
1131,Kedai Runcit,748,30,191,2024-10,True
1131,Kedai Serbaneka,0,0,0,2024-10,False
1131,Medan Selera,0,0,0,2024-10,False
1131,Pasar Basah,6865,31,249,2024-10,True
1131,Pasar Mini,883,30,220,2024-10,True
1131,Pasar Raya / Supermarket,12448,31,445,2024-10,True
1131,Restoran Cina,0,0,0,2024-10,False
1131,Restoran India Muslim,0,0,0,2024-10,False
1131,Restoran Melayu,0,0,0,2024-10,False
94,Borong,30,5,8,2024-10,True
94,Foodcourt,0,0,0,2024-10,False
94,Hypermarket,2722,31,108,2024-10,True
94,Kedai Runcit,235,29,62,2024-10,True
94,Kedai Serbaneka,0,0,0,2024-10,False
94,Medan Selera,0,0,0,2024-10,False
94,Pasar Basah,3694,31,172,2024-10,True
94,Pasar Mini,386,27,103,2024-10,True
94,Pasar Raya / Supermarket,10400,31,388,2024-10,True
94,Restoran Cina,0,0,0,2024-10,False
94,Restoran India Muslim,0,0,0,2024-10,False
94,Restoran Melayu,0,0,0,2024-10,False
114,Borong,53,5,12,2024-10,True
114,Foodcourt,0,0,0,2024-10,False
114,Hypermarket,3753,31,133,2024-10,True
114,Kedai Runcit,470,26,121,2024-10,True
114,Kedai Serbaneka,0,0,0,2024-10,False
114,Medan Selera,0,0,0,2024-10,False
114,Pasar Basah,8346,31,296,2024-10,True
114,Pasar Mini,778,31,189,2024-10,True
114,Pasar Raya / Supermarket,14045,31,494,2024-10,True
114,Restoran Cina,0,0,0,2024-10,False
114,Restoran India Muslim,0,0,0,2024-10,False
114,Restoran Melayu,0,0,0,2024-10,False
103,Borong,13,5,3,2024-10,True
103,Foodcourt,0,0,0,2024-10,False
103,Hypermarket,815,30,36,2024-10,True
103,Kedai Runcit,26,4,7,2024-10,True
103,Kedai Serbaneka,0,0,0,2024-10,False
103,Medan Selera,0,0,0,2024-10,False
103,Pasar Basah,3682,31,134,2024-10,True
103,Pasar Mini,21,4,6,2024-10,True
103,Pasar Raya / Supermarket,3097,30,130,2024-10,True
103,Restoran Cina,0,0,0,2024-10,False
103,Restoran India Muslim,0,0,0,2024-10,False
103,Restoran Melayu,0,0,0,2024-10,False
1431,Borong,14,5,3,2024-10,True
1431,Foodcourt,0,0,0,2024-10,False
1431,Hypermarket,25,23,2,2024-10,True
1431,Kedai Runcit,0,0,0,2024-10,False
1431,Kedai Serbaneka,0,0,0,2024-10,False
1431,Medan Selera,0,0,0,2024-10,False
1431,Pasar Basah,3387,31,139,2024-10,True
1431,Pasar Mini,3,3,1,2024-10,True
1431,Pasar Raya / Supermarket,123,30,5,2024-10,True
1431,Restoran Cina,0,0,0,2024-10,False
1431,Restoran India Muslim,0,0,0,2024-10,False
1431,Restoran Melayu,0,0,0,2024-10,False
1555,Borong,37,5,9,2024-10,True
1555,Foodcourt,0,0,0,2024-10,False
1555,Hypermarket,2998,31,117,2024-10,True
1555,Kedai Runcit,183,9,57,2024-10,True
1555,Kedai Serbaneka,0,0,0,2024-10,False
1555,Medan Selera,0,0,0,2024-10,False
1555,Pasar Basah,5959,31,250,2024-10,True
1555,Pasar Mini,335,30,89,2024-10,True
1555,Pasar Raya / Supermarket,8453,31,361,2024-10,True
1555,Restoran Cina,0,0,0,2024-10,False
1555,Restoran India Muslim,0,0,0,2024-10,False
1555,Restoran Melayu,0,0,0,2024-10,False
193,Borong,0,0,0,2024-10,False
193,Foodcourt,0,0,0,2024-10,False
193,Hypermarket,429,5,118,2024-10,True
193,Kedai Runcit,341,4,93,2024-10,True
193,Kedai Serbaneka,0,0,0,2024-10,False
193,Medan Selera,0,0,0,2024-10,False
193,Pasar Basah,234,4,64,2024-10,True
193,Pasar Mini,609,4,161,2024-10,True
193,Pasar Raya / Supermarket,1330,6,350,2024-10,True
193,Restoran Cina,0,0,0,2024-10,False
193,Restoran India Muslim,0,0,0,2024-10,False
193,Restoran Melayu,0,0,0,2024-10,False
1,Borong,32,4,10,2024-11,True
1,Foodcourt,0,0,0,2024-11,False
1,Hypermarket,2830,28,103,2024-11,True
1,Kedai Runcit,277,24,67,2024-11,True
1,Kedai Serbaneka,0,0,0,2024-11,False
1,Medan Selera,0,0,0,2024-11,False
1,Pasar Basah,6592,28,250,2024-11,True
1,Pasar Mini,521,28,116,2024-11,True
1,Pasar Raya / Supermarket,10115,28,377,2024-11,True
1,Restoran Cina,0,0,0,2024-11,False
1,Restoran India Muslim,0,0,0,2024-11,False
1,Restoran Melayu,0,0,0,2024-11,False
1111,Borong,0,0,0,2024-11,False
1111,Foodcourt,0,0,0,2024-11,False
1111,Hypermarket,1996,28,98,2024-11,True
1111,Kedai Runcit,232,11,77,2024-11,True
1111,Kedai Serbaneka,0,0,0,2024-11,False
1111,Medan Selera,0,0,0,2024-11,False
1111,Pasar Basah,2030,28,107,2024-11,True
1111,Pasar Mini,394,4,141,2024-11,True
1111,Pasar Raya / Supermarket,5986,28,339,2024-11,True
1111,Restoran Cina,0,0,0,2024-11,False
1111,Restoran India Muslim,0,0,0,2024-11,False
1111,Restoran Melayu,0,0,0,2024-11,False
904,Borong,0,0,0,2024-11,False
904,Foodcourt,0,0,0,2024-11,False
904,Hypermarket,1980,28,76,2024-11,True
904,Kedai Runcit,87,4,24,2024-11,True
904,Kedai Serbaneka,0,0,0,2024-11,False
904,Medan Selera,0,0,0,2024-11,False
904,Pasar Basah,5,4,2,2024-11,True
904,Pasar Mini,231,28,57,2024-11,True
904,Pasar Raya / Supermarket,4617,28,203,2024-11,True
904,Restoran Cina,0,0,0,2024-11,False
904,Restoran India Muslim,0,0,0,2024-11,False
904,Restoran Melayu,0,0,0,2024-11,False
918,Borong,0,0,0,2024-11,False
918,Foodcourt,0,0,0,2024-11,False
918,Hypermarket,61,4,24,2024-11,True
918,Kedai Runcit,332,4,132,2024-11,True
918,Kedai Serbaneka,0,0,0,2024-11,False
918,Medan Selera,0,0,0,2024-11,False
918,Pasar Basah,162,9,56,2024-11,True
918,Pasar Mini,314,4,124,2024-11,True
918,Pasar Raya / Supermarket,359,4,150,2024-11,True
918,Restoran Cina,0,0,0,2024-11,False
918,Restoran India Muslim,0,0,0,2024-11,False
918,Restoran Melayu,0,0,0,2024-11,False
1589,Borong,0,0,0,2024-11,False
1589,Foodcourt,0,0,0,2024-11,False
1589,Hypermarket,488,4,128,2024-11,True
1589,Kedai Runcit,953,4,266,2024-11,True
1589,Kedai Serbaneka,0,0,0,2024-11,False
1589,Medan Selera,0,0,0,2024-11,False
1589,Pasar Basah,493,9,132,2024-11,True
1589,Pasar Mini,1230,4,347,2024-11,True
1589,Pasar Raya / Supermarket,1827,4,497,2024-11,True
1589,Restoran Cina,0,0,0,2024-11,False
1589,Restoran India Muslim,0,0,0,2024-11,False
1589,Restoran Melayu,0,0,0,2024-11,False
917,Borong,0,0,0,2024-11,False
917,Foodcourt,0,0,0,2024-11,False
917,Hypermarket,478,4,128,2024-11,True
917,Kedai Runcit,781,4,210,2024-11,True
917,Kedai Serbaneka,0,0,0,2024-11,False
917,Medan Selera,0,0,0,2024-11,False
917,Pasar Basah,567,9,149,2024-11,True
917,Pasar Mini,975,4,275,2024-11,True
917,Pasar Raya / Supermarket,1752,4,481,2024-11,True
917,Restoran Cina,0,0,0,2024-11,False
917,Restoran India Muslim,0,0,0,2024-11,False
917,Restoran Melayu,0,0,0,2024-11,False
129,Borong,0,0,0,2024-11,False
129,Foodcourt,0,0,0,2024-11,False
129,Hypermarket,3590,28,133,2024-11,True
129,Kedai Runcit,892,24,230,2024-11,True
129,Kedai Serbaneka,0,0,0,2024-11,False
129,Medan Selera,0,0,0,2024-11,False
129,Pasar Basah,7339,28,286,2024-11,True
129,Pasar Mini,1014,28,255,2024-11,True
129,Pasar Raya / Supermarket,13626,28,518,2024-11,True
129,Restoran Cina,0,0,0,2024-11,False
129,Restoran India Muslim,0,0,0,2024-11,False
129,Restoran Melayu,0,0,0,2024-11,False
1564,Borong,21,4,8,2024-11,True
1564,Foodcourt,0,0,0,2024-11,False
1564,Hypermarket,3659,28,134,2024-11,True
1564,Kedai Runcit,755,27,197,2024-11,True
1564,Kedai Serbaneka,0,0,0,2024-11,False
1564,Medan Selera,0,0,0,2024-11,False
1564,Pasar Basah,6665,28,259,2024-11,True
1564,Pasar Mini,966,28,240,2024-11,True
1564,Pasar Raya / Supermarket,13369,28,500,2024-11,True
1564,Restoran Cina,0,0,0,2024-11,False
1564,Restoran India Muslim,0,0,0,2024-11,False
1564,Restoran Melayu,0,0,0,2024-11,False
1131,Borong,23,4,7,2024-11,True
1131,Foodcourt,0,0,0,2024-11,False
1131,Hypermarket,3451,28,130,2024-11,True
1131,Kedai Runcit,731,25,189,2024-11,True
1131,Kedai Serbaneka,0,0,0,2024-11,False
1131,Medan Selera,0,0,0,2024-11,False
1131,Pasar Basah,6118,28,246,2024-11,True
1131,Pasar Mini,886,28,230,2024-11,True
1131,Pasar Raya / Supermarket,11818,28,460,2024-11,True
1131,Restoran Cina,0,0,0,2024-11,False
1131,Restoran India Muslim,0,0,0,2024-11,False
1131,Restoran Melayu,0,0,0,2024-11,False
94,Borong,21,4,9,2024-11,True
94,Foodcourt,0,0,0,2024-11,False
94,Hypermarket,2408,28,110,2024-11,True
94,Kedai Runcit,220,24,59,2024-11,True
94,Kedai Serbaneka,0,0,0,2024-11,False
94,Medan Selera,0,0,0,2024-11,False
94,Pasar Basah,2915,28,159,2024-11,True
94,Pasar Mini,367,25,105,2024-11,True
94,Pasar Raya / Supermarket,9110,28,387,2024-11,True
94,Restoran Cina,0,0,0,2024-11,False
94,Restoran India Muslim,0,0,0,2024-11,False
94,Restoran Melayu,0,0,0,2024-11,False
114,Borong,36,4,11,2024-11,True
114,Foodcourt,0,0,0,2024-11,False
114,Hypermarket,3329,28,130,2024-11,True
114,Kedai Runcit,460,26,118,2024-11,True
114,Kedai Serbaneka,0,0,0,2024-11,False
114,Medan Selera,0,0,0,2024-11,False
114,Pasar Basah,7675,28,298,2024-11,True
114,Pasar Mini,754,28,192,2024-11,True
114,Pasar Raya / Supermarket,12712,28,499,2024-11,True
114,Restoran Cina,0,0,0,2024-11,False
114,Restoran India Muslim,0,0,0,2024-11,False
114,Restoran Melayu,0,0,0,2024-11,False
103,Borong,7,4,3,2024-11,True
103,Foodcourt,0,0,0,2024-11,False
103,Hypermarket,540,28,33,2024-11,True
103,Kedai Runcit,24,4,7,2024-11,True
103,Kedai Serbaneka,0,0,0,2024-11,False
103,Medan Selera,0,0,0,2024-11,False
103,Pasar Basah,3124,28,134,2024-11,True
103,Pasar Mini,23,4,7,2024-11,True
103,Pasar Raya / Supermarket,2156,28,111,2024-11,True
103,Restoran Cina,0,0,0,2024-11,False
103,Restoran India Muslim,0,0,0,2024-11,False
103,Restoran Melayu,0,0,0,2024-11,False
1431,Borong,10,4,4,2024-11,True
1431,Foodcourt,0,0,0,2024-11,False
1431,Hypermarket,26,26,2,2024-11,True
1431,Kedai Runcit,0,0,0,2024-11,False
1431,Kedai Serbaneka,0,0,0,2024-11,False
1431,Medan Selera,0,0,0,2024-11,False
1431,Pasar Basah,3149,28,143,2024-11,True
1431,Pasar Mini,0,0,0,2024-11,False
1431,Pasar Raya / Supermarket,98,28,6,2024-11,True
1431,Restoran Cina,0,0,0,2024-11,False
1431,Restoran India Muslim,0,0,0,2024-11,False
1431,Restoran Melayu,0,0,0,2024-11,False
1555,Borong,26,4,9,2024-11,True
1555,Foodcourt,0,0,0,2024-11,False
1555,Hypermarket,2721,28,116,2024-11,True
1555,Kedai Runcit,154,4,52,2024-11,True
1555,Kedai Serbaneka,0,0,0,2024-11,False
1555,Medan Selera,0,0,0,2024-11,False
1555,Pasar Basah,5365,28,249,2024-11,True
1555,Pasar Mini,334,28,92,2024-11,True
1555,Pasar Raya / Supermarket,7711,28,371,2024-11,True
1555,Restoran Cina,0,0,0,2024-11,False
1555,Restoran India Muslim,0,0,0,2024-11,False
1555,Restoran Melayu,0,0,0,2024-11,False
193,Borong,0,0,0,2024-11,False
193,Foodcourt,0,0,0,2024-11,False
193,Hypermarket,442,4,116,2024-11,True
193,Kedai Runcit,330,4,89,2024-11,True
193,Kedai Serbaneka,0,0,0,2024-11,False
193,Medan Selera,0,0,0,2024-11,False
193,Pasar Basah,218,4,64,2024-11,True
193,Pasar Mini,621,4,168,2024-11,True
193,Pasar Raya / Supermarket,1332,4,363,2024-11,True
193,Restoran Cina,0,0,0,2024-11,False
193,Restoran India Muslim,0,0,0,2024-11,False
193,Restoran Melayu,0,0,0,2024-11,False
1,Borong,25,3,10,2024-12,True
1,Foodcourt,0,0,0,2024-12,False
1,Hypermarket,3037,30,105,2024-12,True
1,Kedai Runcit,288,30,67,2024-12,True
1,Kedai Serbaneka,0,0,0,2024-12,False
1,Medan Selera,0,0,0,2024-12,False
1,Pasar Basah,7085,30,249,2024-12,True
1,Pasar Mini,535,30,121,2024-12,True
1,Pasar Raya / Supermarket,10908,30,375,2024-12,True
1,Restoran Cina,0,0,0,2024-12,False
1,Restoran India Muslim,0,0,0,2024-12,False
1,Restoran Melayu,0,0,0,2024-12,False
1111,Borong,0,0,0,2024-12,False
1111,Foodcourt,0,0,0,2024-12,False
1111,Hypermarket,2258,30,106,2024-12,True
1111,Kedai Runcit,224,11,73,2024-12,True
1111,Kedai Serbaneka,0,0,0,2024-12,False
1111,Medan Selera,0,0,0,2024-12,False
1111,Pasar Basah,2291,30,104,2024-12,True
1111,Pasar Mini,410,5,147,2024-12,True
1111,Pasar Raya / Supermarket,7110,30,360,2024-12,True
1111,Restoran Cina,0,0,0,2024-12,False
1111,Restoran India Muslim,0,0,0,2024-12,False
1111,Restoran Melayu,0,0,0,2024-12,False
904,Borong,0,0,0,2024-12,False
904,Foodcourt,0,0,0,2024-12,False
904,Hypermarket,2206,30,81,2024-12,True
904,Kedai Runcit,84,5,24,2024-12,True
904,Kedai Serbaneka,0,0,0,2024-12,False
904,Medan Selera,0,0,0,2024-12,False
904,Pasar Basah,4,4,2,2024-12,True
904,Pasar Mini,216,24,58,2024-12,True
904,Pasar Raya / Supermarket,4862,30,206,2024-12,True
904,Restoran Cina,0,0,0,2024-12,False
904,Restoran India Muslim,0,0,0,2024-12,False
904,Restoran Melayu,0,0,0,2024-12,False
918,Borong,0,0,0,2024-12,False
918,Foodcourt,0,0,0,2024-12,False
918,Hypermarket,62,5,26,2024-12,True
918,Kedai Runcit,356,4,131,2024-12,True
918,Kedai Serbaneka,0,0,0,2024-12,False
918,Medan Selera,0,0,0,2024-12,False
918,Pasar Basah,143,8,47,2024-12,True
918,Pasar Mini,300,5,123,2024-12,True
918,Pasar Raya / Supermarket,377,5,160,2024-12,True
918,Restoran Cina,0,0,0,2024-12,False
918,Restoran India Muslim,0,0,0,2024-12,False
918,Restoran Melayu,0,0,0,2024-12,False
1589,Borong,0,0,0,2024-12,False
1589,Foodcourt,0,0,0,2024-12,False
1589,Hypermarket,487,5,130,2024-12,True
1589,Kedai Runcit,973,6,268,2024-12,True
1589,Kedai Serbaneka,0,0,0,2024-12,False
1589,Medan Selera,0,0,0,2024-12,False
1589,Pasar Basah,503,11,133,2024-12,True
1589,Pasar Mini,1228,6,340,2024-12,True
1589,Pasar Raya / Supermarket,1854,6,501,2024-12,True
1589,Restoran Cina,0,0,0,2024-12,False
1589,Restoran India Muslim,0,0,0,2024-12,False
1589,Restoran Melayu,0,0,0,2024-12,False
917,Borong,0,0,0,2024-12,False
917,Foodcourt,0,0,0,2024-12,False
917,Hypermarket,471,6,125,2024-12,True
917,Kedai Runcit,754,6,205,2024-12,True
917,Kedai Serbaneka,0,0,0,2024-12,False
917,Medan Selera,0,0,0,2024-12,False
917,Pasar Basah,563,10,147,2024-12,True
917,Pasar Mini,965,5,279,2024-12,True
917,Pasar Raya / Supermarket,1785,5,482,2024-12,True
917,Restoran Cina,0,0,0,2024-12,False
917,Restoran India Muslim,0,0,0,2024-12,False
917,Restoran Melayu,0,0,0,2024-12,False
129,Borong,0,0,0,2024-12,False
129,Foodcourt,0,0,0,2024-12,False
129,Hypermarket,3853,30,134,2024-12,True
129,Kedai Runcit,854,29,227,2024-12,True
129,Kedai Serbaneka,0,0,0,2024-12,False
129,Medan Selera,0,0,0,2024-12,False
129,Pasar Basah,7817,30,282,2024-12,True
129,Pasar Mini,1028,30,255,2024-12,True
129,Pasar Raya / Supermarket,14766,30,519,2024-12,True
129,Restoran Cina,0,0,0,2024-12,False
129,Restoran India Muslim,0,0,0,2024-12,False
129,Restoran Melayu,0,0,0,2024-12,False
1564,Borong,16,3,8,2024-12,True
1564,Foodcourt,0,0,0,2024-12,False
1564,Hypermarket,3885,30,134,2024-12,True
1564,Kedai Runcit,763,30,195,2024-12,True
1564,Kedai Serbaneka,0,0,0,2024-12,False
1564,Medan Selera,0,0,0,2024-12,False
1564,Pasar Basah,7072,30,257,2024-12,True
1564,Pasar Mini,1012,30,244,2024-12,True
1564,Pasar Raya / Supermarket,14470,30,501,2024-12,True
1564,Restoran Cina,0,0,0,2024-12,False
1564,Restoran India Muslim,0,0,0,2024-12,False
1564,Restoran Melayu,0,0,0,2024-12,False
1131,Borong,15,3,7,2024-12,True
1131,Foodcourt,0,0,0,2024-12,False
1131,Hypermarket,3686,30,131,2024-12,True
1131,Kedai Runcit,713,30,194,2024-12,True
1131,Kedai Serbaneka,0,0,0,2024-12,False
1131,Medan Selera,0,0,0,2024-12,False
1131,Pasar Basah,6678,30,255,2024-12,True
1131,Pasar Mini,928,30,232,2024-12,True
1131,Pasar Raya / Supermarket,13066,30,482,2024-12,True
1131,Restoran Cina,0,0,0,2024-12,False
1131,Restoran India Muslim,0,0,0,2024-12,False
1131,Restoran Melayu,0,0,0,2024-12,False
94,Borong,21,3,9,2024-12,True
94,Foodcourt,0,0,0,2024-12,False
94,Hypermarket,2630,30,103,2024-12,True
94,Kedai Runcit,236,29,60,2024-12,True
94,Kedai Serbaneka,0,0,0,2024-12,False
94,Medan Selera,0,0,0,2024-12,False
94,Pasar Basah,3327,30,166,2024-12,True
94,Pasar Mini,393,29,107,2024-12,True
94,Pasar Raya / Supermarket,10229,30,389,2024-12,True
94,Restoran Cina,0,0,0,2024-12,False
94,Restoran India Muslim,0,0,0,2024-12,False
94,Restoran Melayu,0,0,0,2024-12,False
114,Borong,27,3,12,2024-12,True
114,Foodcourt,0,0,0,2024-12,False
114,Hypermarket,3418,30,130,2024-12,True
114,Kedai Runcit,439,30,120,2024-12,True
114,Kedai Serbaneka,0,0,0,2024-12,False
114,Medan Selera,0,0,0,2024-12,False
114,Pasar Basah,8067,30,296,2024-12,True
114,Pasar Mini,770,30,196,2024-12,True
114,Pasar Raya / Supermarket,13560,30,492,2024-12,True
114,Restoran Cina,0,0,0,2024-12,False
114,Restoran India Muslim,0,0,0,2024-12,False
114,Restoran Melayu,0,0,0,2024-12,False
103,Borong,6,3,2,2024-12,True
103,Foodcourt,0,0,0,2024-12,False
103,Hypermarket,449,30,24,2024-12,True
103,Kedai Runcit,19,4,6,2024-12,True
103,Kedai Serbaneka,0,0,0,2024-12,False
103,Medan Selera,0,0,0,2024-12,False
103,Pasar Basah,3256,30,128,2024-12,True
103,Pasar Mini,24,4,7,2024-12,True
103,Pasar Raya / Supermarket,2276,30,102,2024-12,True
103,Restoran Cina,0,0,0,2024-12,False
103,Restoran India Muslim,0,0,0,2024-12,False
103,Restoran Melayu,0,0,0,2024-12,False
1431,Borong,3,2,2,2024-12,True
1431,Foodcourt,0,0,0,2024-12,False
1431,Hypermarket,27,25,3,2024-12,True
1431,Kedai Runcit,0,0,0,2024-12,False
1431,Kedai Serbaneka,0,0,0,2024-12,False
1431,Medan Selera,0,0,0,2024-12,False
1431,Pasar Basah,3338,30,140,2024-12,True
1431,Pasar Mini,0,0,0,2024-12,False
1431,Pasar Raya / Supermarket,108,30,4,2024-12,True
1431,Restoran Cina,0,0,0,2024-12,False
1431,Restoran India Muslim,0,0,0,2024-12,False
1431,Restoran Melayu,0,0,0,2024-12,False
1555,Borong,20,3,8,2024-12,True
1555,Foodcourt,0,0,0,2024-12,False
1555,Hypermarket,2829,30,115,2024-12,True
1555,Kedai Runcit,161,6,53,2024-12,True
1555,Kedai Serbaneka,0,0,0,2024-12,False
1555,Medan Selera,0,0,0,2024-12,False
1555,Pasar Basah,5698,30,246,2024-12,True
1555,Pasar Mini,334,30,91,2024-12,True
1555,Pasar Raya / Supermarket,8457,30,375,2024-12,True
1555,Restoran Cina,0,0,0,2024-12,False
1555,Restoran India Muslim,0,0,0,2024-12,False
1555,Restoran Melayu,0,0,0,2024-12,False
193,Borong,0,0,0,2024-12,False
193,Foodcourt,0,0,0,2024-12,False
193,Hypermarket,419,5,116,2024-12,True
193,Kedai Runcit,340,5,92,2024-12,True
193,Kedai Serbaneka,0,0,0,2024-12,False
193,Medan Selera,0,0,0,2024-12,False
193,Pasar Basah,218,5,63,2024-12,True
193,Pasar Mini,639,5,168,2024-12,True
193,Pasar Raya / Supermarket,1337,8,356,2024-12,True
193,Restoran Cina,0,0,0,2024-12,False
193,Restoran India Muslim,0,0,0,2024-12,False
193,Restoran Melayu,0,0,0,2024-12,False
1,Borong,29,4,9,2025-01,True
1,Foodcourt,0,0,0,2025-01,False
1,Hypermarket,2970,29,107,2025-01,True
1,Kedai Runcit,348,29,67,2025-01,True
1,Kedai Serbaneka,0,0,0,2025-01,False
1,Medan Selera,0,0,0,2025-01,False
1,Pasar Basah,6660,29,245,2025-01,True
1,Pasar Mini,647,29,120,2025-01,True
1,Pasar Raya / Supermarket,10439,29,372,2025-01,True
1,Restoran Cina,0,0,0,2025-01,False
1,Restoran India Muslim,0,0,0,2025-01,False
1,Restoran Melayu,0,0,0,2025-01,False
1111,Borong,0,0,0,2025-01,False
1111,Foodcourt,0,0,0,2025-01,False
1111,Hypermarket,2364,29,106,2025-01,True
1111,Kedai Runcit,296,16,82,2025-01,True
1111,Kedai Serbaneka,0,0,0,2025-01,False
1111,Medan Selera,0,0,0,2025-01,False
1111,Pasar Basah,2194,29,106,2025-01,True
1111,Pasar Mini,577,7,165,2025-01,True
1111,Pasar Raya / Supermarket,7545,29,361,2025-01,True
1111,Restoran Cina,0,0,0,2025-01,False
1111,Restoran India Muslim,0,0,0,2025-01,False
1111,Restoran Melayu,0,0,0,2025-01,False
904,Borong,0,0,0,2025-01,False
904,Foodcourt,0,0,0,2025-01,False
904,Hypermarket,2087,29,80,2025-01,True
904,Kedai Runcit,107,6,26,2025-01,True
904,Kedai Serbaneka,0,0,0,2025-01,False
904,Medan Selera,0,0,0,2025-01,False
904,Pasar Basah,5,5,2,2025-01,True
904,Pasar Mini,252,15,57,2025-01,True
904,Pasar Raya / Supermarket,4716,29,201,2025-01,True
904,Restoran Cina,0,0,0,2025-01,False
904,Restoran India Muslim,0,0,0,2025-01,False
904,Restoran Melayu,0,0,0,2025-01,False
918,Borong,0,0,0,2025-01,False
918,Foodcourt,0,0,0,2025-01,False
918,Hypermarket,101,6,33,2025-01,True
918,Kedai Runcit,441,7,140,2025-01,True
918,Kedai Serbaneka,0,0,0,2025-01,False
918,Medan Selera,0,0,0,2025-01,False
918,Pasar Basah,227,11,63,2025-01,True
918,Pasar Mini,393,7,137,2025-01,True
918,Pasar Raya / Supermarket,481,7,186,2025-01,True
918,Restoran Cina,0,0,0,2025-01,False
918,Restoran India Muslim,0,0,0,2025-01,False
918,Restoran Melayu,0,0,0,2025-01,False
1589,Borong,0,0,0,2025-01,False
1589,Foodcourt,0,0,0,2025-01,False
1589,Hypermarket,611,8,131,2025-01,True
1589,Kedai Runcit,1236,8,274,2025-01,True
1589,Kedai Serbaneka,0,0,0,2025-01,False
1589,Medan Selera,0,0,0,2025-01,False
1589,Pasar Basah,620,11,140,2025-01,True
1589,Pasar Mini,1513,7,344,2025-01,True
1589,Pasar Raya / Supermarket,2343,8,503,2025-01,True
1589,Restoran Cina,0,0,0,2025-01,False
1589,Restoran India Muslim,0,0,0,2025-01,False
1589,Restoran Melayu,0,0,0,2025-01,False
917,Borong,0,0,0,2025-01,False
917,Foodcourt,0,0,0,2025-01,False
917,Hypermarket,571,8,123,2025-01,True
917,Kedai Runcit,941,7,206,2025-01,True
917,Kedai Serbaneka,0,0,0,2025-01,False
917,Medan Selera,0,0,0,2025-01,False
917,Pasar Basah,712,11,160,2025-01,True
917,Pasar Mini,1179,7,271,2025-01,True
917,Pasar Raya / Supermarket,2204,8,480,2025-01,True
917,Restoran Cina,0,0,0,2025-01,False
917,Restoran India Muslim,0,0,0,2025-01,False
917,Restoran Melayu,0,0,0,2025-01,False
129,Borong,0,0,0,2025-01,False
129,Foodcourt,0,0,0,2025-01,False
129,Hypermarket,3714,29,134,2025-01,True
129,Kedai Runcit,1035,29,232,2025-01,True
129,Kedai Serbaneka,0,0,0,2025-01,False
129,Medan Selera,0,0,0,2025-01,False
129,Pasar Basah,7539,29,284,2025-01,True
129,Pasar Mini,1257,29,255,2025-01,True
129,Pasar Raya / Supermarket,14090,29,518,2025-01,True
129,Restoran Cina,0,0,0,2025-01,False
129,Restoran India Muslim,0,0,0,2025-01,False
129,Restoran Melayu,0,0,0,2025-01,False
1564,Borong,21,4,7,2025-01,True
1564,Foodcourt,0,0,0,2025-01,False
1564,Hypermarket,3783,29,136,2025-01,True
1564,Kedai Runcit,922,29,200,2025-01,True
1564,Kedai Serbaneka,0,0,0,2025-01,False
1564,Medan Selera,0,0,0,2025-01,False
1564,Pasar Basah,6835,29,256,2025-01,True
1564,Pasar Mini,1213,29,246,2025-01,True
1564,Pasar Raya / Supermarket,13890,29,500,2025-01,True
1564,Restoran Cina,0,0,0,2025-01,False
1564,Restoran India Muslim,0,0,0,2025-01,False
1564,Restoran Melayu,0,0,0,2025-01,False
1131,Borong,22,4,7,2025-01,True
1131,Foodcourt,0,0,0,2025-01,False
1131,Hypermarket,3617,29,133,2025-01,True
1131,Kedai Runcit,901,29,198,2025-01,True
1131,Kedai Serbaneka,0,0,0,2025-01,False
1131,Medan Selera,0,0,0,2025-01,False
1131,Pasar Basah,6573,29,261,2025-01,True
1131,Pasar Mini,1128,29,240,2025-01,True
1131,Pasar Raya / Supermarket,12944,29,487,2025-01,True
1131,Restoran Cina,0,0,0,2025-01,False
1131,Restoran India Muslim,0,0,0,2025-01,False
1131,Restoran Melayu,0,0,0,2025-01,False
94,Borong,26,4,9,2025-01,True
94,Foodcourt,0,0,0,2025-01,False
94,Hypermarket,2638,29,106,2025-01,True
94,Kedai Runcit,287,29,63,2025-01,True
94,Kedai Serbaneka,0,0,0,2025-01,False
94,Medan Selera,0,0,0,2025-01,False
94,Pasar Basah,3407,29,174,2025-01,True
94,Pasar Mini,499,29,114,2025-01,True
94,Pasar Raya / Supermarket,9957,29,392,2025-01,True
94,Restoran Cina,0,0,0,2025-01,False
94,Restoran India Muslim,0,0,0,2025-01,False
94,Restoran Melayu,0,0,0,2025-01,False
114,Borong,32,4,11,2025-01,True
114,Foodcourt,0,0,0,2025-01,False
114,Hypermarket,3298,29,129,2025-01,True
114,Kedai Runcit,525,25,120,2025-01,True
114,Kedai Serbaneka,0,0,0,2025-01,False
114,Medan Selera,0,0,0,2025-01,False
114,Pasar Basah,7731,29,294,2025-01,True
114,Pasar Mini,924,29,196,2025-01,True
114,Pasar Raya / Supermarket,13054,29,496,2025-01,True
114,Restoran Cina,0,0,0,2025-01,False
114,Restoran India Muslim,0,0,0,2025-01,False
114,Restoran Melayu,0,0,0,2025-01,False
103,Borong,7,4,3,2025-01,True
103,Foodcourt,0,0,0,2025-01,False
103,Hypermarket,527,29,30,2025-01,True
103,Kedai Runcit,18,5,5,2025-01,True
103,Kedai Serbaneka,0,0,0,2025-01,False
103,Medan Selera,0,0,0,2025-01,False
103,Pasar Basah,3056,29,130,2025-01,True
103,Pasar Mini,30,5,7,2025-01,True
103,Pasar Raya / Supermarket,2375,29,106,2025-01,True
103,Restoran Cina,0,0,0,2025-01,False
103,Restoran India Muslim,0,0,0,2025-01,False
103,Restoran Melayu,0,0,0,2025-01,False
1431,Borong,2,2,1,2025-01,True
1431,Foodcourt,0,0,0,2025-01,False
1431,Hypermarket,29,28,2,2025-01,True
1431,Kedai Runcit,0,0,0,2025-01,False
1431,Kedai Serbaneka,0,0,0,2025-01,False
1431,Medan Selera,0,0,0,2025-01,False
1431,Pasar Basah,3165,29,140,2025-01,True
1431,Pasar Mini,0,0,0,2025-01,False
1431,Pasar Raya / Supermarket,112,29,6,2025-01,True
1431,Restoran Cina,0,0,0,2025-01,False
1431,Restoran India Muslim,0,0,0,2025-01,False
1431,Restoran Melayu,0,0,0,2025-01,False
1555,Borong,23,4,7,2025-01,True
1555,Foodcourt,0,0,0,2025-01,False
1555,Hypermarket,2775,29,118,2025-01,True
1555,Kedai Runcit,190,7,57,2025-01,True
1555,Kedai Serbaneka,0,0,0,2025-01,False
1555,Medan Selera,0,0,0,2025-01,False
1555,Pasar Basah,5352,29,243,2025-01,True
1555,Pasar Mini,377,29,90,2025-01,True
1555,Pasar Raya / Supermarket,7615,29,364,2025-01,True
1555,Restoran Cina,0,0,0,2025-01,False
1555,Restoran India Muslim,0,0,0,2025-01,False
1555,Restoran Melayu,0,0,0,2025-01,False
193,Borong,0,0,0,2025-01,False
193,Foodcourt,0,0,0,2025-01,False
193,Hypermarket,516,8,118,2025-01,True
193,Kedai Runcit,388,6,87,2025-01,True
193,Kedai Serbaneka,0,0,0,2025-01,False
193,Medan Selera,0,0,0,2025-01,False
193,Pasar Basah,266,6,62,2025-01,True
193,Pasar Mini,765,8,165,2025-01,True
193,Pasar Raya / Supermarket,1612,7,349,2025-01,True
193,Restoran Cina,0,0,0,2025-01,False
193,Restoran India Muslim,0,0,0,2025-01,False
193,Restoran Melayu,0,0,0,2025-01,False
1,Borong,31,5,8,2025-02,True
1,Foodcourt,0,0,0,2025-02,False
1,Hypermarket,2589,26,104,2025-02,True
1,Kedai Runcit,301,26,67,2025-02,True
1,Kedai Serbaneka,0,0,0,2025-02,False
1,Medan Selera,0,0,0,2025-02,False
1,Pasar Basah,5810,26,246,2025-02,True
1,Pasar Mini,588,26,123,2025-02,True
1,Pasar Raya / Supermarket,9243,26,380,2025-02,True
1,Restoran Cina,0,0,0,2025-02,False
1,Restoran India Muslim,0,0,0,2025-02,False
1,Restoran Melayu,0,0,0,2025-02,False
1111,Borong,0,0,0,2025-02,False
1111,Foodcourt,0,0,0,2025-02,False
1111,Hypermarket,2120,26,103,2025-02,True
1111,Kedai Runcit,276,24,85,2025-02,True
1111,Kedai Serbaneka,0,0,0,2025-02,False
1111,Medan Selera,0,0,0,2025-02,False
1111,Pasar Basah,1847,26,105,2025-02,True
1111,Pasar Mini,519,15,166,2025-02,True
1111,Pasar Raya / Supermarket,6723,26,357,2025-02,True
1111,Restoran Cina,0,0,0,2025-02,False
1111,Restoran India Muslim,0,0,0,2025-02,False
1111,Restoran Melayu,0,0,0,2025-02,False
904,Borong,0,0,0,2025-02,False
904,Foodcourt,0,0,0,2025-02,False
904,Hypermarket,1753,26,80,2025-02,True
904,Kedai Runcit,86,4,23,2025-02,True
904,Kedai Serbaneka,0,0,0,2025-02,False
904,Medan Selera,0,0,0,2025-02,False
904,Pasar Basah,4,4,1,2025-02,True
904,Pasar Mini,243,18,58,2025-02,True
904,Pasar Raya / Supermarket,4007,26,204,2025-02,True
904,Restoran Cina,0,0,0,2025-02,False
904,Restoran India Muslim,0,0,0,2025-02,False
904,Restoran Melayu,0,0,0,2025-02,False
918,Borong,0,0,0,2025-02,False
918,Foodcourt,0,0,0,2025-02,False
918,Hypermarket,82,4,36,2025-02,True
918,Kedai Runcit,341,5,126,2025-02,True
918,Kedai Serbaneka,0,0,0,2025-02,False
918,Medan Selera,0,0,0,2025-02,False
918,Pasar Basah,156,9,51,2025-02,True
918,Pasar Mini,270,5,109,2025-02,True
918,Pasar Raya / Supermarket,385,5,164,2025-02,True
918,Restoran Cina,0,0,0,2025-02,False
918,Restoran India Muslim,0,0,0,2025-02,False
918,Restoran Melayu,0,0,0,2025-02,False
1589,Borong,0,0,0,2025-02,False
1589,Foodcourt,0,0,0,2025-02,False
1589,Hypermarket,501,5,124,2025-02,True
1589,Kedai Runcit,1000,5,267,2025-02,True
1589,Kedai Serbaneka,0,0,0,2025-02,False
1589,Medan Selera,0,0,0,2025-02,False
1589,Pasar Basah,493,11,129,2025-02,True
1589,Pasar Mini,1253,5,342,2025-02,True
1589,Pasar Raya / Supermarket,1937,5,503,2025-02,True
1589,Restoran Cina,0,0,0,2025-02,False
1589,Restoran India Muslim,0,0,0,2025-02,False
1589,Restoran Melayu,0,0,0,2025-02,False
917,Borong,0,0,0,2025-02,False
917,Foodcourt,0,0,0,2025-02,False
917,Hypermarket,464,5,124,2025-02,True
917,Kedai Runcit,808,5,211,2025-02,True
917,Kedai Serbaneka,0,0,0,2025-02,False
917,Medan Selera,0,0,0,2025-02,False
917,Pasar Basah,569,11,149,2025-02,True
917,Pasar Mini,977,5,270,2025-02,True
917,Pasar Raya / Supermarket,1735,5,471,2025-02,True
917,Restoran Cina,0,0,0,2025-02,False
917,Restoran India Muslim,0,0,0,2025-02,False
917,Restoran Melayu,0,0,0,2025-02,False
129,Borong,0,0,0,2025-02,False
129,Foodcourt,0,0,0,2025-02,False
129,Hypermarket,3171,26,133,2025-02,True
129,Kedai Runcit,896,26,229,2025-02,True
129,Kedai Serbaneka,0,0,0,2025-02,False
129,Medan Selera,0,0,0,2025-02,False
129,Pasar Basah,6709,26,285,2025-02,True
129,Pasar Mini,1100,26,261,2025-02,True
129,Pasar Raya / Supermarket,12347,26,523,2025-02,True
129,Restoran Cina,0,0,0,2025-02,False
129,Restoran India Muslim,0,0,0,2025-02,False
129,Restoran Melayu,0,0,0,2025-02,False
1564,Borong,23,5,6,2025-02,True
1564,Foodcourt,0,0,0,2025-02,False
1564,Hypermarket,3267,26,133,2025-02,True
1564,Kedai Runcit,750,22,194,2025-02,True
1564,Kedai Serbaneka,0,0,0,2025-02,False
1564,Medan Selera,0,0,0,2025-02,False
1564,Pasar Basah,5958,26,257,2025-02,True
1564,Pasar Mini,1078,26,252,2025-02,True
1564,Pasar Raya / Supermarket,12176,26,504,2025-02,True
1564,Restoran Cina,0,0,0,2025-02,False
1564,Restoran India Muslim,0,0,0,2025-02,False
1564,Restoran Melayu,0,0,0,2025-02,False
1131,Borong,23,5,6,2025-02,True
1131,Foodcourt,0,0,0,2025-02,False
1131,Hypermarket,3133,26,130,2025-02,True
1131,Kedai Runcit,734,26,196,2025-02,True
1131,Kedai Serbaneka,0,0,0,2025-02,False
1131,Medan Selera,0,0,0,2025-02,False
1131,Pasar Basah,5940,26,263,2025-02,True
1131,Pasar Mini,1016,26,249,2025-02,True
1131,Pasar Raya / Supermarket,11430,26,488,2025-02,True
1131,Restoran Cina,0,0,0,2025-02,False
1131,Restoran India Muslim,0,0,0,2025-02,False
1131,Restoran Melayu,0,0,0,2025-02,False
94,Borong,30,5,8,2025-02,True
94,Foodcourt,0,0,0,2025-02,False
94,Hypermarket,2034,26,105,2025-02,True
94,Kedai Runcit,241,26,62,2025-02,True
94,Kedai Serbaneka,0,0,0,2025-02,False
94,Medan Selera,0,0,0,2025-02,False
94,Pasar Basah,2904,26,170,2025-02,True
94,Pasar Mini,428,26,114,2025-02,True
94,Pasar Raya / Supermarket,8465,26,396,2025-02,True
94,Restoran Cina,0,0,0,2025-02,False
94,Restoran India Muslim,0,0,0,2025-02,False
94,Restoran Melayu,0,0,0,2025-02,False
114,Borong,39,5,10,2025-02,True
114,Foodcourt,0,0,0,2025-02,False
114,Hypermarket,3001,26,131,2025-02,True
114,Kedai Runcit,443,26,115,2025-02,True
114,Kedai Serbaneka,0,0,0,2025-02,False
114,Medan Selera,0,0,0,2025-02,False
114,Pasar Basah,6767,26,296,2025-02,True
114,Pasar Mini,805,26,193,2025-02,True
114,Pasar Raya / Supermarket,11527,26,503,2025-02,True
114,Restoran Cina,0,0,0,2025-02,False
114,Restoran India Muslim,0,0,0,2025-02,False
114,Restoran Melayu,0,0,0,2025-02,False
103,Borong,12,5,3,2025-02,True
103,Foodcourt,0,0,0,2025-02,False
103,Hypermarket,413,25,24,2025-02,True
103,Kedai Runcit,11,4,4,2025-02,True
103,Kedai Serbaneka,0,0,0,2025-02,False
103,Medan Selera,0,0,0,2025-02,False
103,Pasar Basah,2709,26,125,2025-02,True
103,Pasar Mini,49,24,10,2025-02,True
103,Pasar Raya / Supermarket,1861,26,106,2025-02,True
103,Restoran Cina,0,0,0,2025-02,False
103,Restoran India Muslim,0,0,0,2025-02,False
103,Restoran Melayu,0,0,0,2025-02,False
1431,Borong,7,5,2,2025-02,True
1431,Foodcourt,0,0,0,2025-02,False
1431,Hypermarket,21,15,2,2025-02,True
1431,Kedai Runcit,0,0,0,2025-02,False
1431,Kedai Serbaneka,0,0,0,2025-02,False
1431,Medan Selera,0,0,0,2025-02,False
1431,Pasar Basah,2835,26,144,2025-02,True
1431,Pasar Mini,0,0,0,2025-02,False
1431,Pasar Raya / Supermarket,99,26,12,2025-02,True
1431,Restoran Cina,0,0,0,2025-02,False
1431,Restoran India Muslim,0,0,0,2025-02,False
1431,Restoran Melayu,0,0,0,2025-02,False
1555,Borong,29,5,8,2025-02,True
1555,Foodcourt,0,0,0,2025-02,False
1555,Hypermarket,2176,26,113,2025-02,True
1555,Kedai Runcit,136,5,52,2025-02,True
1555,Kedai Serbaneka,0,0,0,2025-02,False
1555,Medan Selera,0,0,0,2025-02,False
1555,Pasar Basah,4372,26,240,2025-02,True
1555,Pasar Mini,347,26,89,2025-02,True
1555,Pasar Raya / Supermarket,6388,26,374,2025-02,True
1555,Restoran Cina,0,0,0,2025-02,False
1555,Restoran India Muslim,0,0,0,2025-02,False
1555,Restoran Melayu,0,0,0,2025-02,False
193,Borong,0,0,0,2025-02,False
193,Foodcourt,0,0,0,2025-02,False
193,Hypermarket,406,5,109,2025-02,True
193,Kedai Runcit,323,4,92,2025-02,True
193,Kedai Serbaneka,0,0,0,2025-02,False
193,Medan Selera,0,0,0,2025-02,False
193,Pasar Basah,211,4,57,2025-02,True
193,Pasar Mini,613,5,163,2025-02,True
193,Pasar Raya / Supermarket,1300,5,346,2025-02,True
193,Restoran Cina,0,0,0,2025-02,False
193,Restoran India Muslim,0,0,0,2025-02,False
193,Restoran Melayu,0,0,0,2025-02,False
1,Borong,26,4,8,2025-03,True
1,Foodcourt,0,0,0,2025-03,False
1,Hypermarket,2961,30,107,2025-03,True
1,Kedai Runcit,330,27,67,2025-03,True
1,Kedai Serbaneka,0,0,0,2025-03,False
1,Medan Selera,0,0,0,2025-03,False
1,Pasar Basah,6644,30,245,2025-03,True
1,Pasar Mini,742,30,126,2025-03,True
1,Pasar Raya / Supermarket,10395,30,377,2025-03,True
1,Restoran Cina,0,0,0,2025-03,False
1,Restoran India Muslim,0,0,0,2025-03,False
1,Restoran Melayu,0,0,0,2025-03,False
1111,Borong,0,0,0,2025-03,False
1111,Foodcourt,0,0,0,2025-03,False
1111,Hypermarket,2513,30,105,2025-03,True
1111,Kedai Runcit,327,24,100,2025-03,True
1111,Kedai Serbaneka,0,0,0,2025-03,False
1111,Medan Selera,0,0,0,2025-03,False
1111,Pasar Basah,2344,30,110,2025-03,True
1111,Pasar Mini,728,29,178,2025-03,True
1111,Pasar Raya / Supermarket,8334,30,379,2025-03,True
1111,Restoran Cina,0,0,0,2025-03,False
1111,Restoran India Muslim,0,0,0,2025-03,False
1111,Restoran Melayu,0,0,0,2025-03,False
904,Borong,0,0,0,2025-03,False
904,Foodcourt,0,0,0,2025-03,False
904,Hypermarket,1989,30,79,2025-03,True
904,Kedai Runcit,111,5,25,2025-03,True
904,Kedai Serbaneka,0,0,0,2025-03,False
904,Medan Selera,0,0,0,2025-03,False
904,Pasar Basah,4,4,1,2025-03,True
904,Pasar Mini,334,30,60,2025-03,True
904,Pasar Raya / Supermarket,4502,30,201,2025-03,True
904,Restoran Cina,0,0,0,2025-03,False
904,Restoran India Muslim,0,0,0,2025-03,False
904,Restoran Melayu,0,0,0,2025-03,False
918,Borong,0,0,0,2025-03,False
918,Foodcourt,0,0,0,2025-03,False
918,Hypermarket,95,6,32,2025-03,True
918,Kedai Runcit,452,6,132,2025-03,True
918,Kedai Serbaneka,0,0,0,2025-03,False
918,Medan Selera,0,0,0,2025-03,False
918,Pasar Basah,202,10,58,2025-03,True
918,Pasar Mini,438,6,146,2025-03,True
918,Pasar Raya / Supermarket,590,6,209,2025-03,True
918,Restoran Cina,0,0,0,2025-03,False
918,Restoran India Muslim,0,0,0,2025-03,False
918,Restoran Melayu,0,0,0,2025-03,False
1589,Borong,0,0,0,2025-03,False
1589,Foodcourt,0,0,0,2025-03,False
1589,Hypermarket,597,6,130,2025-03,True
1589,Kedai Runcit,1220,6,268,2025-03,True
1589,Kedai Serbaneka,0,0,0,2025-03,False
1589,Medan Selera,0,0,0,2025-03,False
1589,Pasar Basah,627,13,143,2025-03,True
1589,Pasar Mini,1570,6,352,2025-03,True
1589,Pasar Raya / Supermarket,2352,6,516,2025-03,True
1589,Restoran Cina,0,0,0,2025-03,False
1589,Restoran India Muslim,0,0,0,2025-03,False
1589,Restoran Melayu,0,0,0,2025-03,False
917,Borong,0,0,0,2025-03,False
917,Foodcourt,0,0,0,2025-03,False
917,Hypermarket,570,6,126,2025-03,True
917,Kedai Runcit,976,6,214,2025-03,True
917,Kedai Serbaneka,0,0,0,2025-03,False
917,Medan Selera,0,0,0,2025-03,False
917,Pasar Basah,702,13,158,2025-03,True
917,Pasar Mini,1194,6,280,2025-03,True
917,Pasar Raya / Supermarket,2085,6,479,2025-03,True
917,Restoran Cina,0,0,0,2025-03,False
917,Restoran India Muslim,0,0,0,2025-03,False
917,Restoran Melayu,0,0,0,2025-03,False
129,Borong,0,0,0,2025-03,False
129,Foodcourt,0,0,0,2025-03,False
129,Hypermarket,3713,30,135,2025-03,True
129,Kedai Runcit,1088,28,237,2025-03,True
129,Kedai Serbaneka,0,0,0,2025-03,False
129,Medan Selera,0,0,0,2025-03,False
129,Pasar Basah,7665,30,289,2025-03,True
129,Pasar Mini,1371,30,268,2025-03,True
129,Pasar Raya / Supermarket,14337,30,528,2025-03,True
129,Restoran Cina,0,0,0,2025-03,False
129,Restoran India Muslim,0,0,0,2025-03,False
129,Restoran Melayu,0,0,0,2025-03,False
1564,Borong,19,4,6,2025-03,True
1564,Foodcourt,0,0,0,2025-03,False
1564,Hypermarket,3738,30,135,2025-03,True
1564,Kedai Runcit,932,28,201,2025-03,True
1564,Kedai Serbaneka,0,0,0,2025-03,False
1564,Medan Selera,0,0,0,2025-03,False
1564,Pasar Basah,6909,30,263,2025-03,True
1564,Pasar Mini,1343,30,256,2025-03,True
1564,Pasar Raya / Supermarket,14060,30,508,2025-03,True
1564,Restoran Cina,0,0,0,2025-03,False
1564,Restoran India Muslim,0,0,0,2025-03,False
1564,Restoran Melayu,0,0,0,2025-03,False
1131,Borong,14,4,5,2025-03,True
1131,Foodcourt,0,0,0,2025-03,False
1131,Hypermarket,3418,30,131,2025-03,True
1131,Kedai Runcit,891,28,199,2025-03,True
1131,Kedai Serbaneka,0,0,0,2025-03,False
1131,Medan Selera,0,0,0,2025-03,False
1131,Pasar Basah,6727,30,264,2025-03,True
1131,Pasar Mini,1268,30,260,2025-03,True
1131,Pasar Raya / Supermarket,12585,30,489,2025-03,True
1131,Restoran Cina,0,0,0,2025-03,False
1131,Restoran India Muslim,0,0,0,2025-03,False
1131,Restoran Melayu,0,0,0,2025-03,False
94,Borong,26,4,8,2025-03,True
94,Foodcourt,0,0,0,2025-03,False
94,Hypermarket,2483,30,103,2025-03,True
94,Kedai Runcit,290,27,65,2025-03,True
94,Kedai Serbaneka,0,0,0,2025-03,False
94,Medan Selera,0,0,0,2025-03,False
94,Pasar Basah,3119,30,151,2025-03,True
94,Pasar Mini,568,30,115,2025-03,True
94,Pasar Raya / Supermarket,9581,30,394,2025-03,True
94,Restoran Cina,0,0,0,2025-03,False
94,Restoran India Muslim,0,0,0,2025-03,False
94,Restoran Melayu,0,0,0,2025-03,False
114,Borong,34,4,10,2025-03,True
114,Foodcourt,0,0,0,2025-03,False
114,Hypermarket,3417,30,134,2025-03,True
114,Kedai Runcit,521,26,120,2025-03,True
114,Kedai Serbaneka,0,0,0,2025-03,False
114,Medan Selera,0,0,0,2025-03,False
114,Pasar Basah,7915,30,297,2025-03,True
114,Pasar Mini,1038,30,201,2025-03,True
114,Pasar Raya / Supermarket,13566,30,513,2025-03,True
114,Restoran Cina,0,0,0,2025-03,False
114,Restoran India Muslim,0,0,0,2025-03,False
114,Restoran Melayu,0,0,0,2025-03,False
103,Borong,8,4,3,2025-03,True
103,Foodcourt,0,0,0,2025-03,False
103,Hypermarket,491,30,35,2025-03,True
103,Kedai Runcit,20,6,6,2025-03,True
103,Kedai Serbaneka,0,0,0,2025-03,False
103,Medan Selera,0,0,0,2025-03,False
103,Pasar Basah,3052,30,126,2025-03,True
103,Pasar Mini,57,29,9,2025-03,True
103,Pasar Raya / Supermarket,2568,30,127,2025-03,True
103,Restoran Cina,0,0,0,2025-03,False
103,Restoran India Muslim,0,0,0,2025-03,False
103,Restoran Melayu,0,0,0,2025-03,False
1431,Borong,6,4,2,2025-03,True
1431,Foodcourt,0,0,0,2025-03,False
1431,Hypermarket,20,19,2,2025-03,True
1431,Kedai Runcit,0,0,0,2025-03,False
1431,Kedai Serbaneka,0,0,0,2025-03,False
1431,Medan Selera,0,0,0,2025-03,False
1431,Pasar Basah,3534,30,153,2025-03,True
1431,Pasar Mini,0,0,0,2025-03,False
1431,Pasar Raya / Supermarket,84,29,15,2025-03,True
1431,Restoran Cina,0,0,0,2025-03,False
1431,Restoran India Muslim,0,0,0,2025-03,False
1431,Restoran Melayu,0,0,0,2025-03,False
1555,Borong,26,4,8,2025-03,True
1555,Foodcourt,0,0,0,2025-03,False
1555,Hypermarket,2439,30,117,2025-03,True
1555,Kedai Runcit,188,6,58,2025-03,True
1555,Kedai Serbaneka,0,0,0,2025-03,False
1555,Medan Selera,0,0,0,2025-03,False
1555,Pasar Basah,5366,30,245,2025-03,True
1555,Pasar Mini,460,30,94,2025-03,True
1555,Pasar Raya / Supermarket,7559,30,379,2025-03,True
1555,Restoran Cina,0,0,0,2025-03,False
1555,Restoran India Muslim,0,0,0,2025-03,False
1555,Restoran Melayu,0,0,0,2025-03,False
193,Borong,0,0,0,2025-03,False
193,Foodcourt,0,0,0,2025-03,False
193,Hypermarket,488,6,114,2025-03,True
193,Kedai Runcit,422,5,92,2025-03,True
193,Kedai Serbaneka,0,0,0,2025-03,False
193,Medan Selera,0,0,0,2025-03,False
193,Pasar Basah,292,5,64,2025-03,True
193,Pasar Mini,772,6,169,2025-03,True
193,Pasar Raya / Supermarket,1553,6,351,2025-03,True
193,Restoran Cina,0,0,0,2025-03,False
193,Restoran India Muslim,0,0,0,2025-03,False
193,Restoran Melayu,0,0,0,2025-03,False
1,Borong,24,5,8,2025-04,True
1,Foodcourt,0,0,0,2025-04,False
1,Hypermarket,2881,28,107,2025-04,True
1,Kedai Runcit,282,27,67,2025-04,True
1,Kedai Serbaneka,0,0,0,2025-04,False
1,Medan Selera,0,0,0,2025-04,False
1,Pasar Basah,6355,28,246,2025-04,True
1,Pasar Mini,641,28,124,2025-04,True
1,Pasar Raya / Supermarket,9999,28,377,2025-04,True
1,Restoran Cina,0,0,0,2025-04,False
1,Restoran India Muslim,0,0,0,2025-04,False
1,Restoran Melayu,0,0,0,2025-04,False
1111,Borong,0,0,0,2025-04,False
1111,Foodcourt,0,0,0,2025-04,False
1111,Hypermarket,1959,28,103,2025-04,True
1111,Kedai Runcit,279,19,97,2025-04,True
1111,Kedai Serbaneka,0,0,0,2025-04,False
1111,Medan Selera,0,0,0,2025-04,False
1111,Pasar Basah,2212,28,118,2025-04,True
1111,Pasar Mini,548,25,180,2025-04,True
1111,Pasar Raya / Supermarket,6386,28,381,2025-04,True
1111,Restoran Cina,0,0,0,2025-04,False
1111,Restoran India Muslim,0,0,0,2025-04,False
1111,Restoran Melayu,0,0,0,2025-04,False
904,Borong,0,0,0,2025-04,False
904,Foodcourt,0,0,0,2025-04,False
904,Hypermarket,1870,28,81,2025-04,True
904,Kedai Runcit,82,5,26,2025-04,True
904,Kedai Serbaneka,0,0,0,2025-04,False
904,Medan Selera,0,0,0,2025-04,False
904,Pasar Basah,4,4,1,2025-04,True
904,Pasar Mini,266,28,61,2025-04,True
904,Pasar Raya / Supermarket,4232,28,202,2025-04,True
904,Restoran Cina,0,0,0,2025-04,False
904,Restoran India Muslim,0,0,0,2025-04,False
904,Restoran Melayu,0,0,0,2025-04,False
918,Borong,0,0,0,2025-04,False
918,Foodcourt,0,0,0,2025-04,False
918,Hypermarket,78,4,33,2025-04,True
918,Kedai Runcit,383,5,129,2025-04,True
918,Kedai Serbaneka,0,0,0,2025-04,False
918,Medan Selera,0,0,0,2025-04,False
918,Pasar Basah,167,10,53,2025-04,True
918,Pasar Mini,363,5,133,2025-04,True
918,Pasar Raya / Supermarket,491,5,184,2025-04,True
918,Restoran Cina,0,0,0,2025-04,False
918,Restoran India Muslim,0,0,0,2025-04,False
918,Restoran Melayu,0,0,0,2025-04,False
1589,Borong,0,0,0,2025-04,False
1589,Foodcourt,0,0,0,2025-04,False
1589,Hypermarket,495,5,129,2025-04,True
1589,Kedai Runcit,1003,5,271,2025-04,True
1589,Kedai Serbaneka,0,0,0,2025-04,False
1589,Medan Selera,0,0,0,2025-04,False
1589,Pasar Basah,514,10,135,2025-04,True
1589,Pasar Mini,1276,5,351,2025-04,True
1589,Pasar Raya / Supermarket,1939,5,513,2025-04,True
1589,Restoran Cina,0,0,0,2025-04,False
1589,Restoran India Muslim,0,0,0,2025-04,False
1589,Restoran Melayu,0,0,0,2025-04,False
917,Borong,0,0,0,2025-04,False
917,Foodcourt,0,0,0,2025-04,False
917,Hypermarket,441,5,124,2025-04,True
917,Kedai Runcit,767,5,209,2025-04,True
917,Kedai Serbaneka,0,0,0,2025-04,False
917,Medan Selera,0,0,0,2025-04,False
917,Pasar Basah,567,10,149,2025-04,True
917,Pasar Mini,1037,5,289,2025-04,True
917,Pasar Raya / Supermarket,1715,5,469,2025-04,True
917,Restoran Cina,0,0,0,2025-04,False
917,Restoran India Muslim,0,0,0,2025-04,False
917,Restoran Melayu,0,0,0,2025-04,False
129,Borong,0,0,0,2025-04,False
129,Foodcourt,0,0,0,2025-04,False
129,Hypermarket,3571,28,135,2025-04,True
129,Kedai Runcit,901,28,230,2025-04,True
129,Kedai Serbaneka,0,0,0,2025-04,False
129,Medan Selera,0,0,0,2025-04,False
129,Pasar Basah,7121,28,286,2025-04,True
129,Pasar Mini,1163,28,267,2025-04,True
129,Pasar Raya / Supermarket,13691,28,525,2025-04,True
129,Restoran Cina,0,0,0,2025-04,False
129,Restoran India Muslim,0,0,0,2025-04,False
129,Restoran Melayu,0,0,0,2025-04,False
1564,Borong,16,5,6,2025-04,True
1564,Foodcourt,0,0,0,2025-04,False
1564,Hypermarket,3577,28,136,2025-04,True
1564,Kedai Runcit,767,28,201,2025-04,True
1564,Kedai Serbaneka,0,0,0,2025-04,False
1564,Medan Selera,0,0,0,2025-04,False
1564,Pasar Basah,6501,28,262,2025-04,True
1564,Pasar Mini,1116,28,258,2025-04,True
1564,Pasar Raya / Supermarket,13317,28,504,2025-04,True
1564,Restoran Cina,0,0,0,2025-04,False
1564,Restoran India Muslim,0,0,0,2025-04,False
1564,Restoran Melayu,0,0,0,2025-04,False
1131,Borong,16,5,5,2025-04,True
1131,Foodcourt,0,0,0,2025-04,False
1131,Hypermarket,3043,28,130,2025-04,True
1131,Kedai Runcit,722,28,192,2025-04,True
1131,Kedai Serbaneka,0,0,0,2025-04,False
1131,Medan Selera,0,0,0,2025-04,False
1131,Pasar Basah,6348,28,266,2025-04,True
1131,Pasar Mini,1088,28,244,2025-04,True
1131,Pasar Raya / Supermarket,11660,28,483,2025-04,True
1131,Restoran Cina,0,0,0,2025-04,False
1131,Restoran India Muslim,0,0,0,2025-04,False
1131,Restoran Melayu,0,0,0,2025-04,False
94,Borong,23,5,8,2025-04,True
94,Foodcourt,0,0,0,2025-04,False
94,Hypermarket,2433,28,104,2025-04,True
94,Kedai Runcit,253,25,69,2025-04,True
94,Kedai Serbaneka,0,0,0,2025-04,False
94,Medan Selera,0,0,0,2025-04,False
94,Pasar Basah,3024,28,158,2025-04,True
94,Pasar Mini,505,28,116,2025-04,True
94,Pasar Raya / Supermarket,9356,28,390,2025-04,True
94,Restoran Cina,0,0,0,2025-04,False
94,Restoran India Muslim,0,0,0,2025-04,False
94,Restoran Melayu,0,0,0,2025-04,False
114,Borong,32,5,10,2025-04,True
114,Foodcourt,0,0,0,2025-04,False
114,Hypermarket,3416,28,135,2025-04,True
114,Kedai Runcit,444,27,118,2025-04,True
114,Kedai Serbaneka,0,0,0,2025-04,False
114,Medan Selera,0,0,0,2025-04,False
114,Pasar Basah,7359,28,297,2025-04,True
114,Pasar Mini,905,28,203,2025-04,True
114,Pasar Raya / Supermarket,12971,28,508,2025-04,True
114,Restoran Cina,0,0,0,2025-04,False
114,Restoran India Muslim,0,0,0,2025-04,False
114,Restoran Melayu,0,0,0,2025-04,False
103,Borong,8,5,3,2025-04,True
103,Foodcourt,0,0,0,2025-04,False
103,Hypermarket,434,28,32,2025-04,True
103,Kedai Runcit,27,5,8,2025-04,True
103,Kedai Serbaneka,0,0,0,2025-04,False
103,Medan Selera,0,0,0,2025-04,False
103,Pasar Basah,2837,28,120,2025-04,True
103,Pasar Mini,50,24,12,2025-04,True
103,Pasar Raya / Supermarket,2252,28,124,2025-04,True
103,Restoran Cina,0,0,0,2025-04,False
103,Restoran India Muslim,0,0,0,2025-04,False
103,Restoran Melayu,0,0,0,2025-04,False
1431,Borong,6,5,2,2025-04,True
1431,Foodcourt,0,0,0,2025-04,False
1431,Hypermarket,4,4,3,2025-04,True
1431,Kedai Runcit,0,0,0,2025-04,False
1431,Kedai Serbaneka,0,0,0,2025-04,False
1431,Medan Selera,0,0,0,2025-04,False
1431,Pasar Basah,3005,28,145,2025-04,True
1431,Pasar Mini,0,0,0,2025-04,False
1431,Pasar Raya / Supermarket,49,22,8,2025-04,True
1431,Restoran Cina,0,0,0,2025-04,False
1431,Restoran India Muslim,0,0,0,2025-04,False
1431,Restoran Melayu,0,0,0,2025-04,False
1555,Borong,24,5,7,2025-04,True
1555,Foodcourt,0,0,0,2025-04,False
1555,Hypermarket,2407,28,114,2025-04,True
1555,Kedai Runcit,166,5,53,2025-04,True
1555,Kedai Serbaneka,0,0,0,2025-04,False
1555,Medan Selera,0,0,0,2025-04,False
1555,Pasar Basah,5002,28,245,2025-04,True
1555,Pasar Mini,389,28,91,2025-04,True
1555,Pasar Raya / Supermarket,7142,28,373,2025-04,True
1555,Restoran Cina,0,0,0,2025-04,False
1555,Restoran India Muslim,0,0,0,2025-04,False
1555,Restoran Melayu,0,0,0,2025-04,False
193,Borong,0,0,0,2025-04,False
193,Foodcourt,0,0,0,2025-04,False
193,Hypermarket,401,5,114,2025-04,True
193,Kedai Runcit,340,4,94,2025-04,True
193,Kedai Serbaneka,0,0,0,2025-04,False
193,Medan Selera,0,0,0,2025-04,False
193,Pasar Basah,230,4,62,2025-04,True
193,Pasar Mini,603,5,167,2025-04,True
193,Pasar Raya / Supermarket,1179,5,333,2025-04,True
193,Restoran Cina,0,0,0,2025-04,False
193,Restoran India Muslim,0,0,0,2025-04,False
193,Restoran Melayu,0,0,0,2025-04,False
1,Borong,27,4,8,2025-05,True
1,Foodcourt,0,0,0,2025-05,False
1,Hypermarket,3011,29,107,2025-05,True
1,Kedai Runcit,350,29,68,2025-05,True
1,Kedai Serbaneka,0,0,0,2025-05,False
1,Medan Selera,0,0,0,2025-05,False
1,Pasar Basah,6767,29,246,2025-05,True
1,Pasar Mini,764,29,126,2025-05,True
1,Pasar Raya / Supermarket,10623,29,377,2025-05,True
1,Restoran Cina,0,0,0,2025-05,False
1,Restoran India Muslim,0,0,0,2025-05,False
1,Restoran Melayu,0,0,0,2025-05,False
1111,Borong,0,0,0,2025-05,False
1111,Foodcourt,0,0,0,2025-05,False
1111,Hypermarket,2435,29,106,2025-05,True
1111,Kedai Runcit,368,22,93,2025-05,True
1111,Kedai Serbaneka,0,0,0,2025-05,False
1111,Medan Selera,0,0,0,2025-05,False
1111,Pasar Basah,2547,29,119,2025-05,True
1111,Pasar Mini,684,29,184,2025-05,True
1111,Pasar Raya / Supermarket,8187,29,378,2025-05,True
1111,Restoran Cina,0,0,0,2025-05,False
1111,Restoran India Muslim,0,0,0,2025-05,False
1111,Restoran Melayu,0,0,0,2025-05,False
904,Borong,0,0,0,2025-05,False
904,Foodcourt,0,0,0,2025-05,False
904,Hypermarket,2054,29,81,2025-05,True
904,Kedai Runcit,107,5,25,2025-05,True
904,Kedai Serbaneka,0,0,0,2025-05,False
904,Medan Selera,0,0,0,2025-05,False
904,Pasar Basah,3,3,1,2025-05,True
904,Pasar Mini,333,29,63,2025-05,True
904,Pasar Raya / Supermarket,4630,29,200,2025-05,True
904,Restoran Cina,0,0,0,2025-05,False
904,Restoran India Muslim,0,0,0,2025-05,False
904,Restoran Melayu,0,0,0,2025-05,False
918,Borong,0,0,0,2025-05,False
918,Foodcourt,0,0,0,2025-05,False
918,Hypermarket,119,5,46,2025-05,True
918,Kedai Runcit,527,5,152,2025-05,True
918,Kedai Serbaneka,0,0,0,2025-05,False
918,Medan Selera,0,0,0,2025-05,False
918,Pasar Basah,239,9,67,2025-05,True
918,Pasar Mini,552,5,175,2025-05,True
918,Pasar Raya / Supermarket,681,5,206,2025-05,True
918,Restoran Cina,0,0,0,2025-05,False
918,Restoran India Muslim,0,0,0,2025-05,False
918,Restoran Melayu,0,0,0,2025-05,False
1589,Borong,0,0,0,2025-05,False
1589,Foodcourt,0,0,0,2025-05,False
1589,Hypermarket,621,5,128,2025-05,True
1589,Kedai Runcit,1238,5,270,2025-05,True
1589,Kedai Serbaneka,0,0,0,2025-05,False
1589,Medan Selera,0,0,0,2025-05,False
1589,Pasar Basah,671,10,150,2025-05,True
1589,Pasar Mini,1644,5,354,2025-05,True
1589,Pasar Raya / Supermarket,2462,5,521,2025-05,True
1589,Restoran Cina,0,0,0,2025-05,False
1589,Restoran India Muslim,0,0,0,2025-05,False
1589,Restoran Melayu,0,0,0,2025-05,False
917,Borong,0,0,0,2025-05,False
917,Foodcourt,0,0,0,2025-05,False
917,Hypermarket,532,5,119,2025-05,True
917,Kedai Runcit,944,5,206,2025-05,True
917,Kedai Serbaneka,0,0,0,2025-05,False
917,Medan Selera,0,0,0,2025-05,False
917,Pasar Basah,749,11,169,2025-05,True
917,Pasar Mini,1305,5,294,2025-05,True
917,Pasar Raya / Supermarket,2169,5,481,2025-05,True
917,Restoran Cina,0,0,0,2025-05,False
917,Restoran India Muslim,0,0,0,2025-05,False
917,Restoran Melayu,0,0,0,2025-05,False
129,Borong,0,0,0,2025-05,False
129,Foodcourt,0,0,0,2025-05,False
129,Hypermarket,3774,29,136,2025-05,True
129,Kedai Runcit,1152,29,235,2025-05,True
129,Kedai Serbaneka,0,0,0,2025-05,False
129,Medan Selera,0,0,0,2025-05,False
129,Pasar Basah,7683,29,284,2025-05,True
129,Pasar Mini,1385,29,263,2025-05,True
129,Pasar Raya / Supermarket,14493,29,523,2025-05,True
129,Restoran Cina,0,0,0,2025-05,False
129,Restoran India Muslim,0,0,0,2025-05,False
129,Restoran Melayu,0,0,0,2025-05,False
1564,Borong,18,4,6,2025-05,True
1564,Foodcourt,0,0,0,2025-05,False
1564,Hypermarket,3816,29,137,2025-05,True
1564,Kedai Runcit,970,29,197,2025-05,True
1564,Kedai Serbaneka,0,0,0,2025-05,False
1564,Medan Selera,0,0,0,2025-05,False
1564,Pasar Basah,7016,29,260,2025-05,True
1564,Pasar Mini,1383,29,261,2025-05,True
1564,Pasar Raya / Supermarket,14215,29,514,2025-05,True
1564,Restoran Cina,0,0,0,2025-05,False
1564,Restoran India Muslim,0,0,0,2025-05,False
1564,Restoran Melayu,0,0,0,2025-05,False
1131,Borong,21,4,6,2025-05,True
1131,Foodcourt,0,0,0,2025-05,False
1131,Hypermarket,2996,29,129,2025-05,True
1131,Kedai Runcit,958,29,201,2025-05,True
1131,Kedai Serbaneka,0,0,0,2025-05,False
1131,Medan Selera,0,0,0,2025-05,False
1131,Pasar Basah,6665,29,253,2025-05,True
1131,Pasar Mini,1291,29,246,2025-05,True
1131,Pasar Raya / Supermarket,12012,29,472,2025-05,True
1131,Restoran Cina,0,0,0,2025-05,False
1131,Restoran India Muslim,0,0,0,2025-05,False
1131,Restoran Melayu,0,0,0,2025-05,False
94,Borong,25,4,8,2025-05,True
94,Foodcourt,0,0,0,2025-05,False
94,Hypermarket,2664,29,103,2025-05,True
94,Kedai Runcit,329,28,65,2025-05,True
94,Kedai Serbaneka,0,0,0,2025-05,False
94,Medan Selera,0,0,0,2025-05,False
94,Pasar Basah,3390,29,156,2025-05,True
94,Pasar Mini,613,29,115,2025-05,True
94,Pasar Raya / Supermarket,10465,29,402,2025-05,True
94,Restoran Cina,0,0,0,2025-05,False
94,Restoran India Muslim,0,0,0,2025-05,False
94,Restoran Melayu,0,0,0,2025-05,False
114,Borong,34,4,10,2025-05,True
114,Foodcourt,0,0,0,2025-05,False
114,Hypermarket,3588,29,134,2025-05,True
114,Kedai Runcit,576,29,120,2025-05,True
114,Kedai Serbaneka,0,0,0,2025-05,False
114,Medan Selera,0,0,0,2025-05,False
114,Pasar Basah,8089,29,297,2025-05,True
114,Pasar Mini,1099,29,204,2025-05,True
114,Pasar Raya / Supermarket,13976,29,513,2025-05,True
114,Restoran Cina,0,0,0,2025-05,False
114,Restoran India Muslim,0,0,0,2025-05,False
114,Restoran Melayu,0,0,0,2025-05,False
103,Borong,10,4,4,2025-05,True
103,Foodcourt,0,0,0,2025-05,False
103,Hypermarket,660,29,35,2025-05,True
103,Kedai Runcit,36,5,8,2025-05,True
103,Kedai Serbaneka,0,0,0,2025-05,False
103,Medan Selera,0,0,0,2025-05,False
103,Pasar Basah,3192,29,123,2025-05,True
103,Pasar Mini,68,26,14,2025-05,True
103,Pasar Raya / Supermarket,2997,29,139,2025-05,True
103,Restoran Cina,0,0,0,2025-05,False
103,Restoran India Muslim,0,0,0,2025-05,False
103,Restoran Melayu,0,0,0,2025-05,False
1431,Borong,7,4,2,2025-05,True
1431,Foodcourt,0,0,0,2025-05,False
1431,Hypermarket,16,14,4,2025-05,True
1431,Kedai Runcit,0,0,0,2025-05,False
1431,Kedai Serbaneka,0,0,0,2025-05,False
1431,Medan Selera,0,0,0,2025-05,False
1431,Pasar Basah,3283,29,140,2025-05,True
1431,Pasar Mini,0,0,0,2025-05,False
1431,Pasar Raya / Supermarket,68,29,6,2025-05,True
1431,Restoran Cina,0,0,0,2025-05,False
1431,Restoran India Muslim,0,0,0,2025-05,False
1431,Restoran Melayu,0,0,0,2025-05,False
1555,Borong,25,4,7,2025-05,True
1555,Foodcourt,0,0,0,2025-05,False
1555,Hypermarket,2748,29,117,2025-05,True
1555,Kedai Runcit,207,5,56,2025-05,True
1555,Kedai Serbaneka,0,0,0,2025-05,False
1555,Medan Selera,0,0,0,2025-05,False
1555,Pasar Basah,5589,29,243,2025-05,True
1555,Pasar Mini,506,29,94,2025-05,True
1555,Pasar Raya / Supermarket,8344,29,380,2025-05,True
1555,Restoran Cina,0,0,0,2025-05,False
1555,Restoran India Muslim,0,0,0,2025-05,False
1555,Restoran Melayu,0,0,0,2025-05,False
193,Borong,0,0,0,2025-05,False
193,Foodcourt,0,0,0,2025-05,False
193,Hypermarket,497,5,114,2025-05,True
193,Kedai Runcit,418,5,94,2025-05,True
193,Kedai Serbaneka,0,0,0,2025-05,False
193,Medan Selera,0,0,0,2025-05,False
193,Pasar Basah,314,8,71,2025-05,True
193,Pasar Mini,744,5,162,2025-05,True
193,Pasar Raya / Supermarket,1459,5,341,2025-05,True
193,Restoran Cina,0,0,0,2025-05,False
193,Restoran India Muslim,0,0,0,2025-05,False
193,Restoran Melayu,0,0,0,2025-05,False
1,Borong,26,4,8,2025-06,True
1,Foodcourt,0,0,0,2025-06,False
1,Hypermarket,2585,26,107,2025-06,True
1,Kedai Runcit,275,24,69,2025-06,True
1,Kedai Serbaneka,0,0,0,2025-06,False
1,Medan Selera,0,0,0,2025-06,False
1,Pasar Basah,5832,27,245,2025-06,True
1,Pasar Mini,611,26,125,2025-06,True
1,Pasar Raya / Supermarket,9360,26,380,2025-06,True
1,Restoran Cina,0,0,0,2025-06,False
1,Restoran India Muslim,0,0,0,2025-06,False
1,Restoran Melayu,0,0,0,2025-06,False
1111,Borong,0,0,0,2025-06,False
1111,Foodcourt,0,0,0,2025-06,False
1111,Hypermarket,2231,26,106,2025-06,True
1111,Kedai Runcit,288,24,93,2025-06,True
1111,Kedai Serbaneka,0,0,0,2025-06,False
1111,Medan Selera,0,0,0,2025-06,False
1111,Pasar Basah,2248,26,121,2025-06,True
1111,Pasar Mini,612,26,188,2025-06,True
1111,Pasar Raya / Supermarket,7433,26,376,2025-06,True
1111,Restoran Cina,0,0,0,2025-06,False
1111,Restoran India Muslim,0,0,0,2025-06,False
1111,Restoran Melayu,0,0,0,2025-06,False
904,Borong,0,0,0,2025-06,False
904,Foodcourt,0,0,0,2025-06,False
904,Hypermarket,1867,26,82,2025-06,True
904,Kedai Runcit,85,5,25,2025-06,True
904,Kedai Serbaneka,0,0,0,2025-06,False
904,Medan Selera,0,0,0,2025-06,False
904,Pasar Basah,3,3,1,2025-06,True
904,Pasar Mini,283,26,62,2025-06,True
904,Pasar Raya / Supermarket,4097,26,205,2025-06,True
904,Restoran Cina,0,0,0,2025-06,False
904,Restoran India Muslim,0,0,0,2025-06,False
904,Restoran Melayu,0,0,0,2025-06,False
918,Borong,0,0,0,2025-06,False
918,Foodcourt,0,0,0,2025-06,False
918,Hypermarket,121,5,45,2025-06,True
918,Kedai Runcit,423,5,152,2025-06,True
918,Kedai Serbaneka,0,0,0,2025-06,False
918,Medan Selera,0,0,0,2025-06,False
918,Pasar Basah,174,10,57,2025-06,True
918,Pasar Mini,401,5,154,2025-06,True
918,Pasar Raya / Supermarket,585,5,225,2025-06,True
918,Restoran Cina,0,0,0,2025-06,False
918,Restoran India Muslim,0,0,0,2025-06,False
918,Restoran Melayu,0,0,0,2025-06,False
1589,Borong,0,0,0,2025-06,False
1589,Foodcourt,0,0,0,2025-06,False
1589,Hypermarket,502,5,133,2025-06,True
1589,Kedai Runcit,979,5,268,2025-06,True
1589,Kedai Serbaneka,0,0,0,2025-06,False
1589,Medan Selera,0,0,0,2025-06,False
1589,Pasar Basah,524,10,140,2025-06,True
1589,Pasar Mini,1315,5,357,2025-06,True
1589,Pasar Raya / Supermarket,1984,5,522,2025-06,True
1589,Restoran Cina,0,0,0,2025-06,False
1589,Restoran India Muslim,0,0,0,2025-06,False
1589,Restoran Melayu,0,0,0,2025-06,False
917,Borong,0,0,0,2025-06,False
917,Foodcourt,0,0,0,2025-06,False
917,Hypermarket,407,5,126,2025-06,True
917,Kedai Runcit,758,5,207,2025-06,True
917,Kedai Serbaneka,0,0,0,2025-06,False
917,Medan Selera,0,0,0,2025-06,False
917,Pasar Basah,565,10,151,2025-06,True
917,Pasar Mini,1029,5,299,2025-06,True
917,Pasar Raya / Supermarket,1756,5,475,2025-06,True
917,Restoran Cina,0,0,0,2025-06,False
917,Restoran India Muslim,0,0,0,2025-06,False
917,Restoran Melayu,0,0,0,2025-06,False
129,Borong,0,0,0,2025-06,False
129,Foodcourt,0,0,0,2025-06,False
129,Hypermarket,3299,26,137,2025-06,True
129,Kedai Runcit,888,24,231,2025-06,True
129,Kedai Serbaneka,0,0,0,2025-06,False
129,Medan Selera,0,0,0,2025-06,False
129,Pasar Basah,6608,27,285,2025-06,True
129,Pasar Mini,1155,26,272,2025-06,True
129,Pasar Raya / Supermarket,12774,26,524,2025-06,True
129,Restoran Cina,0,0,0,2025-06,False
129,Restoran India Muslim,0,0,0,2025-06,False
129,Restoran Melayu,0,0,0,2025-06,False
1564,Borong,20,4,6,2025-06,True
1564,Foodcourt,0,0,0,2025-06,False
1564,Hypermarket,3375,26,138,2025-06,True
1564,Kedai Runcit,764,24,199,2025-06,True
1564,Kedai Serbaneka,0,0,0,2025-06,False
1564,Medan Selera,0,0,0,2025-06,False
1564,Pasar Basah,6115,27,261,2025-06,True
1564,Pasar Mini,1145,26,273,2025-06,True
1564,Pasar Raya / Supermarket,12569,26,512,2025-06,True
1564,Restoran Cina,0,0,0,2025-06,False
1564,Restoran India Muslim,0,0,0,2025-06,False
1564,Restoran Melayu,0,0,0,2025-06,False
1131,Borong,21,4,6,2025-06,True
1131,Foodcourt,0,0,0,2025-06,False
1131,Hypermarket,2923,26,132,2025-06,True
1131,Kedai Runcit,769,26,197,2025-06,True
1131,Kedai Serbaneka,0,0,0,2025-06,False
1131,Medan Selera,0,0,0,2025-06,False
1131,Pasar Basah,5791,27,252,2025-06,True
1131,Pasar Mini,1051,26,256,2025-06,True
1131,Pasar Raya / Supermarket,10825,26,467,2025-06,True
1131,Restoran Cina,0,0,0,2025-06,False
1131,Restoran India Muslim,0,0,0,2025-06,False
1131,Restoran Melayu,0,0,0,2025-06,False
94,Borong,18,4,7,2025-06,True
94,Foodcourt,0,0,0,2025-06,False
94,Hypermarket,2086,26,106,2025-06,True
94,Kedai Runcit,231,21,67,2025-06,True
94,Kedai Serbaneka,0,0,0,2025-06,False
94,Medan Selera,0,0,0,2025-06,False
94,Pasar Basah,2925,27,165,2025-06,True
94,Pasar Mini,439,26,111,2025-06,True
94,Pasar Raya / Supermarket,8758,26,408,2025-06,True
94,Restoran Cina,0,0,0,2025-06,False
94,Restoran India Muslim,0,0,0,2025-06,False
94,Restoran Melayu,0,0,0,2025-06,False
114,Borong,34,4,10,2025-06,True
114,Foodcourt,0,0,0,2025-06,False
114,Hypermarket,3198,26,137,2025-06,True
114,Kedai Runcit,451,24,122,2025-06,True
114,Kedai Serbaneka,0,0,0,2025-06,False
114,Medan Selera,0,0,0,2025-06,False
114,Pasar Basah,6981,27,296,2025-06,True
114,Pasar Mini,897,26,208,2025-06,True
114,Pasar Raya / Supermarket,12445,26,519,2025-06,True
114,Restoran Cina,0,0,0,2025-06,False
114,Restoran India Muslim,0,0,0,2025-06,False
114,Restoran Melayu,0,0,0,2025-06,False
103,Borong,10,4,4,2025-06,True
103,Foodcourt,0,0,0,2025-06,False
103,Hypermarket,627,26,35,2025-06,True
103,Kedai Runcit,18,4,6,2025-06,True
103,Kedai Serbaneka,0,0,0,2025-06,False
103,Medan Selera,0,0,0,2025-06,False
103,Pasar Basah,2799,26,123,2025-06,True
103,Pasar Mini,55,23,11,2025-06,True
103,Pasar Raya / Supermarket,2957,26,139,2025-06,True
103,Restoran Cina,0,0,0,2025-06,False
103,Restoran India Muslim,0,0,0,2025-06,False
103,Restoran Melayu,0,0,0,2025-06,False
1431,Borong,5,4,2,2025-06,True
1431,Foodcourt,0,0,0,2025-06,False
1431,Hypermarket,14,10,3,2025-06,True
1431,Kedai Runcit,0,0,0,2025-06,False
1431,Kedai Serbaneka,0,0,0,2025-06,False
1431,Medan Selera,0,0,0,2025-06,False
1431,Pasar Basah,2194,26,137,2025-06,True
1431,Pasar Mini,0,0,0,2025-06,False
1431,Pasar Raya / Supermarket,88,26,10,2025-06,True
1431,Restoran Cina,0,0,0,2025-06,False
1431,Restoran India Muslim,0,0,0,2025-06,False
1431,Restoran Melayu,0,0,0,2025-06,False
1555,Borong,22,4,7,2025-06,True
1555,Foodcourt,0,0,0,2025-06,False
1555,Hypermarket,2376,26,117,2025-06,True
1555,Kedai Runcit,158,5,56,2025-06,True
1555,Kedai Serbaneka,0,0,0,2025-06,False
1555,Medan Selera,0,0,0,2025-06,False
1555,Pasar Basah,4852,26,251,2025-06,True
1555,Pasar Mini,419,26,97,2025-06,True
1555,Pasar Raya / Supermarket,7550,26,388,2025-06,True
1555,Restoran Cina,0,0,0,2025-06,False
1555,Restoran India Muslim,0,0,0,2025-06,False
1555,Restoran Melayu,0,0,0,2025-06,False
193,Borong,0,0,0,2025-06,False
193,Foodcourt,0,0,0,2025-06,False
193,Hypermarket,403,5,110,2025-06,True
193,Kedai Runcit,326,5,91,2025-06,True
193,Kedai Serbaneka,0,0,0,2025-06,False
193,Medan Selera,0,0,0,2025-06,False
193,Pasar Basah,233,8,65,2025-06,True
193,Pasar Mini,602,5,163,2025-06,True
193,Pasar Raya / Supermarket,1242,5,336,2025-06,True
193,Restoran Cina,0,0,0,2025-06,False
193,Restoran India Muslim,0,0,0,2025-06,False
193,Restoran Melayu,0,0,0,2025-06,False
1,Borong,24,6,9,2025-07,True
1,Foodcourt,0,0,0,2025-07,False
1,Hypermarket,3179,30,116,2025-07,True
1,Kedai Runcit,356,30,102,2025-07,True
1,Kedai Serbaneka,0,0,0,2025-07,False
1,Medan Selera,0,0,0,2025-07,False
1,Pasar Basah,7038,30,256,2025-07,True
1,Pasar Mini,921,30,245,2025-07,True
1,Pasar Raya / Supermarket,12352,30,511,2025-07,True
1,Restoran Cina,0,0,0,2025-07,False
1,Restoran India Muslim,0,0,0,2025-07,False
1,Restoran Melayu,0,0,0,2025-07,False
1111,Borong,0,0,0,2025-07,False
1111,Foodcourt,0,0,0,2025-07,False
1111,Hypermarket,2704,30,112,2025-07,True
1111,Kedai Runcit,373,29,134,2025-07,True
1111,Kedai Serbaneka,0,0,0,2025-07,False
1111,Medan Selera,0,0,0,2025-07,False
1111,Pasar Basah,2788,30,126,2025-07,True
1111,Pasar Mini,939,30,342,2025-07,True
1111,Pasar Raya / Supermarket,9882,30,501,2025-07,True
1111,Restoran Cina,0,0,0,2025-07,False
1111,Restoran India Muslim,0,0,0,2025-07,False
1111,Restoran Melayu,0,0,0,2025-07,False
904,Borong,0,0,0,2025-07,False
904,Foodcourt,0,0,0,2025-07,False
904,Hypermarket,1721,28,85,2025-07,True
904,Kedai Runcit,79,5,25,2025-07,True
904,Kedai Serbaneka,0,0,0,2025-07,False
904,Medan Selera,0,0,0,2025-07,False
904,Pasar Basah,5,4,2,2025-07,True
904,Pasar Mini,361,25,109,2025-07,True
904,Pasar Raya / Supermarket,4188,30,273,2025-07,True
904,Restoran Cina,0,0,0,2025-07,False
904,Restoran India Muslim,0,0,0,2025-07,False
904,Restoran Melayu,0,0,0,2025-07,False
918,Borong,0,0,0,2025-07,False
918,Foodcourt,0,0,0,2025-07,False
918,Hypermarket,136,5,51,2025-07,True
918,Kedai Runcit,505,5,191,2025-07,True
918,Kedai Serbaneka,0,0,0,2025-07,False
918,Medan Selera,0,0,0,2025-07,False
918,Pasar Basah,190,10,65,2025-07,True
918,Pasar Mini,560,5,245,2025-07,True
918,Pasar Raya / Supermarket,714,5,306,2025-07,True
918,Restoran Cina,0,0,0,2025-07,False
918,Restoran India Muslim,0,0,0,2025-07,False
918,Restoran Melayu,0,0,0,2025-07,False
1589,Borong,0,0,0,2025-07,False
1589,Foodcourt,0,0,0,2025-07,False
1589,Hypermarket,531,5,149,2025-07,True
1589,Kedai Runcit,1158,5,386,2025-07,True
1589,Kedai Serbaneka,0,0,0,2025-07,False
1589,Medan Selera,0,0,0,2025-07,False
1589,Pasar Basah,540,10,148,2025-07,True
1589,Pasar Mini,1834,5,649,2025-07,True
1589,Pasar Raya / Supermarket,2317,5,723,2025-07,True
1589,Restoran Cina,0,0,0,2025-07,False
1589,Restoran India Muslim,0,0,0,2025-07,False
1589,Restoran Melayu,0,0,0,2025-07,False
917,Borong,0,0,0,2025-07,False
917,Foodcourt,0,0,0,2025-07,False
917,Hypermarket,475,5,139,2025-07,True
917,Kedai Runcit,898,5,297,2025-07,True
917,Kedai Serbaneka,0,0,0,2025-07,False
917,Medan Selera,0,0,0,2025-07,False
917,Pasar Basah,584,10,166,2025-07,True
917,Pasar Mini,1474,5,547,2025-07,True
917,Pasar Raya / Supermarket,2010,5,627,2025-07,True
917,Restoran Cina,0,0,0,2025-07,False
917,Restoran India Muslim,0,0,0,2025-07,False
917,Restoran Melayu,0,0,0,2025-07,False
129,Borong,1,1,1,2025-07,True
129,Foodcourt,0,0,0,2025-07,False
129,Hypermarket,4075,30,150,2025-07,True
129,Kedai Runcit,1113,30,353,2025-07,True
129,Kedai Serbaneka,0,0,0,2025-07,False
129,Medan Selera,0,0,0,2025-07,False
129,Pasar Basah,8053,30,301,2025-07,True
129,Pasar Mini,1740,30,491,2025-07,True
129,Pasar Raya / Supermarket,17359,30,730,2025-07,True
129,Restoran Cina,0,0,0,2025-07,False
129,Restoran India Muslim,0,0,0,2025-07,False
129,Restoran Melayu,0,0,0,2025-07,False
1564,Borong,15,4,6,2025-07,True
1564,Foodcourt,0,0,0,2025-07,False
1564,Hypermarket,4152,30,152,2025-07,True
1564,Kedai Runcit,976,30,309,2025-07,True
1564,Kedai Serbaneka,0,0,0,2025-07,False
1564,Medan Selera,0,0,0,2025-07,False
1564,Pasar Basah,7394,30,277,2025-07,True
1564,Pasar Mini,1728,30,493,2025-07,True
1564,Pasar Raya / Supermarket,16976,30,720,2025-07,True
1564,Restoran Cina,0,0,0,2025-07,False
1564,Restoran India Muslim,0,0,0,2025-07,False
1564,Restoran Melayu,0,0,0,2025-07,False
1131,Borong,16,4,6,2025-07,True
1131,Foodcourt,0,0,0,2025-07,False
1131,Hypermarket,3756,30,146,2025-07,True
1131,Kedai Runcit,940,30,285,2025-07,True
1131,Kedai Serbaneka,0,0,0,2025-07,False
1131,Medan Selera,0,0,0,2025-07,False
1131,Pasar Basah,6988,30,272,2025-07,True
1131,Pasar Mini,1619,30,466,2025-07,True
1131,Pasar Raya / Supermarket,15043,30,676,2025-07,True
1131,Restoran Cina,0,0,0,2025-07,False
1131,Restoran India Muslim,0,0,0,2025-07,False
1131,Restoran Melayu,0,0,0,2025-07,False
94,Borong,18,6,8,2025-07,True
94,Foodcourt,0,0,0,2025-07,False
94,Hypermarket,2788,30,117,2025-07,True
94,Kedai Runcit,333,30,106,2025-07,True
94,Kedai Serbaneka,0,0,0,2025-07,False
94,Medan Selera,0,0,0,2025-07,False
94,Pasar Basah,3914,30,199,2025-07,True
94,Pasar Mini,740,30,212,2025-07,True
94,Pasar Raya / Supermarket,12337,30,569,2025-07,True
94,Restoran Cina,0,0,0,2025-07,False
94,Restoran India Muslim,0,0,0,2025-07,False
94,Restoran Melayu,0,0,0,2025-07,False
114,Borong,29,6,10,2025-07,True
114,Foodcourt,0,0,0,2025-07,False
114,Hypermarket,3937,30,151,2025-07,True
114,Kedai Runcit,589,27,184,2025-07,True
114,Kedai Serbaneka,0,0,0,2025-07,False
114,Medan Selera,0,0,0,2025-07,False
114,Pasar Basah,8489,30,313,2025-07,True
114,Pasar Mini,1372,30,379,2025-07,True
114,Pasar Raya / Supermarket,16694,30,717,2025-07,True
114,Restoran Cina,0,0,0,2025-07,False
114,Restoran India Muslim,0,0,0,2025-07,False
114,Restoran Melayu,0,0,0,2025-07,False
103,Borong,6,3,3,2025-07,True
103,Foodcourt,0,0,0,2025-07,False
103,Hypermarket,552,19,42,2025-07,True
103,Kedai Runcit,29,4,9,2025-07,True
103,Kedai Serbaneka,0,0,0,2025-07,False
103,Medan Selera,0,0,0,2025-07,False
103,Pasar Basah,2094,21,124,2025-07,True
103,Pasar Mini,78,19,26,2025-07,True
103,Pasar Raya / Supermarket,2362,19,173,2025-07,True
103,Restoran Cina,0,0,0,2025-07,False
103,Restoran India Muslim,0,0,0,2025-07,False
103,Restoran Melayu,0,0,0,2025-07,False
1431,Borong,4,3,2,2025-07,True
1431,Foodcourt,0,0,0,2025-07,False
1431,Hypermarket,40,18,6,2025-07,True
1431,Kedai Runcit,0,0,0,2025-07,False
1431,Kedai Serbaneka,0,0,0,2025-07,False
1431,Medan Selera,0,0,0,2025-07,False
1431,Pasar Basah,1982,21,135,2025-07,True
1431,Pasar Mini,0,0,0,2025-07,False
1431,Pasar Raya / Supermarket,67,19,7,2025-07,True
1431,Restoran Cina,0,0,0,2025-07,False
1431,Restoran India Muslim,0,0,0,2025-07,False
1431,Restoran Melayu,0,0,0,2025-07,False
1555,Borong,17,4,8,2025-07,True
1555,Foodcourt,0,0,0,2025-07,False
1555,Hypermarket,3033,30,133,2025-07,True
1555,Kedai Runcit,192,16,77,2025-07,True
1555,Kedai Serbaneka,0,0,0,2025-07,False
1555,Medan Selera,0,0,0,2025-07,False
1555,Pasar Basah,6063,30,267,2025-07,True
1555,Pasar Mini,650,30,185,2025-07,True
1555,Pasar Raya / Supermarket,10234,30,521,2025-07,True
1555,Restoran Cina,0,0,0,2025-07,False
1555,Restoran India Muslim,0,0,0,2025-07,False
1555,Restoran Melayu,0,0,0,2025-07,False
193,Borong,0,0,0,2025-07,False
193,Foodcourt,0,0,0,2025-07,False
193,Hypermarket,434,5,126,2025-07,True
193,Kedai Runcit,361,5,117,2025-07,True
193,Kedai Serbaneka,0,0,0,2025-07,False
193,Medan Selera,0,0,0,2025-07,False
193,Pasar Basah,247,8,68,2025-07,True
193,Pasar Mini,742,5,245,2025-07,True
193,Pasar Raya / Supermarket,1449,5,461,2025-07,True
193,Restoran Cina,0,0,0,2025-07,False
193,Restoran India Muslim,0,0,0,2025-07,False
193,Restoran Melayu,0,0,0,2025-07,False
1,Borong,2,2,1,2025-08,True
1,Foodcourt,0,0,0,2025-08,False
1,Hypermarket,3340,30,114,2025-08,True
1,Kedai Runcit,463,30,86,2025-08,True
1,Kedai Serbaneka,0,0,0,2025-08,False
1,Medan Selera,0,0,0,2025-08,False
1,Pasar Basah,7157,30,252,2025-08,True
1,Pasar Mini,1380,30,236,2025-08,True
1,Pasar Raya / Supermarket,13565,30,470,2025-08,True
1,Restoran Cina,0,0,0,2025-08,False
1,Restoran India Muslim,0,0,0,2025-08,False
1,Restoran Melayu,0,0,0,2025-08,False
1111,Borong,0,0,0,2025-08,False
1111,Foodcourt,0,0,0,2025-08,False
1111,Hypermarket,2866,30,116,2025-08,True
1111,Kedai Runcit,563,30,145,2025-08,True
1111,Kedai Serbaneka,0,0,0,2025-08,False
1111,Medan Selera,0,0,0,2025-08,False
1111,Pasar Basah,2835,30,139,2025-08,True
1111,Pasar Mini,1339,30,361,2025-08,True
1111,Pasar Raya / Supermarket,10366,30,464,2025-08,True
1111,Restoran Cina,0,0,0,2025-08,False
1111,Restoran India Muslim,0,0,0,2025-08,False
1111,Restoran Melayu,0,0,0,2025-08,False
904,Borong,0,0,0,2025-08,False
904,Foodcourt,0,0,0,2025-08,False
904,Hypermarket,384,16,81,2025-08,True
904,Kedai Runcit,118,6,27,2025-08,True
904,Kedai Serbaneka,0,0,0,2025-08,False
904,Medan Selera,0,0,0,2025-08,False
904,Pasar Basah,8,5,2,2025-08,True
904,Pasar Mini,499,7,119,2025-08,True
904,Pasar Raya / Supermarket,1015,12,231,2025-08,True
904,Restoran Cina,0,0,0,2025-08,False
904,Restoran India Muslim,0,0,0,2025-08,False
904,Restoran Melayu,0,0,0,2025-08,False
918,Borong,0,0,0,2025-08,False
918,Foodcourt,0,0,0,2025-08,False
918,Hypermarket,164,5,59,2025-08,True
918,Kedai Runcit,671,6,187,2025-08,True
918,Kedai Serbaneka,0,0,0,2025-08,False
918,Medan Selera,0,0,0,2025-08,False
918,Pasar Basah,250,11,72,2025-08,True
918,Pasar Mini,822,6,268,2025-08,True
918,Pasar Raya / Supermarket,1001,6,318,2025-08,True
918,Restoran Cina,0,0,0,2025-08,False
918,Restoran India Muslim,0,0,0,2025-08,False
918,Restoran Melayu,0,0,0,2025-08,False
1589,Borong,0,0,0,2025-08,False
1589,Foodcourt,0,0,0,2025-08,False
1589,Hypermarket,704,6,145,2025-08,True
1589,Kedai Runcit,1523,6,331,2025-08,True
1589,Kedai Serbaneka,0,0,0,2025-08,False
1589,Medan Selera,0,0,0,2025-08,False
1589,Pasar Basah,746,12,167,2025-08,True
1589,Pasar Mini,2894,6,622,2025-08,True
1589,Pasar Raya / Supermarket,3155,6,673,2025-08,True
1589,Restoran Cina,0,0,0,2025-08,False
1589,Restoran India Muslim,0,0,0,2025-08,False
1589,Restoran Melayu,0,0,0,2025-08,False
917,Borong,0,0,0,2025-08,False
917,Foodcourt,0,0,0,2025-08,False
917,Hypermarket,612,6,140,2025-08,True
917,Kedai Runcit,1223,6,263,2025-08,True
917,Kedai Serbaneka,0,0,0,2025-08,False
917,Medan Selera,0,0,0,2025-08,False
917,Pasar Basah,779,12,179,2025-08,True
917,Pasar Mini,2335,6,541,2025-08,True
917,Pasar Raya / Supermarket,2686,6,591,2025-08,True
917,Restoran Cina,0,0,0,2025-08,False
917,Restoran India Muslim,0,0,0,2025-08,False
917,Restoran Melayu,0,0,0,2025-08,False
129,Borong,0,0,0,2025-08,False
129,Foodcourt,0,0,0,2025-08,False
129,Hypermarket,4346,30,150,2025-08,True
129,Kedai Runcit,1510,30,303,2025-08,True
129,Kedai Serbaneka,0,0,0,2025-08,False
129,Medan Selera,0,0,0,2025-08,False
129,Pasar Basah,8366,30,294,2025-08,True
129,Pasar Mini,2771,30,504,2025-08,True
129,Pasar Raya / Supermarket,19011,31,668,2025-08,True
129,Restoran Cina,0,0,0,2025-08,False
129,Restoran India Muslim,0,0,0,2025-08,False
129,Restoran Melayu,0,0,0,2025-08,False
1564,Borong,2,2,1,2025-08,True
1564,Foodcourt,0,0,0,2025-08,False
1564,Hypermarket,4418,30,150,2025-08,True
1564,Kedai Runcit,1303,30,262,2025-08,True
1564,Kedai Serbaneka,0,0,0,2025-08,False
1564,Medan Selera,0,0,0,2025-08,False
1564,Pasar Basah,7747,30,276,2025-08,True
1564,Pasar Mini,2725,30,497,2025-08,True
1564,Pasar Raya / Supermarket,18592,31,654,2025-08,True
1564,Restoran Cina,0,0,0,2025-08,False
1564,Restoran India Muslim,0,0,0,2025-08,False
1564,Restoran Melayu,0,0,0,2025-08,False
1131,Borong,0,0,0,2025-08,False
1131,Foodcourt,0,0,0,2025-08,False
1131,Hypermarket,4055,30,145,2025-08,True
1131,Kedai Runcit,1270,30,253,2025-08,True
1131,Kedai Serbaneka,0,0,0,2025-08,False
1131,Medan Selera,0,0,0,2025-08,False
1131,Pasar Basah,7124,30,261,2025-08,True
1131,Pasar Mini,2404,30,459,2025-08,True
1131,Pasar Raya / Supermarket,16538,31,609,2025-08,True
1131,Restoran Cina,0,0,0,2025-08,False
1131,Restoran India Muslim,0,0,0,2025-08,False
1131,Restoran Melayu,0,0,0,2025-08,False
94,Borong,2,2,1,2025-08,True
94,Foodcourt,0,0,0,2025-08,False
94,Hypermarket,2993,30,119,2025-08,True
94,Kedai Runcit,429,30,91,2025-08,True
94,Kedai Serbaneka,0,0,0,2025-08,False
94,Medan Selera,0,0,0,2025-08,False
94,Pasar Basah,4543,30,207,2025-08,True
94,Pasar Mini,1233,30,227,2025-08,True
94,Pasar Raya / Supermarket,13698,30,520,2025-08,True
94,Restoran Cina,0,0,0,2025-08,False
94,Restoran India Muslim,0,0,0,2025-08,False
94,Restoran Melayu,0,0,0,2025-08,False
114,Borong,2,2,1,2025-08,True
114,Foodcourt,0,0,0,2025-08,False
114,Hypermarket,4187,30,149,2025-08,True
114,Kedai Runcit,786,30,163,2025-08,True
114,Kedai Serbaneka,0,0,0,2025-08,False
114,Medan Selera,0,0,0,2025-08,False
114,Pasar Basah,8654,30,307,2025-08,True
114,Pasar Mini,2166,30,378,2025-08,True
114,Pasar Raya / Supermarket,18417,30,657,2025-08,True
114,Restoran Cina,0,0,0,2025-08,False
114,Restoran India Muslim,0,0,0,2025-08,False
114,Restoran Melayu,0,0,0,2025-08,False
103,Borong,0,0,0,2025-08,False
103,Foodcourt,0,0,0,2025-08,False
103,Hypermarket,138,5,39,2025-08,True
103,Kedai Runcit,38,5,9,2025-08,True
103,Kedai Serbaneka,0,0,0,2025-08,False
103,Medan Selera,0,0,0,2025-08,False
103,Pasar Basah,508,9,116,2025-08,True
103,Pasar Mini,124,6,31,2025-08,True
103,Pasar Raya / Supermarket,680,6,166,2025-08,True
103,Restoran Cina,0,0,0,2025-08,False
103,Restoran India Muslim,0,0,0,2025-08,False
103,Restoran Melayu,0,0,0,2025-08,False
1431,Borong,0,0,0,2025-08,False
1431,Foodcourt,0,0,0,2025-08,False
1431,Hypermarket,4,3,2,2025-08,True
1431,Kedai Runcit,0,0,0,2025-08,False
1431,Kedai Serbaneka,0,0,0,2025-08,False
1431,Medan Selera,0,0,0,2025-08,False
1431,Pasar Basah,492,12,120,2025-08,True
1431,Pasar Mini,2,2,1,2025-08,True
1431,Pasar Raya / Supermarket,11,6,3,2025-08,True
1431,Restoran Cina,0,0,0,2025-08,False
1431,Restoran India Muslim,0,0,0,2025-08,False
1431,Restoran Melayu,0,0,0,2025-08,False
1555,Borong,0,0,0,2025-08,False
1555,Foodcourt,0,0,0,2025-08,False
1555,Hypermarket,3317,30,129,2025-08,True
1555,Kedai Runcit,274,30,68,2025-08,True
1555,Kedai Serbaneka,0,0,0,2025-08,False
1555,Medan Selera,0,0,0,2025-08,False
1555,Pasar Basah,6136,30,268,2025-08,True
1555,Pasar Mini,1042,30,202,2025-08,True
1555,Pasar Raya / Supermarket,11362,30,498,2025-08,True
1555,Restoran Cina,0,0,0,2025-08,False
1555,Restoran India Muslim,0,0,0,2025-08,False
1555,Restoran Melayu,0,0,0,2025-08,False
193,Borong,0,0,0,2025-08,False
193,Foodcourt,0,0,0,2025-08,False
193,Hypermarket,571,6,124,2025-08,True
193,Kedai Runcit,488,5,106,2025-08,True
193,Kedai Serbaneka,0,0,0,2025-08,False
193,Medan Selera,0,0,0,2025-08,False
193,Pasar Basah,306,5,69,2025-08,True
193,Pasar Mini,1137,6,247,2025-08,True
193,Pasar Raya / Supermarket,1985,6,429,2025-08,True
193,Restoran Cina,0,0,0,2025-08,False
193,Restoran India Muslim,0,0,0,2025-08,False
193,Restoran Melayu,0,0,0,2025-08,False
1,Borong,3,3,1,2025-09,True
1,Foodcourt,0,0,0,2025-09,False
1,Hypermarket,2878,27,114,2025-09,True
1,Kedai Runcit,377,27,86,2025-09,True
1,Kedai Serbaneka,0,0,0,2025-09,False
1,Medan Selera,0,0,0,2025-09,False
1,Pasar Basah,6226,27,251,2025-09,True
1,Pasar Mini,1091,27,230,2025-09,True
1,Pasar Raya / Supermarket,11741,27,471,2025-09,True
1,Restoran Cina,0,0,0,2025-09,False
1,Restoran India Muslim,0,0,0,2025-09,False
1,Restoran Melayu,0,0,0,2025-09,False
1111,Borong,0,0,0,2025-09,False
1111,Foodcourt,0,0,0,2025-09,False
1111,Hypermarket,2137,27,113,2025-09,True
1111,Kedai Runcit,441,27,134,2025-09,True
1111,Kedai Serbaneka,0,0,0,2025-09,False
1111,Medan Selera,0,0,0,2025-09,False
1111,Pasar Basah,2349,27,138,2025-09,True
1111,Pasar Mini,922,27,316,2025-09,True
1111,Pasar Raya / Supermarket,8177,27,468,2025-09,True
1111,Restoran Cina,0,0,0,2025-09,False
1111,Restoran India Muslim,0,0,0,2025-09,False
1111,Restoran Melayu,0,0,0,2025-09,False
904,Borong,0,0,0,2025-09,False
904,Foodcourt,0,0,0,2025-09,False
904,Hypermarket,248,6,78,2025-09,True
904,Kedai Runcit,90,4,27,2025-09,True
904,Kedai Serbaneka,0,0,0,2025-09,False
904,Medan Selera,0,0,0,2025-09,False
904,Pasar Basah,10,4,3,2025-09,True
904,Pasar Mini,375,5,114,2025-09,True
904,Pasar Raya / Supermarket,753,8,227,2025-09,True
904,Restoran Cina,0,0,0,2025-09,False
904,Restoran India Muslim,0,0,0,2025-09,False
904,Restoran Melayu,0,0,0,2025-09,False
918,Borong,0,0,0,2025-09,False
918,Foodcourt,0,0,0,2025-09,False
918,Hypermarket,146,5,60,2025-09,True
918,Kedai Runcit,465,5,162,2025-09,True
918,Kedai Serbaneka,0,0,0,2025-09,False
918,Medan Selera,0,0,0,2025-09,False
918,Pasar Basah,190,8,61,2025-09,True
918,Pasar Mini,606,5,231,2025-09,True
918,Pasar Raya / Supermarket,794,5,281,2025-09,True
918,Restoran Cina,0,0,0,2025-09,False
918,Restoran India Muslim,0,0,0,2025-09,False
918,Restoran Melayu,0,0,0,2025-09,False
1589,Borong,0,0,0,2025-09,False
1589,Foodcourt,0,0,0,2025-09,False
1589,Hypermarket,542,5,141,2025-09,True
1589,Kedai Runcit,1205,5,325,2025-09,True
1589,Kedai Serbaneka,0,0,0,2025-09,False
1589,Medan Selera,0,0,0,2025-09,False
1589,Pasar Basah,609,11,167,2025-09,True
1589,Pasar Mini,2262,5,615,2025-09,True
1589,Pasar Raya / Supermarket,2473,5,654,2025-09,True
1589,Restoran Cina,0,0,0,2025-09,False
1589,Restoran India Muslim,0,0,0,2025-09,False
1589,Restoran Melayu,0,0,0,2025-09,False
917,Borong,0,0,0,2025-09,False
917,Foodcourt,0,0,0,2025-09,False
917,Hypermarket,468,5,136,2025-09,True
917,Kedai Runcit,974,5,260,2025-09,True
917,Kedai Serbaneka,0,0,0,2025-09,False
917,Medan Selera,0,0,0,2025-09,False
917,Pasar Basah,616,10,174,2025-09,True
917,Pasar Mini,1752,5,509,2025-09,True
917,Pasar Raya / Supermarket,2087,5,578,2025-09,True
917,Restoran Cina,0,0,0,2025-09,False
917,Restoran India Muslim,0,0,0,2025-09,False
917,Restoran Melayu,0,0,0,2025-09,False
129,Borong,0,0,0,2025-09,False
129,Foodcourt,0,0,0,2025-09,False
129,Hypermarket,3729,27,149,2025-09,True
129,Kedai Runcit,1221,27,295,2025-09,True
129,Kedai Serbaneka,0,0,0,2025-09,False
129,Medan Selera,0,0,0,2025-09,False
129,Pasar Basah,7259,27,295,2025-09,True
129,Pasar Mini,2223,27,480,2025-09,True
129,Pasar Raya / Supermarket,16248,28,655,2025-09,True
129,Restoran Cina,0,0,0,2025-09,False
129,Restoran India Muslim,0,0,0,2025-09,False
129,Restoran Melayu,0,0,0,2025-09,False
1564,Borong,3,3,1,2025-09,True
1564,Foodcourt,0,0,0,2025-09,False
1564,Hypermarket,3789,27,150,2025-09,True
1564,Kedai Runcit,1054,27,253,2025-09,True
1564,Kedai Serbaneka,0,0,0,2025-09,False
1564,Medan Selera,0,0,0,2025-09,False
1564,Pasar Basah,6772,27,278,2025-09,True
1564,Pasar Mini,2160,27,470,2025-09,True
1564,Pasar Raya / Supermarket,15913,28,644,2025-09,True
1564,Restoran Cina,0,0,0,2025-09,False
1564,Restoran India Muslim,0,0,0,2025-09,False
1564,Restoran Melayu,0,0,0,2025-09,False
1131,Borong,0,0,0,2025-09,False
1131,Foodcourt,0,0,0,2025-09,False
1131,Hypermarket,3572,27,146,2025-09,True
1131,Kedai Runcit,1002,27,240,2025-09,True
1131,Kedai Serbaneka,0,0,0,2025-09,False
1131,Medan Selera,0,0,0,2025-09,False
1131,Pasar Basah,6304,27,262,2025-09,True
1131,Pasar Mini,1943,27,436,2025-09,True
1131,Pasar Raya / Supermarket,14233,28,597,2025-09,True
1131,Restoran Cina,0,0,0,2025-09,False
1131,Restoran India Muslim,0,0,0,2025-09,False
1131,Restoran Melayu,0,0,0,2025-09,False
94,Borong,3,3,1,2025-09,True
94,Foodcourt,0,0,0,2025-09,False
94,Hypermarket,2729,27,120,2025-09,True
94,Kedai Runcit,361,27,88,2025-09,True
94,Kedai Serbaneka,0,0,0,2025-09,False
94,Medan Selera,0,0,0,2025-09,False
94,Pasar Basah,3820,27,199,2025-09,True
94,Pasar Mini,925,26,220,2025-09,True
94,Pasar Raya / Supermarket,11839,27,514,2025-09,True
94,Restoran Cina,0,0,0,2025-09,False
94,Restoran India Muslim,0,0,0,2025-09,False
94,Restoran Melayu,0,0,0,2025-09,False
114,Borong,3,3,1,2025-09,True
114,Foodcourt,0,0,0,2025-09,False
114,Hypermarket,3592,27,150,2025-09,True
114,Kedai Runcit,638,27,157,2025-09,True
114,Kedai Serbaneka,0,0,0,2025-09,False
114,Medan Selera,0,0,0,2025-09,False
114,Pasar Basah,7450,27,306,2025-09,True
114,Pasar Mini,1701,27,367,2025-09,True
114,Pasar Raya / Supermarket,15746,28,644,2025-09,True
114,Restoran Cina,0,0,0,2025-09,False
114,Restoran India Muslim,0,0,0,2025-09,False
114,Restoran Melayu,0,0,0,2025-09,False
103,Borong,0,0,0,2025-09,False
103,Foodcourt,0,0,0,2025-09,False
103,Hypermarket,117,5,36,2025-09,True
103,Kedai Runcit,29,4,8,2025-09,True
103,Kedai Serbaneka,0,0,0,2025-09,False
103,Medan Selera,0,0,0,2025-09,False
103,Pasar Basah,412,8,117,2025-09,True
103,Pasar Mini,100,4,30,2025-09,True
103,Pasar Raya / Supermarket,523,4,149,2025-09,True
103,Restoran Cina,0,0,0,2025-09,False
103,Restoran India Muslim,0,0,0,2025-09,False
103,Restoran Melayu,0,0,0,2025-09,False
1431,Borong,0,0,0,2025-09,False
1431,Foodcourt,0,0,0,2025-09,False
1431,Hypermarket,4,4,1,2025-09,True
1431,Kedai Runcit,0,0,0,2025-09,False
1431,Kedai Serbaneka,0,0,0,2025-09,False
1431,Medan Selera,0,0,0,2025-09,False
1431,Pasar Basah,400,9,117,2025-09,True
1431,Pasar Mini,0,0,0,2025-09,False
1431,Pasar Raya / Supermarket,7,4,2,2025-09,True
1431,Restoran Cina,0,0,0,2025-09,False
1431,Restoran India Muslim,0,0,0,2025-09,False
1431,Restoran Melayu,0,0,0,2025-09,False
1555,Borong,0,0,0,2025-09,False
1555,Foodcourt,0,0,0,2025-09,False
1555,Hypermarket,2779,27,130,2025-09,True
1555,Kedai Runcit,230,26,70,2025-09,True
1555,Kedai Serbaneka,0,0,0,2025-09,False
1555,Medan Selera,0,0,0,2025-09,False
1555,Pasar Basah,5408,27,261,2025-09,True
1555,Pasar Mini,813,27,190,2025-09,True
1555,Pasar Raya / Supermarket,9898,27,487,2025-09,True
1555,Restoran Cina,0,0,0,2025-09,False
1555,Restoran India Muslim,0,0,0,2025-09,False
1555,Restoran Melayu,0,0,0,2025-09,False
193,Borong,0,0,0,2025-09,False
193,Foodcourt,0,0,0,2025-09,False
193,Hypermarket,422,5,119,2025-09,True
193,Kedai Runcit,385,4,105,2025-09,True
193,Kedai Serbaneka,0,0,0,2025-09,False
193,Medan Selera,0,0,0,2025-09,False
193,Pasar Basah,252,5,72,2025-09,True
193,Pasar Mini,893,4,250,2025-09,True
193,Pasar Raya / Supermarket,1547,5,427,2025-09,True
193,Restoran Cina,0,0,0,2025-09,False
193,Restoran India Muslim,0,0,0,2025-09,False
193,Restoran Melayu,0,0,0,2025-09,False
1,Borong,0,0,0,2025-10,False
1,Foodcourt,0,0,0,2025-10,False
1,Hypermarket,3335,31,112,2025-10,True
1,Kedai Runcit,383,31,85,2025-10,True
1,Kedai Serbaneka,0,0,0,2025-10,False
1,Medan Selera,0,0,0,2025-10,False
1,Pasar Basah,7161,31,252,2025-10,True
1,Pasar Mini,1141,31,226,2025-10,True
1,Pasar Raya / Supermarket,13651,31,478,2025-10,True
1,Restoran Cina,0,0,0,2025-10,False
1,Restoran India Muslim,0,0,0,2025-10,False
1,Restoran Melayu,0,0,0,2025-10,False
1111,Borong,0,0,0,2025-10,False
1111,Foodcourt,0,0,0,2025-10,False
1111,Hypermarket,2807,31,116,2025-10,True
1111,Kedai Runcit,493,31,144,2025-10,True
1111,Kedai Serbaneka,0,0,0,2025-10,False
1111,Medan Selera,0,0,0,2025-10,False
1111,Pasar Basah,2794,31,130,2025-10,True
1111,Pasar Mini,1181,31,361,2025-10,True
1111,Pasar Raya / Supermarket,10890,31,477,2025-10,True
1111,Restoran Cina,0,0,0,2025-10,False
1111,Restoran India Muslim,0,0,0,2025-10,False
1111,Restoran Melayu,0,0,0,2025-10,False
904,Borong,0,0,0,2025-10,False
904,Foodcourt,0,0,0,2025-10,False
904,Hypermarket,274,8,78,2025-10,True
904,Kedai Runcit,93,4,26,2025-10,True
904,Kedai Serbaneka,0,0,0,2025-10,False
904,Medan Selera,0,0,0,2025-10,False
904,Pasar Basah,11,4,4,2025-10,True
904,Pasar Mini,396,4,112,2025-10,True
904,Pasar Raya / Supermarket,782,6,219,2025-10,True
904,Restoran Cina,0,0,0,2025-10,False
904,Restoran India Muslim,0,0,0,2025-10,False
904,Restoran Melayu,0,0,0,2025-10,False
918,Borong,0,0,0,2025-10,False
918,Foodcourt,0,0,0,2025-10,False
918,Hypermarket,154,5,66,2025-10,True
918,Kedai Runcit,483,5,159,2025-10,True
918,Kedai Serbaneka,0,0,0,2025-10,False
918,Medan Selera,0,0,0,2025-10,False
918,Pasar Basah,197,7,66,2025-10,True
918,Pasar Mini,656,5,236,2025-10,True
918,Pasar Raya / Supermarket,916,5,311,2025-10,True
918,Restoran Cina,0,0,0,2025-10,False
918,Restoran India Muslim,0,0,0,2025-10,False
918,Restoran Melayu,0,0,0,2025-10,False
1589,Borong,0,0,0,2025-10,False
1589,Foodcourt,0,0,0,2025-10,False
1589,Hypermarket,567,6,145,2025-10,True
1589,Kedai Runcit,1241,5,324,2025-10,True
1589,Kedai Serbaneka,0,0,0,2025-10,False
1589,Medan Selera,0,0,0,2025-10,False
1589,Pasar Basah,610,9,167,2025-10,True
1589,Pasar Mini,2337,5,619,2025-10,True
1589,Pasar Raya / Supermarket,2531,5,664,2025-10,True
1589,Restoran Cina,0,0,0,2025-10,False
1589,Restoran India Muslim,0,0,0,2025-10,False
1589,Restoran Melayu,0,0,0,2025-10,False
917,Borong,0,0,0,2025-10,False
917,Foodcourt,0,0,0,2025-10,False
917,Hypermarket,470,5,137,2025-10,True
917,Kedai Runcit,987,5,263,2025-10,True
917,Kedai Serbaneka,0,0,0,2025-10,False
917,Medan Selera,0,0,0,2025-10,False
917,Pasar Basah,624,7,173,2025-10,True
917,Pasar Mini,1798,5,513,2025-10,True
917,Pasar Raya / Supermarket,2138,5,585,2025-10,True
917,Restoran Cina,0,0,0,2025-10,False
917,Restoran India Muslim,0,0,0,2025-10,False
917,Restoran Melayu,0,0,0,2025-10,False
129,Borong,0,0,0,2025-10,False
129,Foodcourt,0,0,0,2025-10,False
129,Hypermarket,4290,31,148,2025-10,True
129,Kedai Runcit,1241,31,295,2025-10,True
129,Kedai Serbaneka,0,0,0,2025-10,False
129,Medan Selera,0,0,0,2025-10,False
129,Pasar Basah,8411,31,297,2025-10,True
129,Pasar Mini,2297,31,483,2025-10,True
129,Pasar Raya / Supermarket,18939,31,660,2025-10,True
129,Restoran Cina,0,0,0,2025-10,False
129,Restoran India Muslim,0,0,0,2025-10,False
129,Restoran Melayu,0,0,0,2025-10,False
1564,Borong,0,0,0,2025-10,False
1564,Foodcourt,0,0,0,2025-10,False
1564,Hypermarket,4370,31,148,2025-10,True
1564,Kedai Runcit,1056,31,252,2025-10,True
1564,Kedai Serbaneka,0,0,0,2025-10,False
1564,Medan Selera,0,0,0,2025-10,False
1564,Pasar Basah,7864,31,281,2025-10,True
1564,Pasar Mini,2242,31,476,2025-10,True
1564,Pasar Raya / Supermarket,18608,31,649,2025-10,True
1564,Restoran Cina,0,0,0,2025-10,False
1564,Restoran India Muslim,0,0,0,2025-10,False
1564,Restoran Melayu,0,0,0,2025-10,False
1131,Borong,0,0,0,2025-10,False
1131,Foodcourt,0,0,0,2025-10,False
1131,Hypermarket,4037,31,141,2025-10,True
1131,Kedai Runcit,1026,31,246,2025-10,True
1131,Kedai Serbaneka,0,0,0,2025-10,False
1131,Medan Selera,0,0,0,2025-10,False
1131,Pasar Basah,7379,31,266,2025-10,True
1131,Pasar Mini,2002,31,421,2025-10,True
1131,Pasar Raya / Supermarket,16557,31,598,2025-10,True
1131,Restoran Cina,0,0,0,2025-10,False
1131,Restoran India Muslim,0,0,0,2025-10,False
1131,Restoran Melayu,0,0,0,2025-10,False
94,Borong,0,0,0,2025-10,False
94,Foodcourt,0,0,0,2025-10,False
94,Hypermarket,3079,31,115,2025-10,True
94,Kedai Runcit,352,31,92,2025-10,True
94,Kedai Serbaneka,0,0,0,2025-10,False
94,Medan Selera,0,0,0,2025-10,False
94,Pasar Basah,4087,31,185,2025-10,True
94,Pasar Mini,976,31,226,2025-10,True
94,Pasar Raya / Supermarket,13512,31,522,2025-10,True
94,Restoran Cina,0,0,0,2025-10,False
94,Restoran India Muslim,0,0,0,2025-10,False
94,Restoran Melayu,0,0,0,2025-10,False
114,Borong,0,0,0,2025-10,False
114,Foodcourt,0,0,0,2025-10,False
114,Hypermarket,4129,31,148,2025-10,True
114,Kedai Runcit,643,31,159,2025-10,True
114,Kedai Serbaneka,0,0,0,2025-10,False
114,Medan Selera,0,0,0,2025-10,False
114,Pasar Basah,8598,31,305,2025-10,True
114,Pasar Mini,1801,31,366,2025-10,True
114,Pasar Raya / Supermarket,18219,31,653,2025-10,True
114,Restoran Cina,0,0,0,2025-10,False
114,Restoran India Muslim,0,0,0,2025-10,False
114,Restoran Melayu,0,0,0,2025-10,False
103,Borong,0,0,0,2025-10,False
103,Foodcourt,0,0,0,2025-10,False
103,Hypermarket,93,4,32,2025-10,True
103,Kedai Runcit,30,4,8,2025-10,True
103,Kedai Serbaneka,0,0,0,2025-10,False
103,Medan Selera,0,0,0,2025-10,False
103,Pasar Basah,412,7,116,2025-10,True
103,Pasar Mini,104,4,32,2025-10,True
103,Pasar Raya / Supermarket,531,4,150,2025-10,True
103,Restoran Cina,0,0,0,2025-10,False
103,Restoran India Muslim,0,0,0,2025-10,False
103,Restoran Melayu,0,0,0,2025-10,False
1431,Borong,0,0,0,2025-10,False
1431,Foodcourt,0,0,0,2025-10,False
1431,Hypermarket,0,0,0,2025-10,False
1431,Kedai Runcit,0,0,0,2025-10,False
1431,Kedai Serbaneka,0,0,0,2025-10,False
1431,Medan Selera,0,0,0,2025-10,False
1431,Pasar Basah,400,8,115,2025-10,True
1431,Pasar Mini,0,0,0,2025-10,False
1431,Pasar Raya / Supermarket,11,4,3,2025-10,True
1431,Restoran Cina,0,0,0,2025-10,False
1431,Restoran India Muslim,0,0,0,2025-10,False
1431,Restoran Melayu,0,0,0,2025-10,False
1555,Borong,0,0,0,2025-10,False
1555,Foodcourt,0,0,0,2025-10,False
1555,Hypermarket,3293,31,129,2025-10,True
1555,Kedai Runcit,223,30,67,2025-10,True
1555,Kedai Serbaneka,0,0,0,2025-10,False
1555,Medan Selera,0,0,0,2025-10,False
1555,Pasar Basah,6248,31,261,2025-10,True
1555,Pasar Mini,920,31,198,2025-10,True
1555,Pasar Raya / Supermarket,11818,31,505,2025-10,True
1555,Restoran Cina,0,0,0,2025-10,False
1555,Restoran India Muslim,0,0,0,2025-10,False
1555,Restoran Melayu,0,0,0,2025-10,False
193,Borong,0,0,0,2025-10,False
193,Foodcourt,0,0,0,2025-10,False
193,Hypermarket,460,5,125,2025-10,True
193,Kedai Runcit,373,5,100,2025-10,True
193,Kedai Serbaneka,0,0,0,2025-10,False
193,Medan Selera,0,0,0,2025-10,False
193,Pasar Basah,259,4,71,2025-10,True
193,Pasar Mini,929,5,251,2025-10,True
193,Pasar Raya / Supermarket,1550,5,422,2025-10,True
193,Restoran Cina,0,0,0,2025-10,False
193,Restoran India Muslim,0,0,0,2025-10,False
193,Restoran Melayu,0,0,0,2025-10,False
1,Borong,1,1,1,2025-11,True
1,Foodcourt,0,0,0,2025-11,False
1,Hypermarket,3204,30,112,2025-11,True
1,Kedai Runcit,369,29,84,2025-11,True
1,Kedai Serbaneka,0,0,0,2025-11,False
1,Medan Selera,0,0,0,2025-11,False
1,Pasar Basah,6827,30,248,2025-11,True
1,Pasar Mini,1101,29,228,2025-11,True
1,Pasar Raya / Supermarket,13154,30,473,2025-11,True
1,Restoran Cina,0,0,0,2025-11,False
1,Restoran India Muslim,0,0,0,2025-11,False
1,Restoran Melayu,0,0,0,2025-11,False
1111,Borong,0,0,0,2025-11,False
1111,Foodcourt,0,0,0,2025-11,False
1111,Hypermarket,2789,30,120,2025-11,True
1111,Kedai Runcit,507,29,144,2025-11,True
1111,Kedai Serbaneka,0,0,0,2025-11,False
1111,Medan Selera,0,0,0,2025-11,False
1111,Pasar Basah,2880,30,141,2025-11,True
1111,Pasar Mini,1221,29,351,2025-11,True
1111,Pasar Raya / Supermarket,10883,30,487,2025-11,True
1111,Restoran Cina,0,0,0,2025-11,False
1111,Restoran India Muslim,0,0,0,2025-11,False
1111,Restoran Melayu,0,0,0,2025-11,False
904,Borong,0,0,0,2025-11,False
904,Foodcourt,0,0,0,2025-11,False
904,Hypermarket,292,8,80,2025-11,True
904,Kedai Runcit,105,4,27,2025-11,True
904,Kedai Serbaneka,0,0,0,2025-11,False
904,Medan Selera,0,0,0,2025-11,False
904,Pasar Basah,8,4,2,2025-11,True
904,Pasar Mini,411,4,117,2025-11,True
904,Pasar Raya / Supermarket,813,5,233,2025-11,True
904,Restoran Cina,0,0,0,2025-11,False
904,Restoran India Muslim,0,0,0,2025-11,False
904,Restoran Melayu,0,0,0,2025-11,False
918,Borong,0,0,0,2025-11,False
918,Foodcourt,0,0,0,2025-11,False
918,Hypermarket,154,4,63,2025-11,True
918,Kedai Runcit,446,4,159,2025-11,True
918,Kedai Serbaneka,0,0,0,2025-11,False
918,Medan Selera,0,0,0,2025-11,False
918,Pasar Basah,190,10,56,2025-11,True
918,Pasar Mini,654,4,249,2025-11,True
918,Pasar Raya / Supermarket,887,4,317,2025-11,True
918,Restoran Cina,0,0,0,2025-11,False
918,Restoran India Muslim,0,0,0,2025-11,False
918,Restoran Melayu,0,0,0,2025-11,False
1589,Borong,0,0,0,2025-11,False
1589,Foodcourt,0,0,0,2025-11,False
1589,Hypermarket,548,4,147,2025-11,True
1589,Kedai Runcit,1254,4,331,2025-11,True
1589,Kedai Serbaneka,0,0,0,2025-11,False
1589,Medan Selera,0,0,0,2025-11,False
1589,Pasar Basah,593,10,154,2025-11,True
1589,Pasar Mini,2324,4,615,2025-11,True
1589,Pasar Raya / Supermarket,2565,4,669,2025-11,True
1589,Restoran Cina,0,0,0,2025-11,False
1589,Restoran India Muslim,0,0,0,2025-11,False
1589,Restoran Melayu,0,0,0,2025-11,False
917,Borong,0,0,0,2025-11,False
917,Foodcourt,0,0,0,2025-11,False
917,Hypermarket,493,4,136,2025-11,True
917,Kedai Runcit,968,4,263,2025-11,True
917,Kedai Serbaneka,0,0,0,2025-11,False
917,Medan Selera,0,0,0,2025-11,False
917,Pasar Basah,638,11,167,2025-11,True
917,Pasar Mini,1856,4,529,2025-11,True
917,Pasar Raya / Supermarket,2214,4,593,2025-11,True
917,Restoran Cina,0,0,0,2025-11,False
917,Restoran India Muslim,0,0,0,2025-11,False
917,Restoran Melayu,0,0,0,2025-11,False
129,Borong,1,1,1,2025-11,True
129,Foodcourt,0,0,0,2025-11,False
129,Hypermarket,4113,30,147,2025-11,True
129,Kedai Runcit,1244,29,298,2025-11,True
129,Kedai Serbaneka,0,0,0,2025-11,False
129,Medan Selera,0,0,0,2025-11,False
129,Pasar Basah,8048,30,297,2025-11,True
129,Pasar Mini,2288,29,489,2025-11,True
129,Pasar Raya / Supermarket,18313,30,657,2025-11,True
129,Restoran Cina,0,0,0,2025-11,False
129,Restoran India Muslim,0,0,0,2025-11,False
129,Restoran Melayu,0,0,0,2025-11,False
1564,Borong,1,1,1,2025-11,True
1564,Foodcourt,0,0,0,2025-11,False
1564,Hypermarket,4158,30,148,2025-11,True
1564,Kedai Runcit,1053,29,253,2025-11,True
1564,Kedai Serbaneka,0,0,0,2025-11,False
1564,Medan Selera,0,0,0,2025-11,False
1564,Pasar Basah,7450,30,275,2025-11,True
1564,Pasar Mini,2231,29,481,2025-11,True
1564,Pasar Raya / Supermarket,18119,30,651,2025-11,True
1564,Restoran Cina,0,0,0,2025-11,False
1564,Restoran India Muslim,0,0,0,2025-11,False
1564,Restoran Melayu,0,0,0,2025-11,False
1131,Borong,0,0,0,2025-11,False
1131,Foodcourt,0,0,0,2025-11,False
1131,Hypermarket,3919,30,145,2025-11,True
1131,Kedai Runcit,1041,29,253,2025-11,True
1131,Kedai Serbaneka,0,0,0,2025-11,False
1131,Medan Selera,0,0,0,2025-11,False
1131,Pasar Basah,7067,30,266,2025-11,True
1131,Pasar Mini,1942,29,424,2025-11,True
1131,Pasar Raya / Supermarket,16025,30,595,2025-11,True
1131,Restoran Cina,0,0,0,2025-11,False
1131,Restoran India Muslim,0,0,0,2025-11,False
1131,Restoran Melayu,0,0,0,2025-11,False
94,Borong,1,1,1,2025-11,True
94,Foodcourt,0,0,0,2025-11,False
94,Hypermarket,3140,30,123,2025-11,True
94,Kedai Runcit,359,29,90,2025-11,True
94,Kedai Serbaneka,0,0,0,2025-11,False
94,Medan Selera,0,0,0,2025-11,False
94,Pasar Basah,3956,30,193,2025-11,True
94,Pasar Mini,979,29,221,2025-11,True
94,Pasar Raya / Supermarket,13172,30,528,2025-11,True
94,Restoran Cina,0,0,0,2025-11,False
94,Restoran India Muslim,0,0,0,2025-11,False
94,Restoran Melayu,0,0,0,2025-11,False
114,Borong,1,1,1,2025-11,True
114,Foodcourt,0,0,0,2025-11,False
114,Hypermarket,4107,30,148,2025-11,True
114,Kedai Runcit,620,29,156,2025-11,True
114,Kedai Serbaneka,0,0,0,2025-11,False
114,Medan Selera,0,0,0,2025-11,False
114,Pasar Basah,8261,30,303,2025-11,True
114,Pasar Mini,1828,29,366,2025-11,True
114,Pasar Raya / Supermarket,17714,30,654,2025-11,True
114,Restoran Cina,0,0,0,2025-11,False
114,Restoran India Muslim,0,0,0,2025-11,False
114,Restoran Melayu,0,0,0,2025-11,False
103,Borong,0,0,0,2025-11,False
103,Foodcourt,0,0,0,2025-11,False
103,Hypermarket,115,4,37,2025-11,True
103,Kedai Runcit,32,4,8,2025-11,True
103,Kedai Serbaneka,0,0,0,2025-11,False
103,Medan Selera,0,0,0,2025-11,False
103,Pasar Basah,398,9,102,2025-11,True
103,Pasar Mini,106,4,32,2025-11,True
103,Pasar Raya / Supermarket,503,4,145,2025-11,True
103,Restoran Cina,0,0,0,2025-11,False
103,Restoran India Muslim,0,0,0,2025-11,False
103,Restoran Melayu,0,0,0,2025-11,False
1431,Borong,0,0,0,2025-11,False
1431,Foodcourt,0,0,0,2025-11,False
1431,Hypermarket,1,1,1,2025-11,True
1431,Kedai Runcit,0,0,0,2025-11,False
1431,Kedai Serbaneka,0,0,0,2025-11,False
1431,Medan Selera,0,0,0,2025-11,False
1431,Pasar Basah,393,11,103,2025-11,True
1431,Pasar Mini,4,4,1,2025-11,True
1431,Pasar Raya / Supermarket,14,4,4,2025-11,True
1431,Restoran Cina,0,0,0,2025-11,False
1431,Restoran India Muslim,0,0,0,2025-11,False
1431,Restoran Melayu,0,0,0,2025-11,False
1555,Borong,1,1,1,2025-11,True
1555,Foodcourt,0,0,0,2025-11,False
1555,Hypermarket,3231,30,130,2025-11,True
1555,Kedai Runcit,214,26,62,2025-11,True
1555,Kedai Serbaneka,0,0,0,2025-11,False
1555,Medan Selera,0,0,0,2025-11,False
1555,Pasar Basah,5890,30,262,2025-11,True
1555,Pasar Mini,891,29,201,2025-11,True
1555,Pasar Raya / Supermarket,11507,30,510,2025-11,True
1555,Restoran Cina,0,0,0,2025-11,False
1555,Restoran India Muslim,0,0,0,2025-11,False
1555,Restoran Melayu,0,0,0,2025-11,False
193,Borong,0,0,0,2025-11,False
193,Foodcourt,0,0,0,2025-11,False
193,Hypermarket,468,4,129,2025-11,True
193,Kedai Runcit,367,4,101,2025-11,True
193,Kedai Serbaneka,0,0,0,2025-11,False
193,Medan Selera,0,0,0,2025-11,False
193,Pasar Basah,246,4,70,2025-11,True
193,Pasar Mini,948,4,255,2025-11,True
193,Pasar Raya / Supermarket,1617,4,440,2025-11,True
193,Restoran Cina,0,0,0,2025-11,False
193,Restoran India Muslim,0,0,0,2025-11,False
193,Restoran Melayu,0,0,0,2025-11,False
1,Borong,5,5,1,2025-12,True
1,Foodcourt,0,0,0,2025-12,False
1,Hypermarket,3280,30,112,2025-12,True
1,Kedai Runcit,372,30,85,2025-12,True
1,Kedai Serbaneka,0,0,0,2025-12,False
1,Medan Selera,0,0,0,2025-12,False
1,Pasar Basah,7009,30,248,2025-12,True
1,Pasar Mini,1084,30,223,2025-12,True
1,Pasar Raya / Supermarket,13570,30,476,2025-12,True
1,Restoran Cina,0,0,0,2025-12,False
1,Restoran India Muslim,0,0,0,2025-12,False
1,Restoran Melayu,0,0,0,2025-12,False
1111,Borong,0,0,0,2025-12,False
1111,Foodcourt,0,0,0,2025-12,False
1111,Hypermarket,2537,30,124,2025-12,True
1111,Kedai Runcit,492,30,153,2025-12,True
1111,Kedai Serbaneka,0,0,0,2025-12,False
1111,Medan Selera,0,0,0,2025-12,False
1111,Pasar Basah,2899,30,141,2025-12,True
1111,Pasar Mini,1017,30,331,2025-12,True
1111,Pasar Raya / Supermarket,10092,30,488,2025-12,True
1111,Restoran Cina,0,0,0,2025-12,False
1111,Restoran India Muslim,0,0,0,2025-12,False
1111,Restoran Melayu,0,0,0,2025-12,False
904,Borong,0,0,0,2025-12,False
904,Foodcourt,0,0,0,2025-12,False
904,Hypermarket,296,13,79,2025-12,True
904,Kedai Runcit,97,4,29,2025-12,True
904,Kedai Serbaneka,0,0,0,2025-12,False
904,Medan Selera,0,0,0,2025-12,False
904,Pasar Basah,8,4,2,2025-12,True
904,Pasar Mini,402,5,115,2025-12,True
904,Pasar Raya / Supermarket,796,9,227,2025-12,True
904,Restoran Cina,0,0,0,2025-12,False
904,Restoran India Muslim,0,0,0,2025-12,False
904,Restoran Melayu,0,0,0,2025-12,False
918,Borong,0,0,0,2025-12,False
918,Foodcourt,0,0,0,2025-12,False
918,Hypermarket,173,6,66,2025-12,True
918,Kedai Runcit,477,5,167,2025-12,True
918,Kedai Serbaneka,0,0,0,2025-12,False
918,Medan Selera,0,0,0,2025-12,False
918,Pasar Basah,179,9,55,2025-12,True
918,Pasar Mini,633,5,234,2025-12,True
918,Pasar Raya / Supermarket,988,5,346,2025-12,True
918,Restoran Cina,0,0,0,2025-12,False
918,Restoran India Muslim,0,0,0,2025-12,False
918,Restoran Melayu,0,0,0,2025-12,False
1589,Borong,0,0,0,2025-12,False
1589,Foodcourt,0,0,0,2025-12,False
1589,Hypermarket,557,6,147,2025-12,True
1589,Kedai Runcit,1251,5,331,2025-12,True
1589,Kedai Serbaneka,0,0,0,2025-12,False
1589,Medan Selera,0,0,0,2025-12,False
1589,Pasar Basah,568,10,153,2025-12,True
1589,Pasar Mini,2216,6,612,2025-12,True
1589,Pasar Raya / Supermarket,2579,6,666,2025-12,True
1589,Restoran Cina,0,0,0,2025-12,False
1589,Restoran India Muslim,0,0,0,2025-12,False
1589,Restoran Melayu,0,0,0,2025-12,False
917,Borong,0,0,0,2025-12,False
917,Foodcourt,0,0,0,2025-12,False
917,Hypermarket,493,6,138,2025-12,True
917,Kedai Runcit,975,5,264,2025-12,True
917,Kedai Serbaneka,0,0,0,2025-12,False
917,Medan Selera,0,0,0,2025-12,False
917,Pasar Basah,620,11,166,2025-12,True
917,Pasar Mini,1768,6,511,2025-12,True
917,Pasar Raya / Supermarket,2209,6,593,2025-12,True
917,Restoran Cina,0,0,0,2025-12,False
917,Restoran India Muslim,0,0,0,2025-12,False
917,Restoran Melayu,0,0,0,2025-12,False
129,Borong,4,4,1,2025-12,True
129,Foodcourt,0,0,0,2025-12,False
129,Hypermarket,4112,30,147,2025-12,True
129,Kedai Runcit,1244,30,300,2025-12,True
129,Kedai Serbaneka,0,0,0,2025-12,False
129,Medan Selera,0,0,0,2025-12,False
129,Pasar Basah,8233,30,297,2025-12,True
129,Pasar Mini,2238,30,483,2025-12,True
129,Pasar Raya / Supermarket,18710,30,662,2025-12,True
129,Restoran Cina,0,0,0,2025-12,False
129,Restoran India Muslim,0,0,0,2025-12,False
129,Restoran Melayu,0,0,0,2025-12,False
1564,Borong,4,4,1,2025-12,True
1564,Foodcourt,0,0,0,2025-12,False
1564,Hypermarket,4263,30,149,2025-12,True
1564,Kedai Runcit,1063,30,252,2025-12,True
1564,Kedai Serbaneka,0,0,0,2025-12,False
1564,Medan Selera,0,0,0,2025-12,False
1564,Pasar Basah,7687,30,278,2025-12,True
1564,Pasar Mini,2204,30,484,2025-12,True
1564,Pasar Raya / Supermarket,18590,30,651,2025-12,True
1564,Restoran Cina,0,0,0,2025-12,False
1564,Restoran India Muslim,0,0,0,2025-12,False
1564,Restoran Melayu,0,0,0,2025-12,False
1131,Borong,0,0,0,2025-12,False
1131,Foodcourt,0,0,0,2025-12,False
1131,Hypermarket,3924,30,146,2025-12,True
1131,Kedai Runcit,1031,30,252,2025-12,True
1131,Kedai Serbaneka,0,0,0,2025-12,False
1131,Medan Selera,0,0,0,2025-12,False
1131,Pasar Basah,7124,30,269,2025-12,True
1131,Pasar Mini,1923,30,402,2025-12,True
1131,Pasar Raya / Supermarket,16410,30,615,2025-12,True
1131,Restoran Cina,0,0,0,2025-12,False
1131,Restoran India Muslim,0,0,0,2025-12,False
1131,Restoran Melayu,0,0,0,2025-12,False
94,Borong,4,4,1,2025-12,True
94,Foodcourt,0,0,0,2025-12,False
94,Hypermarket,2976,30,126,2025-12,True
94,Kedai Runcit,340,30,88,2025-12,True
94,Kedai Serbaneka,0,0,0,2025-12,False
94,Medan Selera,0,0,0,2025-12,False
94,Pasar Basah,3914,30,200,2025-12,True
94,Pasar Mini,1003,30,230,2025-12,True
94,Pasar Raya / Supermarket,12971,30,516,2025-12,True
94,Restoran Cina,0,0,0,2025-12,False
94,Restoran India Muslim,0,0,0,2025-12,False
94,Restoran Melayu,0,0,0,2025-12,False
114,Borong,4,4,1,2025-12,True
114,Foodcourt,0,0,0,2025-12,False
114,Hypermarket,4155,30,148,2025-12,True
114,Kedai Runcit,627,30,155,2025-12,True
114,Kedai Serbaneka,0,0,0,2025-12,False
114,Medan Selera,0,0,0,2025-12,False
114,Pasar Basah,8401,30,304,2025-12,True
114,Pasar Mini,1793,30,364,2025-12,True
114,Pasar Raya / Supermarket,18080,30,653,2025-12,True
114,Restoran Cina,0,0,0,2025-12,False
114,Restoran India Muslim,0,0,0,2025-12,False
114,Restoran Melayu,0,0,0,2025-12,False
103,Borong,0,0,0,2025-12,False
103,Foodcourt,0,0,0,2025-12,False
103,Hypermarket,107,5,34,2025-12,True
103,Kedai Runcit,32,5,8,2025-12,True
103,Kedai Serbaneka,0,0,0,2025-12,False
103,Medan Selera,0,0,0,2025-12,False
103,Pasar Basah,383,9,100,2025-12,True
103,Pasar Mini,119,4,33,2025-12,True
103,Pasar Raya / Supermarket,543,5,153,2025-12,True
103,Restoran Cina,0,0,0,2025-12,False
103,Restoran India Muslim,0,0,0,2025-12,False
103,Restoran Melayu,0,0,0,2025-12,False
1431,Borong,0,0,0,2025-12,False
1431,Foodcourt,0,0,0,2025-12,False
1431,Hypermarket,3,3,1,2025-12,True
1431,Kedai Runcit,0,0,0,2025-12,False
1431,Kedai Serbaneka,0,0,0,2025-12,False
1431,Medan Selera,0,0,0,2025-12,False
1431,Pasar Basah,372,9,103,2025-12,True
1431,Pasar Mini,4,4,1,2025-12,True
1431,Pasar Raya / Supermarket,8,5,2,2025-12,True
1431,Restoran Cina,0,0,0,2025-12,False
1431,Restoran India Muslim,0,0,0,2025-12,False
1431,Restoran Melayu,0,0,0,2025-12,False
1555,Borong,1,1,1,2025-12,True
1555,Foodcourt,0,0,0,2025-12,False
1555,Hypermarket,3228,30,129,2025-12,True
1555,Kedai Runcit,206,29,63,2025-12,True
1555,Kedai Serbaneka,0,0,0,2025-12,False
1555,Medan Selera,0,0,0,2025-12,False
1555,Pasar Basah,5940,30,260,2025-12,True
1555,Pasar Mini,875,30,198,2025-12,True
1555,Pasar Raya / Supermarket,11687,30,500,2025-12,True
1555,Restoran Cina,0,0,0,2025-12,False
1555,Restoran India Muslim,0,0,0,2025-12,False
1555,Restoran Melayu,0,0,0,2025-12,False
193,Borong,0,0,0,2025-12,False
193,Foodcourt,0,0,0,2025-12,False
193,Hypermarket,482,6,127,2025-12,True
193,Kedai Runcit,377,4,101,2025-12,True
193,Kedai Serbaneka,0,0,0,2025-12,False
193,Medan Selera,0,0,0,2025-12,False
193,Pasar Basah,257,5,71,2025-12,True
193,Pasar Mini,972,5,259,2025-12,True
193,Pasar Raya / Supermarket,1640,5,436,2025-12,True
193,Restoran Cina,0,0,0,2025-12,False
193,Restoran India Muslim,0,0,0,2025-12,False
193,Restoran Melayu,0,0,0,2025-12,False
