item_code,state,observations,recorded_days,premises,month,has_records
1,Johor,2422,29,109,2023-01,True
1,Kedah,1357,29,55,2023-01,True
1,Kelantan,1767,29,74,2023-01,True
1,Melaka,465,27,19,2023-01,True
1,Negeri Sembilan,764,26,34,2023-01,True
1,Pahang,1760,27,72,2023-01,True
1,Perak,2041,27,78,2023-01,True
1,Perlis,383,28,16,2023-01,True
1,Pulau Pinang,1801,27,69,2023-01,True
1,Sabah,217,27,9,2023-01,True
1,Sarawak,269,27,14,2023-01,True
1,Selangor,2074,27,85,2023-01,True
1,Terengganu,1512,29,78,2023-01,True
1,W.P. Kuala Lumpur,1655,27,82,2023-01,True
1,W.P. Labuan,27,27,1,2023-01,True
1,W.P. Putrajaya,208,27,13,2023-01,True
1111,Johor,492,29,60,2023-01,True
1111,Kedah,121,28,16,2023-01,True
1111,Kelantan,133,28,33,2023-01,True
1111,Melaka,114,27,15,2023-01,True
1111,Negeri Sembilan,150,26,19,2023-01,True
1111,Pahang,161,27,41,2023-01,True
1111,Perak,239,27,37,2023-01,True
1111,Perlis,3,2,3,2023-01,True
1111,Pulau Pinang,222,27,28,2023-01,True
1111,Sabah,399,27,46,2023-01,True
1111,Sarawak,104,27,16,2023-01,True
1111,Selangor,261,27,42,2023-01,True
1111,Terengganu,113,28,40,2023-01,True
1111,W.P. Kuala Lumpur,306,27,48,2023-01,True
1111,W.P. Labuan,0,0,0,2023-01,False
1111,W.P. Putrajaya,35,23,6,2023-01,True
904,Johor,128,7,32,2023-01,True
904,Kedah,211,5,47,2023-01,True
904,Kelantan,37,5,16,2023-01,True
904,Melaka,25,5,6,2023-01,True
904,Negeri Sembilan,59,5,13,2023-01,True
904,Pahang,102,5,25,2023-01,True
904,Perak,231,5,52,2023-01,True
904,Perlis,63,5,16,2023-01,True
904,Pulau Pinang,132,5,31,2023-01,True
904,Sabah,0,0,0,2023-01,False
904,Sarawak,0,0,0,2023-01,False
904,Selangor,140,5,34,2023-01,True
904,Terengganu,126,5,32,2023-01,True
904,W.P. Kuala Lumpur,159,5,38,2023-01,True
904,W.P. Labuan,0,0,0,2023-01,False
904,W.P. Putrajaya,16,5,4,2023-01,True
918,Johor,444,29,55,2023-01,True
918,Kedah,363,29,61,2023-01,True
918,Kelantan,1053,29,104,2023-01,True
918,Melaka,117,26,20,2023-01,True
918,Negeri Sembilan,113,26,26,2023-01,True
918,Pahang,679,27,62,2023-01,True
918,Perak,213,27,46,2023-01,True
918,Perlis,299,28,36,2023-01,True
918,Pulau Pinang,188,25,44,2023-01,True
918,Sabah,432,27,29,2023-01,True
918,Sarawak,314,27,48,2023-01,True
918,Selangor,655,27,70,2023-01,True
918,Terengganu,613,29,88,2023-01,True
918,W.P. Kuala Lumpur,557,27,66,2023-01,True
918,W.P. Labuan,118,27,10,2023-01,True
918,W.P. Putrajaya,40,23,10,2023-01,True
1589,Johor,625,8,132,2023-01,True
1589,Kedah,407,5,84,2023-01,True
1589,Kelantan,722,6,146,2023-01,True
1589,Melaka,134,6,27,2023-01,True
1589,Negeri Sembilan,202,5,42,2023-01,True
1589,Pahang,394,8,82,2023-01,True
1589,Perak,474,5,102,2023-01,True
1589,Perlis,190,5,40,2023-01,True
1589,Pulau Pinang,427,5,92,2023-01,True
1589,Sabah,432,5,90,2023-01,True
1589,Sarawak,616,6,132,2023-01,True
1589,Selangor,410,8,90,2023-01,True
1589,Terengganu,522,5,109,2023-01,True
1589,W.P. Kuala Lumpur,513,6,110,2023-01,True
1589,W.P. Labuan,54,5,11,2023-01,True
1589,W.P. Putrajaya,94,6,21,2023-01,True
917,Johor,565,9,123,2023-01,True
917,Kedah,304,5,67,2023-01,True
917,Kelantan,467,6,114,2023-01,True
917,Melaka,119,6,25,2023-01,True
917,Negeri Sembilan,169,5,38,2023-01,True
917,Pahang,391,8,83,2023-01,True
917,Perak,378,5,90,2023-01,True
917,Perlis,154,5,35,2023-01,True
917,Pulau Pinang,318,5,71,2023-01,True
917,Sabah,140,5,35,2023-01,True
917,Sarawak,150,5,44,2023-01,True
917,Selangor,345,8,80,2023-01,True
917,Terengganu,463,5,105,2023-01,True
917,W.P. Kuala Lumpur,451,6,101,2023-01,True
917,W.P. Labuan,22,5,5,2023-01,True
917,W.P. Putrajaya,79,6,18,2023-01,True
129,Johor,2451,29,124,2023-01,True
129,Kedah,1511,29,82,2023-01,True
129,Kelantan,2099,29,132,2023-01,True
129,Melaka,480,27,25,2023-01,True
129,Negeri Sembilan,725,26,37,2023-01,True
129,Pahang,1815,27,78,2023-01,True
129,Perak,2021,27,81,2023-01,True
129,Perlis,431,28,34,2023-01,True
129,Pulau Pinang,1849,27,77,2023-01,True
129,Sabah,2490,27,134,2023-01,True
129,Sarawak,2500,28,145,2023-01,True
129,Selangor,1980,27,84,2023-01,True
129,Terengganu,1771,29,106,2023-01,True
129,W.P. Kuala Lumpur,2129,27,102,2023-01,True
129,W.P. Labuan,303,27,14,2023-01,True
129,W.P. Putrajaya,242,27,18,2023-01,True
1564,Johor,2621,29,137,2023-01,True
1564,Kedah,1428,29,77,2023-01,True
1564,Kelantan,1510,29,77,2023-01,True
1564,Melaka,517,27,27,2023-01,True
1564,Negeri Sembilan,748,26,40,2023-01,True
1564,Pahang,1803,27,79,2023-01,True
1564,Perak,2168,27,91,2023-01,True
1564,Perlis,411,28,30,2023-01,True
1564,Pulau Pinang,1983,27,85,2023-01,True
1564,Sabah,2359,27,134,2023-01,True
1564,Sarawak,2368,28,138,2023-01,True
1564,Selangor,2045,27,89,2023-01,True
1564,Terengganu,1334,29,80,2023-01,True
1564,W.P. Kuala Lumpur,2305,27,111,2023-01,True
1564,W.P. Labuan,325,27,14,2023-01,True
1564,W.P. Putrajaya,240,27,18,2023-01,True
1131,Johor,2206,29,124,2023-01,True
1131,Kedah,984,29,56,2023-01,True
1131,Kelantan,1325,29,71,2023-01,True
1131,Melaka,359,27,19,2023-01,True
1131,Negeri Sembilan,541,26,34,2023-01,True
1131,Pahang,1626,27,78,2023-01,True
1131,Perak,1967,27,87,2023-01,True
1131,Perlis,400,28,26,2023-01,True
1131,Pulau Pinang,1747,27,83,2023-01,True
1131,Sabah,2109,27,119,2023-01,True
1131,Sarawak,2285,27,136,2023-01,True
1131,Selangor,1870,27,82,2023-01,True
1131,Terengganu,1307,29,76,2023-01,True
1131,W.P. Kuala Lumpur,2019,27,103,2023-01,True
1131,W.P. Labuan,300,27,14,2023-01,True
1131,W.P. Putrajaya,244,27,19,2023-01,True
94,Johor,1101,29,60,2023-01,True
94,Kedah,597,29,25,2023-01,True
94,Kelantan,414,29,25,2023-01,True
94,Melaka,27,24,2,2023-01,True
94,Negeri Sembilan,598,26,33,2023-01,True
94,Pahang,1501,27,67,2023-01,True
94,Perak,1047,27,48,2023-01,True
94,Perlis,205,28,17,2023-01,True
94,Pulau Pinang,858,27,43,2023-01,True
94,Sabah,372,27,27,2023-01,True
94,Sarawak,1526,28,95,2023-01,True
94,Selangor,1667,27,80,2023-01,True
94,Terengganu,824,29,53,2023-01,True
94,W.P. Kuala Lumpur,1735,27,90,2023-01,True
94,W.P. Labuan,28,27,2,2023-01,True
94,W.P. Putrajaya,88,27,6,2023-01,True
114,Johor,2482,29,127,2023-01,True
114,Kedah,1465,29,65,2023-01,True
114,Kelantan,1975,29,83,2023-01,True
114,Melaka,493,27,25,2023-01,True
114,Negeri Sembilan,768,26,37,2023-01,True
114,Pahang,1929,27,80,2023-01,True
114,Perak,2129,27,85,2023-01,True
114,Perlis,452,28,21,2023-01,True
114,Pulau Pinang,1910,27,78,2023-01,True
114,Sabah,1719,27,90,2023-01,True
114,Sarawak,1525,28,93,2023-01,True
114,Selangor,2073,27,90,2023-01,True
114,Terengganu,1101,29,73,2023-01,True
114,W.P. Kuala Lumpur,2381,27,113,2023-01,True
114,W.P. Labuan,201,27,12,2023-01,True
114,W.P. Putrajaya,282,27,19,2023-01,True
103,Johor,455,29,21,2023-01,True
103,Kedah,252,29,9,2023-01,True
103,Kelantan,296,29,17,2023-01,True
103,Melaka,14,12,2,2023-01,True
103,Negeri Sembilan,426,26,20,2023-01,True
103,Pahang,773,27,30,2023-01,True
103,Perak,1047,27,41,2023-01,True
103,Perlis,0,0,0,2023-01,False
103,Pulau Pinang,659,27,26,2023-01,True
103,Sabah,54,27,2,2023-01,True
103,Sarawak,31,27,2,2023-01,True
103,Selangor,858,27,37,2023-01,True
103,Terengganu,261,29,11,2023-01,True
103,W.P. Kuala Lumpur,886,27,40,2023-01,True
103,W.P. Labuan,0,0,0,2023-01,False
103,W.P. Putrajaya,104,27,6,2023-01,True
1431,Johor,216,29,9,2023-01,True
1431,Kedah,304,29,12,2023-01,True
1431,Kelantan,472,29,18,2023-01,True
1431,Melaka,179,27,7,2023-01,True
1431,Negeri Sembilan,188,26,10,2023-01,True
1431,Pahang,161,27,8,2023-01,True
1431,Perak,468,27,19,2023-01,True
1431,Perlis,73,28,5,2023-01,True
1431,Pulau Pinang,395,27,15,2023-01,True
1431,Sabah,60,27,4,2023-01,True
1431,Sarawak,75,27,4,2023-01,True
1431,Selangor,281,27,13,2023-01,True
1431,Terengganu,282,29,14,2023-01,True
1431,W.P. Kuala Lumpur,115,27,9,2023-01,True
1431,W.P. Labuan,0,0,0,2023-01,False
1431,W.P. Putrajaya,17,17,1,2023-01,True
1555,Johor,1538,29,98,2023-01,True
1555,Kedah,943,29,43,2023-01,True
1555,Kelantan,1418,29,67,2023-01,True
1555,Melaka,370,27,20,2023-01,True
1555,Negeri Sembilan,459,26,25,2023-01,True
1555,Pahang,1254,27,69,2023-01,True
1555,Perak,1681,27,78,2023-01,True
1555,Perlis,217,28,14,2023-01,True
1555,Pulau Pinang,1012,27,56,2023-01,True
1555,Sabah,370,27,28,2023-01,True
1555,Sarawak,602,27,46,2023-01,True
1555,Selangor,1691,27,83,2023-01,True
1555,Terengganu,823,29,66,2023-01,True
1555,W.P. Kuala Lumpur,1453,27,92,2023-01,True
1555,W.P. Labuan,0,0,0,2023-01,False
1555,W.P. Putrajaya,208,27,15,2023-01,True
193,Johor,143,5,31,2023-01,True
193,Kedah,405,5,86,2023-01,True
193,Kelantan,35,5,9,2023-01,True
193,Melaka,21,5,5,2023-01,True
193,Negeri Sembilan,105,5,23,2023-01,True
193,Pahang,238,5,52,2023-01,True
193,Perak,361,5,83,2023-01,True
193,Perlis,164,5,36,2023-01,True
193,Pulau Pinang,261,5,62,2023-01,True
193,Sabah,266,5,62,2023-01,True
193,Sarawak,330,6,81,2023-01,True
193,Selangor,289,7,67,2023-01,True
193,Terengganu,56,5,12,2023-01,True
193,W.P. Kuala Lumpur,355,6,82,2023-01,True
193,W.P. Labuan,26,5,6,2023-01,True
193,W.P. Putrajaya,48,6,11,2023-01,True
1,Johor,2164,26,109,2023-02,True
1,Kedah,1161,25,54,2023-02,True
1,Kelantan,1597,27,71,2023-02,True
1,Melaka,462,27,19,2023-02,True
1,Negeri Sembilan,697,24,34,2023-02,True
1,Pahang,1773,27,72,2023-02,True
1,Perak,1912,25,79,2023-02,True
1,Perlis,357,26,16,2023-02,True
1,Pulau Pinang,1625,25,68,2023-02,True
1,Sabah,223,27,11,2023-02,True
1,Sarawak,256,27,14,2023-02,True
1,Selangor,1892,25,85,2023-02,True
1,Terengganu,1352,25,78,2023-02,True
1,W.P. Kuala Lumpur,1466,24,82,2023-02,True
1,W.P. Labuan,25,25,1,2023-02,True
1,W.P. Putrajaya,179,24,13,2023-02,True
1111,Johor,611,26,70,2023-02,True
1111,Kedah,143,25,18,2023-02,True
1111,Kelantan,232,27,40,2023-02,True
1111,Melaka,138,27,18,2023-02,True
1111,Negeri Sembilan,165,24,17,2023-02,True
1111,Pahang,294,27,48,2023-02,True
1111,Perak,405,25,42,2023-02,True
1111,Perlis,9,8,5,2023-02,True
1111,Pulau Pinang,341,25,35,2023-02,True
1111,Sabah,436,27,41,2023-02,True
1111,Sarawak,86,24,14,2023-02,True
1111,Selangor,349,25,44,2023-02,True
1111,Terengganu,203,25,43,2023-02,True
1111,W.P. Kuala Lumpur,358,24,51,2023-02,True
1111,W.P. Labuan,0,0,0,2023-02,False
1111,W.P. Putrajaya,38,20,6,2023-02,True
904,Johor,111,8,32,2023-02,True
904,Kedah,164,4,44,2023-02,True
904,Kelantan,31,5,17,2023-02,True
904,Melaka,19,4,5,2023-02,True
904,Negeri Sembilan,41,4,14,2023-02,True
904,Pahang,83,4,22,2023-02,True
904,Perak,178,4,51,2023-02,True
904,Perlis,46,4,14,2023-02,True
904,Pulau Pinang,102,5,29,2023-02,True
904,Sabah,0,0,0,2023-02,False
904,Sarawak,0,0,0,2023-02,False
904,Selangor,119,4,34,2023-02,True
904,Terengganu,109,4,33,2023-02,True
904,W.P. Kuala Lumpur,123,4,35,2023-02,True
904,W.P. Labuan,0,0,0,2023-02,False
904,W.P. Putrajaya,11,4,5,2023-02,True
918,Johor,399,26,53,2023-02,True
918,Kedah,410,25,61,2023-02,True
918,Kelantan,970,27,106,2023-02,True
918,Melaka,153,27,20,2023-02,True
918,Negeri Sembilan,175,24,27,2023-02,True
918,Pahang,684,27,59,2023-02,True
918,Perak,213,25,48,2023-02,True
918,Perlis,278,26,36,2023-02,True
918,Pulau Pinang,197,25,39,2023-02,True
918,Sabah,439,27,32,2023-02,True
918,Sarawak,381,27,51,2023-02,True
918,Selangor,679,25,70,2023-02,True
918,Terengganu,693,25,90,2023-02,True
918,W.P. Kuala Lumpur,526,24,63,2023-02,True
918,W.P. Labuan,170,26,11,2023-02,True
918,W.P. Putrajaya,51,23,7,2023-02,True
1589,Johor,497,8,130,2023-02,True
1589,Kedah,323,4,84,2023-02,True
1589,Kelantan,583,5,146,2023-02,True
1589,Melaka,103,5,27,2023-02,True
1589,Negeri Sembilan,164,5,42,2023-02,True
1589,Pahang,318,7,82,2023-02,True
1589,Perak,389,4,102,2023-02,True
1589,Perlis,154,4,39,2023-02,True
1589,Pulau Pinang,346,5,93,2023-02,True
1589,Sabah,354,5,91,2023-02,True
1589,Sarawak,486,5,129,2023-02,True
1589,Selangor,321,5,88,2023-02,True
1589,Terengganu,419,4,106,2023-02,True
1589,W.P. Kuala Lumpur,415,5,109,2023-02,True
1589,W.P. Labuan,44,4,11,2023-02,True
1589,W.P. Putrajaya,78,4,21,2023-02,True
917,Johor,471,9,122,2023-02,True
917,Kedah,248,4,66,2023-02,True
917,Kelantan,399,5,116,2023-02,True
917,Melaka,94,5,26,2023-02,True
917,Negeri Sembilan,126,4,36,2023-02,True
917,Pahang,303,7,83,2023-02,True
917,Perak,312,4,89,2023-02,True
917,Perlis,134,4,37,2023-02,True
917,Pulau Pinang,247,5,70,2023-02,True
917,Sabah,135,5,40,2023-02,True
917,Sarawak,143,5,45,2023-02,True
917,Selangor,258,5,77,2023-02,True
917,Terengganu,391,4,105,2023-02,True
917,W.P. Kuala Lumpur,363,4,96,2023-02,True
917,W.P. Labuan,18,4,6,2023-02,True
917,W.P. Putrajaya,60,4,17,2023-02,True
129,Johor,2247,26,124,2023-02,True
129,Kedah,1258,25,77,2023-02,True
129,Kelantan,1908,27,130,2023-02,True
129,Melaka,471,27,25,2023-02,True
129,Negeri Sembilan,666,24,35,2023-02,True
129,Pahang,1827,27,79,2023-02,True
129,Perak,1880,25,81,2023-02,True
129,Perlis,397,26,35,2023-02,True
129,Pulau Pinang,1730,25,77,2023-02,True
129,Sabah,2453,27,133,2023-02,True
129,Sarawak,2478,27,140,2023-02,True
129,Selangor,1811,25,84,2023-02,True
129,Terengganu,1500,25,106,2023-02,True
129,W.P. Kuala Lumpur,1853,24,100,2023-02,True
129,W.P. Labuan,301,26,14,2023-02,True
129,W.P. Putrajaya,211,24,19,2023-02,True
1564,Johor,2334,26,137,2023-02,True
1564,Kedah,1188,25,75,2023-02,True
1564,Kelantan,1308,27,76,2023-02,True
1564,Melaka,507,27,27,2023-02,True
1564,Negeri Sembilan,686,24,40,2023-02,True
1564,Pahang,1786,27,78,2023-02,True
1564,Perak,1977,25,90,2023-02,True
1564,Perlis,382,26,29,2023-02,True
1564,Pulau Pinang,1793,25,84,2023-02,True
1564,Sabah,2332,27,132,2023-02,True
1564,Sarawak,2425,27,133,2023-02,True
1564,Selangor,1859,25,87,2023-02,True
1564,Terengganu,1160,25,76,2023-02,True
1564,W.P. Kuala Lumpur,1997,24,106,2023-02,True
1564,W.P. Labuan,311,26,14,2023-02,True
1564,W.P. Putrajaya,205,24,18,2023-02,True
1131,Johor,1878,26,119,2023-02,True
1131,Kedah,823,25,57,2023-02,True
1131,Kelantan,1226,27,69,2023-02,True
1131,Melaka,381,27,19,2023-02,True
1131,Negeri Sembilan,454,24,28,2023-02,True
1131,Pahang,1753,27,77,2023-02,True
1131,Perak,1641,25,82,2023-02,True
1131,Perlis,298,26,24,2023-02,True
1131,Pulau Pinang,1519,25,79,2023-02,True
1131,Sabah,2059,27,116,2023-02,True
1131,Sarawak,2422,27,138,2023-02,True
1131,Selangor,1649,25,80,2023-02,True
1131,Terengganu,1079,25,76,2023-02,True
1131,W.P. Kuala Lumpur,1584,24,98,2023-02,True
1131,W.P. Labuan,287,26,14,2023-02,True
1131,W.P. Putrajaya,222,24,19,2023-02,True
94,Johor,964,26,59,2023-02,True
94,Kedah,497,25,27,2023-02,True
94,Kelantan,403,27,25,2023-02,True
94,Melaka,38,24,5,2023-02,True
94,Negeri Sembilan,625,24,32,2023-02,True
94,Pahang,1510,27,67,2023-02,True
94,Perak,1004,25,48,2023-02,True
94,Perlis,233,26,17,2023-02,True
94,Pulau Pinang,706,25,39,2023-02,True
94,Sabah,430,27,26,2023-02,True
94,Sarawak,1511,27,90,2023-02,True
94,Selangor,1442,25,80,2023-02,True
94,Terengganu,754,25,56,2023-02,True
94,W.P. Kuala Lumpur,1536,24,88,2023-02,True
94,W.P. Labuan,7,7,1,2023-02,True
94,W.P. Putrajaya,76,24,4,2023-02,True
114,Johor,2213,26,124,2023-02,True
114,Kedah,1215,25,65,2023-02,True
114,Kelantan,1815,27,84,2023-02,True
114,Melaka,486,27,25,2023-02,True
114,Negeri Sembilan,709,24,37,2023-02,True
114,Pahang,1899,27,80,2023-02,True
114,Perak,1961,25,85,2023-02,True
114,Perlis,390,26,20,2023-02,True
114,Pulau Pinang,1716,25,78,2023-02,True
114,Sabah,1553,27,85,2023-02,True
114,Sarawak,1394,27,91,2023-02,True
114,Selangor,1887,25,90,2023-02,True
114,Terengganu,910,25,72,2023-02,True
114,W.P. Kuala Lumpur,2081,24,113,2023-02,True
114,W.P. Labuan,83,26,7,2023-02,True
114,W.P. Putrajaya,244,24,19,2023-02,True
103,Johor,399,26,20,2023-02,True
103,Kedah,227,25,10,2023-02,True
103,Kelantan,313,27,17,2023-02,True
103,Melaka,4,4,1,2023-02,True
103,Negeri Sembilan,408,24,21,2023-02,True
103,Pahang,763,27,30,2023-02,True
103,Perak,982,25,43,2023-02,True
103,Perlis,0,0,0,2023-02,False
103,Pulau Pinang,573,25,25,2023-02,True
103,Sabah,54,27,2,2023-02,True
103,Sarawak,53,27,2,2023-02,True
103,Selangor,741,25,37,2023-02,True
103,Terengganu,230,25,11,2023-02,True
103,W.P. Kuala Lumpur,781,24,39,2023-02,True
103,W.P. Labuan,0,0,0,2023-02,False
103,W.P. Putrajaya,93,24,6,2023-02,True
1431,Johor,179,26,8,2023-02,True
1431,Kedah,264,25,12,2023-02,True
1431,Kelantan,460,27,18,2023-02,True
1431,Melaka,185,27,7,2023-02,True
1431,Negeri Sembilan,166,24,10,2023-02,True
1431,Pahang,169,27,8,2023-02,True
1431,Perak,443,25,20,2023-02,True
1431,Perlis,82,26,5,2023-02,True
1431,Pulau Pinang,379,25,16,2023-02,True
1431,Sabah,60,27,4,2023-02,True
1431,Sarawak,96,27,4,2023-02,True
1431,Selangor,294,25,14,2023-02,True
1431,Terengganu,226,25,16,2023-02,True
1431,W.P. Kuala Lumpur,78,24,5,2023-02,True
1431,W.P. Labuan,0,0,0,2023-02,False
1431,W.P. Putrajaya,24,20,2,2023-02,True
1555,Johor,1493,26,96,2023-02,True
1555,Kedah,835,25,45,2023-02,True
1555,Kelantan,1330,27,68,2023-02,True
1555,Melaka,373,27,21,2023-02,True
1555,Negeri Sembilan,461,24,25,2023-02,True
1555,Pahang,1437,27,72,2023-02,True
1555,Perak,1617,25,76,2023-02,True
1555,Perlis,191,26,14,2023-02,True
1555,Pulau Pinang,1003,25,54,2023-02,True
1555,Sabah,579,27,34,2023-02,True
1555,Sarawak,705,27,42,2023-02,True
1555,Selangor,1610,25,85,2023-02,True
1555,Terengganu,759,25,62,2023-02,True
1555,W.P. Kuala Lumpur,1277,24,88,2023-02,True
1555,W.P. Labuan,0,0,0,2023-02,False
1555,W.P. Putrajaya,162,24,15,2023-02,True
193,Johor,113,5,30,2023-02,True
193,Kedah,320,4,87,2023-02,True
193,Kelantan,29,4,9,2023-02,True
193,Melaka,19,4,5,2023-02,True
193,Negeri Sembilan,92,5,25,2023-02,True
193,Pahang,191,4,50,2023-02,True
193,Perak,289,4,82,2023-02,True
193,Perlis,130,4,34,2023-02,True
193,Pulau Pinang,223,5,64,2023-02,True
193,Sabah,234,5,62,2023-02,True
193,Sarawak,285,4,80,2023-02,True
193,Selangor,239,5,67,2023-02,True
193,Terengganu,43,4,11,2023-02,True
193,W.P. Kuala Lumpur,304,5,82,2023-02,True
193,W.P. Labuan,19,4,5,2023-02,True
193,W.P. Putrajaya,44,4,11,2023-02,True
1,Johor,2299,29,108,2023-03,True
1,Kedah,1367,30,55,2023-03,True
1,Kelantan,1831,31,73,2023-03,True
1,Melaka,514,30,19,2023-03,True
1,Negeri Sembilan,878,31,33,2023-03,True
1,Pahang,2042,31,73,2023-03,True
1,Perak,2384,31,81,2023-03,True
1,Perlis,420,31,16,2023-03,True
1,Pulau Pinang,1952,31,66,2023-03,True
1,Sabah,246,31,10,2023-03,True
1,Sarawak,327,31,15,2023-03,True
1,Selangor,2337,31,85,2023-03,True
1,Terengganu,1515,29,80,2023-03,True
1,W.P. Kuala Lumpur,1853,31,81,2023-03,True
1,W.P. Labuan,31,31,1,2023-03,True
1,W.P. Putrajaya,226,31,13,2023-03,True
1111,Johor,557,29,63,2023-03,True
1111,Kedah,214,30,23,2023-03,True
1111,Kelantan,341,31,51,2023-03,True
1111,Melaka,176,30,16,2023-03,True
1111,Negeri Sembilan,251,31,24,2023-03,True
1111,Pahang,639,31,51,2023-03,True
1111,Perak,635,31,50,2023-03,True
1111,Perlis,17,13,3,2023-03,True
1111,Pulau Pinang,514,31,31,2023-03,True
1111,Sabah,392,31,39,2023-03,True
1111,Sarawak,73,28,11,2023-03,True
1111,Selangor,473,31,45,2023-03,True
1111,Terengganu,308,29,50,2023-03,True
1111,W.P. Kuala Lumpur,635,31,54,2023-03,True
1111,W.P. Labuan,0,0,0,2023-03,False
1111,W.P. Putrajaya,50,25,5,2023-03,True
904,Johor,104,8,29,2023-03,True
904,Kedah,169,4,45,2023-03,True
904,Kelantan,40,4,17,2023-03,True
904,Melaka,19,4,6,2023-03,True
904,Negeri Sembilan,45,4,13,2023-03,True
904,Pahang,78,4,23,2023-03,True
904,Perak,176,4,51,2023-03,True
904,Perlis,47,4,14,2023-03,True
904,Pulau Pinang,93,4,26,2023-03,True
904,Sabah,0,0,0,2023-03,False
904,Sarawak,0,0,0,2023-03,False
904,Selangor,107,4,31,2023-03,True
904,Terengganu,105,5,35,2023-03,True
904,W.P. Kuala Lumpur,130,4,35,2023-03,True
904,W.P. Labuan,0,0,0,2023-03,False
904,W.P. Putrajaya,7,3,3,2023-03,True
918,Johor,515,29,57,2023-03,True
918,Kedah,489,30,60,2023-03,True
918,Kelantan,1206,31,113,2023-03,True
918,Melaka,142,30,22,2023-03,True
918,Negeri Sembilan,207,31,30,2023-03,True
918,Pahang,822,31,60,2023-03,True
918,Perak,380,31,59,2023-03,True
918,Perlis,365,31,36,2023-03,True
918,Pulau Pinang,222,31,43,2023-03,True
918,Sabah,473,31,28,2023-03,True
918,Sarawak,402,31,47,2023-03,True
918,Selangor,858,31,63,2023-03,True
918,Terengganu,690,29,93,2023-03,True
918,W.P. Kuala Lumpur,703,31,64,2023-03,True
918,W.P. Labuan,197,31,12,2023-03,True
918,W.P. Putrajaya,50,28,6,2023-03,True
1589,Johor,504,8,130,2023-03,True
1589,Kedah,321,4,82,2023-03,True
1589,Kelantan,588,5,147,2023-03,True
1589,Melaka,106,5,27,2023-03,True
1589,Negeri Sembilan,162,4,41,2023-03,True
1589,Pahang,320,8,81,2023-03,True
1589,Perak,403,4,103,2023-03,True
1589,Perlis,156,4,39,2023-03,True
1589,Pulau Pinang,352,6,89,2023-03,True
1589,Sabah,357,6,93,2023-03,True
1589,Sarawak,471,4,128,2023-03,True
1589,Selangor,312,5,81,2023-03,True
1589,Terengganu,425,5,108,2023-03,True
1589,W.P. Kuala Lumpur,400,5,103,2023-03,True
1589,W.P. Labuan,45,5,11,2023-03,True
1589,W.P. Putrajaya,79,4,21,2023-03,True
917,Johor,460,8,122,2023-03,True
917,Kedah,253,4,67,2023-03,True
917,Kelantan,400,5,113,2023-03,True
917,Melaka,95,5,26,2023-03,True
917,Negeri Sembilan,141,4,39,2023-03,True
917,Pahang,315,8,82,2023-03,True
917,Perak,314,4,86,2023-03,True
917,Perlis,137,4,36,2023-03,True
917,Pulau Pinang,259,6,68,2023-03,True
917,Sabah,142,5,41,2023-03,True
917,Sarawak,147,5,44,2023-03,True
917,Selangor,258,4,70,2023-03,True
917,Terengganu,389,5,106,2023-03,True
917,W.P. Kuala Lumpur,359,5,94,2023-03,True
917,W.P. Labuan,27,4,8,2023-03,True
917,W.P. Putrajaya,69,4,20,2023-03,True
129,Johor,2467,29,125,2023-03,True
129,Kedah,1499,30,77,2023-03,True
129,Kelantan,2174,31,129,2023-03,True
129,Melaka,526,30,24,2023-03,True
129,Negeri Sembilan,854,31,35,2023-03,True
129,Pahang,2059,31,78,2023-03,True
129,Perak,2326,31,81,2023-03,True
129,Perlis,501,31,35,2023-03,True
129,Pulau Pinang,2070,31,74,2023-03,True
129,Sabah,2808,31,134,2023-03,True
129,Sarawak,2823,31,144,2023-03,True
129,Selangor,2262,31,84,2023-03,True
129,Terengganu,1720,29,106,2023-03,True
129,W.P. Kuala Lumpur,2386,31,101,2023-03,True
129,W.P. Labuan,348,31,14,2023-03,True
129,W.P. Putrajaya,257,31,18,2023-03,True
1564,Johor,2528,29,135,2023-03,True
1564,Kedah,1418,30,76,2023-03,True
1564,Kelantan,1507,31,76,2023-03,True
1564,Melaka,564,30,27,2023-03,True
1564,Negeri Sembilan,885,31,41,2023-03,True
1564,Pahang,2000,31,74,2023-03,True
1564,Perak,2455,31,90,2023-03,True
1564,Perlis,423,31,29,2023-03,True
1564,Pulau Pinang,2192,31,81,2023-03,True
1564,Sabah,2807,31,133,2023-03,True
1564,Sarawak,2820,31,139,2023-03,True
1564,Selangor,2303,31,86,2023-03,True
1564,Terengganu,1369,29,83,2023-03,True
1564,W.P. Kuala Lumpur,2489,31,106,2023-03,True
1564,W.P. Labuan,371,31,14,2023-03,True
1564,W.P. Putrajaya,253,31,18,2023-03,True
1131,Johor,1969,29,117,2023-03,True
1131,Kedah,891,30,54,2023-03,True
1131,Kelantan,1309,31,70,2023-03,True
1131,Melaka,402,30,20,2023-03,True
1131,Negeri Sembilan,567,31,30,2023-03,True
1131,Pahang,1862,31,75,2023-03,True
1131,Perak,1843,31,79,2023-03,True
1131,Perlis,363,31,25,2023-03,True
1131,Pulau Pinang,940,31,68,2023-03,True
1131,Sabah,2325,31,119,2023-03,True
1131,Sarawak,2731,31,139,2023-03,True
1131,Selangor,1989,31,80,2023-03,True
1131,Terengganu,1172,29,76,2023-03,True
1131,W.P. Kuala Lumpur,1724,31,88,2023-03,True
1131,W.P. Labuan,361,31,14,2023-03,True
1131,W.P. Putrajaya,270,31,19,2023-03,True
94,Johor,1223,29,63,2023-03,True
94,Kedah,602,30,26,2023-03,True
94,Kelantan,468,31,23,2023-03,True
94,Melaka,26,26,2,2023-03,True
94,Negeri Sembilan,735,31,31,2023-03,True
94,Pahang,1682,31,67,2023-03,True
94,Perak,1222,31,51,2023-03,True
94,Perlis,280,31,16,2023-03,True
94,Pulau Pinang,861,31,38,2023-03,True
94,Sabah,502,31,31,2023-03,True
94,Sarawak,1994,31,95,2023-03,True
94,Selangor,1928,31,78,2023-03,True
94,Terengganu,836,29,54,2023-03,True
94,W.P. Kuala Lumpur,1848,31,85,2023-03,True
94,W.P. Labuan,0,0,0,2023-03,False
94,W.P. Putrajaya,110,31,6,2023-03,True
114,Johor,2511,30,125,2023-03,True
114,Kedah,1484,30,64,2023-03,True
114,Kelantan,2122,31,85,2023-03,True
114,Melaka,548,30,25,2023-03,True
114,Negeri Sembilan,922,31,36,2023-03,True
114,Pahang,2221,31,80,2023-03,True
114,Perak,2468,31,86,2023-03,True
114,Perlis,475,31,20,2023-03,True
114,Pulau Pinang,2175,31,77,2023-03,True
114,Sabah,1608,31,78,2023-03,True
114,Sarawak,1949,31,105,2023-03,True
114,Selangor,2358,31,90,2023-03,True
114,Terengganu,1146,29,75,2023-03,True
114,W.P. Kuala Lumpur,2659,31,112,2023-03,True
114,W.P. Labuan,74,28,8,2023-03,True
114,W.P. Putrajaya,311,31,19,2023-03,True
103,Johor,398,29,20,2023-03,True
103,Kedah,259,30,10,2023-03,True
103,Kelantan,436,31,21,2023-03,True
103,Melaka,4,4,1,2023-03,True
103,Negeri Sembilan,465,31,20,2023-03,True
103,Pahang,850,31,32,2023-03,True
103,Perak,1268,31,46,2023-03,True
103,Perlis,0,0,0,2023-03,False
103,Pulau Pinang,692,31,25,2023-03,True
103,Sabah,62,31,2,2023-03,True
103,Sarawak,58,31,2,2023-03,True
103,Selangor,1000,31,41,2023-03,True
103,Terengganu,285,29,11,2023-03,True
103,W.P. Kuala Lumpur,972,31,39,2023-03,True
103,W.P. Labuan,0,0,0,2023-03,False
103,W.P. Putrajaya,110,31,6,2023-03,True
1431,Johor,179,29,10,2023-03,True
1431,Kedah,335,30,15,2023-03,True
1431,Kelantan,527,31,18,2023-03,True
1431,Melaka,204,30,7,2023-03,True
1431,Negeri Sembilan,189,31,9,2023-03,True
1431,Pahang,242,31,9,2023-03,True
1431,Perak,536,31,21,2023-03,True
1431,Perlis,106,31,5,2023-03,True
1431,Pulau Pinang,458,31,15,2023-03,True
1431,Sabah,74,31,4,2023-03,True
1431,Sarawak,98,31,4,2023-03,True
1431,Selangor,393,31,18,2023-03,True
1431,Terengganu,285,29,17,2023-03,True
1431,W.P. Kuala Lumpur,90,31,5,2023-03,True
1431,W.P. Labuan,0,0,0,2023-03,False
1431,W.P. Putrajaya,16,16,1,2023-03,True
1555,Johor,1639,29,96,2023-03,True
1555,Kedah,998,30,44,2023-03,True
1555,Kelantan,1608,31,73,2023-03,True
1555,Melaka,413,30,20,2023-03,True
1555,Negeri Sembilan,577,31,24,2023-03,True
1555,Pahang,1597,31,72,2023-03,True
1555,Perak,2064,31,79,2023-03,True
1555,Perlis,228,31,14,2023-03,True
1555,Pulau Pinang,1171,31,52,2023-03,True
1555,Sabah,772,31,36,2023-03,True
1555,Sarawak,808,31,42,2023-03,True
1555,Selangor,1988,31,82,2023-03,True
1555,Terengganu,795,29,62,2023-03,True
1555,W.P. Kuala Lumpur,1840,31,88,2023-03,True
1555,W.P. Labuan,0,0,0,2023-03,False
1555,W.P. Putrajaya,208,31,15,2023-03,True
193,Johor,106,4,31,2023-03,True
193,Kedah,313,4,85,2023-03,True
193,Kelantan,36,4,10,2023-03,True
193,Melaka,19,4,5,2023-03,True
193,Negeri Sembilan,88,4,23,2023-03,True
193,Pahang,185,4,48,2023-03,True
193,Perak,293,4,81,2023-03,True
193,Perlis,126,4,34,2023-03,True
193,Pulau Pinang,238,6,62,2023-03,True
193,Sabah,229,5,62,2023-03,True
193,Sarawak,292,5,78,2023-03,True
193,Selangor,220,4,62,2023-03,True
193,Terengganu,43,4,12,2023-03,True
193,W.P. Kuala Lumpur,308,4,81,2023-03,True
193,W.P. Labuan,21,4,6,2023-03,True
193,W.P. Putrajaya,41,4,11,2023-03,True
1,Johor,2146,26,108,2023-04,True
1,Kedah,1158,26,52,2023-04,True
1,Kelantan,1387,23,73,2023-04,True
1,Melaka,428,25,19,2023-04,True
1,Negeri Sembilan,727,26,32,2023-04,True
1,Pahang,1634,25,72,2023-04,True
1,Perak,1947,25,82,2023-04,True
1,Perlis,348,25,15,2023-04,True
1,Pulau Pinang,1552,25,63,2023-04,True
1,Sabah,168,25,9,2023-04,True
1,Sarawak,280,25,15,2023-04,True
1,Selangor,1885,25,85,2023-04,True
1,Terengganu,1205,24,70,2023-04,True
1,W.P. Kuala Lumpur,1568,25,85,2023-04,True
1,W.P. Labuan,25,25,1,2023-04,True
1,W.P. Putrajaya,177,25,14,2023-04,True
1111,Johor,874,26,78,2023-04,True
1111,Kedah,254,26,23,2023-04,True
1111,Kelantan,427,23,58,2023-04,True
1111,Melaka,232,25,16,2023-04,True
1111,Negeri Sembilan,321,26,23,2023-04,True
1111,Pahang,622,25,50,2023-04,True
1111,Perak,744,25,52,2023-04,True
1111,Perlis,23,15,4,2023-04,True
1111,Pulau Pinang,547,25,35,2023-04,True
1111,Sabah,334,25,39,2023-04,True
1111,Sarawak,92,25,16,2023-04,True
1111,Selangor,563,25,44,2023-04,True
1111,Terengganu,360,24,61,2023-04,True
1111,W.P. Kuala Lumpur,797,25,60,2023-04,True
1111,W.P. Labuan,0,0,0,2023-04,False
1111,W.P. Putrajaya,80,25,8,2023-04,True
904,Johor,142,6,33,2023-04,True
904,Kedah,191,5,44,2023-04,True
904,Kelantan,46,5,14,2023-04,True
904,Melaka,27,5,6,2023-04,True
904,Negeri Sembilan,54,5,14,2023-04,True
904,Pahang,86,6,20,2023-04,True
904,Perak,215,5,52,2023-04,True
904,Perlis,63,5,14,2023-04,True
904,Pulau Pinang,115,7,27,2023-04,True
904,Sabah,0,0,0,2023-04,False
904,Sarawak,0,0,0,2023-04,False
904,Selangor,137,5,31,2023-04,True
904,Terengganu,134,5,31,2023-04,True
904,W.P. Kuala Lumpur,158,6,34,2023-04,True
904,W.P. Labuan,0,0,0,2023-04,False
904,W.P. Putrajaya,17,5,5,2023-04,True
918,Johor,454,26,58,2023-04,True
918,Kedah,493,26,63,2023-04,True
918,Kelantan,1098,23,116,2023-04,True
918,Melaka,133,25,19,2023-04,True
918,Negeri Sembilan,178,26,28,2023-04,True
918,Pahang,752,25,62,2023-04,True
918,Perak,301,25,50,2023-04,True
918,Perlis,322,25,37,2023-04,True
918,Pulau Pinang,225,25,45,2023-04,True
918,Sabah,408,25,33,2023-04,True
918,Sarawak,400,25,45,2023-04,True
918,Selangor,626,25,68,2023-04,True
918,Terengganu,746,24,96,2023-04,True
918,W.P. Kuala Lumpur,564,25,61,2023-04,True
918,W.P. Labuan,146,25,11,2023-04,True
918,W.P. Putrajaya,65,24,8,2023-04,True
1589,Johor,637,9,130,2023-04,True
1589,Kedah,412,6,84,2023-04,True
1589,Kelantan,715,5,146,2023-04,True
1589,Melaka,132,6,27,2023-04,True
1589,Negeri Sembilan,202,5,42,2023-04,True
1589,Pahang,393,9,80,2023-04,True
1589,Perak,494,5,102,2023-04,True
1589,Perlis,189,5,38,2023-04,True
1589,Pulau Pinang,433,8,89,2023-04,True
1589,Sabah,448,6,93,2023-04,True
1589,Sarawak,619,6,129,2023-04,True
1589,Selangor,408,6,90,2023-04,True
1589,Terengganu,523,5,107,2023-04,True
1589,W.P. Kuala Lumpur,503,7,104,2023-04,True
1589,W.P. Labuan,55,5,11,2023-04,True
1589,W.P. Putrajaya,97,5,21,2023-04,True
917,Johor,588,11,124,2023-04,True
917,Kedah,305,5,66,2023-04,True
917,Kelantan,483,5,109,2023-04,True
917,Melaka,111,6,25,2023-04,True
917,Negeri Sembilan,190,5,39,2023-04,True
917,Pahang,386,8,81,2023-04,True
917,Perak,394,5,88,2023-04,True
917,Perlis,161,5,35,2023-04,True
917,Pulau Pinang,331,8,70,2023-04,True
917,Sabah,171,6,41,2023-04,True
917,Sarawak,173,5,43,2023-04,True
917,Selangor,325,6,79,2023-04,True
917,Terengganu,452,5,95,2023-04,True
917,W.P. Kuala Lumpur,445,7,97,2023-04,True
917,W.P. Labuan,32,5,8,2023-04,True
917,W.P. Putrajaya,78,5,18,2023-04,True
129,Johor,2236,26,122,2023-04,True
129,Kedah,1334,26,76,2023-04,True
129,Kelantan,1723,23,130,2023-04,True
129,Melaka,444,25,25,2023-04,True
129,Negeri Sembilan,736,26,35,2023-04,True
129,Pahang,1634,25,78,2023-04,True
129,Perak,1847,25,82,2023-04,True
129,Perlis,414,25,34,2023-04,True
129,Pulau Pinang,1620,25,73,2023-04,True
129,Sabah,2206,25,133,2023-04,True
129,Sarawak,2290,25,142,2023-04,True
129,Selangor,1805,25,84,2023-04,True
129,Terengganu,1407,24,105,2023-04,True
129,W.P. Kuala Lumpur,1948,25,101,2023-04,True
129,W.P. Labuan,268,25,14,2023-04,True
129,W.P. Putrajaya,226,25,19,2023-04,True
1564,Johor,2409,26,138,2023-04,True
1564,Kedah,1272,26,74,2023-04,True
1564,Kelantan,1229,23,79,2023-04,True
1564,Melaka,490,25,27,2023-04,True
1564,Negeri Sembilan,764,26,41,2023-04,True
1564,Pahang,1647,25,76,2023-04,True
1564,Perak,2001,25,90,2023-04,True
1564,Perlis,334,25,28,2023-04,True
1564,Pulau Pinang,1798,25,82,2023-04,True
1564,Sabah,2329,25,133,2023-04,True
1564,Sarawak,2333,25,136,2023-04,True
1564,Selangor,1866,25,88,2023-04,True
1564,Terengganu,1180,24,84,2023-04,True
1564,W.P. Kuala Lumpur,2055,25,107,2023-04,True
1564,W.P. Labuan,283,25,14,2023-04,True
1564,W.P. Putrajaya,227,25,19,2023-04,True
1131,Johor,1757,26,114,2023-04,True
1131,Kedah,781,26,52,2023-04,True
1131,Kelantan,1029,23,72,2023-04,True
1131,Melaka,344,25,20,2023-04,True
1131,Negeri Sembilan,528,26,37,2023-04,True
1131,Pahang,1383,25,72,2023-04,True
1131,Perak,1508,25,78,2023-04,True
1131,Perlis,302,25,24,2023-04,True
1131,Pulau Pinang,830,25,55,2023-04,True
1131,Sabah,1984,25,115,2023-04,True
1131,Sarawak,2262,25,143,2023-04,True
1131,Selangor,1601,25,82,2023-04,True
1131,Terengganu,934,24,75,2023-04,True
1131,W.P. Kuala Lumpur,1451,25,87,2023-04,True
1131,W.P. Labuan,287,25,14,2023-04,True
1131,W.P. Putrajaya,211,25,19,2023-04,True
94,Johor,1158,26,65,2023-04,True
94,Kedah,504,26,24,2023-04,True
94,Kelantan,339,23,23,2023-04,True
94,Melaka,10,10,1,2023-04,True
94,Negeri Sembilan,613,26,30,2023-04,True
94,Pahang,1381,25,66,2023-04,True
94,Perak,992,25,47,2023-04,True
94,Perlis,214,25,18,2023-04,True
94,Pulau Pinang,728,25,35,2023-04,True
94,Sabah,407,25,30,2023-04,True
94,Sarawak,1328,25,92,2023-04,True
94,Selangor,1501,25,75,2023-04,True
94,Terengganu,592,23,46,2023-04,True
94,W.P. Kuala Lumpur,1536,25,89,2023-04,True
94,W.P. Labuan,3,3,1,2023-04,True
94,W.P. Putrajaya,104,25,6,2023-04,True
114,Johor,2315,26,125,2023-04,True
114,Kedah,1315,26,65,2023-04,True
114,Kelantan,1607,23,85,2023-04,True
114,Melaka,472,25,25,2023-04,True
114,Negeri Sembilan,798,26,36,2023-04,True
114,Pahang,1790,25,80,2023-04,True
114,Perak,2001,25,86,2023-04,True
114,Perlis,374,25,20,2023-04,True
114,Pulau Pinang,1766,25,77,2023-04,True
114,Sabah,1530,25,90,2023-04,True
114,Sarawak,1533,25,99,2023-04,True
114,Selangor,1924,25,90,2023-04,True
114,Terengganu,1034,24,81,2023-04,True
114,W.P. Kuala Lumpur,2208,25,113,2023-04,True
114,W.P. Labuan,97,25,12,2023-04,True
114,W.P. Putrajaya,265,25,19,2023-04,True
103,Johor,392,26,21,2023-04,True
103,Kedah,214,26,10,2023-04,True
103,Kelantan,355,23,24,2023-04,True
103,Melaka,3,3,1,2023-04,True
103,Negeri Sembilan,392,26,20,2023-04,True
103,Pahang,711,25,32,2023-04,True
103,Perak,984,25,44,2023-04,True
103,Perlis,0,0,0,2023-04,False
103,Pulau Pinang,557,25,24,2023-04,True
103,Sabah,50,25,2,2023-04,True
103,Sarawak,25,25,1,2023-04,True
103,Selangor,789,25,43,2023-04,True
103,Terengganu,236,23,12,2023-04,True
103,W.P. Kuala Lumpur,859,25,44,2023-04,True
103,W.P. Labuan,0,0,0,2023-04,False
103,W.P. Putrajaya,93,25,8,2023-04,True
1431,Johor,218,26,11,2023-04,True
1431,Kedah,358,26,16,2023-04,True
1431,Kelantan,407,23,18,2023-04,True
1431,Melaka,148,25,8,2023-04,True
1431,Negeri Sembilan,155,26,9,2023-04,True
1431,Pahang,195,25,10,2023-04,True
1431,Perak,430,25,22,2023-04,True
1431,Perlis,82,25,6,2023-04,True
1431,Pulau Pinang,419,25,18,2023-04,True
1431,Sabah,46,25,3,2023-04,True
1431,Sarawak,78,25,4,2023-04,True
1431,Selangor,316,25,18,2023-04,True
1431,Terengganu,274,24,18,2023-04,True
1431,W.P. Kuala Lumpur,104,25,7,2023-04,True
1431,W.P. Labuan,0,0,0,2023-04,False
1431,W.P. Putrajaya,9,9,1,2023-04,True
1555,Johor,1452,26,92,2023-04,True
1555,Kedah,852,26,44,2023-04,True
1555,Kelantan,1206,23,72,2023-04,True
1555,Melaka,379,25,21,2023-04,True
1555,Negeri Sembilan,476,26,24,2023-04,True
1555,Pahang,1160,25,72,2023-04,True
1555,Perak,1630,25,79,2023-04,True
1555,Perlis,190,25,14,2023-04,True
1555,Pulau Pinang,945,25,53,2023-04,True
1555,Sabah,499,25,34,2023-04,True
1555,Sarawak,612,25,38,2023-04,True
1555,Selangor,1573,25,82,2023-04,True
1555,Terengganu,662,24,63,2023-04,True
1555,W.P. Kuala Lumpur,1484,25,90,2023-04,True
1555,W.P. Labuan,0,0,0,2023-04,False
1555,W.P. Putrajaya,175,25,15,2023-04,True
193,Johor,145,6,32,2023-04,True
193,Kedah,393,6,81,2023-04,True
193,Kelantan,33,5,9,2023-04,True
193,Melaka,24,5,5,2023-04,True
193,Negeri Sembilan,119,5,26,2023-04,True
193,Pahang,233,5,51,2023-04,True
193,Perak,368,5,80,2023-04,True
193,Perlis,165,5,34,2023-04,True
193,Pulau Pinang,299,8,62,2023-04,True
193,Sabah,289,6,63,2023-04,True
193,Sarawak,389,6,86,2023-04,True
193,Selangor,286,6,66,2023-04,True
193,Terengganu,60,5,13,2023-04,True
193,W.P. Kuala Lumpur,385,7,80,2023-04,True
193,W.P. Labuan,29,5,6,2023-04,True
193,W.P. Putrajaya,33,5,9,2023-04,True
1,Johor,1991,24,109,2023-05,True
1,Kedah,1095,24,52,2023-05,True
1,Kelantan,1456,24,72,2023-05,True
1,Melaka,412,24,19,2023-05,True
1,Negeri Sembilan,672,24,32,2023-05,True
1,Pahang,1499,24,71,2023-05,True
1,Perak,1889,24,82,2023-05,True
1,Perlis,312,23,15,2023-05,True
1,Pulau Pinang,1492,24,63,2023-05,True
1,Sabah,123,22,7,2023-05,True
1,Sarawak,270,24,14,2023-05,True
1,Selangor,1786,24,85,2023-05,True
1,Terengganu,1249,24,69,2023-05,True
1,W.P. Kuala Lumpur,1459,24,84,2023-05,True
1,W.P. Labuan,25,22,2,2023-05,True
1,W.P. Putrajaya,186,24,14,2023-05,True
1111,Johor,1106,24,86,2023-05,True
1111,Kedah,329,24,27,2023-05,True
1111,Kelantan,562,24,57,2023-05,True
1111,Melaka,199,24,15,2023-05,True
1111,Negeri Sembilan,372,24,26,2023-05,True
1111,Pahang,692,24,54,2023-05,True
1111,Perak,773,24,53,2023-05,True
1111,Perlis,18,15,3,2023-05,True
1111,Pulau Pinang,599,24,35,2023-05,True
1111,Sabah,415,22,52,2023-05,True
1111,Sarawak,145,24,25,2023-05,True
1111,Selangor,582,24,49,2023-05,True
1111,Terengganu,527,24,64,2023-05,True
1111,W.P. Kuala Lumpur,826,24,66,2023-05,True
1111,W.P. Labuan,0,0,0,2023-05,False
1111,W.P. Putrajaya,90,24,8,2023-05,True
904,Johor,116,5,36,2023-05,True
904,Kedah,157,4,42,2023-05,True
904,Kelantan,32,5,11,2023-05,True
904,Melaka,19,4,6,2023-05,True
904,Negeri Sembilan,44,4,13,2023-05,True
904,Pahang,62,4,17,2023-05,True
904,Perak,161,5,51,2023-05,True
904,Perlis,57,4,16,2023-05,True
904,Pulau Pinang,101,5,28,2023-05,True
904,Sabah,0,0,0,2023-05,False
904,Sarawak,0,0,0,2023-05,False
904,Selangor,103,4,31,2023-05,True
904,Terengganu,108,5,35,2023-05,True
904,W.P. Kuala Lumpur,133,4,34,2023-05,True
904,W.P. Labuan,0,0,0,2023-05,False
904,W.P. Putrajaya,18,5,6,2023-05,True
918,Johor,412,24,57,2023-05,True
918,Kedah,505,24,66,2023-05,True
918,Kelantan,1121,24,115,2023-05,True
918,Melaka,146,24,21,2023-05,True
918,Negeri Sembilan,200,24,29,2023-05,True
918,Pahang,780,23,67,2023-05,True
918,Perak,274,24,55,2023-05,True
918,Perlis,291,23,36,2023-05,True
918,Pulau Pinang,210,24,46,2023-05,True
918,Sabah,372,22,34,2023-05,True
918,Sarawak,488,24,54,2023-05,True
918,Selangor,565,24,63,2023-05,True
918,Terengganu,840,24,101,2023-05,True
918,W.P. Kuala Lumpur,570,24,61,2023-05,True
918,W.P. Labuan,144,22,11,2023-05,True
918,W.P. Putrajaya,33,22,10,2023-05,True
1589,Johor,489,7,129,2023-05,True
1589,Kedah,228,4,81,2023-05,True
1589,Kelantan,507,5,143,2023-05,True
1589,Melaka,101,5,26,2023-05,True
1589,Negeri Sembilan,154,4,41,2023-05,True
1589,Pahang,264,6,78,2023-05,True
1589,Perak,317,5,97,2023-05,True
1589,Perlis,124,4,39,2023-05,True
1589,Pulau Pinang,271,5,82,2023-05,True
1589,Sabah,365,6,92,2023-05,True
1589,Sarawak,507,6,118,2023-05,True
1589,Selangor,316,5,84,2023-05,True
1589,Terengganu,354,5,106,2023-05,True
1589,W.P. Kuala Lumpur,398,5,103,2023-05,True
1589,W.P. Labuan,45,5,11,2023-05,True
1589,W.P. Putrajaya,69,5,19,2023-05,True
917,Johor,457,8,123,2023-05,True
917,Kedah,254,4,68,2023-05,True
917,Kelantan,392,6,114,2023-05,True
917,Melaka,97,5,25,2023-05,True
917,Negeri Sembilan,146,4,38,2023-05,True
917,Pahang,320,7,83,2023-05,True
917,Perak,331,5,91,2023-05,True
917,Perlis,133,4,38,2023-05,True
917,Pulau Pinang,266,5,69,2023-05,True
917,Sabah,154,5,44,2023-05,True
917,Sarawak,173,5,43,2023-05,True
917,Selangor,270,5,74,2023-05,True
917,Terengganu,390,5,98,2023-05,True
917,W.P. Kuala Lumpur,369,5,95,2023-05,True
917,W.P. Labuan,30,5,8,2023-05,True
917,W.P. Putrajaya,65,5,18,2023-05,True
129,Johor,1862,24,122,2023-05,True
129,Kedah,1163,24,76,2023-05,True
129,Kelantan,1704,24,130,2023-05,True
129,Melaka,398,24,25,2023-05,True
129,Negeri Sembilan,637,24,36,2023-05,True
129,Pahang,1443,24,77,2023-05,True
129,Perak,1563,24,81,2023-05,True
129,Perlis,371,23,33,2023-05,True
129,Pulau Pinang,1531,24,74,2023-05,True
129,Sabah,1808,22,131,2023-05,True
129,Sarawak,1996,24,140,2023-05,True
129,Selangor,1617,24,84,2023-05,True
129,Terengganu,1350,24,104,2023-05,True
129,W.P. Kuala Lumpur,1751,24,100,2023-05,True
129,W.P. Labuan,236,22,14,2023-05,True
129,W.P. Putrajaya,199,24,18,2023-05,True
1564,Johor,2140,24,134,2023-05,True
1564,Kedah,1146,24,74,2023-05,True
1564,Kelantan,1276,24,83,2023-05,True
1564,Melaka,457,24,27,2023-05,True
1564,Negeri Sembilan,688,24,42,2023-05,True
1564,Pahang,1477,24,75,2023-05,True
1564,Perak,1873,24,88,2023-05,True
1564,Perlis,319,23,28,2023-05,True
1564,Pulau Pinang,1687,24,82,2023-05,True
1564,Sabah,1948,22,131,2023-05,True
1564,Sarawak,2210,24,137,2023-05,True
1564,Selangor,1776,24,89,2023-05,True
1564,Terengganu,1137,24,80,2023-05,True
1564,W.P. Kuala Lumpur,1925,24,104,2023-05,True
1564,W.P. Labuan,244,22,14,2023-05,True
1564,W.P. Putrajaya,214,24,19,2023-05,True
1131,Johor,1627,24,117,2023-05,True
1131,Kedah,695,24,46,2023-05,True
1131,Kelantan,1042,24,66,2023-05,True
1131,Melaka,318,24,20,2023-05,True
1131,Negeri Sembilan,487,24,31,2023-05,True
1131,Pahang,1271,23,68,2023-05,True
1131,Perak,1421,24,78,2023-05,True
1131,Perlis,260,23,24,2023-05,True
1131,Pulau Pinang,820,24,57,2023-05,True
1131,Sabah,1687,22,119,2023-05,True
1131,Sarawak,2269,24,144,2023-05,True
1131,Selangor,1450,24,79,2023-05,True
1131,Terengganu,849,24,64,2023-05,True
1131,W.P. Kuala Lumpur,1263,24,81,2023-05,True
1131,W.P. Labuan,252,22,14,2023-05,True
1131,W.P. Putrajaya,192,24,20,2023-05,True
94,Johor,1073,24,71,2023-05,True
94,Kedah,489,24,26,2023-05,True
94,Kelantan,393,24,24,2023-05,True
94,Melaka,0,0,0,2023-05,False
94,Negeri Sembilan,559,24,31,2023-05,True
94,Pahang,1140,24,63,2023-05,True
94,Perak,945,24,47,2023-05,True
94,Perlis,185,23,15,2023-05,True
94,Pulau Pinang,687,24,39,2023-05,True
94,Sabah,426,22,31,2023-05,True
94,Sarawak,1498,24,90,2023-05,True
94,Selangor,1438,24,79,2023-05,True
94,Terengganu,619,24,44,2023-05,True
94,W.P. Kuala Lumpur,1515,24,92,2023-05,True
94,W.P. Labuan,0,0,0,2023-05,False
94,W.P. Putrajaya,50,24,6,2023-05,True
114,Johor,2139,24,126,2023-05,True
114,Kedah,1242,24,65,2023-05,True
114,Kelantan,1661,24,85,2023-05,True
114,Melaka,449,24,25,2023-05,True
114,Negeri Sembilan,724,24,36,2023-05,True
114,Pahang,1665,24,80,2023-05,True
114,Perak,1919,24,86,2023-05,True
114,Perlis,343,23,20,2023-05,True
114,Pulau Pinang,1687,24,78,2023-05,True
114,Sabah,1380,22,92,2023-05,True
114,Sarawak,1789,24,100,2023-05,True
114,Selangor,1830,24,90,2023-05,True
114,Terengganu,1235,24,84,2023-05,True
114,W.P. Kuala Lumpur,2113,24,114,2023-05,True
114,W.P. Labuan,165,22,11,2023-05,True
114,W.P. Putrajaya,255,24,19,2023-05,True
103,Johor,423,24,24,2023-05,True
103,Kedah,208,24,10,2023-05,True
103,Kelantan,315,24,21,2023-05,True
103,Melaka,0,0,0,2023-05,False
103,Negeri Sembilan,341,24,18,2023-05,True
103,Pahang,635,23,34,2023-05,True
103,Perak,947,24,45,2023-05,True
103,Perlis,0,0,0,2023-05,False
103,Pulau Pinang,532,24,23,2023-05,True
103,Sabah,50,22,3,2023-05,True
103,Sarawak,48,24,2,2023-05,True
103,Selangor,659,24,42,2023-05,True
103,Terengganu,237,24,12,2023-05,True
103,W.P. Kuala Lumpur,824,24,44,2023-05,True
103,W.P. Labuan,0,0,0,2023-05,False
103,W.P. Putrajaya,89,24,7,2023-05,True
1431,Johor,180,24,10,2023-05,True
1431,Kedah,273,24,14,2023-05,True
1431,Kelantan,400,24,18,2023-05,True
1431,Melaka,130,24,6,2023-05,True
1431,Negeri Sembilan,116,24,8,2023-05,True
1431,Pahang,136,23,9,2023-05,True
1431,Perak,394,24,19,2023-05,True
1431,Perlis,63,23,5,2023-05,True
1431,Pulau Pinang,398,24,18,2023-05,True
1431,Sabah,55,22,4,2023-05,True
1431,Sarawak,78,24,4,2023-05,True
1431,Selangor,275,24,15,2023-05,True
1431,Terengganu,225,24,17,2023-05,True
1431,W.P. Kuala Lumpur,86,24,8,2023-05,True
1431,W.P. Labuan,0,0,0,2023-05,False
1431,W.P. Putrajaya,24,21,2,2023-05,True
1555,Johor,1446,24,101,2023-05,True
1555,Kedah,797,24,44,2023-05,True
1555,Kelantan,1318,24,74,2023-05,True
1555,Melaka,373,24,19,2023-05,True
1555,Negeri Sembilan,456,24,24,2023-05,True
1555,Pahang,1161,23,71,2023-05,True
1555,Perak,1648,24,79,2023-05,True
1555,Perlis,166,23,13,2023-05,True
1555,Pulau Pinang,960,24,57,2023-05,True
1555,Sabah,491,22,30,2023-05,True
1555,Sarawak,624,24,43,2023-05,True
1555,Selangor,1567,24,81,2023-05,True
1555,Terengganu,703,24,66,2023-05,True
1555,W.P. Kuala Lumpur,1418,24,86,2023-05,True
1555,W.P. Labuan,0,0,0,2023-05,False
1555,W.P. Putrajaya,188,24,16,2023-05,True
193,Johor,115,5,29,2023-05,True
193,Kedah,306,4,80,2023-05,True
193,Kelantan,35,4,10,2023-05,True
193,Melaka,20,4,5,2023-05,True
193,Negeri Sembilan,94,4,25,2023-05,True
193,Pahang,193,5,50,2023-05,True
193,Perak,296,5,82,2023-05,True
193,Perlis,128,4,35,2023-05,True
193,Pulau Pinang,233,6,62,2023-05,True
193,Sabah,234,5,64,2023-05,True
193,Sarawak,388,7,86,2023-05,True
193,Selangor,234,5,63,2023-05,True
193,Terengganu,45,4,12,2023-05,True
193,W.P. Kuala Lumpur,331,4,87,2023-05,True
193,W.P. Labuan,22,4,6,2023-05,True
193,W.P. Putrajaya,21,4,6,2023-05,True
1,Johor,2314,28,108,2023-06,True
1,Kedah,1178,26,53,2023-06,True
1,Kelantan,1616,26,73,2023-06,True
1,Melaka,482,28,19,2023-06,True
1,Negeri Sembilan,787,28,32,2023-06,True
1,Pahang,1805,28,70,2023-06,True
1,Perak,2199,28,82,2023-06,True
1,Perlis,370,27,15,2023-06,True
1,Pulau Pinang,1750,28,63,2023-06,True
1,Sabah,171,28,8,2023-06,True
1,Sarawak,274,26,13,2023-06,True
1,Selangor,2078,28,84,2023-06,True
1,Terengganu,1375,26,71,2023-06,True
1,W.P. Kuala Lumpur,1733,28,85,2023-06,True
1,W.P. Labuan,28,28,1,2023-06,True
1,W.P. Putrajaya,224,28,14,2023-06,True
1111,Johor,1241,28,89,2023-06,True
1111,Kedah,392,26,27,2023-06,True
1111,Kelantan,585,26,64,2023-06,True
1111,Melaka,220,28,16,2023-06,True
1111,Negeri Sembilan,437,28,28,2023-06,True
1111,Pahang,633,28,50,2023-06,True
1111,Perak,780,28,49,2023-06,True
1111,Perlis,21,13,4,2023-06,True
1111,Pulau Pinang,662,28,37,2023-06,True
1111,Sabah,614,28,57,2023-06,True
1111,Sarawak,189,26,24,2023-06,True
1111,Selangor,739,28,48,2023-06,True
1111,Terengganu,469,26,62,2023-06,True
1111,W.P. Kuala Lumpur,850,28,65,2023-06,True
1111,W.P. Labuan,0,0,0,2023-06,False
1111,W.P. Putrajaya,113,28,8,2023-06,True
904,Johor,113,4,35,2023-06,True
904,Kedah,163,4,45,2023-06,True
904,Kelantan,44,4,16,2023-06,True
904,Melaka,24,4,7,2023-06,True
904,Negeri Sembilan,45,4,14,2023-06,True
904,Pahang,68,4,21,2023-06,True
904,Perak,174,5,51,2023-06,True
904,Perlis,46,4,13,2023-06,True
904,Pulau Pinang,105,5,31,2023-06,True
904,Sabah,0,0,0,2023-06,False
904,Sarawak,0,0,0,2023-06,False
904,Selangor,100,4,29,2023-06,True
904,Terengganu,118,4,36,2023-06,True
904,W.P. Kuala Lumpur,125,4,37,2023-06,True
904,W.P. Labuan,0,0,0,2023-06,False
904,W.P. Putrajaya,20,4,6,2023-06,True
918,Johor,504,28,54,2023-06,True
918,Kedah,552,26,67,2023-06,True
918,Kelantan,1090,26,119,2023-06,True
918,Melaka,140,28,21,2023-06,True
918,Negeri Sembilan,228,28,30,2023-06,True
918,Pahang,985,28,70,2023-06,True
918,Perak,304,28,54,2023-06,True
918,Perlis,329,27,38,2023-06,True
918,Pulau Pinang,205,28,42,2023-06,True
918,Sabah,629,28,43,2023-06,True
918,Sarawak,414,26,51,2023-06,True
918,Selangor,691,28,61,2023-06,True
918,Terengganu,891,26,104,2023-06,True
918,W.P. Kuala Lumpur,553,28,59,2023-06,True
918,W.P. Labuan,231,28,13,2023-06,True
918,W.P. Putrajaya,39,23,6,2023-06,True
1589,Johor,488,7,128,2023-06,True
1589,Kedah,226,4,67,2023-06,True
1589,Kelantan,544,7,141,2023-06,True
1589,Melaka,97,4,25,2023-06,True
1589,Negeri Sembilan,147,4,41,2023-06,True
1589,Pahang,278,7,74,2023-06,True
1589,Perak,295,6,93,2023-06,True
1589,Perlis,117,4,35,2023-06,True
1589,Pulau Pinang,270,6,79,2023-06,True
1589,Sabah,360,4,94,2023-06,True
1589,Sarawak,286,4,110,2023-06,True
1589,Selangor,307,4,87,2023-06,True
1589,Terengganu,384,4,105,2023-06,True
1589,W.P. Kuala Lumpur,401,4,107,2023-06,True
1589,W.P. Labuan,33,3,11,2023-06,True
1589,W.P. Putrajaya,72,4,20,2023-06,True
917,Johor,460,7,120,2023-06,True
917,Kedah,259,4,68,2023-06,True
917,Kelantan,413,7,116,2023-06,True
917,Melaka,95,4,26,2023-06,True
917,Negeri Sembilan,145,4,38,2023-06,True
917,Pahang,318,8,83,2023-06,True
917,Perak,334,4,91,2023-06,True
917,Perlis,135,4,36,2023-06,True
917,Pulau Pinang,265,5,69,2023-06,True
917,Sabah,161,4,45,2023-06,True
917,Sarawak,103,4,41,2023-06,True
917,Selangor,268,4,76,2023-06,True
917,Terengganu,383,4,100,2023-06,True
917,W.P. Kuala Lumpur,370,4,98,2023-06,True
917,W.P. Labuan,20,3,8,2023-06,True
917,W.P. Putrajaya,63,4,17,2023-06,True
129,Johor,2328,28,123,2023-06,True
129,Kedah,1288,26,76,2023-06,True
129,Kelantan,1869,26,131,2023-06,True
129,Melaka,469,28,24,2023-06,True
129,Negeri Sembilan,791,28,35,2023-06,True
129,Pahang,1825,28,75,2023-06,True
129,Perak,2060,28,80,2023-06,True
129,Perlis,425,27,33,2023-06,True
129,Pulau Pinang,1920,28,76,2023-06,True
129,Sabah,2313,28,122,2023-06,True
129,Sarawak,2174,26,140,2023-06,True
129,Selangor,2010,28,85,2023-06,True
129,Terengganu,1525,26,105,2023-06,True
129,W.P. Kuala Lumpur,2150,28,103,2023-06,True
129,W.P. Labuan,309,28,14,2023-06,True
129,W.P. Putrajaya,244,28,19,2023-06,True
1564,Johor,2485,28,132,2023-06,True
1564,Kedah,1250,26,75,2023-06,True
1564,Kelantan,1340,26,79,2023-06,True
1564,Melaka,532,28,27,2023-06,True
1564,Negeri Sembilan,804,28,41,2023-06,True
1564,Pahang,1747,28,73,2023-06,True
1564,Perak,2186,28,89,2023-06,True
1564,Perlis,345,27,27,2023-06,True
1564,Pulau Pinang,1979,28,82,2023-06,True
1564,Sabah,2431,28,127,2023-06,True
1564,Sarawak,2270,26,133,2023-06,True
1564,Selangor,2036,28,87,2023-06,True
1564,Terengganu,1201,26,81,2023-06,True
1564,W.P. Kuala Lumpur,2269,28,105,2023-06,True
1564,W.P. Labuan,335,28,14,2023-06,True
1564,W.P. Putrajaya,263,28,19,2023-06,True
1131,Johor,1848,28,117,2023-06,True
1131,Kedah,673,26,50,2023-06,True
1131,Kelantan,1123,26,67,2023-06,True
1131,Melaka,367,28,19,2023-06,True
1131,Negeri Sembilan,562,28,30,2023-06,True
1131,Pahang,1594,28,70,2023-06,True
1131,Perak,1747,28,82,2023-06,True
1131,Perlis,325,27,25,2023-06,True
1131,Pulau Pinang,1054,28,54,2023-06,True
1131,Sabah,2107,28,117,2023-06,True
1131,Sarawak,2250,26,138,2023-06,True
1131,Selangor,1639,28,77,2023-06,True
1131,Terengganu,891,26,63,2023-06,True
1131,W.P. Kuala Lumpur,1336,28,78,2023-06,True
1131,W.P. Labuan,318,28,14,2023-06,True
1131,W.P. Putrajaya,236,28,20,2023-06,True
94,Johor,1272,28,65,2023-06,True
94,Kedah,571,26,30,2023-06,True
94,Kelantan,425,26,23,2023-06,True
94,Melaka,13,13,1,2023-06,True
94,Negeri Sembilan,626,28,32,2023-06,True
94,Pahang,1443,28,68,2023-06,True
94,Perak,1117,28,48,2023-06,True
94,Perlis,248,27,16,2023-06,True
94,Pulau Pinang,858,28,42,2023-06,True
94,Sabah,526,28,26,2023-06,True
94,Sarawak,1512,26,90,2023-06,True
94,Selangor,1717,28,77,2023-06,True
94,Terengganu,638,26,41,2023-06,True
94,W.P. Kuala Lumpur,1781,28,87,2023-06,True
94,W.P. Labuan,0,0,0,2023-06,False
94,W.P. Putrajaya,42,27,5,2023-06,True
114,Johor,2474,28,126,2023-06,True
114,Kedah,1325,26,65,2023-06,True
114,Kelantan,1773,26,85,2023-06,True
114,Melaka,522,28,25,2023-06,True
114,Negeri Sembilan,852,28,36,2023-06,True
114,Pahang,1990,28,79,2023-06,True
114,Perak,2229,28,86,2023-06,True
114,Perlis,410,27,20,2023-06,True
114,Pulau Pinang,1963,28,77,2023-06,True
114,Sabah,1936,28,95,2023-06,True
114,Sarawak,1860,26,108,2023-06,True
114,Selangor,2126,28,88,2023-06,True
114,Terengganu,1347,26,90,2023-06,True
114,W.P. Kuala Lumpur,2444,28,114,2023-06,True
114,W.P. Labuan,192,28,10,2023-06,True
114,W.P. Putrajaya,283,28,19,2023-06,True
103,Johor,478,28,23,2023-06,True
103,Kedah,216,26,10,2023-06,True
103,Kelantan,361,26,21,2023-06,True
103,Melaka,0,0,0,2023-06,False
103,Negeri Sembilan,426,28,19,2023-06,True
103,Pahang,847,28,33,2023-06,True
103,Perak,1169,28,46,2023-06,True
103,Perlis,0,0,0,2023-06,False
103,Pulau Pinang,633,28,23,2023-06,True
103,Sabah,90,28,5,2023-06,True
103,Sarawak,41,26,2,2023-06,True
103,Selangor,850,28,40,2023-06,True
103,Terengganu,264,26,12,2023-06,True
103,W.P. Kuala Lumpur,926,28,41,2023-06,True
103,W.P. Labuan,0,0,0,2023-06,False
103,W.P. Putrajaya,76,28,6,2023-06,True
1431,Johor,234,28,10,2023-06,True
1431,Kedah,298,26,13,2023-06,True
1431,Kelantan,431,26,18,2023-06,True
1431,Melaka,153,28,6,2023-06,True
1431,Negeri Sembilan,130,28,8,2023-06,True
1431,Pahang,190,28,9,2023-06,True
1431,Perak,448,28,19,2023-06,True
1431,Perlis,67,27,4,2023-06,True
1431,Pulau Pinang,464,28,17,2023-06,True
1431,Sabah,76,28,3,2023-06,True
1431,Sarawak,87,26,4,2023-06,True
1431,Selangor,345,28,15,2023-06,True
1431,Terengganu,220,26,15,2023-06,True
1431,W.P. Kuala Lumpur,121,28,9,2023-06,True
1431,W.P. Labuan,0,0,0,2023-06,False
1431,W.P. Putrajaya,8,8,1,2023-06,True
1555,Johor,1736,28,99,2023-06,True
1555,Kedah,886,26,43,2023-06,True
1555,Kelantan,1475,26,73,2023-06,True
1555,Melaka,421,28,20,2023-06,True
1555,Negeri Sembilan,563,28,24,2023-06,True
1555,Pahang,1402,28,69,2023-06,True
1555,Perak,1861,28,79,2023-06,True
1555,Perlis,200,27,13,2023-06,True
1555,Pulau Pinang,1065,28,58,2023-06,True
1555,Sabah,676,28,32,2023-06,True
1555,Sarawak,722,26,44,2023-06,True
1555,Selangor,1802,28,81,2023-06,True
1555,Terengganu,820,26,67,2023-06,True
1555,W.P. Kuala Lumpur,1562,28,86,2023-06,True
1555,W.P. Labuan,0,0,0,2023-06,False
1555,W.P. Putrajaya,243,28,16,2023-06,True
193,Johor,122,4,31,2023-06,True
193,Kedah,305,5,81,2023-06,True
193,Kelantan,38,4,10,2023-06,True
193,Melaka,19,4,5,2023-06,True
193,Negeri Sembilan,95,4,27,2023-06,True
193,Pahang,189,4,50,2023-06,True
193,Perak,310,6,86,2023-06,True
193,Perlis,138,4,36,2023-06,True
193,Pulau Pinang,232,5,62,2023-06,True
193,Sabah,220,4,63,2023-06,True
193,Sarawak,234,4,84,2023-06,True
193,Selangor,227,4,64,2023-06,True
193,Terengganu,44,4,12,2023-06,True
193,W.P. Kuala Lumpur,329,4,87,2023-06,True
193,W.P. Labuan,13,3,5,2023-06,True
193,W.P. Putrajaya,35,4,10,2023-06,True
1,Johor,2410,29,109,2023-07,True
1,Kedah,1330,29,53,2023-07,True
1,Kelantan,1864,30,76,2023-07,True
1,Melaka,515,30,19,2023-07,True
1,Negeri Sembilan,854,30,32,2023-07,True
1,Pahang,1856,30,73,2023-07,True
1,Perak,2338,30,82,2023-07,True
1,Perlis,404,30,16,2023-07,True
1,Pulau Pinang,1754,28,63,2023-07,True
1,Sabah,212,30,8,2023-07,True
1,Sarawak,267,29,12,2023-07,True
1,Selangor,2252,30,83,2023-07,True
1,Terengganu,1637,30,81,2023-07,True
1,W.P. Kuala Lumpur,1908,30,85,2023-07,True
1,W.P. Labuan,33,30,2,2023-07,True
1,W.P. Putrajaya,242,30,14,2023-07,True
1111,Johor,1214,29,92,2023-07,True
1111,Kedah,352,29,27,2023-07,True
1111,Kelantan,522,30,62,2023-07,True
1111,Melaka,210,30,16,2023-07,True
1111,Negeri Sembilan,429,30,25,2023-07,True
1111,Pahang,560,29,49,2023-07,True
1111,Perak,813,30,52,2023-07,True
1111,Perlis,15,15,2,2023-07,True
1111,Pulau Pinang,509,28,34,2023-07,True
1111,Sabah,837,30,64,2023-07,True
1111,Sarawak,180,29,25,2023-07,True
1111,Selangor,746,30,51,2023-07,True
1111,Terengganu,361,30,56,2023-07,True
1111,W.P. Kuala Lumpur,794,30,59,2023-07,True
1111,W.P. Labuan,0,0,0,2023-07,False
1111,W.P. Putrajaya,93,29,10,2023-07,True
904,Johor,97,6,29,2023-07,True
904,Kedah,203,5,45,2023-07,True
904,Kelantan,43,5,16,2023-07,True
904,Melaka,31,5,7,2023-07,True
904,Negeri Sembilan,45,5,12,2023-07,True
904,Pahang,90,5,25,2023-07,True
904,Perak,161,5,50,2023-07,True
904,Perlis,47,5,15,2023-07,True
904,Pulau Pinang,116,5,31,2023-07,True
904,Sabah,0,0,0,2023-07,False
904,Sarawak,0,0,0,2023-07,False
904,Selangor,103,5,31,2023-07,True
904,Terengganu,135,5,35,2023-07,True
904,W.P. Kuala Lumpur,147,6,34,2023-07,True
904,W.P. Labuan,0,0,0,2023-07,False
904,W.P. Putrajaya,24,5,7,2023-07,True
918,Johor,556,29,58,2023-07,True
918,Kedah,656,29,71,2023-07,True
918,Kelantan,1092,30,115,2023-07,True
918,Melaka,147,30,19,2023-07,True
918,Negeri Sembilan,243,30,26,2023-07,True
918,Pahang,828,28,61,2023-07,True
918,Perak,289,30,54,2023-07,True
918,Perlis,382,30,41,2023-07,True
918,Pulau Pinang,240,28,47,2023-07,True
918,Sabah,671,30,45,2023-07,True
918,Sarawak,468,29,59,2023-07,True
918,Selangor,739,30,66,2023-07,True
918,Terengganu,847,30,95,2023-07,True
918,W.P. Kuala Lumpur,550,30,56,2023-07,True
918,W.P. Labuan,209,30,13,2023-07,True
918,W.P. Putrajaya,46,28,7,2023-07,True
1589,Johor,621,10,129,2023-07,True
1589,Kedah,364,5,77,2023-07,True
1589,Kelantan,675,7,138,2023-07,True
1589,Melaka,125,6,27,2023-07,True
1589,Negeri Sembilan,195,5,41,2023-07,True
1589,Pahang,366,10,78,2023-07,True
1589,Perak,420,5,93,2023-07,True
1589,Perlis,180,5,43,2023-07,True
1589,Pulau Pinang,369,7,79,2023-07,True
1589,Sabah,409,7,95,2023-07,True
1589,Sarawak,438,5,104,2023-07,True
1589,Selangor,375,6,78,2023-07,True
1589,Terengganu,431,5,100,2023-07,True
1589,W.P. Kuala Lumpur,507,7,103,2023-07,True
1589,W.P. Labuan,53,5,11,2023-07,True
1589,W.P. Putrajaya,102,6,21,2023-07,True
917,Johor,562,9,121,2023-07,True
917,Kedah,325,5,70,2023-07,True
917,Kelantan,514,7,119,2023-07,True
917,Melaka,118,6,26,2023-07,True
917,Negeri Sembilan,181,5,38,2023-07,True
917,Pahang,401,10,83,2023-07,True
917,Perak,400,5,89,2023-07,True
917,Perlis,175,5,40,2023-07,True
917,Pulau Pinang,333,5,71,2023-07,True
917,Sabah,214,7,51,2023-07,True
917,Sarawak,180,5,46,2023-07,True
917,Selangor,304,5,70,2023-07,True
917,Terengganu,462,6,99,2023-07,True
917,W.P. Kuala Lumpur,436,7,91,2023-07,True
917,W.P. Labuan,31,5,8,2023-07,True
917,W.P. Putrajaya,83,5,20,2023-07,True
129,Johor,2509,29,122,2023-07,True
129,Kedah,1456,29,76,2023-07,True
129,Kelantan,2200,30,133,2023-07,True
129,Melaka,517,30,25,2023-07,True
129,Negeri Sembilan,849,30,35,2023-07,True
129,Pahang,1881,30,76,2023-07,True
129,Perak,2234,30,81,2023-07,True
129,Perlis,504,30,36,2023-07,True
129,Pulau Pinang,1879,28,76,2023-07,True
129,Sabah,2483,30,126,2023-07,True
129,Sarawak,2663,29,141,2023-07,True
129,Selangor,2190,30,83,2023-07,True
129,Terengganu,1769,30,105,2023-07,True
129,W.P. Kuala Lumpur,2301,30,100,2023-07,True
129,W.P. Labuan,353,30,14,2023-07,True
129,W.P. Putrajaya,278,30,19,2023-07,True
1564,Johor,2633,29,136,2023-07,True
1564,Kedah,1315,29,73,2023-07,True
1564,Kelantan,1522,30,75,2023-07,True
1564,Melaka,569,30,27,2023-07,True
1564,Negeri Sembilan,861,30,40,2023-07,True
1564,Pahang,1817,30,74,2023-07,True
1564,Perak,2364,30,90,2023-07,True
1564,Perlis,357,30,28,2023-07,True
1564,Pulau Pinang,1994,28,82,2023-07,True
1564,Sabah,2626,30,127,2023-07,True
1564,Sarawak,2690,29,135,2023-07,True
1564,Selangor,2197,30,87,2023-07,True
1564,Terengganu,1312,30,76,2023-07,True
1564,W.P. Kuala Lumpur,2442,30,104,2023-07,True
1564,W.P. Labuan,360,30,14,2023-07,True
1564,W.P. Putrajaya,287,30,19,2023-07,True
1131,Johor,2017,29,119,2023-07,True
1131,Kedah,802,29,52,2023-07,True
1131,Kelantan,1331,30,71,2023-07,True
1131,Melaka,409,30,19,2023-07,True
1131,Negeri Sembilan,669,30,33,2023-07,True
1131,Pahang,1564,28,67,2023-07,True
1131,Perak,2049,30,82,2023-07,True
1131,Perlis,329,30,26,2023-07,True
1131,Pulau Pinang,1386,28,65,2023-07,True
1131,Sabah,2365,30,118,2023-07,True
1131,Sarawak,2568,29,137,2023-07,True
1131,Selangor,1853,30,80,2023-07,True
1131,Terengganu,1172,30,71,2023-07,True
1131,W.P. Kuala Lumpur,1627,30,77,2023-07,True
1131,W.P. Labuan,366,30,14,2023-07,True
1131,W.P. Putrajaya,281,30,20,2023-07,True
94,Johor,1388,29,67,2023-07,True
94,Kedah,691,29,33,2023-07,True
94,Kelantan,489,30,25,2023-07,True
94,Melaka,29,28,2,2023-07,True
94,Negeri Sembilan,721,30,31,2023-07,True
94,Pahang,1596,30,70,2023-07,True
94,Perak,1164,30,49,2023-07,True
94,Perlis,350,30,21,2023-07,True
94,Pulau Pinang,969,28,46,2023-07,True
94,Sabah,557,30,30,2023-07,True
94,Sarawak,2063,29,100,2023-07,True
94,Selangor,1833,30,75,2023-07,True
94,Terengganu,696,30,40,2023-07,True
94,W.P. Kuala Lumpur,1922,30,88,2023-07,True
94,W.P. Labuan,0,0,0,2023-07,False
94,W.P. Putrajaya,14,11,3,2023-07,True
114,Johor,2618,29,128,2023-07,True
114,Kedah,1493,29,64,2023-07,True
114,Kelantan,2054,30,84,2023-07,True
114,Melaka,556,30,25,2023-07,True
114,Negeri Sembilan,909,30,36,2023-07,True
114,Pahang,2007,30,80,2023-07,True
114,Perak,2373,30,86,2023-07,True
114,Perlis,435,30,22,2023-07,True
114,Pulau Pinang,1950,28,76,2023-07,True
114,Sabah,1953,30,96,2023-07,True
114,Sarawak,2031,29,103,2023-07,True
114,Selangor,2262,30,87,2023-07,True
114,Terengganu,1379,30,86,2023-07,True
114,W.P. Kuala Lumpur,2603,30,114,2023-07,True
114,W.P. Labuan,202,30,12,2023-07,True
114,W.P. Putrajaya,317,30,19,2023-07,True
103,Johor,493,29,23,2023-07,True
103,Kedah,253,29,10,2023-07,True
103,Kelantan,435,30,22,2023-07,True
103,Melaka,28,28,1,2023-07,True
103,Negeri Sembilan,439,30,18,2023-07,True
103,Pahang,758,28,33,2023-07,True
103,Perak,1188,30,45,2023-07,True
103,Perlis,0,0,0,2023-07,False
103,Pulau Pinang,603,28,23,2023-07,True
103,Sabah,62,30,3,2023-07,True
103,Sarawak,29,29,1,2023-07,True
103,Selangor,865,30,40,2023-07,True
103,Terengganu,301,30,13,2023-07,True
103,W.P. Kuala Lumpur,1015,30,42,2023-07,True
103,W.P. Labuan,0,0,0,2023-07,False
103,W.P. Putrajaya,117,30,7,2023-07,True
1431,Johor,188,29,10,2023-07,True
1431,Kedah,264,29,13,2023-07,True
1431,Kelantan,461,30,18,2023-07,True
1431,Melaka,128,28,6,2023-07,True
1431,Negeri Sembilan,89,30,6,2023-07,True
1431,Pahang,116,28,9,2023-07,True
1431,Perak,408,30,17,2023-07,True
1431,Perlis,37,29,3,2023-07,True
1431,Pulau Pinang,409,28,17,2023-07,True
1431,Sabah,72,30,3,2023-07,True
1431,Sarawak,62,29,4,2023-07,True
1431,Selangor,259,30,15,2023-07,True
1431,Terengganu,166,30,12,2023-07,True
1431,W.P. Kuala Lumpur,93,30,7,2023-07,True
1431,W.P. Labuan,0,0,0,2023-07,False
1431,W.P. Putrajaya,9,9,2,2023-07,True
1555,Johor,1885,29,103,2023-07,True
1555,Kedah,978,29,44,2023-07,True
1555,Kelantan,1649,30,72,2023-07,True
1555,Melaka,449,30,19,2023-07,True
1555,Negeri Sembilan,603,30,24,2023-07,True
1555,Pahang,1422,28,70,2023-07,True
1555,Perak,2014,30,79,2023-07,True
1555,Perlis,221,30,15,2023-07,True
1555,Pulau Pinang,1053,28,54,2023-07,True
1555,Sabah,579,30,32,2023-07,True
1555,Sarawak,871,29,43,2023-07,True
1555,Selangor,1988,30,80,2023-07,True
1555,Terengganu,880,30,60,2023-07,True
1555,W.P. Kuala Lumpur,1740,30,91,2023-07,True
1555,W.P. Labuan,0,0,0,2023-07,False
1555,W.P. Putrajaya,262,30,16,2023-07,True
193,Johor,154,6,32,2023-07,True
193,Kedah,383,5,82,2023-07,True
193,Kelantan,44,5,10,2023-07,True
193,Melaka,25,5,5,2023-07,True
193,Negeri Sembilan,109,5,24,2023-07,True
193,Pahang,238,6,50,2023-07,True
193,Perak,394,5,85,2023-07,True
193,Perlis,165,5,39,2023-07,True
193,Pulau Pinang,296,7,64,2023-07,True
193,Sabah,263,6,62,2023-07,True
193,Sarawak,388,5,87,2023-07,True
193,Selangor,279,5,61,2023-07,True
193,Terengganu,65,5,14,2023-07,True
193,W.P. Kuala Lumpur,395,7,83,2023-07,True
193,W.P. Labuan,19,5,5,2023-07,True
193,W.P. Putrajaya,46,5,11,2023-07,True
1,Johor,2310,28,108,2023-08,True
1,Kedah,1258,27,53,2023-08,True
1,Kelantan,1682,27,77,2023-08,True
1,Melaka,482,28,19,2023-08,True
1,Negeri Sembilan,767,27,32,2023-08,True
1,Pahang,1932,29,76,2023-08,True
1,Perak,2242,29,81,2023-08,True
1,Perlis,410,29,16,2023-08,True
1,Pulau Pinang,1749,28,64,2023-08,True
1,Sabah,185,29,8,2023-08,True
1,Sarawak,280,29,11,2023-08,True
1,Selangor,2008,29,83,2023-08,True
1,Terengganu,1552,27,84,2023-08,True
1,W.P. Kuala Lumpur,1829,29,83,2023-08,True
1,W.P. Labuan,43,29,2,2023-08,True
1,W.P. Putrajaya,240,29,14,2023-08,True
1111,Johor,959,28,87,2023-08,True
1111,Kedah,312,27,27,2023-08,True
1111,Kelantan,328,27,59,2023-08,True
1111,Melaka,151,28,16,2023-08,True
1111,Negeri Sembilan,370,27,24,2023-08,True
1111,Pahang,506,29,54,2023-08,True
1111,Perak,718,29,48,2023-08,True
1111,Perlis,30,20,4,2023-08,True
1111,Pulau Pinang,517,28,32,2023-08,True
1111,Sabah,817,29,64,2023-08,True
1111,Sarawak,98,29,14,2023-08,True
1111,Selangor,525,27,47,2023-08,True
1111,Terengganu,281,27,52,2023-08,True
1111,W.P. Kuala Lumpur,621,29,59,2023-08,True
1111,W.P. Labuan,21,21,1,2023-08,True
1111,W.P. Putrajaya,46,24,6,2023-08,True
904,Johor,102,4,33,2023-08,True
904,Kedah,161,4,47,2023-08,True
904,Kelantan,26,4,9,2023-08,True
904,Melaka,26,4,7,2023-08,True
904,Negeri Sembilan,46,4,15,2023-08,True
904,Pahang,82,4,25,2023-08,True
904,Perak,174,5,53,2023-08,True
904,Perlis,46,4,15,2023-08,True
904,Pulau Pinang,100,4,30,2023-08,True
904,Sabah,0,0,0,2023-08,False
904,Sarawak,0,0,0,2023-08,False
904,Selangor,104,4,32,2023-08,True
904,Terengganu,124,4,36,2023-08,True
904,W.P. Kuala Lumpur,109,4,32,2023-08,True
904,W.P. Labuan,0,0,0,2023-08,False
904,W.P. Putrajaya,16,5,4,2023-08,True
918,Johor,446,28,51,2023-08,True
918,Kedah,544,27,70,2023-08,True
918,Kelantan,900,27,108,2023-08,True
918,Melaka,118,28,17,2023-08,True
918,Negeri Sembilan,217,27,27,2023-08,True
918,Pahang,813,29,63,2023-08,True
918,Perak,227,29,50,2023-08,True
918,Perlis,364,29,41,2023-08,True
918,Pulau Pinang,235,28,48,2023-08,True
918,Sabah,699,29,43,2023-08,True
918,Sarawak,448,29,54,2023-08,True
918,Selangor,505,27,59,2023-08,True
918,Terengganu,651,27,82,2023-08,True
918,W.P. Kuala Lumpur,407,29,57,2023-08,True
918,W.P. Labuan,159,29,9,2023-08,True
918,W.P. Putrajaya,19,18,4,2023-08,True
1589,Johor,502,8,132,2023-08,True
1589,Kedah,300,4,78,2023-08,True
1589,Kelantan,552,7,141,2023-08,True
1589,Melaka,106,5,27,2023-08,True
1589,Negeri Sembilan,149,4,40,2023-08,True
1589,Pahang,296,8,78,2023-08,True
1589,Perak,346,5,95,2023-08,True
1589,Perlis,152,4,43,2023-08,True
1589,Pulau Pinang,303,5,80,2023-08,True
1589,Sabah,328,4,91,2023-08,True
1589,Sarawak,356,5,103,2023-08,True
1589,Selangor,298,5,84,2023-08,True
1589,Terengganu,375,4,106,2023-08,True
1589,W.P. Kuala Lumpur,396,4,102,2023-08,True
1589,W.P. Labuan,42,4,11,2023-08,True
1589,W.P. Putrajaya,74,5,21,2023-08,True
917,Johor,454,8,120,2023-08,True
917,Kedah,252,4,70,2023-08,True
917,Kelantan,425,6,119,2023-08,True
917,Melaka,94,5,24,2023-08,True
917,Negeri Sembilan,140,4,37,2023-08,True
917,Pahang,320,8,83,2023-08,True
917,Perak,323,5,89,2023-08,True
917,Perlis,152,4,41,2023-08,True
917,Pulau Pinang,268,5,72,2023-08,True
917,Sabah,172,4,49,2023-08,True
917,Sarawak,143,4,46,2023-08,True
917,Selangor,264,5,78,2023-08,True
917,Terengganu,372,4,99,2023-08,True
917,W.P. Kuala Lumpur,346,4,91,2023-08,True
917,W.P. Labuan,30,4,8,2023-08,True
917,W.P. Putrajaya,67,5,20,2023-08,True
129,Johor,2393,28,125,2023-08,True
129,Kedah,1355,27,76,2023-08,True
129,Kelantan,1938,27,131,2023-08,True
129,Melaka,490,28,25,2023-08,True
129,Negeri Sembilan,762,27,34,2023-08,True
129,Pahang,1931,29,76,2023-08,True
129,Perak,2166,29,80,2023-08,True
129,Perlis,506,29,36,2023-08,True
129,Pulau Pinang,1851,28,74,2023-08,True
129,Sabah,2469,29,129,2023-08,True
129,Sarawak,2526,29,137,2023-08,True
129,Selangor,1972,29,84,2023-08,True
129,Terengganu,1594,27,105,2023-08,True
129,W.P. Kuala Lumpur,2212,29,100,2023-08,True
129,W.P. Labuan,339,29,14,2023-08,True
129,W.P. Putrajaya,271,29,19,2023-08,True
1564,Johor,2512,28,137,2023-08,True
1564,Kedah,1229,27,71,2023-08,True
1564,Kelantan,1399,27,73,2023-08,True
1564,Melaka,528,28,27,2023-08,True
1564,Negeri Sembilan,760,27,40,2023-08,True
1564,Pahang,1870,29,73,2023-08,True
1564,Perak,2280,29,90,2023-08,True
1564,Perlis,366,29,28,2023-08,True
1564,Pulau Pinang,1931,28,81,2023-08,True
1564,Sabah,2538,29,127,2023-08,True
1564,Sarawak,2589,29,134,2023-08,True
1564,Selangor,1976,29,86,2023-08,True
1564,Terengganu,1148,27,74,2023-08,True
1564,W.P. Kuala Lumpur,2334,29,104,2023-08,True
1564,W.P. Labuan,336,29,14,2023-08,True
1564,W.P. Putrajaya,264,29,18,2023-08,True
1131,Johor,1902,28,111,2023-08,True
1131,Kedah,827,27,50,2023-08,True
1131,Kelantan,1243,27,67,2023-08,True
1131,Melaka,346,28,18,2023-08,True
1131,Negeri Sembilan,525,27,26,2023-08,True
1131,Pahang,1654,29,69,2023-08,True
1131,Perak,2007,29,83,2023-08,True
1131,Perlis,354,29,27,2023-08,True
1131,Pulau Pinang,1514,28,70,2023-08,True
1131,Sabah,2375,29,120,2023-08,True
1131,Sarawak,2530,29,136,2023-08,True
1131,Selangor,1702,29,79,2023-08,True
1131,Terengganu,1145,27,69,2023-08,True
1131,W.P. Kuala Lumpur,1693,29,82,2023-08,True
1131,W.P. Labuan,346,29,14,2023-08,True
1131,W.P. Putrajaya,290,29,20,2023-08,True
94,Johor,1326,28,70,2023-08,True
94,Kedah,664,27,33,2023-08,True
94,Kelantan,470,27,26,2023-08,True
94,Melaka,31,26,3,2023-08,True
94,Negeri Sembilan,644,27,31,2023-08,True
94,Pahang,1712,29,71,2023-08,True
94,Perak,1118,29,47,2023-08,True
94,Perlis,405,29,22,2023-08,True
94,Pulau Pinang,1057,28,46,2023-08,True
94,Sabah,460,29,33,2023-08,True
94,Sarawak,2044,29,100,2023-08,True
94,Selangor,1662,27,79,2023-08,True
94,Terengganu,725,27,46,2023-08,True
94,W.P. Kuala Lumpur,1834,29,84,2023-08,True
94,W.P. Labuan,0,0,0,2023-08,False
94,W.P. Putrajaya,15,12,3,2023-08,True
114,Johor,2497,28,128,2023-08,True
114,Kedah,1414,27,64,2023-08,True
114,Kelantan,1849,27,86,2023-08,True
114,Melaka,519,28,25,2023-08,True
114,Negeri Sembilan,818,27,36,2023-08,True
114,Pahang,2087,29,79,2023-08,True
114,Perak,2297,29,86,2023-08,True
114,Perlis,440,29,22,2023-08,True
114,Pulau Pinang,1959,28,76,2023-08,True
114,Sabah,1680,29,92,2023-08,True
114,Sarawak,2047,29,101,2023-08,True
114,Selangor,2042,29,88,2023-08,True
114,Terengganu,1313,27,80,2023-08,True
114,W.P. Kuala Lumpur,2518,29,113,2023-08,True
114,W.P. Labuan,170,29,11,2023-08,True
114,W.P. Putrajaya,291,29,19,2023-08,True
103,Johor,498,28,22,2023-08,True
103,Kedah,238,27,10,2023-08,True
103,Kelantan,474,27,23,2023-08,True
103,Melaka,37,28,2,2023-08,True
103,Negeri Sembilan,405,27,18,2023-08,True
103,Pahang,873,29,33,2023-08,True
103,Perak,1176,29,44,2023-08,True
103,Perlis,0,0,0,2023-08,False
103,Pulau Pinang,621,28,24,2023-08,True
103,Sabah,57,29,2,2023-08,True
103,Sarawak,29,29,1,2023-08,True
103,Selangor,830,27,38,2023-08,True
103,Terengganu,335,27,15,2023-08,True
103,W.P. Kuala Lumpur,945,29,40,2023-08,True
103,W.P. Labuan,0,0,0,2023-08,False
103,W.P. Putrajaya,109,29,6,2023-08,True
1431,Johor,176,28,8,2023-08,True
1431,Kedah,297,27,12,2023-08,True
1431,Kelantan,455,27,18,2023-08,True
1431,Melaka,163,28,6,2023-08,True
1431,Negeri Sembilan,133,27,7,2023-08,True
1431,Pahang,163,29,9,2023-08,True
1431,Perak,437,29,19,2023-08,True
1431,Perlis,54,29,3,2023-08,True
1431,Pulau Pinang,463,28,17,2023-08,True
1431,Sabah,85,29,3,2023-08,True
1431,Sarawak,100,29,5,2023-08,True
1431,Selangor,294,27,14,2023-08,True
1431,Terengganu,200,27,14,2023-08,True
1431,W.P. Kuala Lumpur,89,29,6,2023-08,True
1431,W.P. Labuan,0,0,0,2023-08,False
1431,W.P. Putrajaya,1,1,1,2023-08,True
1555,Johor,1827,28,103,2023-08,True
1555,Kedah,932,27,44,2023-08,True
1555,Kelantan,1543,27,73,2023-08,True
1555,Melaka,451,28,20,2023-08,True
1555,Negeri Sembilan,531,27,24,2023-08,True
1555,Pahang,1513,29,70,2023-08,True
1555,Perak,1926,29,79,2023-08,True
1555,Perlis,238,29,14,2023-08,True
1555,Pulau Pinang,1078,28,57,2023-08,True
1555,Sabah,609,29,29,2023-08,True
1555,Sarawak,815,29,43,2023-08,True
1555,Selangor,1780,29,79,2023-08,True
1555,Terengganu,841,27,64,2023-08,True
1555,W.P. Kuala Lumpur,1581,29,85,2023-08,True
1555,W.P. Labuan,0,0,0,2023-08,False
1555,W.P. Putrajaya,255,29,16,2023-08,True
193,Johor,121,5,32,2023-08,True
193,Kedah,316,4,83,2023-08,True
193,Kelantan,39,4,10,2023-08,True
193,Melaka,20,4,5,2023-08,True
193,Negeri Sembilan,97,4,25,2023-08,True
193,Pahang,188,4,48,2023-08,True
193,Perak,323,5,85,2023-08,True
193,Perlis,128,4,36,2023-08,True
193,Pulau Pinang,244,4,64,2023-08,True
193,Sabah,206,5,57,2023-08,True
193,Sarawak,319,4,85,2023-08,True
193,Selangor,228,5,62,2023-08,True
193,Terengganu,52,4,13,2023-08,True
193,W.P. Kuala Lumpur,315,4,83,2023-08,True
193,W.P. Labuan,14,4,4,2023-08,True
193,W.P. Putrajaya,40,5,10,2023-08,True
1,Johor,2268,27,108,2023-09,True
1,Kedah,1257,27,54,2023-09,True
1,Kelantan,1527,24,75,2023-09,True
1,Melaka,461,27,19,2023-09,True
1,Negeri Sembilan,773,27,32,2023-09,True
1,Pahang,1811,27,77,2023-09,True
1,Perak,2107,27,82,2023-09,True
1,Perlis,376,27,16,2023-09,True
1,Pulau Pinang,1699,27,64,2023-09,True
1,Sabah,159,27,8,2023-09,True
1,Sarawak,224,27,10,2023-09,True
1,Selangor,1941,27,80,2023-09,True
1,Terengganu,1506,26,83,2023-09,True
1,W.P. Kuala Lumpur,1697,27,83,2023-09,True
1,W.P. Labuan,28,27,2,2023-09,True
1,W.P. Putrajaya,227,27,14,2023-09,True
1111,Johor,710,27,82,2023-09,True
1111,Kedah,296,27,32,2023-09,True
1111,Kelantan,201,24,43,2023-09,True
1111,Melaka,146,27,16,2023-09,True
1111,Negeri Sembilan,314,27,25,2023-09,True
1111,Pahang,261,27,42,2023-09,True
1111,Perak,539,27,43,2023-09,True
1111,Perlis,17,14,4,2023-09,True
1111,Pulau Pinang,430,27,32,2023-09,True
1111,Sabah,576,27,61,2023-09,True
1111,Sarawak,88,25,14,2023-09,True
1111,Selangor,395,27,42,2023-09,True
1111,Terengganu,224,26,45,2023-09,True
1111,W.P. Kuala Lumpur,509,27,55,2023-09,True
1111,W.P. Labuan,6,6,1,2023-09,True
1111,W.P. Putrajaya,36,21,5,2023-09,True
904,Johor,222,15,38,2023-09,True
904,Kedah,363,16,51,2023-09,True
904,Kelantan,28,7,12,2023-09,True
904,Melaka,56,15,9,2023-09,True
904,Negeri Sembilan,66,15,14,2023-09,True
904,Pahang,131,15,27,2023-09,True
904,Perak,334,16,51,2023-09,True
904,Perlis,112,15,16,2023-09,True
904,Pulau Pinang,204,16,36,2023-09,True
904,Sabah,0,0,0,2023-09,False
904,Sarawak,0,0,0,2023-09,False
904,Selangor,203,15,32,2023-09,True
904,Terengganu,145,14,36,2023-09,True
904,W.P. Kuala Lumpur,220,15,36,2023-09,True
904,W.P. Labuan,0,0,0,2023-09,False
904,W.P. Putrajaya,24,14,6,2023-09,True
918,Johor,409,27,47,2023-09,True
918,Kedah,371,27,58,2023-09,True
918,Kelantan,800,24,107,2023-09,True
918,Melaka,93,27,15,2023-09,True
918,Negeri Sembilan,148,27,21,2023-09,True
918,Pahang,600,27,60,2023-09,True
918,Perak,144,27,45,2023-09,True
918,Perlis,234,27,34,2023-09,True
918,Pulau Pinang,193,27,48,2023-09,True
918,Sabah,609,27,40,2023-09,True
918,Sarawak,374,27,48,2023-09,True
918,Selangor,402,27,50,2023-09,True
918,Terengganu,444,26,74,2023-09,True
918,W.P. Kuala Lumpur,232,27,47,2023-09,True
918,W.P. Labuan,111,27,7,2023-09,True
918,W.P. Putrajaya,20,18,3,2023-09,True
1589,Johor,420,9,130,2023-09,True
1589,Kedah,260,5,74,2023-09,True
1589,Kelantan,436,4,132,2023-09,True
1589,Melaka,92,5,26,2023-09,True
1589,Negeri Sembilan,112,4,34,2023-09,True
1589,Pahang,230,8,71,2023-09,True
1589,Perak,320,5,93,2023-09,True
1589,Perlis,71,4,35,2023-09,True
1589,Pulau Pinang,301,7,79,2023-09,True
1589,Sabah,299,6,88,2023-09,True
1589,Sarawak,377,4,108,2023-09,True
1589,Selangor,258,4,76,2023-09,True
1589,Terengganu,287,4,94,2023-09,True
1589,W.P. Kuala Lumpur,355,6,102,2023-09,True
1589,W.P. Labuan,39,4,11,2023-09,True
1589,W.P. Putrajaya,61,4,20,2023-09,True
917,Johor,465,9,123,2023-09,True
917,Kedah,263,4,72,2023-09,True
917,Kelantan,439,5,122,2023-09,True
917,Melaka,91,5,24,2023-09,True
917,Negeri Sembilan,149,4,41,2023-09,True
917,Pahang,299,8,82,2023-09,True
917,Perak,323,5,93,2023-09,True
917,Perlis,139,5,39,2023-09,True
917,Pulau Pinang,264,6,74,2023-09,True
917,Sabah,169,5,49,2023-09,True
917,Sarawak,143,4,44,2023-09,True
917,Selangor,239,4,67,2023-09,True
917,Terengganu,377,4,100,2023-09,True
917,W.P. Kuala Lumpur,346,5,93,2023-09,True
917,W.P. Labuan,25,4,8,2023-09,True
917,W.P. Putrajaya,61,4,19,2023-09,True
129,Johor,2195,27,127,2023-09,True
129,Kedah,1300,27,75,2023-09,True
129,Kelantan,1743,24,126,2023-09,True
129,Melaka,445,27,24,2023-09,True
129,Negeri Sembilan,716,27,34,2023-09,True
129,Pahang,1726,27,77,2023-09,True
129,Perak,1875,27,81,2023-09,True
129,Perlis,460,27,36,2023-09,True
129,Pulau Pinang,1731,27,73,2023-09,True
129,Sabah,2404,28,131,2023-09,True
129,Sarawak,2415,28,137,2023-09,True
129,Selangor,1818,27,80,2023-09,True
129,Terengganu,1558,26,105,2023-09,True
129,W.P. Kuala Lumpur,2028,27,99,2023-09,True
129,W.P. Labuan,314,27,14,2023-09,True
129,W.P. Putrajaya,247,27,19,2023-09,True
1564,Johor,2449,27,136,2023-09,True
1564,Kedah,1270,27,72,2023-09,True
1564,Kelantan,1248,24,73,2023-09,True
1564,Melaka,517,27,27,2023-09,True
1564,Negeri Sembilan,788,27,41,2023-09,True
1564,Pahang,1708,27,74,2023-09,True
1564,Perak,2133,27,90,2023-09,True
1564,Perlis,367,27,28,2023-09,True
1564,Pulau Pinang,1902,27,82,2023-09,True
1564,Sabah,2513,28,131,2023-09,True
1564,Sarawak,2457,28,135,2023-09,True
1564,Selangor,1881,27,81,2023-09,True
1564,Terengganu,1112,26,74,2023-09,True
1564,W.P. Kuala Lumpur,2143,27,103,2023-09,True
1564,W.P. Labuan,328,27,14,2023-09,True
1564,W.P. Putrajaya,251,27,18,2023-09,True
1131,Johor,1890,27,115,2023-09,True
1131,Kedah,849,27,51,2023-09,True
1131,Kelantan,1134,24,68,2023-09,True
1131,Melaka,301,27,17,2023-09,True
1131,Negeri Sembilan,573,27,27,2023-09,True
1131,Pahang,1547,27,68,2023-09,True
1131,Perak,1869,27,81,2023-09,True
1131,Perlis,373,27,29,2023-09,True
1131,Pulau Pinang,1504,27,70,2023-09,True
1131,Sabah,2155,28,122,2023-09,True
1131,Sarawak,2428,28,141,2023-09,True
1131,Selangor,1634,27,75,2023-09,True
1131,Terengganu,1158,26,74,2023-09,True
1131,W.P. Kuala Lumpur,1625,27,82,2023-09,True
1131,W.P. Labuan,326,27,14,2023-09,True
1131,W.P. Putrajaya,256,27,19,2023-09,True
94,Johor,1186,27,67,2023-09,True
94,Kedah,647,27,32,2023-09,True
94,Kelantan,450,24,26,2023-09,True
94,Melaka,68,27,4,2023-09,True
94,Negeri Sembilan,672,27,32,2023-09,True
94,Pahang,1625,27,74,2023-09,True
94,Perak,1142,27,54,2023-09,True
94,Perlis,410,27,22,2023-09,True
94,Pulau Pinang,937,27,43,2023-09,True
94,Sabah,345,28,29,2023-09,True
94,Sarawak,1727,27,95,2023-09,True
94,Selangor,1574,27,72,2023-09,True
94,Terengganu,787,26,50,2023-09,True
94,W.P. Kuala Lumpur,1752,27,88,2023-09,True
94,W.P. Labuan,0,0,0,2023-09,False
94,W.P. Putrajaya,3,3,3,2023-09,True
114,Johor,2421,27,127,2023-09,True
114,Kedah,1397,27,64,2023-09,True
114,Kelantan,1674,24,85,2023-09,True
114,Melaka,493,27,24,2023-09,True
114,Negeri Sembilan,825,27,36,2023-09,True
114,Pahang,1905,27,79,2023-09,True
114,Perak,2148,27,86,2023-09,True
114,Perlis,412,27,22,2023-09,True
114,Pulau Pinang,1879,27,76,2023-09,True
114,Sabah,1439,28,82,2023-09,True
114,Sarawak,1908,28,98,2023-09,True
114,Selangor,1963,27,85,2023-09,True
114,Terengganu,1226,26,90,2023-09,True
114,W.P. Kuala Lumpur,2344,27,111,2023-09,True
114,W.P. Labuan,117,27,9,2023-09,True
114,W.P. Putrajaya,279,27,19,2023-09,True
103,Johor,525,27,25,2023-09,True
103,Kedah,244,27,10,2023-09,True
103,Kelantan,448,24,23,2023-09,True
103,Melaka,20,20,1,2023-09,True
103,Negeri Sembilan,402,27,18,2023-09,True
103,Pahang,858,27,35,2023-09,True
103,Perak,1157,27,47,2023-09,True
103,Perlis,0,0,0,2023-09,False
103,Pulau Pinang,614,27,24,2023-09,True
103,Sabah,57,27,3,2023-09,True
103,Sarawak,27,27,1,2023-09,True
103,Selangor,848,27,38,2023-09,True
103,Terengganu,324,26,16,2023-09,True
103,W.P. Kuala Lumpur,893,27,41,2023-09,True
103,W.P. Labuan,0,0,0,2023-09,False
103,W.P. Putrajaya,111,27,5,2023-09,True
1431,Johor,166,27,7,2023-09,True
1431,Kedah,301,27,13,2023-09,True
1431,Kelantan,399,24,18,2023-09,True
1431,Melaka,127,27,6,2023-09,True
1431,Negeri Sembilan,138,27,7,2023-09,True
1431,Pahang,179,27,9,2023-09,True
1431,Perak,408,27,18,2023-09,True
1431,Perlis,57,27,4,2023-09,True
1431,Pulau Pinang,449,27,17,2023-09,True
1431,Sabah,77,27,3,2023-09,True
1431,Sarawak,87,27,5,2023-09,True
1431,Selangor,291,27,15,2023-09,True
1431,Terengganu,215,26,15,2023-09,True
1431,W.P. Kuala Lumpur,87,27,5,2023-09,True
1431,W.P. Labuan,0,0,0,2023-09,False
1431,W.P. Putrajaya,7,7,1,2023-09,True
1555,Johor,1665,27,101,2023-09,True
1555,Kedah,924,27,44,2023-09,True
1555,Kelantan,1341,24,71,2023-09,True
1555,Melaka,397,27,20,2023-09,True
1555,Negeri Sembilan,542,27,24,2023-09,True
1555,Pahang,1363,27,70,2023-09,True
1555,Perak,1790,27,78,2023-09,True
1555,Perlis,206,27,15,2023-09,True
1555,Pulau Pinang,1126,27,57,2023-09,True
1555,Sabah,567,27,31,2023-09,True
1555,Sarawak,810,27,46,2023-09,True
1555,Selangor,1702,27,79,2023-09,True
1555,Terengganu,747,26,62,2023-09,True
1555,W.P. Kuala Lumpur,1464,27,85,2023-09,True
1555,W.P. Labuan,0,0,0,2023-09,False
1555,W.P. Putrajaya,234,27,15,2023-09,True
193,Johor,118,4,33,2023-09,True
193,Kedah,324,5,86,2023-09,True
193,Kelantan,35,4,10,2023-09,True
193,Melaka,21,4,6,2023-09,True
193,Negeri Sembilan,87,4,23,2023-09,True
193,Pahang,182,4,47,2023-09,True
193,Perak,311,5,86,2023-09,True
193,Perlis,136,5,37,2023-09,True
193,Pulau Pinang,232,7,61,2023-09,True
193,Sabah,214,5,64,2023-09,True
193,Sarawak,319,4,87,2023-09,True
193,Selangor,214,4,59,2023-09,True
193,Terengganu,55,4,14,2023-09,True
193,W.P. Kuala Lumpur,324,5,83,2023-09,True
193,W.P. Labuan,14,4,4,2023-09,True
193,W.P. Putrajaya,40,4,11,2023-09,True
1,Johor,2513,30,109,2023-10,True
1,Kedah,1438,30,55,2023-10,True
1,Kelantan,1818,29,75,2023-10,True
1,Melaka,517,30,19,2023-10,True
1,Negeri Sembilan,846,30,32,2023-10,True
1,Pahang,2062,30,77,2023-10,True
1,Perak,2358,30,82,2023-10,True
1,Perlis,415,30,16,2023-10,True
1,Pulau Pinang,1901,30,65,2023-10,True
1,Sabah,194,29,7,2023-10,True
1,Sarawak,245,29,9,2023-10,True
1,Selangor,2143,30,80,2023-10,True
1,Terengganu,1750,30,86,2023-10,True
1,W.P. Kuala Lumpur,1904,30,85,2023-10,True
1,W.P. Labuan,30,30,1,2023-10,True
1,W.P. Putrajaya,259,30,14,2023-10,True
1111,Johor,955,30,81,2023-10,True
1111,Kedah,305,30,28,2023-10,True
1111,Kelantan,291,29,49,2023-10,True
1111,Melaka,154,30,13,2023-10,True
1111,Negeri Sembilan,384,30,29,2023-10,True
1111,Pahang,341,30,45,2023-10,True
1111,Perak,641,30,47,2023-10,True
1111,Perlis,25,21,4,2023-10,True
1111,Pulau Pinang,461,30,34,2023-10,True
1111,Sabah,473,29,46,2023-10,True
1111,Sarawak,107,29,13,2023-10,True
1111,Selangor,472,30,41,2023-10,True
1111,Terengganu,227,30,46,2023-10,True
1111,W.P. Kuala Lumpur,490,30,52,2023-10,True
1111,W.P. Labuan,3,3,1,2023-10,True
1111,W.P. Putrajaya,31,19,9,2023-10,True
904,Johor,614,30,31,2023-10,True
904,Kedah,767,30,49,2023-10,True
904,Kelantan,334,29,20,2023-10,True
904,Melaka,116,30,7,2023-10,True
904,Negeri Sembilan,167,30,13,2023-10,True
904,Pahang,487,30,25,2023-10,True
904,Perak,896,30,52,2023-10,True
904,Perlis,225,30,15,2023-10,True
904,Pulau Pinang,657,30,42,2023-10,True
904,Sabah,0,0,0,2023-10,False
904,Sarawak,0,0,0,2023-10,False
904,Selangor,523,30,29,2023-10,True
904,Terengganu,413,30,32,2023-10,True
904,W.P. Kuala Lumpur,630,30,31,2023-10,True
904,W.P. Labuan,0,0,0,2023-10,False
904,W.P. Putrajaya,56,30,5,2023-10,True
918,Johor,362,30,48,2023-10,True
918,Kedah,362,30,56,2023-10,True
918,Kelantan,1062,29,105,2023-10,True
918,Melaka,83,27,16,2023-10,True
918,Negeri Sembilan,100,29,22,2023-10,True
918,Pahang,682,30,62,2023-10,True
918,Perak,154,30,38,2023-10,True
918,Perlis,264,30,36,2023-10,True
918,Pulau Pinang,174,27,39,2023-10,True
918,Sabah,663,29,46,2023-10,True
918,Sarawak,379,29,46,2023-10,True
918,Selangor,427,30,57,2023-10,True
918,Terengganu,518,30,86,2023-10,True
918,W.P. Kuala Lumpur,314,30,43,2023-10,True
918,W.P. Labuan,106,30,6,2023-10,True
918,W.P. Putrajaya,11,11,4,2023-10,True
1589,Johor,375,10,107,2023-10,True
1589,Kedah,247,5,69,2023-10,True
1589,Kelantan,526,5,131,2023-10,True
1589,Melaka,72,5,22,2023-10,True
1589,Negeri Sembilan,81,5,29,2023-10,True
1589,Pahang,226,9,65,2023-10,True
1589,Perak,281,5,85,2023-10,True
1589,Perlis,75,5,31,2023-10,True
1589,Pulau Pinang,322,6,76,2023-10,True
1589,Sabah,348,6,83,2023-10,True
1589,Sarawak,373,11,98,2023-10,True
1589,Selangor,229,5,69,2023-10,True
1589,Terengganu,229,5,75,2023-10,True
1589,W.P. Kuala Lumpur,346,7,85,2023-10,True
1589,W.P. Labuan,46,5,11,2023-10,True
1589,W.P. Putrajaya,47,5,17,2023-10,True
917,Johor,603,10,124,2023-10,True
917,Kedah,363,5,78,2023-10,True
917,Kelantan,536,5,120,2023-10,True
917,Melaka,123,5,26,2023-10,True
917,Negeri Sembilan,201,5,42,2023-10,True
917,Pahang,391,10,83,2023-10,True
917,Perak,431,5,98,2023-10,True
917,Perlis,181,5,38,2023-10,True
917,Pulau Pinang,367,6,81,2023-10,True
917,Sabah,180,6,48,2023-10,True
917,Sarawak,185,5,48,2023-10,True
917,Selangor,297,5,74,2023-10,True
917,Terengganu,462,5,102,2023-10,True
917,W.P. Kuala Lumpur,451,7,97,2023-10,True
917,W.P. Labuan,36,5,9,2023-10,True
917,W.P. Putrajaya,79,6,19,2023-10,True
129,Johor,2599,30,125,2023-10,True
129,Kedah,1430,30,75,2023-10,True
129,Kelantan,2118,29,129,2023-10,True
129,Melaka,497,30,25,2023-10,True
129,Negeri Sembilan,826,30,34,2023-10,True
129,Pahang,1937,30,75,2023-10,True
129,Perak,2218,30,80,2023-10,True
129,Perlis,536,30,37,2023-10,True
129,Pulau Pinang,1921,30,75,2023-10,True
129,Sabah,2645,30,130,2023-10,True
129,Sarawak,2630,29,142,2023-10,True
129,Selangor,2057,30,81,2023-10,True
129,Terengganu,1761,30,106,2023-10,True
129,W.P. Kuala Lumpur,2228,30,100,2023-10,True
129,W.P. Labuan,360,30,14,2023-10,True
129,W.P. Putrajaya,295,30,19,2023-10,True
1564,Johor,2715,30,137,2023-10,True
1564,Kedah,1398,30,71,2023-10,True
1564,Kelantan,1489,29,71,2023-10,True
1564,Melaka,576,30,27,2023-10,True
1564,Negeri Sembilan,864,30,40,2023-10,True
1564,Pahang,1878,30,74,2023-10,True
1564,Perak,2369,30,90,2023-10,True
1564,Perlis,410,30,29,2023-10,True
1564,Pulau Pinang,2126,30,82,2023-10,True
1564,Sabah,2635,30,129,2023-10,True
1564,Sarawak,2678,29,136,2023-10,True
1564,Selangor,2082,30,81,2023-10,True
1564,Terengganu,1298,30,74,2023-10,True
1564,W.P. Kuala Lumpur,2363,30,104,2023-10,True
1564,W.P. Labuan,369,30,14,2023-10,True
1564,W.P. Putrajaya,283,30,19,2023-10,True
1131,Johor,2081,30,120,2023-10,True
1131,Kedah,923,30,49,2023-10,True
1131,Kelantan,1349,29,75,2023-10,True
1131,Melaka,329,30,16,2023-10,True
1131,Negeri Sembilan,594,30,27,2023-10,True
1131,Pahang,1760,30,70,2023-10,True
1131,Perak,2011,30,82,2023-10,True
1131,Perlis,398,30,29,2023-10,True
1131,Pulau Pinang,1719,30,74,2023-10,True
1131,Sabah,2327,30,115,2023-10,True
1131,Sarawak,2672,29,142,2023-10,True
1131,Selangor,1798,30,74,2023-10,True
1131,Terengganu,1381,30,76,2023-10,True
1131,W.P. Kuala Lumpur,1772,30,81,2023-10,True
1131,W.P. Labuan,355,30,14,2023-10,True
1131,W.P. Putrajaya,291,30,19,2023-10,True
94,Johor,1388,30,70,2023-10,True
94,Kedah,638,30,29,2023-10,True
94,Kelantan,548,29,26,2023-10,True
94,Melaka,69,30,4,2023-10,True
94,Negeri Sembilan,778,30,31,2023-10,True
94,Pahang,1896,30,73,2023-10,True
94,Perak,1319,30,51,2023-10,True
94,Perlis,341,30,20,2023-10,True
94,Pulau Pinang,1017,30,45,2023-10,True
94,Sabah,322,29,20,2023-10,True
94,Sarawak,1663,29,91,2023-10,True
94,Selangor,1662,30,73,2023-10,True
94,Terengganu,889,30,48,2023-10,True
94,W.P. Kuala Lumpur,1871,30,87,2023-10,True
94,W.P. Labuan,0,0,0,2023-10,False
94,W.P. Putrajaya,1,1,1,2023-10,True
114,Johor,2715,30,129,2023-10,True
114,Kedah,1535,30,64,2023-10,True
114,Kelantan,1988,29,85,2023-10,True
114,Melaka,557,30,25,2023-10,True
114,Negeri Sembilan,906,30,37,2023-10,True
114,Pahang,2133,30,79,2023-10,True
114,Perak,2389,30,86,2023-10,True
114,Perlis,457,30,21,2023-10,True
114,Pulau Pinang,2106,30,76,2023-10,True
114,Sabah,1582,29,83,2023-10,True
114,Sarawak,1906,29,100,2023-10,True
114,Selangor,2161,30,85,2023-10,True
114,Terengganu,1535,30,89,2023-10,True
114,W.P. Kuala Lumpur,2600,30,112,2023-10,True
114,W.P. Labuan,126,30,11,2023-10,True
114,W.P. Putrajaya,317,30,19,2023-10,True
103,Johor,608,30,26,2023-10,True
103,Kedah,271,30,11,2023-10,True
103,Kelantan,403,29,22,2023-10,True
103,Melaka,0,0,0,2023-10,False
103,Negeri Sembilan,439,30,18,2023-10,True
103,Pahang,964,30,36,2023-10,True
103,Perak,1210,30,46,2023-10,True
103,Perlis,0,0,0,2023-10,False
103,Pulau Pinang,674,30,24,2023-10,True
103,Sabah,58,29,2,2023-10,True
103,Sarawak,29,29,1,2023-10,True
103,Selangor,877,30,38,2023-10,True
103,Terengganu,321,30,12,2023-10,True
103,W.P. Kuala Lumpur,1035,30,41,2023-10,True
103,W.P. Labuan,0,0,0,2023-10,False
103,W.P. Putrajaya,150,30,7,2023-10,True
1431,Johor,162,30,8,2023-10,True
1431,Kedah,335,30,13,2023-10,True
1431,Kelantan,509,29,18,2023-10,True
1431,Melaka,159,30,6,2023-10,True
1431,Negeri Sembilan,129,30,7,2023-10,True
1431,Pahang,193,30,9,2023-10,True
1431,Perak,453,30,18,2023-10,True
1431,Perlis,45,30,3,2023-10,True
1431,Pulau Pinang,503,30,18,2023-10,True
1431,Sabah,80,29,3,2023-10,True
1431,Sarawak,62,29,3,2023-10,True
1431,Selangor,299,30,13,2023-10,True
1431,Terengganu,271,30,15,2023-10,True
1431,W.P. Kuala Lumpur,79,30,6,2023-10,True
1431,W.P. Labuan,0,0,0,2023-10,False
1431,W.P. Putrajaya,28,20,2,2023-10,True
1555,Johor,1796,30,101,2023-10,True
1555,Kedah,1014,30,43,2023-10,True
1555,Kelantan,1591,29,70,2023-10,True
1555,Melaka,448,30,20,2023-10,True
1555,Negeri Sembilan,587,30,24,2023-10,True
1555,Pahang,1515,30,71,2023-10,True
1555,Perak,1957,30,79,2023-10,True
1555,Perlis,242,30,15,2023-10,True
1555,Pulau Pinang,1172,30,55,2023-10,True
1555,Sabah,599,30,30,2023-10,True
1555,Sarawak,848,29,45,2023-10,True
1555,Selangor,1794,30,76,2023-10,True
1555,Terengganu,970,30,61,2023-10,True
1555,W.P. Kuala Lumpur,1547,30,86,2023-10,True
1555,W.P. Labuan,0,0,0,2023-10,False
1555,W.P. Putrajaya,268,30,15,2023-10,True
193,Johor,143,5,31,2023-10,True
193,Kedah,405,5,85,2023-10,True
193,Kelantan,44,5,10,2023-10,True
193,Melaka,28,5,6,2023-10,True
193,Negeri Sembilan,108,5,25,2023-10,True
193,Pahang,220,5,46,2023-10,True
193,Perak,398,5,87,2023-10,True
193,Perlis,181,5,39,2023-10,True
193,Pulau Pinang,296,5,64,2023-10,True
193,Sabah,267,6,60,2023-10,True
193,Sarawak,387,11,86,2023-10,True
193,Selangor,281,5,61,2023-10,True
193,Terengganu,66,5,14,2023-10,True
193,W.P. Kuala Lumpur,403,7,84,2023-10,True
193,W.P. Labuan,16,5,4,2023-10,True
193,W.P. Putrajaya,47,5,11,2023-10,True
1,Johor,2202,27,107,2023-11,True
1,Kedah,1291,27,54,2023-11,True
1,Kelantan,1706,27,74,2023-11,True
1,Melaka,451,26,20,2023-11,True
1,Negeri Sembilan,722,26,32,2023-11,True
1,Pahang,1855,26,79,2023-11,True
1,Perak,1963,25,82,2023-11,True
1,Perlis,372,26,16,2023-11,True
1,Pulau Pinang,1620,26,64,2023-11,True
1,Sabah,144,27,7,2023-11,True
1,Sarawak,257,28,11,2023-11,True
1,Selangor,1857,26,80,2023-11,True
1,Terengganu,1551,27,86,2023-11,True
1,W.P. Kuala Lumpur,1622,26,85,2023-11,True
1,W.P. Labuan,43,26,3,2023-11,True
1,W.P. Putrajaya,223,26,14,2023-11,True
1111,Johor,1050,27,89,2023-11,True
1111,Kedah,293,27,27,2023-11,True
1111,Kelantan,289,27,45,2023-11,True
1111,Melaka,155,26,15,2023-11,True
1111,Negeri Sembilan,308,26,28,2023-11,True
1111,Pahang,377,26,45,2023-11,True
1111,Perak,572,25,41,2023-11,True
1111,Perlis,31,21,4,2023-11,True
1111,Pulau Pinang,458,26,33,2023-11,True
1111,Sabah,424,26,37,2023-11,True
1111,Sarawak,81,28,11,2023-11,True
1111,Selangor,433,26,42,2023-11,True
1111,Terengganu,191,27,46,2023-11,True
1111,W.P. Kuala Lumpur,572,26,57,2023-11,True
1111,W.P. Labuan,2,2,1,2023-11,True
1111,W.P. Putrajaya,54,25,6,2023-11,True
904,Johor,663,27,35,2023-11,True
904,Kedah,676,27,43,2023-11,True
904,Kelantan,478,27,24,2023-11,True
904,Melaka,158,26,7,2023-11,True
904,Negeri Sembilan,274,26,15,2023-11,True
904,Pahang,517,26,25,2023-11,True
904,Perak,847,25,49,2023-11,True
904,Perlis,195,26,14,2023-11,True
904,Pulau Pinang,605,26,39,2023-11,True
904,Sabah,0,0,0,2023-11,False
904,Sarawak,0,0,0,2023-11,False
904,Selangor,559,26,29,2023-11,True
904,Terengganu,450,27,25,2023-11,True
904,W.P. Kuala Lumpur,655,26,34,2023-11,True
904,W.P. Labuan,0,0,0,2023-11,False
904,W.P. Putrajaya,78,26,7,2023-11,True
918,Johor,417,27,50,2023-11,True
918,Kedah,281,27,50,2023-11,True
918,Kelantan,879,27,106,2023-11,True
918,Melaka,75,25,15,2023-11,True
918,Negeri Sembilan,78,24,21,2023-11,True
918,Pahang,538,26,56,2023-11,True
918,Perak,127,21,37,2023-11,True
918,Perlis,224,26,35,2023-11,True
918,Pulau Pinang,122,20,35,2023-11,True
918,Sabah,500,27,29,2023-11,True
918,Sarawak,297,28,43,2023-11,True
918,Selangor,302,26,53,2023-11,True
918,Terengganu,369,27,78,2023-11,True
918,W.P. Kuala Lumpur,262,26,43,2023-11,True
918,W.P. Labuan,120,26,7,2023-11,True
918,W.P. Putrajaya,14,11,4,2023-11,True
1589,Johor,308,7,100,2023-11,True
1589,Kedah,166,4,57,2023-11,True
1589,Kelantan,419,4,122,2023-11,True
1589,Melaka,31,5,14,2023-11,True
1589,Negeri Sembilan,72,4,26,2023-11,True
1589,Pahang,189,4,68,2023-11,True
1589,Perak,197,4,79,2023-11,True
1589,Perlis,66,4,30,2023-11,True
1589,Pulau Pinang,228,6,71,2023-11,True
1589,Sabah,251,5,74,2023-11,True
1589,Sarawak,206,18,71,2023-11,True
1589,Selangor,205,5,67,2023-11,True
1589,Terengganu,211,4,76,2023-11,True
1589,W.P. Kuala Lumpur,249,6,82,2023-11,True
1589,W.P. Labuan,23,4,11,2023-11,True
1589,W.P. Putrajaya,45,4,15,2023-11,True
917,Johor,465,8,122,2023-11,True
917,Kedah,286,4,76,2023-11,True
917,Kelantan,436,5,120,2023-11,True
917,Melaka,97,5,27,2023-11,True
917,Negeri Sembilan,156,4,42,2023-11,True
917,Pahang,309,7,83,2023-11,True
917,Perak,364,4,98,2023-11,True
917,Perlis,140,4,38,2023-11,True
917,Pulau Pinang,309,6,81,2023-11,True
917,Sabah,150,5,46,2023-11,True
917,Sarawak,172,5,52,2023-11,True
917,Selangor,262,5,79,2023-11,True
917,Terengganu,376,4,102,2023-11,True
917,W.P. Kuala Lumpur,349,6,95,2023-11,True
917,W.P. Labuan,26,4,8,2023-11,True
917,W.P. Putrajaya,62,4,20,2023-11,True
129,Johor,2300,27,124,2023-11,True
129,Kedah,1353,27,74,2023-11,True
129,Kelantan,1943,27,129,2023-11,True
129,Melaka,476,26,26,2023-11,True
129,Negeri Sembilan,719,26,36,2023-11,True
129,Pahang,1612,26,74,2023-11,True
129,Perak,1800,25,81,2023-11,True
129,Perlis,480,26,36,2023-11,True
129,Pulau Pinang,1733,26,76,2023-11,True
129,Sabah,2392,27,131,2023-11,True
129,Sarawak,2594,28,141,2023-11,True
129,Selangor,1779,26,80,2023-11,True
129,Terengganu,1605,27,106,2023-11,True
129,W.P. Kuala Lumpur,2013,26,100,2023-11,True
129,W.P. Labuan,294,26,14,2023-11,True
129,W.P. Putrajaya,229,26,19,2023-11,True
1564,Johor,2428,27,135,2023-11,True
1564,Kedah,1262,27,71,2023-11,True
1564,Kelantan,1349,27,69,2023-11,True
1564,Melaka,497,26,27,2023-11,True
1564,Negeri Sembilan,754,26,40,2023-11,True
1564,Pahang,1584,26,71,2023-11,True
1564,Perak,1982,25,90,2023-11,True
1564,Perlis,341,26,28,2023-11,True
1564,Pulau Pinang,1830,26,82,2023-11,True
1564,Sabah,2374,27,128,2023-11,True
1564,Sarawak,2551,28,133,2023-11,True
1564,Selangor,1823,26,82,2023-11,True
1564,Terengganu,1132,27,74,2023-11,True
1564,W.P. Kuala Lumpur,2098,26,104,2023-11,True
1564,W.P. Labuan,301,26,14,2023-11,True
1564,W.P. Putrajaya,227,26,19,2023-11,True
1131,Johor,1877,27,116,2023-11,True
1131,Kedah,812,27,46,2023-11,True
1131,Kelantan,1279,27,74,2023-11,True
1131,Melaka,296,26,16,2023-11,True
1131,Negeri Sembilan,486,26,25,2023-11,True
1131,Pahang,1533,26,70,2023-11,True
1131,Perak,1738,25,83,2023-11,True
1131,Perlis,335,26,26,2023-11,True
1131,Pulau Pinang,1518,26,73,2023-11,True
1131,Sabah,2110,27,114,2023-11,True
1131,Sarawak,2588,28,140,2023-11,True
1131,Selangor,1619,26,74,2023-11,True
1131,Terengganu,1212,27,75,2023-11,True
1131,W.P. Kuala Lumpur,1493,26,79,2023-11,True
1131,W.P. Labuan,301,26,14,2023-11,True
1131,W.P. Putrajaya,260,26,20,2023-11,True
94,Johor,1203,27,72,2023-11,True
94,Kedah,499,27,26,2023-11,True
94,Kelantan,494,27,26,2023-11,True
94,Melaka,37,24,3,2023-11,True
94,Negeri Sembilan,622,26,32,2023-11,True
94,Pahang,1579,26,73,2023-11,True
94,Perak,972,25,51,2023-11,True
94,Perlis,261,26,18,2023-11,True
94,Pulau Pinang,735,26,41,2023-11,True
94,Sabah,399,27,30,2023-11,True
94,Sarawak,1824,28,97,2023-11,True
94,Selangor,1444,26,72,2023-11,True
94,Terengganu,716,27,48,2023-11,True
94,W.P. Kuala Lumpur,1583,26,88,2023-11,True
94,W.P. Labuan,0,0,0,2023-11,False
94,W.P. Putrajaya,1,1,1,2023-11,True
114,Johor,2420,27,127,2023-11,True
114,Kedah,1385,27,63,2023-11,True
114,Kelantan,1831,27,85,2023-11,True
114,Melaka,482,26,25,2023-11,True
114,Negeri Sembilan,794,26,37,2023-11,True
114,Pahang,1860,26,79,2023-11,True
114,Perak,1987,25,85,2023-11,True
114,Perlis,398,26,22,2023-11,True
114,Pulau Pinang,1827,26,76,2023-11,True
114,Sabah,1538,27,88,2023-11,True
114,Sarawak,1755,28,98,2023-11,True
114,Selangor,1867,26,84,2023-11,True
114,Terengganu,1375,27,92,2023-11,True
114,W.P. Kuala Lumpur,2264,26,111,2023-11,True
114,W.P. Labuan,119,26,10,2023-11,True
114,W.P. Putrajaya,270,26,19,2023-11,True
103,Johor,502,27,24,2023-11,True
103,Kedah,267,27,11,2023-11,True
103,Kelantan,241,27,18,2023-11,True
103,Melaka,0,0,0,2023-11,False
103,Negeri Sembilan,426,26,19,2023-11,True
103,Pahang,844,26,34,2023-11,True
103,Perak,1029,25,44,2023-11,True
103,Perlis,1,1,1,2023-11,True
103,Pulau Pinang,586,26,23,2023-11,True
103,Sabah,66,26,3,2023-11,True
103,Sarawak,28,28,1,2023-11,True
103,Selangor,828,26,38,2023-11,True
103,Terengganu,237,27,11,2023-11,True
103,W.P. Kuala Lumpur,891,26,40,2023-11,True
103,W.P. Labuan,0,0,0,2023-11,False
103,W.P. Putrajaya,124,26,8,2023-11,True
1431,Johor,149,27,8,2023-11,True
1431,Kedah,301,27,12,2023-11,True
1431,Kelantan,480,27,18,2023-11,True
1431,Melaka,147,26,6,2023-11,True
1431,Negeri Sembilan,144,26,7,2023-11,True
1431,Pahang,181,26,9,2023-11,True
1431,Perak,401,25,19,2023-11,True
1431,Perlis,38,26,2,2023-11,True
1431,Pulau Pinang,436,26,17,2023-11,True
1431,Sabah,76,26,3,2023-11,True
1431,Sarawak,75,28,3,2023-11,True
1431,Selangor,295,26,13,2023-11,True
1431,Terengganu,250,27,15,2023-11,True
1431,W.P. Kuala Lumpur,100,26,6,2023-11,True
1431,W.P. Labuan,0,0,0,2023-11,False
1431,W.P. Putrajaya,14,14,1,2023-11,True
1555,Johor,1596,27,101,2023-11,True
1555,Kedah,924,27,44,2023-11,True
1555,Kelantan,1506,27,72,2023-11,True
1555,Melaka,399,26,20,2023-11,True
1555,Negeri Sembilan,522,26,24,2023-11,True
1555,Pahang,1381,26,72,2023-11,True
1555,Perak,1638,25,78,2023-11,True
1555,Perlis,210,26,14,2023-11,True
1555,Pulau Pinang,1101,26,58,2023-11,True
1555,Sabah,516,26,32,2023-11,True
1555,Sarawak,771,28,45,2023-11,True
1555,Selangor,1600,26,78,2023-11,True
1555,Terengganu,825,27,64,2023-11,True
1555,W.P. Kuala Lumpur,1419,26,83,2023-11,True
1555,W.P. Labuan,0,0,0,2023-11,False
1555,W.P. Putrajaya,237,26,15,2023-11,True
193,Johor,123,4,32,2023-11,True
193,Kedah,319,4,83,2023-11,True
193,Kelantan,37,4,10,2023-11,True
193,Melaka,24,4,6,2023-11,True
193,Negeri Sembilan,83,4,24,2023-11,True
193,Pahang,183,4,47,2023-11,True
193,Perak,319,4,86,2023-11,True
193,Perlis,140,4,39,2023-11,True
193,Pulau Pinang,255,5,66,2023-11,True
193,Sabah,207,5,59,2023-11,True
193,Sarawak,334,9,89,2023-11,True
193,Selangor,222,5,58,2023-11,True
193,Terengganu,47,4,13,2023-11,True
193,W.P. Kuala Lumpur,316,6,80,2023-11,True
193,W.P. Labuan,8,4,2,2023-11,True
193,W.P. Putrajaya,37,4,10,2023-11,True
1,Johor,1869,23,105,2023-12,True
1,Kedah,1135,24,53,2023-12,True
1,Kelantan,1454,24,72,2023-12,True
1,Melaka,414,24,19,2023-12,True
1,Negeri Sembilan,654,24,30,2023-12,True
1,Pahang,1705,24,79,2023-12,True
1,Perak,1849,24,82,2023-12,True
1,Perlis,343,24,16,2023-12,True
1,Pulau Pinang,1492,24,63,2023-12,True
1,Sabah,142,23,8,2023-12,True
1,Sarawak,205,24,9,2023-12,True
1,Selangor,1620,24,79,2023-12,True
1,Terengganu,1312,24,86,2023-12,True
1,W.P. Kuala Lumpur,1543,24,85,2023-12,True
1,W.P. Labuan,34,24,3,2023-12,True
1,W.P. Putrajaya,191,24,13,2023-12,True
1111,Johor,881,23,88,2023-12,True
1111,Kedah,282,24,26,2023-12,True
1111,Kelantan,278,24,49,2023-12,True
1111,Melaka,164,24,14,2023-12,True
1111,Negeri Sembilan,265,24,24,2023-12,True
1111,Pahang,414,24,51,2023-12,True
1111,Perak,616,24,46,2023-12,True
1111,Perlis,41,21,6,2023-12,True
1111,Pulau Pinang,444,24,32,2023-12,True
1111,Sabah,373,23,36,2023-12,True
1111,Sarawak,73,24,11,2023-12,True
1111,Selangor,413,23,45,2023-12,True
1111,Terengganu,203,24,44,2023-12,True
1111,W.P. Kuala Lumpur,620,24,63,2023-12,True
1111,W.P. Labuan,8,8,1,2023-12,True
1111,W.P. Putrajaya,47,21,6,2023-12,True
904,Johor,413,23,28,2023-12,True
904,Kedah,588,24,41,2023-12,True
904,Kelantan,275,24,21,2023-12,True
904,Melaka,140,24,8,2023-12,True
904,Negeri Sembilan,257,24,16,2023-12,True
904,Pahang,489,24,24,2023-12,True
904,Perak,679,24,48,2023-12,True
904,Perlis,171,24,13,2023-12,True
904,Pulau Pinang,494,24,37,2023-12,True
904,Sabah,0,0,0,2023-12,False
904,Sarawak,0,0,0,2023-12,False
904,Selangor,380,23,25,2023-12,True
904,Terengganu,414,24,30,2023-12,True
904,W.P. Kuala Lumpur,629,24,33,2023-12,True
904,W.P. Labuan,0,0,0,2023-12,False
904,W.P. Putrajaya,76,24,6,2023-12,True
918,Johor,340,23,41,2023-12,True
918,Kedah,233,24,49,2023-12,True
918,Kelantan,847,24,98,2023-12,True
918,Melaka,85,24,19,2023-12,True
918,Negeri Sembilan,80,24,16,2023-12,True
918,Pahang,538,24,58,2023-12,True
918,Perak,131,23,38,2023-12,True
918,Perlis,228,24,36,2023-12,True
918,Pulau Pinang,127,21,33,2023-12,True
918,Sabah,446,23,30,2023-12,True
918,Sarawak,293,24,42,2023-12,True
918,Selangor,312,23,47,2023-12,True
918,Terengganu,435,24,80,2023-12,True
918,W.P. Kuala Lumpur,201,24,44,2023-12,True
918,W.P. Labuan,47,24,4,2023-12,True
918,W.P. Putrajaya,25,15,5,2023-12,True
1589,Johor,357,7,106,2023-12,True
1589,Kedah,229,5,68,2023-12,True
1589,Kelantan,478,6,129,2023-12,True
1589,Melaka,59,4,20,2023-12,True
1589,Negeri Sembilan,96,4,31,2023-12,True
1589,Pahang,234,4,69,2023-12,True
1589,Perak,283,4,85,2023-12,True
1589,Perlis,104,4,34,2023-12,True
1589,Pulau Pinang,259,4,70,2023-12,True
1589,Sabah,204,4,64,2023-12,True
1589,Sarawak,166,9,62,2023-12,True
1589,Selangor,241,6,74,2023-12,True
1589,Terengganu,314,4,96,2023-12,True
1589,W.P. Kuala Lumpur,307,5,89,2023-12,True
1589,W.P. Labuan,7,3,3,2023-12,True
1589,W.P. Putrajaya,63,4,19,2023-12,True
917,Johor,474,8,123,2023-12,True
917,Kedah,283,4,75,2023-12,True
917,Kelantan,431,6,118,2023-12,True
917,Melaka,93,4,26,2023-12,True
917,Negeri Sembilan,152,4,41,2023-12,True
917,Pahang,314,7,84,2023-12,True
917,Perak,354,4,97,2023-12,True
917,Perlis,132,4,37,2023-12,True
917,Pulau Pinang,303,4,81,2023-12,True
917,Sabah,146,4,45,2023-12,True
917,Sarawak,181,9,50,2023-12,True
917,Selangor,269,6,76,2023-12,True
917,Terengganu,349,4,96,2023-12,True
917,W.P. Kuala Lumpur,355,6,98,2023-12,True
917,W.P. Labuan,21,4,6,2023-12,True
917,W.P. Putrajaya,65,4,18,2023-12,True
129,Johor,1952,23,124,2023-12,True
129,Kedah,1183,24,77,2023-12,True
129,Kelantan,1731,24,129,2023-12,True
129,Melaka,431,24,26,2023-12,True
129,Negeri Sembilan,644,24,36,2023-12,True
129,Pahang,1480,24,78,2023-12,True
129,Perak,1722,24,81,2023-12,True
129,Perlis,433,24,37,2023-12,True
129,Pulau Pinang,1568,24,77,2023-12,True
129,Sabah,1956,23,132,2023-12,True
129,Sarawak,2128,24,140,2023-12,True
129,Selangor,1554,24,80,2023-12,True
129,Terengganu,1423,24,107,2023-12,True
129,W.P. Kuala Lumpur,1864,24,102,2023-12,True
129,W.P. Labuan,288,24,14,2023-12,True
129,W.P. Putrajaya,202,24,18,2023-12,True
1564,Johor,2105,23,136,2023-12,True
1564,Kedah,1112,24,70,2023-12,True
1564,Kelantan,1221,24,70,2023-12,True
1564,Melaka,457,24,27,2023-12,True
1564,Negeri Sembilan,691,24,39,2023-12,True
1564,Pahang,1488,24,72,2023-12,True
1564,Perak,1881,24,90,2023-12,True
1564,Perlis,355,24,28,2023-12,True
1564,Pulau Pinang,1684,24,81,2023-12,True
1564,Sabah,1968,23,129,2023-12,True
1564,Sarawak,2201,24,133,2023-12,True
1564,Selangor,1578,24,81,2023-12,True
1564,Terengganu,1001,24,73,2023-12,True
1564,W.P. Kuala Lumpur,1930,24,104,2023-12,True
1564,W.P. Labuan,294,24,14,2023-12,True
1564,W.P. Putrajaya,207,24,18,2023-12,True
1131,Johor,1744,23,123,2023-12,True
1131,Kedah,756,24,50,2023-12,True
1131,Kelantan,1101,24,69,2023-12,True
1131,Melaka,286,24,21,2023-12,True
1131,Negeri Sembilan,499,24,32,2023-12,True
1131,Pahang,1482,24,75,2023-12,True
1131,Perak,1687,24,86,2023-12,True
1131,Perlis,323,24,30,2023-12,True
1131,Pulau Pinang,1466,24,76,2023-12,True
1131,Sabah,1781,23,117,2023-12,True
1131,Sarawak,2143,24,139,2023-12,True
1131,Selangor,1438,24,75,2023-12,True
1131,Terengganu,1050,24,78,2023-12,True
1131,W.P. Kuala Lumpur,1556,24,89,2023-12,True
1131,W.P. Labuan,291,24,14,2023-12,True
1131,W.P. Putrajaya,242,24,20,2023-12,True
94,Johor,956,23,69,2023-12,True
94,Kedah,434,24,27,2023-12,True
94,Kelantan,420,24,25,2023-12,True
94,Melaka,34,24,3,2023-12,True
94,Negeri Sembilan,597,24,30,2023-12,True
94,Pahang,1469,24,72,2023-12,True
94,Perak,836,24,48,2023-12,True
94,Perlis,228,24,16,2023-12,True
94,Pulau Pinang,673,24,44,2023-12,True
94,Sabah,323,23,30,2023-12,True
94,Sarawak,1480,24,94,2023-12,True
94,Selangor,1272,24,75,2023-12,True
94,Terengganu,594,24,44,2023-12,True
94,W.P. Kuala Lumpur,1349,24,82,2023-12,True
94,W.P. Labuan,0,0,0,2023-12,False
94,W.P. Putrajaya,27,24,2,2023-12,True
114,Johor,2094,23,127,2023-12,True
114,Kedah,1224,24,64,2023-12,True
114,Kelantan,1630,24,85,2023-12,True
114,Melaka,446,24,25,2023-12,True
114,Negeri Sembilan,720,24,35,2023-12,True
114,Pahang,1719,24,79,2023-12,True
114,Perak,1909,24,86,2023-12,True
114,Perlis,398,24,23,2023-12,True
114,Pulau Pinang,1689,24,76,2023-12,True
114,Sabah,1424,23,89,2023-12,True
114,Sarawak,1416,24,91,2023-12,True
114,Selangor,1650,24,84,2023-12,True
114,Terengganu,1127,24,80,2023-12,True
114,W.P. Kuala Lumpur,2097,24,111,2023-12,True
114,W.P. Labuan,162,24,11,2023-12,True
114,W.P. Putrajaya,255,24,19,2023-12,True
103,Johor,407,23,22,2023-12,True
103,Kedah,220,24,12,2023-12,True
103,Kelantan,316,24,18,2023-12,True
103,Melaka,0,0,0,2023-12,False
103,Negeri Sembilan,383,24,17,2023-12,True
103,Pahang,758,24,34,2023-12,True
103,Perak,922,24,45,2023-12,True
103,Perlis,0,0,0,2023-12,False
103,Pulau Pinang,535,24,23,2023-12,True
103,Sabah,43,22,2,2023-12,True
103,Sarawak,23,23,1,2023-12,True
103,Selangor,765,23,39,2023-12,True
103,Terengganu,193,24,9,2023-12,True
103,W.P. Kuala Lumpur,830,24,42,2023-12,True
103,W.P. Labuan,0,0,0,2023-12,False
103,W.P. Putrajaya,112,24,7,2023-12,True
1431,Johor,182,23,10,2023-12,True
1431,Kedah,266,24,13,2023-12,True
1431,Kelantan,416,24,19,2023-12,True
1431,Melaka,128,24,7,2023-12,True
1431,Negeri Sembilan,130,24,6,2023-12,True
1431,Pahang,166,24,9,2023-12,True
1431,Perak,391,24,18,2023-12,True
1431,Perlis,32,24,2,2023-12,True
1431,Pulau Pinang,407,24,18,2023-12,True
1431,Sabah,63,22,3,2023-12,True
1431,Sarawak,71,24,3,2023-12,True
1431,Selangor,240,23,13,2023-12,True
1431,Terengganu,222,24,15,2023-12,True
1431,W.P. Kuala Lumpur,77,24,6,2023-12,True
1431,W.P. Labuan,0,0,0,2023-12,False
1431,W.P. Putrajaya,32,23,2,2023-12,True
1555,Johor,1480,23,102,2023-12,True
1555,Kedah,817,24,44,2023-12,True
1555,Kelantan,1343,24,71,2023-12,True
1555,Melaka,366,24,19,2023-12,True
1555,Negeri Sembilan,490,24,23,2023-12,True
1555,Pahang,1233,24,71,2023-12,True
1555,Perak,1531,24,78,2023-12,True
1555,Perlis,194,24,15,2023-12,True
1555,Pulau Pinang,982,24,51,2023-12,True
1555,Sabah,484,23,31,2023-12,True
1555,Sarawak,705,24,43,2023-12,True
1555,Selangor,1463,24,77,2023-12,True
1555,Terengganu,720,24,60,2023-12,True
1555,W.P. Kuala Lumpur,1301,24,81,2023-12,True
1555,W.P. Labuan,0,0,0,2023-12,False
1555,W.P. Putrajaya,213,24,15,2023-12,True
193,Johor,123,4,32,2023-12,True
193,Kedah,330,5,86,2023-12,True
193,Kelantan,33,4,9,2023-12,True
193,Melaka,22,4,6,2023-12,True
193,Negeri Sembilan,91,4,24,2023-12,True
193,Pahang,191,4,48,2023-12,True
193,Perak,318,4,84,2023-12,True
193,Perlis,144,4,39,2023-12,True
193,Pulau Pinang,252,4,65,2023-12,True
193,Sabah,207,5,62,2023-12,True
193,Sarawak,342,9,90,2023-12,True
193,Selangor,220,6,62,2023-12,True
193,Terengganu,44,4,11,2023-12,True
193,W.P. Kuala Lumpur,309,6,82,2023-12,True
193,W.P. Labuan,5,4,2,2023-12,True
193,W.P. Putrajaya,41,4,11,2023-12,True
1,Johor,2452,30,109,2024-01,True
1,Kedah,1400,30,53,2024-01,True
1,Kelantan,1887,31,74,2024-01,True
1,Melaka,534,31,21,2024-01,True
1,Negeri Sembilan,774,28,32,2024-01,True
1,Pahang,2194,31,78,2024-01,True
1,Perak,2318,30,82,2024-01,True
1,Perlis,449,31,17,2024-01,True
1,Pulau Pinang,1864,30,63,2024-01,True
1,Sabah,207,31,9,2024-01,True
1,Sarawak,277,31,9,2024-01,True
1,Selangor,2122,30,81,2024-01,True
1,Terengganu,1740,31,86,2024-01,True
1,W.P. Kuala Lumpur,1960,30,85,2024-01,True
1,W.P. Labuan,51,31,2,2024-01,True
1,W.P. Putrajaya,255,30,15,2024-01,True
1111,Johor,1011,30,88,2024-01,True
1111,Kedah,387,30,29,2024-01,True
1111,Kelantan,551,31,56,2024-01,True
1111,Melaka,218,31,17,2024-01,True
1111,Negeri Sembilan,359,28,27,2024-01,True
1111,Pahang,605,31,46,2024-01,True
1111,Perak,777,30,46,2024-01,True
1111,Perlis,57,27,6,2024-01,True
1111,Pulau Pinang,587,30,33,2024-01,True
1111,Sabah,460,31,42,2024-01,True
1111,Sarawak,112,31,12,2024-01,True
1111,Selangor,554,30,41,2024-01,True
1111,Terengganu,336,31,50,2024-01,True
1111,W.P. Kuala Lumpur,842,30,67,2024-01,True
1111,W.P. Labuan,22,22,1,2024-01,True
1111,W.P. Putrajaya,50,26,7,2024-01,True
904,Johor,92,5,25,2024-01,True
904,Kedah,197,5,44,2024-01,True
904,Kelantan,65,5,19,2024-01,True
904,Melaka,30,5,7,2024-01,True
904,Negeri Sembilan,55,5,13,2024-01,True
904,Pahang,103,6,23,2024-01,True
904,Perak,169,5,41,2024-01,True
904,Perlis,48,6,11,2024-01,True
904,Pulau Pinang,153,6,33,2024-01,True
904,Sabah,0,0,0,2024-01,False
904,Sarawak,0,0,0,2024-01,False
904,Selangor,77,5,20,2024-01,True
904,Terengganu,131,6,32,2024-01,True
904,W.P. Kuala Lumpur,142,5,33,2024-01,True
904,W.P. Labuan,0,0,0,2024-01,False
904,W.P. Putrajaya,29,6,6,2024-01,True
918,Johor,365,27,46,2024-01,True
918,Kedah,251,23,52,2024-01,True
918,Kelantan,837,31,110,2024-01,True
918,Melaka,81,24,19,2024-01,True
918,Negeri Sembilan,40,20,12,2024-01,True
918,Pahang,443,25,54,2024-01,True
918,Perak,112,19,37,2024-01,True
918,Perlis,255,23,36,2024-01,True
918,Pulau Pinang,154,25,34,2024-01,True
918,Sabah,385,24,29,2024-01,True
918,Sarawak,259,23,46,2024-01,True
918,Selangor,279,23,50,2024-01,True
918,Terengganu,371,24,73,2024-01,True
918,W.P. Kuala Lumpur,161,24,33,2024-01,True
918,W.P. Labuan,33,15,6,2024-01,True
918,W.P. Putrajaya,19,17,6,2024-01,True
1589,Johor,506,10,118,2024-01,True
1589,Kedah,322,5,73,2024-01,True
1589,Kelantan,596,5,135,2024-01,True
1589,Melaka,108,6,25,2024-01,True
1589,Negeri Sembilan,144,5,35,2024-01,True
1589,Pahang,325,7,75,2024-01,True
1589,Perak,340,5,88,2024-01,True
1589,Perlis,145,6,38,2024-01,True
1589,Pulau Pinang,357,6,75,2024-01,True
1589,Sabah,262,8,63,2024-01,True
1589,Sarawak,254,11,88,2024-01,True
1589,Selangor,289,5,73,2024-01,True
1589,Terengganu,469,6,106,2024-01,True
1589,W.P. Kuala Lumpur,376,5,94,2024-01,True
1589,W.P. Labuan,1,1,1,2024-01,True
1589,W.P. Putrajaya,87,6,19,2024-01,True
917,Johor,582,10,124,2024-01,True
917,Kedah,349,5,79,2024-01,True
917,Kelantan,547,5,124,2024-01,True
917,Melaka,113,7,25,2024-01,True
917,Negeri Sembilan,179,5,40,2024-01,True
917,Pahang,348,11,80,2024-01,True
917,Perak,445,5,98,2024-01,True
917,Perlis,164,6,37,2024-01,True
917,Pulau Pinang,374,6,81,2024-01,True
917,Sabah,204,7,51,2024-01,True
917,Sarawak,171,11,49,2024-01,True
917,Selangor,288,5,75,2024-01,True
917,Terengganu,432,6,99,2024-01,True
917,W.P. Kuala Lumpur,406,5,92,2024-01,True
917,W.P. Labuan,21,5,5,2024-01,True
917,W.P. Putrajaya,76,6,19,2024-01,True
129,Johor,2455,30,123,2024-01,True
129,Kedah,1501,30,78,2024-01,True
129,Kelantan,2162,31,129,2024-01,True
129,Melaka,556,31,26,2024-01,True
129,Negeri Sembilan,708,28,34,2024-01,True
129,Pahang,1880,31,76,2024-01,True
129,Perak,2146,30,82,2024-01,True
129,Perlis,537,31,37,2024-01,True
129,Pulau Pinang,1966,30,77,2024-01,True
129,Sabah,2631,31,132,2024-01,True
129,Sarawak,2826,31,140,2024-01,True
129,Selangor,2007,30,82,2024-01,True
129,Terengganu,1769,31,104,2024-01,True
129,W.P. Kuala Lumpur,2306,30,100,2024-01,True
129,W.P. Labuan,361,31,14,2024-01,True
129,W.P. Putrajaya,274,30,18,2024-01,True
1564,Johor,2720,30,137,2024-01,True
1564,Kedah,1410,30,74,2024-01,True
1564,Kelantan,1495,31,67,2024-01,True
1564,Melaka,595,31,27,2024-01,True
1564,Negeri Sembilan,810,28,40,2024-01,True
1564,Pahang,1923,31,73,2024-01,True
1564,Perak,2352,30,90,2024-01,True
1564,Perlis,446,31,28,2024-01,True
1564,Pulau Pinang,2106,30,81,2024-01,True
1564,Sabah,2853,31,132,2024-01,True
1564,Sarawak,2866,31,137,2024-01,True
1564,Selangor,2056,30,81,2024-01,True
1564,Terengganu,1303,31,71,2024-01,True
1564,W.P. Kuala Lumpur,2410,30,105,2024-01,True
1564,W.P. Labuan,377,31,14,2024-01,True
1564,W.P. Putrajaya,280,30,18,2024-01,True
1131,Johor,2302,30,123,2024-01,True
1131,Kedah,980,30,51,2024-01,True
1131,Kelantan,1419,31,76,2024-01,True
1131,Melaka,436,31,20,2024-01,True
1131,Negeri Sembilan,626,28,31,2024-01,True
1131,Pahang,1906,31,71,2024-01,True
1131,Perak,2051,30,84,2024-01,True
1131,Perlis,385,31,30,2024-01,True
1131,Pulau Pinang,1862,30,75,2024-01,True
1131,Sabah,2548,31,121,2024-01,True
1131,Sarawak,2816,31,142,2024-01,True
1131,Selangor,1805,30,73,2024-01,True
1131,Terengganu,1410,31,77,2024-01,True
1131,W.P. Kuala Lumpur,1881,30,86,2024-01,True
1131,W.P. Labuan,375,31,14,2024-01,True
1131,W.P. Putrajaya,269,30,20,2024-01,True
94,Johor,1257,30,67,2024-01,True
94,Kedah,588,30,25,2024-01,True
94,Kelantan,550,31,26,2024-01,True
94,Melaka,83,31,6,2024-01,True
94,Negeri Sembilan,770,28,34,2024-01,True
94,Pahang,1908,31,73,2024-01,True
94,Perak,1203,30,49,2024-01,True
94,Perlis,313,31,18,2024-01,True
94,Pulau Pinang,854,30,38,2024-01,True
94,Sabah,444,31,27,2024-01,True
94,Sarawak,2082,31,95,2024-01,True
94,Selangor,1749,30,75,2024-01,True
94,Terengganu,903,31,55,2024-01,True
94,W.P. Kuala Lumpur,1731,30,82,2024-01,True
94,W.P. Labuan,0,0,0,2024-01,False
94,W.P. Putrajaya,5,5,4,2024-01,True
114,Johor,2689,30,128,2024-01,True
114,Kedah,1517,30,64,2024-01,True
114,Kelantan,2105,31,85,2024-01,True
114,Melaka,577,31,26,2024-01,True
114,Negeri Sembilan,846,28,37,2024-01,True
114,Pahang,2216,31,79,2024-01,True
114,Perak,2323,30,86,2024-01,True
114,Perlis,518,31,23,2024-01,True
114,Pulau Pinang,2081,30,76,2024-01,True
114,Sabah,2098,31,92,2024-01,True
114,Sarawak,1927,31,98,2024-01,True
114,Selangor,2153,30,85,2024-01,True
114,Terengganu,1308,31,84,2024-01,True
114,W.P. Kuala Lumpur,2614,30,111,2024-01,True
114,W.P. Labuan,189,31,9,2024-01,True
114,W.P. Putrajaya,317,30,19,2024-01,True
103,Johor,496,30,23,2024-01,True
103,Kedah,301,30,13,2024-01,True
103,Kelantan,457,31,22,2024-01,True
103,Melaka,0,0,0,2024-01,False
103,Negeri Sembilan,451,28,18,2024-01,True
103,Pahang,1026,31,36,2024-01,True
103,Perak,1171,30,44,2024-01,True
103,Perlis,0,0,0,2024-01,False
103,Pulau Pinang,642,30,22,2024-01,True
103,Sabah,61,31,2,2024-01,True
103,Sarawak,31,31,1,2024-01,True
103,Selangor,899,30,36,2024-01,True
103,Terengganu,247,31,10,2024-01,True
103,W.P. Kuala Lumpur,1036,30,40,2024-01,True
103,W.P. Labuan,0,0,0,2024-01,False
103,W.P. Putrajaya,148,30,6,2024-01,True
1431,Johor,240,30,10,2024-01,True
1431,Kedah,329,30,12,2024-01,True
1431,Kelantan,553,31,19,2024-01,True
1431,Melaka,182,31,7,2024-01,True
1431,Negeri Sembilan,156,28,7,2024-01,True
1431,Pahang,221,31,9,2024-01,True
1431,Perak,480,30,18,2024-01,True
1431,Perlis,57,31,3,2024-01,True
1431,Pulau Pinang,521,30,18,2024-01,True
1431,Sabah,87,31,3,2024-01,True
1431,Sarawak,71,31,3,2024-01,True
1431,Selangor,300,30,13,2024-01,True
1431,Terengganu,277,31,14,2024-01,True
1431,W.P. Kuala Lumpur,98,30,5,2024-01,True
1431,W.P. Labuan,0,0,0,2024-01,False
1431,W.P. Putrajaya,42,30,2,2024-01,True
1555,Johor,1889,30,102,2024-01,True
1555,Kedah,997,30,43,2024-01,True
1555,Kelantan,1654,31,71,2024-01,True
1555,Melaka,442,31,21,2024-01,True
1555,Negeri Sembilan,561,28,24,2024-01,True
1555,Pahang,1583,31,73,2024-01,True
1555,Perak,1895,30,78,2024-01,True
1555,Perlis,239,31,16,2024-01,True
1555,Pulau Pinang,1116,30,53,2024-01,True
1555,Sabah,711,31,32,2024-01,True
1555,Sarawak,998,31,48,2024-01,True
1555,Selangor,1931,30,80,2024-01,True
1555,Terengganu,915,31,67,2024-01,True
1555,W.P. Kuala Lumpur,1671,30,82,2024-01,True
1555,W.P. Labuan,0,0,0,2024-01,False
1555,W.P. Putrajaya,253,30,16,2024-01,True
193,Johor,160,6,34,2024-01,True
193,Kedah,406,6,86,2024-01,True
193,Kelantan,45,5,9,2024-01,True
193,Melaka,30,5,6,2024-01,True
193,Negeri Sembilan,119,5,26,2024-01,True
193,Pahang,235,6,50,2024-01,True
193,Perak,410,5,88,2024-01,True
193,Perlis,175,6,37,2024-01,True
193,Pulau Pinang,302,6,65,2024-01,True
193,Sabah,259,6,61,2024-01,True
193,Sarawak,421,11,90,2024-01,True
193,Selangor,257,5,60,2024-01,True
193,Terengganu,54,5,12,2024-01,True
193,W.P. Kuala Lumpur,378,5,82,2024-01,True
193,W.P. Labuan,8,5,2,2024-01,True
193,W.P. Putrajaya,48,6,10,2024-01,True
1,Johor,2647,27,139,2024-02,True
1,Kedah,1216,26,52,2024-02,True
1,Kelantan,1632,26,74,2024-02,True
1,Melaka,430,25,20,2024-02,True
1,Negeri Sembilan,708,25,31,2024-02,True
1,Pahang,1855,26,81,2024-02,True
1,Perak,2057,26,88,2024-02,True
1,Perlis,360,25,17,2024-02,True
1,Pulau Pinang,1608,26,63,2024-02,True
1,Sabah,217,26,9,2024-02,True
1,Sarawak,272,26,13,2024-02,True
1,Selangor,1877,26,80,2024-02,True
1,Terengganu,1469,25,88,2024-02,True
1,W.P. Kuala Lumpur,1621,25,86,2024-02,True
1,W.P. Labuan,46,25,3,2024-02,True
1,W.P. Putrajaya,257,25,17,2024-02,True
1111,Johor,1159,27,119,2024-02,True
1111,Kedah,336,26,30,2024-02,True
1111,Kelantan,380,26,50,2024-02,True
1111,Melaka,152,25,13,2024-02,True
1111,Negeri Sembilan,300,25,29,2024-02,True
1111,Pahang,499,26,48,2024-02,True
1111,Perak,679,26,58,2024-02,True
1111,Perlis,39,22,5,2024-02,True
1111,Pulau Pinang,513,26,33,2024-02,True
1111,Sabah,403,26,42,2024-02,True
1111,Sarawak,76,26,10,2024-02,True
1111,Selangor,571,26,56,2024-02,True
1111,Terengganu,365,25,65,2024-02,True
1111,W.P. Kuala Lumpur,692,25,72,2024-02,True
1111,W.P. Labuan,10,10,2,2024-02,True
1111,W.P. Putrajaya,41,20,7,2024-02,True
904,Johor,115,4,37,2024-02,True
904,Kedah,150,4,43,2024-02,True
904,Kelantan,56,4,21,2024-02,True
904,Melaka,20,4,5,2024-02,True
904,Negeri Sembilan,39,4,12,2024-02,True
904,Pahang,68,4,19,2024-02,True
904,Perak,157,4,52,2024-02,True
904,Perlis,27,4,11,2024-02,True
904,Pulau Pinang,105,4,31,2024-02,True
904,Sabah,0,0,0,2024-02,False
904,Sarawak,0,0,0,2024-02,False
904,Selangor,51,4,18,2024-02,True
904,Terengganu,112,5,28,2024-02,True
904,W.P. Kuala Lumpur,102,4,29,2024-02,True
904,W.P. Labuan,0,0,0,2024-02,False
904,W.P. Putrajaya,24,4,7,2024-02,True
918,Johor,77,7,39,2024-02,True
918,Kedah,126,4,42,2024-02,True
918,Kelantan,287,10,95,2024-02,True
918,Melaka,18,5,10,2024-02,True
918,Negeri Sembilan,11,4,5,2024-02,True
918,Pahang,91,6,38,2024-02,True
918,Perak,70,4,30,2024-02,True
918,Perlis,88,4,32,2024-02,True
918,Pulau Pinang,86,5,26,2024-02,True
918,Sabah,76,7,23,2024-02,True
918,Sarawak,67,6,23,2024-02,True
918,Selangor,68,4,29,2024-02,True
918,Terengganu,179,6,61,2024-02,True
918,W.P. Kuala Lumpur,36,4,22,2024-02,True
918,W.P. Labuan,9,4,3,2024-02,True
918,W.P. Putrajaya,9,6,5,2024-02,True
1589,Johor,561,7,154,2024-02,True
1589,Kedah,269,4,73,2024-02,True
1589,Kelantan,470,4,128,2024-02,True
1589,Melaka,88,5,26,2024-02,True
1589,Negeri Sembilan,110,4,36,2024-02,True
1589,Pahang,273,4,76,2024-02,True
1589,Perak,348,6,116,2024-02,True
1589,Perlis,118,4,41,2024-02,True
1589,Pulau Pinang,286,4,76,2024-02,True
1589,Sabah,213,4,57,2024-02,True
1589,Sarawak,233,6,88,2024-02,True
1589,Selangor,249,5,74,2024-02,True
1589,Terengganu,436,5,100,2024-02,True
1589,W.P. Kuala Lumpur,324,4,94,2024-02,True
1589,W.P. Labuan,5,4,2,2024-02,True
1589,W.P. Putrajaya,72,4,19,2024-02,True
917,Johor,571,7,155,2024-02,True
917,Kedah,277,4,78,2024-02,True
917,Kelantan,442,4,121,2024-02,True
917,Melaka,93,5,26,2024-02,True
917,Negeri Sembilan,137,4,41,2024-02,True
917,Pahang,266,7,82,2024-02,True
917,Perak,402,5,123,2024-02,True
917,Perlis,138,4,37,2024-02,True
917,Pulau Pinang,305,4,80,2024-02,True
917,Sabah,180,5,51,2024-02,True
917,Sarawak,149,5,46,2024-02,True
917,Selangor,229,5,77,2024-02,True
917,Terengganu,430,5,97,2024-02,True
917,W.P. Kuala Lumpur,330,4,96,2024-02,True
917,W.P. Labuan,20,4,5,2024-02,True
917,W.P. Putrajaya,64,4,18,2024-02,True
129,Johor,2581,27,156,2024-02,True
129,Kedah,1312,26,76,2024-02,True
129,Kelantan,1800,26,130,2024-02,True
129,Melaka,448,25,26,2024-02,True
129,Negeri Sembilan,646,25,36,2024-02,True
129,Pahang,1631,26,78,2024-02,True
129,Perak,1862,26,97,2024-02,True
129,Perlis,457,25,35,2024-02,True
129,Pulau Pinang,1688,26,77,2024-02,True
129,Sabah,2408,27,133,2024-02,True
129,Sarawak,2352,26,144,2024-02,True
129,Selangor,1762,26,81,2024-02,True
129,Terengganu,1453,25,104,2024-02,True
129,W.P. Kuala Lumpur,1907,25,102,2024-02,True
129,W.P. Labuan,269,25,14,2024-02,True
129,W.P. Putrajaya,229,25,19,2024-02,True
1564,Johor,2842,27,168,2024-02,True
1564,Kedah,1216,26,74,2024-02,True
1564,Kelantan,1270,26,67,2024-02,True
1564,Melaka,456,25,27,2024-02,True
1564,Negeri Sembilan,699,25,40,2024-02,True
1564,Pahang,1688,26,79,2024-02,True
1564,Perak,2102,26,111,2024-02,True
1564,Perlis,334,25,27,2024-02,True
1564,Pulau Pinang,1817,26,82,2024-02,True
1564,Sabah,2445,27,131,2024-02,True
1564,Sarawak,2341,26,136,2024-02,True
1564,Selangor,1778,26,82,2024-02,True
1564,Terengganu,1076,25,70,2024-02,True
1564,W.P. Kuala Lumpur,2019,25,107,2024-02,True
1564,W.P. Labuan,283,25,14,2024-02,True
1564,W.P. Putrajaya,228,25,20,2024-02,True
1131,Johor,2530,27,159,2024-02,True
1131,Kedah,894,26,53,2024-02,True
1131,Kelantan,1246,26,77,2024-02,True
1131,Melaka,333,25,18,2024-02,True
1131,Negeri Sembilan,509,25,32,2024-02,True
1131,Pahang,1663,26,79,2024-02,True
1131,Perak,1853,26,102,2024-02,True
1131,Perlis,326,25,29,2024-02,True
1131,Pulau Pinang,1579,26,77,2024-02,True
1131,Sabah,2127,27,123,2024-02,True
1131,Sarawak,2282,26,143,2024-02,True
1131,Selangor,1643,26,80,2024-02,True
1131,Terengganu,1180,25,79,2024-02,True
1131,W.P. Kuala Lumpur,1634,25,94,2024-02,True
1131,W.P. Labuan,300,25,14,2024-02,True
1131,W.P. Putrajaya,242,25,20,2024-02,True
94,Johor,1327,27,77,2024-02,True
94,Kedah,468,26,23,2024-02,True
94,Kelantan,479,26,26,2024-02,True
94,Melaka,93,25,4,2024-02,True
94,Negeri Sembilan,706,25,34,2024-02,True
94,Pahang,1745,26,78,2024-02,True
94,Perak,1104,26,54,2024-02,True
94,Perlis,347,25,20,2024-02,True
94,Pulau Pinang,787,26,38,2024-02,True
94,Sabah,453,26,30,2024-02,True
94,Sarawak,1629,26,96,2024-02,True
94,Selangor,1590,26,75,2024-02,True
94,Terengganu,830,25,54,2024-02,True
94,W.P. Kuala Lumpur,1524,25,83,2024-02,True
94,W.P. Labuan,4,4,1,2024-02,True
94,W.P. Putrajaya,2,1,2,2024-02,True
114,Johor,2844,27,160,2024-02,True
114,Kedah,1312,26,63,2024-02,True
114,Kelantan,1758,26,83,2024-02,True
114,Melaka,461,25,25,2024-02,True
114,Negeri Sembilan,760,25,36,2024-02,True
114,Pahang,1894,26,82,2024-02,True
114,Perak,2050,26,95,2024-02,True
114,Perlis,408,25,23,2024-02,True
114,Pulau Pinang,1799,26,77,2024-02,True
114,Sabah,1917,27,95,2024-02,True
114,Sarawak,1494,26,102,2024-02,True
114,Selangor,1865,26,84,2024-02,True
114,Terengganu,1117,25,85,2024-02,True
114,W.P. Kuala Lumpur,2185,25,113,2024-02,True
114,W.P. Labuan,177,25,13,2024-02,True
114,W.P. Putrajaya,271,25,21,2024-02,True
103,Johor,479,27,27,2024-02,True
103,Kedah,252,26,11,2024-02,True
103,Kelantan,276,26,18,2024-02,True
103,Melaka,0,0,0,2024-02,False
103,Negeri Sembilan,386,25,18,2024-02,True
103,Pahang,866,26,36,2024-02,True
103,Perak,992,26,46,2024-02,True
103,Perlis,0,0,0,2024-02,False
103,Pulau Pinang,558,26,23,2024-02,True
103,Sabah,50,26,2,2024-02,True
103,Sarawak,26,26,1,2024-02,True
103,Selangor,776,26,36,2024-02,True
103,Terengganu,190,25,12,2024-02,True
103,W.P. Kuala Lumpur,863,25,43,2024-02,True
103,W.P. Labuan,0,0,0,2024-02,False
103,W.P. Putrajaya,125,25,9,2024-02,True
1431,Johor,200,27,10,2024-02,True
1431,Kedah,284,26,12,2024-02,True
1431,Kelantan,457,26,18,2024-02,True
1431,Melaka,162,25,7,2024-02,True
1431,Negeri Sembilan,134,25,7,2024-02,True
1431,Pahang,198,26,9,2024-02,True
1431,Perak,418,26,19,2024-02,True
1431,Perlis,48,25,3,2024-02,True
1431,Pulau Pinang,435,26,18,2024-02,True
1431,Sabah,75,26,3,2024-02,True
1431,Sarawak,48,26,2,2024-02,True
1431,Selangor,293,26,13,2024-02,True
1431,Terengganu,200,25,15,2024-02,True
1431,W.P. Kuala Lumpur,83,25,6,2024-02,True
1431,W.P. Labuan,0,0,0,2024-02,False
1431,W.P. Putrajaya,38,25,2,2024-02,True
1555,Johor,1802,27,125,2024-02,True
1555,Kedah,804,26,44,2024-02,True
1555,Kelantan,1447,26,72,2024-02,True
1555,Melaka,362,25,20,2024-02,True
1555,Negeri Sembilan,474,25,23,2024-02,True
1555,Pahang,1301,26,74,2024-02,True
1555,Perak,1632,26,82,2024-02,True
1555,Perlis,172,25,12,2024-02,True
1555,Pulau Pinang,908,26,54,2024-02,True
1555,Sabah,553,26,33,2024-02,True
1555,Sarawak,678,26,49,2024-02,True
1555,Selangor,1578,26,79,2024-02,True
1555,Terengganu,691,25,60,2024-02,True
1555,W.P. Kuala Lumpur,1315,25,87,2024-02,True
1555,W.P. Labuan,0,0,0,2024-02,False
1555,W.P. Putrajaya,213,25,17,2024-02,True
193,Johor,147,4,39,2024-02,True
193,Kedah,321,4,86,2024-02,True
193,Kelantan,32,4,9,2024-02,True
193,Melaka,24,4,6,2024-02,True
193,Negeri Sembilan,88,4,26,2024-02,True
193,Pahang,194,4,50,2024-02,True
193,Perak,375,6,107,2024-02,True
193,Perlis,128,4,37,2024-02,True
193,Pulau Pinang,231,4,62,2024-02,True
193,Sabah,236,5,64,2024-02,True
193,Sarawak,314,6,88,2024-02,True
193,Selangor,216,5,59,2024-02,True
193,Terengganu,55,5,12,2024-02,True
193,W.P. Kuala Lumpur,309,4,84,2024-02,True
193,W.P. Labuan,17,4,5,2024-02,True
193,W.P. Putrajaya,39,4,12,2024-02,True
1,Johor,2545,26,145,2024-03,True
1,Kedah,1236,27,52,2024-03,True
1,Kelantan,1622,27,74,2024-03,True
1,Melaka,474,27,20,2024-03,True
1,Negeri Sembilan,794,28,33,2024-03,True
1,Pahang,2014,27,94,2024-03,True
1,Perak,2020,27,87,2024-03,True
1,Perlis,375,27,17,2024-03,True
1,Pulau Pinang,1649,27,64,2024-03,True
1,Sabah,207,27,9,2024-03,True
1,Sarawak,252,26,13,2024-03,True
1,Selangor,1883,27,80,2024-03,True
1,Terengganu,1415,26,87,2024-03,True
1,W.P. Kuala Lumpur,1768,27,91,2024-03,True
1,W.P. Labuan,53,27,2,2024-03,True
1,W.P. Putrajaya,261,27,17,2024-03,True
1111,Johor,1628,26,130,2024-03,True
1111,Kedah,418,27,29,2024-03,True
1111,Kelantan,544,27,67,2024-03,True
1111,Melaka,224,27,15,2024-03,True
1111,Negeri Sembilan,497,28,30,2024-03,True
1111,Pahang,783,27,71,2024-03,True
1111,Perak,839,27,59,2024-03,True
1111,Perlis,46,25,6,2024-03,True
1111,Pulau Pinang,592,27,34,2024-03,True
1111,Sabah,416,27,43,2024-03,True
1111,Sarawak,107,27,15,2024-03,True
1111,Selangor,895,27,64,2024-03,True
1111,Terengganu,477,26,58,2024-03,True
1111,W.P. Kuala Lumpur,988,27,71,2024-03,True
1111,W.P. Labuan,2,2,1,2024-03,True
1111,W.P. Putrajaya,94,27,9,2024-03,True
904,Johor,120,4,38,2024-03,True
904,Kedah,158,4,43,2024-03,True
904,Kelantan,43,4,18,2024-03,True
904,Melaka,24,4,7,2024-03,True
904,Negeri Sembilan,40,4,11,2024-03,True
904,Pahang,59,4,20,2024-03,True
904,Perak,181,4,50,2024-03,True
904,Perlis,32,4,10,2024-03,True
904,Pulau Pinang,116,4,33,2024-03,True
904,Sabah,0,0,0,2024-03,False
904,Sarawak,0,0,0,2024-03,False
904,Selangor,56,4,21,2024-03,True
904,Terengganu,49,3,21,2024-03,True
904,W.P. Kuala Lumpur,100,4,30,2024-03,True
904,W.P. Labuan,0,0,0,2024-03,False
904,W.P. Putrajaya,23,4,7,2024-03,True
918,Johor,81,8,38,2024-03,True
918,Kedah,143,4,44,2024-03,True
918,Kelantan,279,4,91,2024-03,True
918,Melaka,39,5,14,2024-03,True
918,Negeri Sembilan,15,4,7,2024-03,True
918,Pahang,108,8,44,2024-03,True
918,Perak,86,4,33,2024-03,True
918,Perlis,108,4,33,2024-03,True
918,Pulau Pinang,89,5,29,2024-03,True
918,Sabah,64,5,19,2024-03,True
918,Sarawak,62,4,25,2024-03,True
918,Selangor,84,4,34,2024-03,True
918,Terengganu,133,4,58,2024-03,True
918,W.P. Kuala Lumpur,46,4,20,2024-03,True
918,W.P. Labuan,8,4,3,2024-03,True
918,W.P. Putrajaya,6,3,3,2024-03,True
1589,Johor,591,8,164,2024-03,True
1589,Kedah,287,4,75,2024-03,True
1589,Kelantan,489,7,129,2024-03,True
1589,Melaka,96,5,26,2024-03,True
1589,Negeri Sembilan,126,5,37,2024-03,True
1589,Pahang,413,5,113,2024-03,True
1589,Perak,408,5,118,2024-03,True
1589,Perlis,132,4,38,2024-03,True
1589,Pulau Pinang,296,5,80,2024-03,True
1589,Sabah,221,4,60,2024-03,True
1589,Sarawak,240,5,87,2024-03,True
1589,Selangor,260,5,70,2024-03,True
1589,Terengganu,266,3,97,2024-03,True
1589,W.P. Kuala Lumpur,355,4,95,2024-03,True
1589,W.P. Labuan,12,4,5,2024-03,True
1589,W.P. Putrajaya,72,5,19,2024-03,True
917,Johor,598,8,163,2024-03,True
917,Kedah,274,5,74,2024-03,True
917,Kelantan,432,8,123,2024-03,True
917,Melaka,94,5,25,2024-03,True
917,Negeri Sembilan,145,5,42,2024-03,True
917,Pahang,391,10,114,2024-03,True
917,Perak,451,5,127,2024-03,True
917,Perlis,141,4,38,2024-03,True
917,Pulau Pinang,307,5,82,2024-03,True
917,Sabah,177,4,50,2024-03,True
917,Sarawak,189,5,55,2024-03,True
917,Selangor,239,4,73,2024-03,True
917,Terengganu,269,3,96,2024-03,True
917,W.P. Kuala Lumpur,329,4,95,2024-03,True
917,W.P. Labuan,20,4,6,2024-03,True
917,W.P. Putrajaya,67,5,18,2024-03,True
129,Johor,2445,26,160,2024-03,True
129,Kedah,1300,27,77,2024-03,True
129,Kelantan,1784,27,128,2024-03,True
129,Melaka,462,27,26,2024-03,True
129,Negeri Sembilan,743,28,38,2024-03,True
129,Pahang,1810,27,101,2024-03,True
129,Perak,1884,27,100,2024-03,True
129,Perlis,485,27,36,2024-03,True
129,Pulau Pinang,1670,27,75,2024-03,True
129,Sabah,2403,27,134,2024-03,True
129,Sarawak,2370,28,143,2024-03,True
129,Selangor,1745,27,80,2024-03,True
129,Terengganu,1449,26,103,2024-03,True
129,W.P. Kuala Lumpur,1930,27,102,2024-03,True
129,W.P. Labuan,296,27,14,2024-03,True
129,W.P. Putrajaya,256,27,21,2024-03,True
1564,Johor,2736,26,170,2024-03,True
1564,Kedah,1265,27,73,2024-03,True
1564,Kelantan,1350,27,67,2024-03,True
1564,Melaka,498,27,27,2024-03,True
1564,Negeri Sembilan,806,28,41,2024-03,True
1564,Pahang,1890,27,97,2024-03,True
1564,Perak,2170,27,111,2024-03,True
1564,Perlis,348,27,30,2024-03,True
1564,Pulau Pinang,1895,27,83,2024-03,True
1564,Sabah,2438,27,130,2024-03,True
1564,Sarawak,2401,28,136,2024-03,True
1564,Selangor,1818,27,81,2024-03,True
1564,Terengganu,1068,26,72,2024-03,True
1564,W.P. Kuala Lumpur,1977,27,102,2024-03,True
1564,W.P. Labuan,302,27,14,2024-03,True
1564,W.P. Putrajaya,255,27,20,2024-03,True
1131,Johor,2235,26,153,2024-03,True
1131,Kedah,765,27,51,2024-03,True
1131,Kelantan,1192,27,71,2024-03,True
1131,Melaka,265,27,17,2024-03,True
1131,Negeri Sembilan,521,28,26,2024-03,True
1131,Pahang,1833,27,95,2024-03,True
1131,Perak,1726,27,100,2024-03,True
1131,Perlis,387,27,30,2024-03,True
1131,Pulau Pinang,1474,27,74,2024-03,True
1131,Sabah,2114,27,119,2024-03,True
1131,Sarawak,2405,28,139,2024-03,True
1131,Selangor,1632,27,77,2024-03,True
1131,Terengganu,1139,26,77,2024-03,True
1131,W.P. Kuala Lumpur,1678,27,87,2024-03,True
1131,W.P. Labuan,285,27,13,2024-03,True
1131,W.P. Putrajaya,264,27,21,2024-03,True
94,Johor,1389,26,82,2024-03,True
94,Kedah,477,27,25,2024-03,True
94,Kelantan,462,27,28,2024-03,True
94,Melaka,127,27,8,2024-03,True
94,Negeri Sembilan,787,28,34,2024-03,True
94,Pahang,1886,27,96,2024-03,True
94,Perak,1137,27,55,2024-03,True
94,Perlis,340,27,20,2024-03,True
94,Pulau Pinang,763,27,40,2024-03,True
94,Sabah,468,27,36,2024-03,True
94,Sarawak,1831,28,98,2024-03,True
94,Selangor,1562,27,75,2024-03,True
94,Terengganu,762,26,52,2024-03,True
94,W.P. Kuala Lumpur,1589,27,86,2024-03,True
94,W.P. Labuan,0,0,0,2024-03,False
94,W.P. Putrajaya,11,7,5,2024-03,True
114,Johor,2717,26,163,2024-03,True
114,Kedah,1341,27,63,2024-03,True
114,Kelantan,1775,27,82,2024-03,True
114,Melaka,489,27,24,2024-03,True
114,Negeri Sembilan,840,28,37,2024-03,True
114,Pahang,2071,27,100,2024-03,True
114,Perak,2105,27,95,2024-03,True
114,Perlis,439,27,23,2024-03,True
114,Pulau Pinang,1866,27,78,2024-03,True
114,Sabah,1738,27,88,2024-03,True
114,Sarawak,1929,28,103,2024-03,True
114,Selangor,1890,27,84,2024-03,True
114,Terengganu,1159,26,88,2024-03,True
114,W.P. Kuala Lumpur,2273,27,113,2024-03,True
114,W.P. Labuan,179,27,13,2024-03,True
114,W.P. Putrajaya,283,27,21,2024-03,True
103,Johor,496,26,29,2024-03,True
103,Kedah,243,27,11,2024-03,True
103,Kelantan,393,26,19,2024-03,True
103,Melaka,0,0,0,2024-03,False
103,Negeri Sembilan,419,28,18,2024-03,True
103,Pahang,856,27,37,2024-03,True
103,Perak,964,27,43,2024-03,True
103,Perlis,0,0,0,2024-03,False
103,Pulau Pinang,576,27,22,2024-03,True
103,Sabah,40,26,2,2024-03,True
103,Sarawak,26,26,1,2024-03,True
103,Selangor,850,27,40,2024-03,True
103,Terengganu,266,26,14,2024-03,True
103,W.P. Kuala Lumpur,856,27,42,2024-03,True
103,W.P. Labuan,0,0,0,2024-03,False
103,W.P. Putrajaya,117,27,8,2024-03,True
1431,Johor,233,26,13,2024-03,True
1431,Kedah,333,27,15,2024-03,True
1431,Kelantan,487,27,20,2024-03,True
1431,Melaka,179,27,7,2024-03,True
1431,Negeri Sembilan,140,28,7,2024-03,True
1431,Pahang,222,27,10,2024-03,True
1431,Perak,461,27,22,2024-03,True
1431,Perlis,75,27,4,2024-03,True
1431,Pulau Pinang,452,27,18,2024-03,True
1431,Sabah,78,27,3,2024-03,True
1431,Sarawak,70,26,3,2024-03,True
1431,Selangor,317,27,15,2024-03,True
1431,Terengganu,308,26,18,2024-03,True
1431,W.P. Kuala Lumpur,80,27,7,2024-03,True
1431,W.P. Labuan,0,0,0,2024-03,False
1431,W.P. Putrajaya,49,27,2,2024-03,True
1555,Johor,1841,26,127,2024-03,True
1555,Kedah,840,27,44,2024-03,True
1555,Kelantan,1445,27,73,2024-03,True
1555,Melaka,423,27,20,2024-03,True
1555,Negeri Sembilan,548,28,24,2024-03,True
1555,Pahang,1403,27,82,2024-03,True
1555,Perak,1728,27,82,2024-03,True
1555,Perlis,212,27,16,2024-03,True
1555,Pulau Pinang,1044,27,56,2024-03,True
1555,Sabah,652,27,36,2024-03,True
1555,Sarawak,735,28,44,2024-03,True
1555,Selangor,1656,27,80,2024-03,True
1555,Terengganu,840,26,69,2024-03,True
1555,W.P. Kuala Lumpur,1514,27,87,2024-03,True
1555,W.P. Labuan,0,0,0,2024-03,False
1555,W.P. Putrajaya,259,27,18,2024-03,True
193,Johor,138,5,41,2024-03,True
193,Kedah,326,5,85,2024-03,True
193,Kelantan,32,4,9,2024-03,True
193,Melaka,24,4,6,2024-03,True
193,Negeri Sembilan,88,5,24,2024-03,True
193,Pahang,232,5,62,2024-03,True
193,Perak,407,5,111,2024-03,True
193,Perlis,132,4,34,2024-03,True
193,Pulau Pinang,243,4,66,2024-03,True
193,Sabah,241,4,66,2024-03,True
193,Sarawak,316,5,87,2024-03,True
193,Selangor,210,4,58,2024-03,True
193,Terengganu,30,3,12,2024-03,True
193,W.P. Kuala Lumpur,316,4,81,2024-03,True
193,W.P. Labuan,18,4,6,2024-03,True
193,W.P. Putrajaya,53,4,14,2024-03,True
1,Johor,2802,28,142,2024-04,True
1,Kedah,1275,28,52,2024-04,True
1,Kelantan,1588,27,71,2024-04,True
1,Melaka,480,28,20,2024-04,True
1,Negeri Sembilan,780,28,33,2024-04,True
1,Pahang,2209,28,104,2024-04,True
1,Perak,2138,28,87,2024-04,True
1,Perlis,397,28,18,2024-04,True
1,Pulau Pinang,1709,28,65,2024-04,True
1,Sabah,188,28,9,2024-04,True
1,Sarawak,304,28,13,2024-04,True
1,Selangor,1945,28,78,2024-04,True
1,Terengganu,1514,27,85,2024-04,True
1,W.P. Kuala Lumpur,1877,28,93,2024-04,True
1,W.P. Labuan,55,28,4,2024-04,True
1,W.P. Putrajaya,260,28,16,2024-04,True
1111,Johor,2082,28,131,2024-04,True
1111,Kedah,513,28,33,2024-04,True
1111,Kelantan,838,27,68,2024-04,True
1111,Melaka,264,28,16,2024-04,True
1111,Negeri Sembilan,599,28,32,2024-04,True
1111,Pahang,1227,28,93,2024-04,True
1111,Perak,1123,28,77,2024-04,True
1111,Perlis,67,26,9,2024-04,True
1111,Pulau Pinang,834,28,41,2024-04,True
1111,Sabah,513,28,47,2024-04,True
1111,Sarawak,196,28,23,2024-04,True
1111,Selangor,1219,28,66,2024-04,True
1111,Terengganu,734,27,72,2024-04,True
1111,W.P. Kuala Lumpur,1388,28,78,2024-04,True
1111,W.P. Labuan,5,5,1,2024-04,True
1111,W.P. Putrajaya,118,28,10,2024-04,True
904,Johor,800,28,40,2024-04,True
904,Kedah,718,28,44,2024-04,True
904,Kelantan,492,27,28,2024-04,True
904,Melaka,190,28,7,2024-04,True
904,Negeri Sembilan,296,28,12,2024-04,True
904,Pahang,507,28,25,2024-04,True
904,Perak,940,28,57,2024-04,True
904,Perlis,55,8,12,2024-04,True
904,Pulau Pinang,545,28,35,2024-04,True
904,Sabah,0,0,0,2024-04,False
904,Sarawak,0,0,0,2024-04,False
904,Selangor,498,28,24,2024-04,True
904,Terengganu,423,27,28,2024-04,True
904,W.P. Kuala Lumpur,829,28,39,2024-04,True
904,W.P. Labuan,0,0,0,2024-04,False
904,W.P. Putrajaya,129,28,10,2024-04,True
918,Johor,98,8,38,2024-04,True
918,Kedah,182,5,46,2024-04,True
918,Kelantan,332,5,99,2024-04,True
918,Melaka,45,6,13,2024-04,True
918,Negeri Sembilan,24,5,8,2024-04,True
918,Pahang,153,7,51,2024-04,True
918,Perak,110,5,32,2024-04,True
918,Perlis,155,5,39,2024-04,True
918,Pulau Pinang,106,5,27,2024-04,True
918,Sabah,76,5,19,2024-04,True
918,Sarawak,68,5,23,2024-04,True
918,Selangor,120,6,40,2024-04,True
918,Terengganu,236,5,65,2024-04,True
918,W.P. Kuala Lumpur,58,5,21,2024-04,True
918,W.P. Labuan,11,4,4,2024-04,True
918,W.P. Putrajaya,8,3,3,2024-04,True
1589,Johor,717,9,160,2024-04,True
1589,Kedah,335,5,72,2024-04,True
1589,Kelantan,626,5,134,2024-04,True
1589,Melaka,116,6,25,2024-04,True
1589,Negeri Sembilan,166,5,38,2024-04,True
1589,Pahang,554,9,131,2024-04,True
1589,Perak,513,6,122,2024-04,True
1589,Perlis,168,5,38,2024-04,True
1589,Pulau Pinang,379,5,80,2024-04,True
1589,Sabah,266,6,67,2024-04,True
1589,Sarawak,322,6,94,2024-04,True
1589,Selangor,331,7,74,2024-04,True
1589,Terengganu,434,5,102,2024-04,True
1589,W.P. Kuala Lumpur,429,6,96,2024-04,True
1589,W.P. Labuan,30,4,11,2024-04,True
1589,W.P. Putrajaya,89,5,19,2024-04,True
917,Johor,744,9,162,2024-04,True
917,Kedah,356,5,78,2024-04,True
917,Kelantan,556,5,121,2024-04,True
917,Melaka,114,6,25,2024-04,True
917,Negeri Sembilan,201,5,42,2024-04,True
917,Pahang,611,9,133,2024-04,True
917,Perak,572,6,129,2024-04,True
917,Perlis,176,5,37,2024-04,True
917,Pulau Pinang,387,5,84,2024-04,True
917,Sabah,214,6,49,2024-04,True
917,Sarawak,218,5,54,2024-04,True
917,Selangor,359,7,82,2024-04,True
917,Terengganu,478,5,98,2024-04,True
917,W.P. Kuala Lumpur,444,6,96,2024-04,True
917,W.P. Labuan,27,5,7,2024-04,True
917,W.P. Putrajaya,93,5,21,2024-04,True
129,Johor,2962,28,158,2024-04,True
129,Kedah,1403,28,77,2024-04,True
129,Kelantan,1877,27,127,2024-04,True
129,Melaka,520,28,26,2024-04,True
129,Negeri Sembilan,826,28,38,2024-04,True
129,Pahang,2022,28,109,2024-04,True
129,Perak,2187,28,100,2024-04,True
129,Perlis,507,28,37,2024-04,True
129,Pulau Pinang,1868,28,82,2024-04,True
129,Sabah,2554,28,135,2024-04,True
129,Sarawak,2423,28,143,2024-04,True
129,Selangor,1909,28,80,2024-04,True
129,Terengganu,1638,27,107,2024-04,True
129,W.P. Kuala Lumpur,2156,28,108,2024-04,True
129,W.P. Labuan,335,28,14,2024-04,True
129,W.P. Putrajaya,281,28,21,2024-04,True
1564,Johor,3029,28,167,2024-04,True
1564,Kedah,1282,28,73,2024-04,True
1564,Kelantan,1327,27,63,2024-04,True
1564,Melaka,499,28,27,2024-04,True
1564,Negeri Sembilan,791,28,41,2024-04,True
1564,Pahang,2004,28,110,2024-04,True
1564,Perak,2327,28,108,2024-04,True
1564,Perlis,388,28,30,2024-04,True
1564,Pulau Pinang,2005,28,87,2024-04,True
1564,Sabah,2567,28,130,2024-04,True
1564,Sarawak,2460,28,138,2024-04,True
1564,Selangor,1935,28,83,2024-04,True
1564,Terengganu,1135,27,74,2024-04,True
1564,W.P. Kuala Lumpur,2185,28,105,2024-04,True
1564,W.P. Labuan,324,28,14,2024-04,True
1564,W.P. Putrajaya,291,28,20,2024-04,True
1131,Johor,2607,28,154,2024-04,True
1131,Kedah,881,28,56,2024-04,True
1131,Kelantan,1266,27,68,2024-04,True
1131,Melaka,347,28,21,2024-04,True
1131,Negeri Sembilan,564,28,33,2024-04,True
1131,Pahang,1982,28,110,2024-04,True
1131,Perak,1800,28,104,2024-04,True
1131,Perlis,356,28,30,2024-04,True
1131,Pulau Pinang,1547,28,78,2024-04,True
1131,Sabah,2212,28,120,2024-04,True
1131,Sarawak,2538,28,142,2024-04,True
1131,Selangor,1703,28,79,2024-04,True
1131,Terengganu,1242,27,81,2024-04,True
1131,W.P. Kuala Lumpur,1899,28,99,2024-04,True
1131,W.P. Labuan,342,28,14,2024-04,True
1131,W.P. Putrajaya,271,28,21,2024-04,True
94,Johor,1583,28,85,2024-04,True
94,Kedah,507,28,26,2024-04,True
94,Kelantan,463,27,25,2024-04,True
94,Melaka,123,28,8,2024-04,True
94,Negeri Sembilan,792,28,35,2024-04,True
94,Pahang,2010,28,100,2024-04,True
94,Perak,1237,28,52,2024-04,True
94,Perlis,282,28,18,2024-04,True
94,Pulau Pinang,831,28,39,2024-04,True
94,Sabah,477,28,30,2024-04,True
94,Sarawak,1637,28,96,2024-04,True
94,Selangor,1677,28,73,2024-04,True
94,Terengganu,757,27,48,2024-04,True
94,W.P. Kuala Lumpur,1673,28,85,2024-04,True
94,W.P. Labuan,1,1,1,2024-04,True
94,W.P. Putrajaya,20,14,5,2024-04,True
114,Johor,3057,28,160,2024-04,True
114,Kedah,1406,28,63,2024-04,True
114,Kelantan,1813,27,84,2024-04,True
114,Melaka,521,28,25,2024-04,True
114,Negeri Sembilan,842,28,37,2024-04,True
114,Pahang,2284,28,113,2024-04,True
114,Perak,2273,28,94,2024-04,True
114,Perlis,474,28,24,2024-04,True
114,Pulau Pinang,2005,28,81,2024-04,True
114,Sabah,2042,28,97,2024-04,True
114,Sarawak,1812,28,104,2024-04,True
114,Selangor,2001,28,83,2024-04,True
114,Terengganu,1348,27,88,2024-04,True
114,W.P. Kuala Lumpur,2420,28,113,2024-04,True
114,W.P. Labuan,175,28,10,2024-04,True
114,W.P. Putrajaya,304,28,21,2024-04,True
103,Johor,539,28,29,2024-04,True
103,Kedah,249,28,12,2024-04,True
103,Kelantan,320,27,20,2024-04,True
103,Melaka,0,0,0,2024-04,False
103,Negeri Sembilan,369,28,18,2024-04,True
103,Pahang,860,28,39,2024-04,True
103,Perak,1031,28,44,2024-04,True
103,Perlis,0,0,0,2024-04,False
103,Pulau Pinang,650,28,27,2024-04,True
103,Sabah,27,27,1,2024-04,True
103,Sarawak,28,28,1,2024-04,True
103,Selangor,863,28,39,2024-04,True
103,Terengganu,272,27,16,2024-04,True
103,W.P. Kuala Lumpur,834,28,40,2024-04,True
103,W.P. Labuan,0,0,0,2024-04,False
103,W.P. Putrajaya,130,28,7,2024-04,True
1431,Johor,259,28,15,2024-04,True
1431,Kedah,336,28,16,2024-04,True
1431,Kelantan,470,27,20,2024-04,True
1431,Melaka,189,28,7,2024-04,True
1431,Negeri Sembilan,129,28,7,2024-04,True
1431,Pahang,193,28,10,2024-04,True
1431,Perak,488,28,24,2024-04,True
1431,Perlis,68,28,4,2024-04,True
1431,Pulau Pinang,488,28,20,2024-04,True
1431,Sabah,80,28,3,2024-04,True
1431,Sarawak,48,27,3,2024-04,True
1431,Selangor,342,28,15,2024-04,True
1431,Terengganu,293,27,20,2024-04,True
1431,W.P. Kuala Lumpur,70,28,6,2024-04,True
1431,W.P. Labuan,0,0,0,2024-04,False
1431,W.P. Putrajaya,49,26,3,2024-04,True
1555,Johor,2019,28,125,2024-04,True
1555,Kedah,879,28,43,2024-04,True
1555,Kelantan,1489,27,72,2024-04,True
1555,Melaka,425,28,20,2024-04,True
1555,Negeri Sembilan,530,28,23,2024-04,True
1555,Pahang,1434,28,88,2024-04,True
1555,Perak,1854,28,83,2024-04,True
1555,Perlis,215,28,15,2024-04,True
1555,Pulau Pinang,1093,28,57,2024-04,True
1555,Sabah,675,28,37,2024-04,True
1555,Sarawak,795,28,47,2024-04,True
1555,Selangor,1756,28,79,2024-04,True
1555,Terengganu,791,27,62,2024-04,True
1555,W.P. Kuala Lumpur,1552,28,90,2024-04,True
1555,W.P. Labuan,0,0,0,2024-04,False
1555,W.P. Putrajaya,238,28,18,2024-04,True
193,Johor,190,8,40,2024-04,True
193,Kedah,403,5,85,2024-04,True
193,Kelantan,41,5,9,2024-04,True
193,Melaka,25,5,6,2024-04,True
193,Negeri Sembilan,113,5,25,2024-04,True
193,Pahang,299,5,65,2024-04,True
193,Perak,497,6,111,2024-04,True
193,Perlis,156,5,34,2024-04,True
193,Pulau Pinang,312,5,66,2024-04,True
193,Sabah,277,6,67,2024-04,True
193,Sarawak,383,6,86,2024-04,True
193,Selangor,267,7,61,2024-04,True
193,Terengganu,52,5,13,2024-04,True
193,W.P. Kuala Lumpur,394,6,86,2024-04,True
193,W.P. Labuan,17,4,5,2024-04,True
193,W.P. Putrajaya,68,5,14,2024-04,True
1,Johor,2878,29,145,2024-05,True
1,Kedah,1358,29,52,2024-05,True
1,Kelantan,1702,29,72,2024-05,True
1,Melaka,473,29,19,2024-05,True
1,Negeri Sembilan,786,29,31,2024-05,True
1,Pahang,2332,29,104,2024-05,True
1,Perak,2211,29,85,2024-05,True
1,Perlis,402,28,18,2024-05,True
1,Pulau Pinang,1830,29,66,2024-05,True
1,Sabah,143,27,8,2024-05,True
1,Sarawak,337,29,14,2024-05,True
1,Selangor,2042,29,79,2024-05,True
1,Terengganu,1643,29,85,2024-05,True
1,W.P. Kuala Lumpur,2128,29,99,2024-05,True
1,W.P. Labuan,52,27,3,2024-05,True
1,W.P. Putrajaya,269,29,16,2024-05,True
1111,Johor,2155,29,137,2024-05,True
1111,Kedah,606,29,34,2024-05,True
1111,Kelantan,997,29,76,2024-05,True
1111,Melaka,274,29,16,2024-05,True
1111,Negeri Sembilan,590,29,30,2024-05,True
1111,Pahang,1283,29,90,2024-05,True
1111,Perak,1211,29,78,2024-05,True
1111,Perlis,81,28,8,2024-05,True
1111,Pulau Pinang,940,29,41,2024-05,True
1111,Sabah,578,27,51,2024-05,True
1111,Sarawak,224,29,22,2024-05,True
1111,Selangor,1234,29,67,2024-05,True
1111,Terengganu,833,29,71,2024-05,True
1111,W.P. Kuala Lumpur,1459,29,87,2024-05,True
1111,W.P. Labuan,7,7,1,2024-05,True
1111,W.P. Putrajaya,135,29,9,2024-05,True
904,Johor,784,29,41,2024-05,True
904,Kedah,769,29,43,2024-05,True
904,Kelantan,466,29,23,2024-05,True
904,Melaka,197,29,8,2024-05,True
904,Negeri Sembilan,309,29,12,2024-05,True
904,Pahang,539,29,23,2024-05,True
904,Perak,988,29,58,2024-05,True
904,Perlis,58,5,15,2024-05,True
904,Pulau Pinang,657,29,36,2024-05,True
904,Sabah,0,0,0,2024-05,False
904,Sarawak,0,0,0,2024-05,False
904,Selangor,470,29,24,2024-05,True
904,Terengganu,501,29,28,2024-05,True
904,W.P. Kuala Lumpur,945,29,39,2024-05,True
904,W.P. Labuan,0,0,0,2024-05,False
904,W.P. Putrajaya,138,29,9,2024-05,True
918,Johor,158,10,57,2024-05,True
918,Kedah,202,5,53,2024-05,True
918,Kelantan,372,5,106,2024-05,True
918,Melaka,47,6,16,2024-05,True
918,Negeri Sembilan,24,5,9,2024-05,True
918,Pahang,186,7,60,2024-05,True
918,Perak,126,5,39,2024-05,True
918,Perlis,168,5,37,2024-05,True
918,Pulau Pinang,105,5,30,2024-05,True
918,Sabah,85,5,22,2024-05,True
918,Sarawak,79,6,25,2024-05,True
918,Selangor,116,5,39,2024-05,True
918,Terengganu,273,5,81,2024-05,True
918,W.P. Kuala Lumpur,70,6,22,2024-05,True
918,W.P. Labuan,20,4,8,2024-05,True
918,W.P. Putrajaya,10,4,6,2024-05,True
1589,Johor,774,12,171,2024-05,True
1589,Kedah,338,5,71,2024-05,True
1589,Kelantan,602,6,133,2024-05,True
1589,Melaka,122,6,25,2024-05,True
1589,Negeri Sembilan,180,5,39,2024-05,True
1589,Pahang,586,11,134,2024-05,True
1589,Perak,555,6,122,2024-05,True
1589,Perlis,179,5,40,2024-05,True
1589,Pulau Pinang,398,7,82,2024-05,True
1589,Sabah,265,6,63,2024-05,True
1589,Sarawak,342,6,97,2024-05,True
1589,Selangor,344,6,78,2024-05,True
1589,Terengganu,391,5,99,2024-05,True
1589,W.P. Kuala Lumpur,493,5,109,2024-05,True
1589,W.P. Labuan,40,4,11,2024-05,True
1589,W.P. Putrajaya,93,5,20,2024-05,True
917,Johor,778,13,168,2024-05,True
917,Kedah,371,6,76,2024-05,True
917,Kelantan,556,6,123,2024-05,True
917,Melaka,124,6,26,2024-05,True
917,Negeri Sembilan,193,5,41,2024-05,True
917,Pahang,641,11,140,2024-05,True
917,Perak,591,6,133,2024-05,True
917,Perlis,181,5,38,2024-05,True
917,Pulau Pinang,416,8,87,2024-05,True
917,Sabah,223,5,51,2024-05,True
917,Sarawak,206,5,52,2024-05,True
917,Selangor,363,6,83,2024-05,True
917,Terengganu,465,5,97,2024-05,True
917,W.P. Kuala Lumpur,491,6,109,2024-05,True
917,W.P. Labuan,26,4,7,2024-05,True
917,W.P. Putrajaya,92,5,20,2024-05,True
129,Johor,3104,29,163,2024-05,True
129,Kedah,1524,29,79,2024-05,True
129,Kelantan,2019,29,126,2024-05,True
129,Melaka,548,29,26,2024-05,True
129,Negeri Sembilan,856,29,38,2024-05,True
129,Pahang,2210,29,113,2024-05,True
129,Perak,2283,29,99,2024-05,True
129,Perlis,561,28,38,2024-05,True
129,Pulau Pinang,1980,29,80,2024-05,True
129,Sabah,2515,28,133,2024-05,True
129,Sarawak,2612,29,147,2024-05,True
129,Selangor,2034,29,80,2024-05,True
129,Terengganu,1800,29,106,2024-05,True
129,W.P. Kuala Lumpur,2507,29,116,2024-05,True
129,W.P. Labuan,308,27,14,2024-05,True
129,W.P. Putrajaya,306,29,21,2024-05,True
1564,Johor,3157,29,170,2024-05,True
1564,Kedah,1379,29,73,2024-05,True
1564,Kelantan,1475,29,69,2024-05,True
1564,Melaka,556,29,27,2024-05,True
1564,Negeri Sembilan,842,29,42,2024-05,True
1564,Pahang,2190,29,111,2024-05,True
1564,Perak,2423,29,109,2024-05,True
1564,Perlis,406,28,29,2024-05,True
1564,Pulau Pinang,2105,29,86,2024-05,True
1564,Sabah,2553,28,130,2024-05,True
1564,Sarawak,2687,29,143,2024-05,True
1564,Selangor,2014,29,83,2024-05,True
1564,Terengganu,1197,29,72,2024-05,True
1564,W.P. Kuala Lumpur,2514,29,116,2024-05,True
1564,W.P. Labuan,321,27,14,2024-05,True
1564,W.P. Putrajaya,309,29,20,2024-05,True
1131,Johor,2616,29,155,2024-05,True
1131,Kedah,963,29,49,2024-05,True
1131,Kelantan,1337,29,69,2024-05,True
1131,Melaka,327,29,19,2024-05,True
1131,Negeri Sembilan,481,29,28,2024-05,True
1131,Pahang,2006,29,107,2024-05,True
1131,Perak,1709,29,95,2024-05,True
1131,Perlis,353,28,29,2024-05,True
1131,Pulau Pinang,1486,29,71,2024-05,True
1131,Sabah,2112,28,117,2024-05,True
1131,Sarawak,2690,29,144,2024-05,True
1131,Selangor,1702,29,76,2024-05,True
1131,Terengganu,1346,29,80,2024-05,True
1131,W.P. Kuala Lumpur,1915,29,94,2024-05,True
1131,W.P. Labuan,327,27,14,2024-05,True
1131,W.P. Putrajaya,285,29,20,2024-05,True
94,Johor,1618,29,90,2024-05,True
94,Kedah,538,29,26,2024-05,True
94,Kelantan,471,29,26,2024-05,True
94,Melaka,175,29,8,2024-05,True
94,Negeri Sembilan,820,29,35,2024-05,True
94,Pahang,2047,29,101,2024-05,True
94,Perak,1267,29,55,2024-05,True
94,Perlis,367,28,20,2024-05,True
94,Pulau Pinang,917,29,42,2024-05,True
94,Sabah,663,28,41,2024-05,True
94,Sarawak,1940,29,101,2024-05,True
94,Selangor,1784,29,77,2024-05,True
94,Terengganu,760,29,44,2024-05,True
94,W.P. Kuala Lumpur,1848,29,94,2024-05,True
94,W.P. Labuan,0,0,0,2024-05,False
94,W.P. Putrajaya,5,5,1,2024-05,True
114,Johor,3186,29,167,2024-05,True
114,Kedah,1442,29,63,2024-05,True
114,Kelantan,1919,29,84,2024-05,True
114,Melaka,534,29,25,2024-05,True
114,Negeri Sembilan,882,29,37,2024-05,True
114,Pahang,2417,29,113,2024-05,True
114,Perak,2350,29,93,2024-05,True
114,Perlis,468,28,23,2024-05,True
114,Pulau Pinang,2080,29,81,2024-05,True
114,Sabah,1989,28,98,2024-05,True
114,Sarawak,2160,29,105,2024-05,True
114,Selangor,2101,29,86,2024-05,True
114,Terengganu,1557,29,92,2024-05,True
114,W.P. Kuala Lumpur,2729,29,124,2024-05,True
114,W.P. Labuan,193,27,10,2024-05,True
114,W.P. Putrajaya,314,29,21,2024-05,True
103,Johor,601,29,30,2024-05,True
103,Kedah,279,29,11,2024-05,True
103,Kelantan,388,29,25,2024-05,True
103,Melaka,0,0,0,2024-05,False
103,Negeri Sembilan,406,29,17,2024-05,True
103,Pahang,861,29,38,2024-05,True
103,Perak,1155,29,46,2024-05,True
103,Perlis,0,0,0,2024-05,False
103,Pulau Pinang,732,29,30,2024-05,True
103,Sabah,26,26,1,2024-05,True
103,Sarawak,29,29,1,2024-05,True
103,Selangor,891,29,38,2024-05,True
103,Terengganu,357,29,18,2024-05,True
103,W.P. Kuala Lumpur,925,29,39,2024-05,True
103,W.P. Labuan,0,0,0,2024-05,False
103,W.P. Putrajaya,123,29,7,2024-05,True
1431,Johor,247,29,11,2024-05,True
1431,Kedah,319,29,12,2024-05,True
1431,Kelantan,489,29,19,2024-05,True
1431,Melaka,174,29,7,2024-05,True
1431,Negeri Sembilan,155,29,7,2024-05,True
1431,Pahang,196,29,9,2024-05,True
1431,Perak,496,29,20,2024-05,True
1431,Perlis,62,28,3,2024-05,True
1431,Pulau Pinang,512,29,19,2024-05,True
1431,Sabah,88,27,4,2024-05,True
1431,Sarawak,39,28,3,2024-05,True
1431,Selangor,329,29,14,2024-05,True
1431,Terengganu,243,29,18,2024-05,True
1431,W.P. Kuala Lumpur,99,29,6,2024-05,True
1431,W.P. Labuan,0,0,0,2024-05,False
1431,W.P. Putrajaya,36,25,2,2024-05,True
1555,Johor,2296,29,136,2024-05,True
1555,Kedah,983,29,43,2024-05,True
1555,Kelantan,1602,29,68,2024-05,True
1555,Melaka,446,29,19,2024-05,True
1555,Negeri Sembilan,588,29,23,2024-05,True
1555,Pahang,1721,29,91,2024-05,True
1555,Perak,1969,29,82,2024-05,True
1555,Perlis,217,28,16,2024-05,True
1555,Pulau Pinang,1407,29,62,2024-05,True
1555,Sabah,697,27,35,2024-05,True
1555,Sarawak,798,29,44,2024-05,True
1555,Selangor,1953,29,80,2024-05,True
1555,Terengganu,929,29,65,2024-05,True
1555,W.P. Kuala Lumpur,1760,29,92,2024-05,True
1555,W.P. Labuan,0,0,0,2024-05,False
1555,W.P. Putrajaya,274,29,18,2024-05,True
193,Johor,191,7,43,2024-05,True
193,Kedah,405,6,85,2024-05,True
193,Kelantan,48,6,10,2024-05,True
193,Melaka,30,5,6,2024-05,True
193,Negeri Sembilan,114,5,24,2024-05,True
193,Pahang,299,7,63,2024-05,True
193,Perak,491,6,110,2024-05,True
193,Perlis,173,5,37,2024-05,True
193,Pulau Pinang,337,7,70,2024-05,True
193,Sabah,305,5,69,2024-05,True
193,Sarawak,422,6,89,2024-05,True
193,Selangor,266,6,58,2024-05,True
193,Terengganu,51,5,11,2024-05,True
193,W.P. Kuala Lumpur,422,6,92,2024-05,True
193,W.P. Labuan,21,5,5,2024-05,True
193,W.P. Putrajaya,67,5,15,2024-05,True
1,Johor,2686,28,141,2024-06,True
1,Kedah,1359,26,62,2024-06,True
1,Kelantan,1530,26,71,2024-06,True
1,Melaka,455,28,19,2024-06,True
1,Negeri Sembilan,760,28,32,2024-06,True
1,Pahang,2180,28,104,2024-06,True
1,Perak,2116,28,84,2024-06,True
1,Perlis,387,27,18,2024-06,True
1,Pulau Pinang,1773,28,69,2024-06,True
1,Sabah,128,28,6,2024-06,True
1,Sarawak,255,25,11,2024-06,True
1,Selangor,1952,28,78,2024-06,True
1,Terengganu,1430,26,85,2024-06,True
1,W.P. Kuala Lumpur,2140,28,99,2024-06,True
1,W.P. Labuan,32,28,3,2024-06,True
1,W.P. Putrajaya,245,28,16,2024-06,True
1111,Johor,1702,28,124,2024-06,True
1111,Kedah,541,26,39,2024-06,True
1111,Kelantan,447,26,69,2024-06,True
1111,Melaka,252,28,16,2024-06,True
1111,Negeri Sembilan,518,28,31,2024-06,True
1111,Pahang,901,28,85,2024-06,True
1111,Perak,979,28,67,2024-06,True
1111,Perlis,74,26,9,2024-06,True
1111,Pulau Pinang,788,28,42,2024-06,True
1111,Sabah,456,28,47,2024-06,True
1111,Sarawak,150,25,18,2024-06,True
1111,Selangor,1065,28,61,2024-06,True
1111,Terengganu,331,26,53,2024-06,True
1111,W.P. Kuala Lumpur,1223,28,83,2024-06,True
1111,W.P. Labuan,0,0,0,2024-06,False
1111,W.P. Putrajaya,92,28,9,2024-06,True
904,Johor,767,28,37,2024-06,True
904,Kedah,754,26,50,2024-06,True
904,Kelantan,445,26,28,2024-06,True
904,Melaka,192,28,7,2024-06,True
904,Negeri Sembilan,310,28,12,2024-06,True
904,Pahang,510,28,23,2024-06,True
904,Perak,911,28,57,2024-06,True
904,Perlis,42,3,15,2024-06,True
904,Pulau Pinang,593,28,38,2024-06,True
904,Sabah,0,0,0,2024-06,False
904,Sarawak,0,0,0,2024-06,False
904,Selangor,480,28,24,2024-06,True
904,Terengganu,402,26,25,2024-06,True
904,W.P. Kuala Lumpur,893,28,38,2024-06,True
904,W.P. Labuan,0,0,0,2024-06,False
904,W.P. Putrajaya,130,28,9,2024-06,True
918,Johor,81,6,41,2024-06,True
918,Kedah,109,3,44,2024-06,True
918,Kelantan,203,3,88,2024-06,True
918,Melaka,29,3,12,2024-06,True
918,Negeri Sembilan,12,3,9,2024-06,True
918,Pahang,126,6,56,2024-06,True
918,Perak,82,3,39,2024-06,True
918,Perlis,99,3,37,2024-06,True
918,Pulau Pinang,69,3,28,2024-06,True
918,Sabah,41,3,16,2024-06,True
918,Sarawak,37,3,21,2024-06,True
918,Selangor,65,4,29,2024-06,True
918,Terengganu,149,3,67,2024-06,True
918,W.P. Kuala Lumpur,36,3,21,2024-06,True
918,W.P. Labuan,14,3,6,2024-06,True
918,W.P. Putrajaya,5,3,3,2024-06,True
1589,Johor,469,8,166,2024-06,True
1589,Kedah,225,4,78,2024-06,True
1589,Kelantan,367,4,128,2024-06,True
1589,Melaka,72,3,25,2024-06,True
1589,Negeri Sembilan,107,3,39,2024-06,True
1589,Pahang,367,6,130,2024-06,True
1589,Perak,310,4,114,2024-06,True
1589,Perlis,103,3,39,2024-06,True
1589,Pulau Pinang,236,4,80,2024-06,True
1589,Sabah,153,3,58,2024-06,True
1589,Sarawak,198,4,91,2024-06,True
1589,Selangor,220,4,79,2024-06,True
1589,Terengganu,232,3,89,2024-06,True
1589,W.P. Kuala Lumpur,303,3,106,2024-06,True
1589,W.P. Labuan,25,3,9,2024-06,True
1589,W.P. Putrajaya,55,4,19,2024-06,True
917,Johor,470,8,160,2024-06,True
917,Kedah,221,4,77,2024-06,True
917,Kelantan,338,4,119,2024-06,True
917,Melaka,73,3,26,2024-06,True
917,Negeri Sembilan,117,3,40,2024-06,True
917,Pahang,362,6,132,2024-06,True
917,Perak,353,4,124,2024-06,True
917,Perlis,106,3,37,2024-06,True
917,Pulau Pinang,257,4,88,2024-06,True
917,Sabah,132,3,49,2024-06,True
917,Sarawak,112,4,46,2024-06,True
917,Selangor,224,4,81,2024-06,True
917,Terengganu,273,3,94,2024-06,True
917,W.P. Kuala Lumpur,300,3,105,2024-06,True
917,W.P. Labuan,15,3,5,2024-06,True
917,W.P. Putrajaya,57,4,19,2024-06,True
129,Johor,2659,28,161,2024-06,True
129,Kedah,1463,26,89,2024-06,True
129,Kelantan,1679,26,123,2024-06,True
129,Melaka,506,28,26,2024-06,True
129,Negeri Sembilan,754,28,38,2024-06,True
129,Pahang,2046,28,114,2024-06,True
129,Perak,2085,28,99,2024-06,True
129,Perlis,499,27,37,2024-06,True
129,Pulau Pinang,1873,28,79,2024-06,True
129,Sabah,2406,28,128,2024-06,True
129,Sarawak,2259,25,146,2024-06,True
129,Selangor,1883,28,80,2024-06,True
129,Terengganu,1530,26,107,2024-06,True
129,W.P. Kuala Lumpur,2495,28,116,2024-06,True
129,W.P. Labuan,330,28,14,2024-06,True
129,W.P. Putrajaya,282,28,21,2024-06,True
1564,Johor,2906,28,167,2024-06,True
1564,Kedah,1291,26,76,2024-06,True
1564,Kelantan,1289,26,69,2024-06,True
1564,Melaka,522,28,27,2024-06,True
1564,Negeri Sembilan,790,28,41,2024-06,True
1564,Pahang,2034,28,110,2024-06,True
1564,Perak,2283,28,111,2024-06,True
1564,Perlis,355,27,27,2024-06,True
1564,Pulau Pinang,1998,28,88,2024-06,True
1564,Sabah,2533,28,128,2024-06,True
1564,Sarawak,2222,25,139,2024-06,True
1564,Selangor,1924,28,80,2024-06,True
1564,Terengganu,1057,26,73,2024-06,True
1564,W.P. Kuala Lumpur,2538,28,117,2024-06,True
1564,W.P. Labuan,336,28,14,2024-06,True
1564,W.P. Putrajaya,266,28,20,2024-06,True
1131,Johor,2569,28,156,2024-06,True
1131,Kedah,941,26,57,2024-06,True
1131,Kelantan,1156,26,66,2024-06,True
1131,Melaka,363,28,18,2024-06,True
1131,Negeri Sembilan,556,28,30,2024-06,True
1131,Pahang,1791,28,106,2024-06,True
1131,Perak,1815,28,97,2024-06,True
1131,Perlis,315,27,27,2024-06,True
1131,Pulau Pinang,1593,28,80,2024-06,True
1131,Sabah,2082,28,114,2024-06,True
1131,Sarawak,2241,25,147,2024-06,True
1131,Selangor,1742,28,73,2024-06,True
1131,Terengganu,1134,26,80,2024-06,True
1131,W.P. Kuala Lumpur,2023,28,96,2024-06,True
1131,W.P. Labuan,337,28,14,2024-06,True
1131,W.P. Putrajaya,254,28,20,2024-06,True
94,Johor,1497,28,90,2024-06,True
94,Kedah,610,26,33,2024-06,True
94,Kelantan,363,26,24,2024-06,True
94,Melaka,146,28,8,2024-06,True
94,Negeri Sembilan,771,28,34,2024-06,True
94,Pahang,1913,28,98,2024-06,True
94,Perak,1216,28,57,2024-06,True
94,Perlis,290,27,20,2024-06,True
94,Pulau Pinang,911,28,45,2024-06,True
94,Sabah,691,28,39,2024-06,True
94,Sarawak,1423,25,93,2024-06,True
94,Selangor,1615,28,75,2024-06,True
94,Terengganu,704,26,46,2024-06,True
94,W.P. Kuala Lumpur,1805,28,94,2024-06,True
94,W.P. Labuan,0,0,0,2024-06,False
94,W.P. Putrajaya,5,5,2,2024-06,True
114,Johor,2939,28,163,2024-06,True
114,Kedah,1392,26,68,2024-06,True
114,Kelantan,1713,26,86,2024-06,True
114,Melaka,503,28,25,2024-06,True
114,Negeri Sembilan,846,28,37,2024-06,True
114,Pahang,2265,28,113,2024-06,True
114,Perak,2241,28,93,2024-06,True
114,Perlis,442,27,23,2024-06,True
114,Pulau Pinang,1981,28,82,2024-06,True
114,Sabah,1906,28,97,2024-06,True
114,Sarawak,1565,25,101,2024-06,True
114,Selangor,2012,28,85,2024-06,True
114,Terengganu,1293,26,84,2024-06,True
114,W.P. Kuala Lumpur,2712,28,124,2024-06,True
114,W.P. Labuan,132,28,8,2024-06,True
114,W.P. Putrajaya,279,28,21,2024-06,True
103,Johor,529,28,25,2024-06,True
103,Kedah,292,26,13,2024-06,True
103,Kelantan,353,26,20,2024-06,True
103,Melaka,0,0,0,2024-06,False
103,Negeri Sembilan,409,28,17,2024-06,True
103,Pahang,857,28,37,2024-06,True
103,Perak,1122,28,47,2024-06,True
103,Perlis,0,0,0,2024-06,False
103,Pulau Pinang,685,28,28,2024-06,True
103,Sabah,28,28,1,2024-06,True
103,Sarawak,25,25,1,2024-06,True
103,Selangor,867,28,37,2024-06,True
103,Terengganu,360,26,20,2024-06,True
103,W.P. Kuala Lumpur,902,28,38,2024-06,True
103,W.P. Labuan,0,0,0,2024-06,False
103,W.P. Putrajaya,103,28,7,2024-06,True
1431,Johor,242,28,13,2024-06,True
1431,Kedah,239,26,12,2024-06,True
1431,Kelantan,362,26,18,2024-06,True
1431,Melaka,141,28,7,2024-06,True
1431,Negeri Sembilan,117,28,7,2024-06,True
1431,Pahang,161,28,9,2024-06,True
1431,Perak,403,28,20,2024-06,True
1431,Perlis,46,26,4,2024-06,True
1431,Pulau Pinang,432,28,19,2024-06,True
1431,Sabah,81,28,3,2024-06,True
1431,Sarawak,24,21,2,2024-06,True
1431,Selangor,258,28,14,2024-06,True
1431,Terengganu,182,26,17,2024-06,True
1431,W.P. Kuala Lumpur,92,28,7,2024-06,True
1431,W.P. Labuan,0,0,0,2024-06,False
1431,W.P. Putrajaya,22,21,2,2024-06,True
1555,Johor,2211,28,133,2024-06,True
1555,Kedah,956,26,50,2024-06,True
1555,Kelantan,1397,26,68,2024-06,True
1555,Melaka,406,28,20,2024-06,True
1555,Negeri Sembilan,573,28,23,2024-06,True
1555,Pahang,1675,28,92,2024-06,True
1555,Perak,1897,28,82,2024-06,True
1555,Perlis,211,27,15,2024-06,True
1555,Pulau Pinang,1404,28,63,2024-06,True
1555,Sabah,680,28,37,2024-06,True
1555,Sarawak,711,25,47,2024-06,True
1555,Selangor,1898,28,79,2024-06,True
1555,Terengganu,806,26,60,2024-06,True
1555,W.P. Kuala Lumpur,1745,28,96,2024-06,True
1555,W.P. Labuan,0,0,0,2024-06,False
1555,W.P. Putrajaya,245,28,18,2024-06,True
193,Johor,115,3,40,2024-06,True
193,Kedah,244,3,85,2024-06,True
193,Kelantan,22,3,8,2024-06,True
193,Melaka,17,3,6,2024-06,True
193,Negeri Sembilan,67,3,24,2024-06,True
193,Pahang,180,3,63,2024-06,True
193,Perak,311,4,106,2024-06,True
193,Perlis,105,3,36,2024-06,True
193,Pulau Pinang,203,4,69,2024-06,True
193,Sabah,173,4,63,2024-06,True
193,Sarawak,252,3,90,2024-06,True
193,Selangor,159,3,57,2024-06,True
193,Terengganu,30,3,10,2024-06,True
193,W.P. Kuala Lumpur,252,3,87,2024-06,True
193,W.P. Labuan,15,3,5,2024-06,True
193,W.P. Putrajaya,38,4,14,2024-06,True
1,Johor,2863,29,138,2024-07,True
1,Kedah,1526,29,62,2024-07,True
1,Kelantan,1755,29,75,2024-07,True
1,Melaka,459,28,20,2024-07,True
1,Negeri Sembilan,782,28,33,2024-07,True
1,Pahang,2194,29,104,2024-07,True
1,Perak,2178,28,90,2024-07,True
1,Perlis,408,28,18,2024-07,True
1,Pulau Pinang,1782,27,71,2024-07,True
1,Sabah,149,28,6,2024-07,True
1,Sarawak,281,27,12,2024-07,True
1,Selangor,1970,28,79,2024-07,True
1,Terengganu,1654,29,85,2024-07,True
1,W.P. Kuala Lumpur,2145,28,100,2024-07,True
1,W.P. Labuan,29,28,2,2024-07,True
1,W.P. Putrajaya,258,28,16,2024-07,True
1111,Johor,1642,29,126,2024-07,True
1111,Kedah,618,29,42,2024-07,True
1111,Kelantan,541,29,68,2024-07,True
1111,Melaka,251,28,16,2024-07,True
1111,Negeri Sembilan,464,28,28,2024-07,True
1111,Pahang,768,29,87,2024-07,True
1111,Perak,1001,28,79,2024-07,True
1111,Perlis,114,28,9,2024-07,True
1111,Pulau Pinang,771,27,43,2024-07,True
1111,Sabah,420,29,37,2024-07,True
1111,Sarawak,165,27,18,2024-07,True
1111,Selangor,886,28,62,2024-07,True
1111,Terengganu,401,29,48,2024-07,True
1111,W.P. Kuala Lumpur,1014,28,81,2024-07,True
1111,W.P. Labuan,0,0,0,2024-07,False
1111,W.P. Putrajaya,64,27,7,2024-07,True
904,Johor,940,29,42,2024-07,True
904,Kedah,862,29,49,2024-07,True
904,Kelantan,474,29,25,2024-07,True
904,Melaka,190,28,8,2024-07,True
904,Negeri Sembilan,327,28,12,2024-07,True
904,Pahang,526,28,23,2024-07,True
904,Perak,1008,28,59,2024-07,True
904,Perlis,70,5,15,2024-07,True
904,Pulau Pinang,608,27,38,2024-07,True
904,Sabah,0,0,0,2024-07,False
904,Sarawak,0,0,0,2024-07,False
904,Selangor,505,28,24,2024-07,True
904,Terengganu,423,29,24,2024-07,True
904,W.P. Kuala Lumpur,955,28,39,2024-07,True
904,W.P. Labuan,0,0,0,2024-07,False
904,W.P. Putrajaya,150,28,9,2024-07,True
918,Johor,147,7,60,2024-07,True
918,Kedah,211,5,53,2024-07,True
918,Kelantan,360,5,98,2024-07,True
918,Melaka,48,5,15,2024-07,True
918,Negeri Sembilan,17,5,7,2024-07,True
918,Pahang,223,6,67,2024-07,True
918,Perak,120,5,40,2024-07,True
918,Perlis,161,5,38,2024-07,True
918,Pulau Pinang,105,6,27,2024-07,True
918,Sabah,65,5,16,2024-07,True
918,Sarawak,104,6,34,2024-07,True
918,Selangor,107,5,37,2024-07,True
918,Terengganu,223,5,73,2024-07,True
918,W.P. Kuala Lumpur,64,5,23,2024-07,True
918,W.P. Labuan,21,5,7,2024-07,True
918,W.P. Putrajaya,8,5,3,2024-07,True
1589,Johor,765,9,167,2024-07,True
1589,Kedah,390,5,83,2024-07,True
1589,Kelantan,602,5,134,2024-07,True
1589,Melaka,117,5,25,2024-07,True
1589,Negeri Sembilan,186,5,39,2024-07,True
1589,Pahang,605,7,135,2024-07,True
1589,Perak,541,5,126,2024-07,True
1589,Perlis,187,5,40,2024-07,True
1589,Pulau Pinang,403,7,82,2024-07,True
1589,Sabah,291,6,69,2024-07,True
1589,Sarawak,343,6,101,2024-07,True
1589,Selangor,361,6,81,2024-07,True
1589,Terengganu,394,5,97,2024-07,True
1589,W.P. Kuala Lumpur,541,5,116,2024-07,True
1589,W.P. Labuan,10,3,5,2024-07,True
1589,W.P. Putrajaya,84,6,19,2024-07,True
917,Johor,726,9,160,2024-07,True
917,Kedah,379,5,80,2024-07,True
917,Kelantan,549,5,126,2024-07,True
917,Melaka,119,5,25,2024-07,True
917,Negeri Sembilan,197,5,41,2024-07,True
917,Pahang,612,7,135,2024-07,True
917,Perak,571,5,132,2024-07,True
917,Perlis,180,5,40,2024-07,True
917,Pulau Pinang,411,7,87,2024-07,True
917,Sabah,228,6,54,2024-07,True
917,Sarawak,193,6,49,2024-07,True
917,Selangor,353,6,82,2024-07,True
917,Terengganu,453,5,95,2024-07,True
917,W.P. Kuala Lumpur,489,5,106,2024-07,True
917,W.P. Labuan,22,5,8,2024-07,True
917,W.P. Putrajaya,95,7,20,2024-07,True
129,Johor,3018,29,159,2024-07,True
129,Kedah,1660,29,87,2024-07,True
129,Kelantan,2036,29,128,2024-07,True
129,Melaka,534,28,26,2024-07,True
129,Negeri Sembilan,807,28,36,2024-07,True
129,Pahang,2101,29,113,2024-07,True
129,Perak,2165,28,109,2024-07,True
129,Perlis,550,28,35,2024-07,True
129,Pulau Pinang,1857,27,84,2024-07,True
129,Sabah,2579,29,130,2024-07,True
129,Sarawak,2553,28,147,2024-07,True
129,Selangor,1923,28,81,2024-07,True
129,Terengganu,1836,29,107,2024-07,True
129,W.P. Kuala Lumpur,2590,28,119,2024-07,True
129,W.P. Labuan,329,28,14,2024-07,True
129,W.P. Putrajaya,300,28,20,2024-07,True
1564,Johor,3128,29,164,2024-07,True
1564,Kedah,1491,29,76,2024-07,True
1564,Kelantan,1448,29,70,2024-07,True
1564,Melaka,541,28,27,2024-07,True
1564,Negeri Sembilan,820,28,42,2024-07,True
1564,Pahang,2037,29,107,2024-07,True
1564,Perak,2327,28,119,2024-07,True
1564,Perlis,396,28,26,2024-07,True
1564,Pulau Pinang,1995,27,94,2024-07,True
1564,Sabah,2601,29,131,2024-07,True
1564,Sarawak,2510,28,143,2024-07,True
1564,Selangor,1949,28,83,2024-07,True
1564,Terengganu,1234,29,74,2024-07,True
1564,W.P. Kuala Lumpur,2669,28,123,2024-07,True
1564,W.P. Labuan,339,28,14,2024-07,True
1564,W.P. Putrajaya,292,28,21,2024-07,True
1131,Johor,2866,29,158,2024-07,True
1131,Kedah,1168,29,57,2024-07,True
1131,Kelantan,1270,29,71,2024-07,True
1131,Melaka,360,28,19,2024-07,True
1131,Negeri Sembilan,642,28,32,2024-07,True
1131,Pahang,1957,27,109,2024-07,True
1131,Perak,1994,28,108,2024-07,True
1131,Perlis,405,28,28,2024-07,True
1131,Pulau Pinang,1696,27,88,2024-07,True
1131,Sabah,2294,29,120,2024-07,True
1131,Sarawak,2542,28,149,2024-07,True
1131,Selangor,1768,28,77,2024-07,True
1131,Terengganu,1376,29,79,2024-07,True
1131,W.P. Kuala Lumpur,2093,28,98,2024-07,True
1131,W.P. Labuan,346,28,14,2024-07,True
1131,W.P. Putrajaya,292,28,20,2024-07,True
94,Johor,1673,29,87,2024-07,True
94,Kedah,733,29,39,2024-07,True
94,Kelantan,461,29,25,2024-07,True
94,Melaka,183,28,8,2024-07,True
94,Negeri Sembilan,796,28,36,2024-07,True
94,Pahang,1912,29,104,2024-07,True
94,Perak,1358,28,60,2024-07,True
94,Perlis,350,28,19,2024-07,True
94,Pulau Pinang,1055,27,57,2024-07,True
94,Sabah,744,28,41,2024-07,True
94,Sarawak,1792,28,94,2024-07,True
94,Selangor,1636,28,78,2024-07,True
94,Terengganu,813,29,46,2024-07,True
94,W.P. Kuala Lumpur,2119,28,105,2024-07,True
94,W.P. Labuan,0,0,0,2024-07,False
94,W.P. Putrajaya,7,5,2,2024-07,True
114,Johor,3179,29,163,2024-07,True
114,Kedah,1606,29,68,2024-07,True
114,Kelantan,2002,29,87,2024-07,True
114,Melaka,520,28,25,2024-07,True
114,Negeri Sembilan,871,28,41,2024-07,True
114,Pahang,2265,29,112,2024-07,True
114,Perak,2279,28,98,2024-07,True
114,Perlis,475,28,23,2024-07,True
114,Pulau Pinang,1955,27,83,2024-07,True
114,Sabah,1719,29,89,2024-07,True
114,Sarawak,1739,28,101,2024-07,True
114,Selangor,2038,28,86,2024-07,True
114,Terengganu,1443,29,89,2024-07,True
114,W.P. Kuala Lumpur,2778,28,126,2024-07,True
114,W.P. Labuan,95,28,8,2024-07,True
114,W.P. Putrajaya,304,28,21,2024-07,True
103,Johor,603,29,29,2024-07,True
103,Kedah,376,29,15,2024-07,True
103,Kelantan,424,29,26,2024-07,True
103,Melaka,0,0,0,2024-07,False
103,Negeri Sembilan,417,28,18,2024-07,True
103,Pahang,875,27,39,2024-07,True
103,Perak,1112,28,46,2024-07,True
103,Perlis,0,0,0,2024-07,False
103,Pulau Pinang,708,27,31,2024-07,True
103,Sabah,44,28,2,2024-07,True
103,Sarawak,27,27,1,2024-07,True
103,Selangor,918,28,41,2024-07,True
103,Terengganu,421,29,22,2024-07,True
103,W.P. Kuala Lumpur,1069,28,53,2024-07,True
103,W.P. Labuan,0,0,0,2024-07,False
103,W.P. Putrajaya,134,28,9,2024-07,True
1431,Johor,237,29,13,2024-07,True
1431,Kedah,290,29,12,2024-07,True
1431,Kelantan,417,29,18,2024-07,True
1431,Melaka,165,28,7,2024-07,True
1431,Negeri Sembilan,120,28,8,2024-07,True
1431,Pahang,159,27,9,2024-07,True
1431,Perak,401,28,18,2024-07,True
1431,Perlis,47,28,2,2024-07,True
1431,Pulau Pinang,485,27,21,2024-07,True
1431,Sabah,81,28,3,2024-07,True
1431,Sarawak,39,26,2,2024-07,True
1431,Selangor,281,28,15,2024-07,True
1431,Terengganu,216,29,15,2024-07,True
1431,W.P. Kuala Lumpur,75,28,7,2024-07,True
1431,W.P. Labuan,0,0,0,2024-07,False
1431,W.P. Putrajaya,32,25,3,2024-07,True
1555,Johor,2360,29,134,2024-07,True
1555,Kedah,1017,29,49,2024-07,True
1555,Kelantan,1584,29,70,2024-07,True
1555,Melaka,450,28,20,2024-07,True
1555,Negeri Sembilan,565,28,24,2024-07,True
1555,Pahang,1617,28,93,2024-07,True
1555,Perak,1922,28,85,2024-07,True
1555,Perlis,209,28,15,2024-07,True
1555,Pulau Pinang,1368,27,64,2024-07,True
1555,Sabah,690,29,38,2024-07,True
1555,Sarawak,828,28,46,2024-07,True
1555,Selangor,1877,28,79,2024-07,True
1555,Terengganu,910,29,64,2024-07,True
1555,W.P. Kuala Lumpur,1825,28,95,2024-07,True
1555,W.P. Labuan,0,0,0,2024-07,False
1555,W.P. Putrajaya,272,28,18,2024-07,True
193,Johor,193,5,41,2024-07,True
193,Kedah,421,5,87,2024-07,True
193,Kelantan,46,5,12,2024-07,True
193,Melaka,31,5,7,2024-07,True
193,Negeri Sembilan,100,5,24,2024-07,True
193,Pahang,301,5,63,2024-07,True
193,Perak,524,5,113,2024-07,True
193,Perlis,179,5,38,2024-07,True
193,Pulau Pinang,335,7,71,2024-07,True
193,Sabah,273,5,65,2024-07,True
193,Sarawak,396,5,89,2024-07,True
193,Selangor,289,6,63,2024-07,True
193,Terengganu,50,5,12,2024-07,True
193,W.P. Kuala Lumpur,424,5,92,2024-07,True
193,W.P. Labuan,20,5,7,2024-07,True
193,W.P. Putrajaya,56,6,13,2024-07,True
1,Johor,2333,24,142,2024-08,True
1,Kedah,1306,25,62,2024-08,True
1,Kelantan,1514,25,76,2024-08,True
1,Melaka,409,25,19,2024-08,True
1,Negeri Sembilan,703,25,34,2024-08,True
1,Pahang,1983,25,104,2024-08,True
1,Perak,1940,25,89,2024-08,True
1,Perlis,359,25,17,2024-08,True
1,Pulau Pinang,1675,25,74,2024-08,True
1,Sabah,131,25,6,2024-08,True
1,Sarawak,257,25,14,2024-08,True
1,Selangor,1762,25,80,2024-08,True
1,Terengganu,1384,25,87,2024-08,True
1,W.P. Kuala Lumpur,1891,25,98,2024-08,True
1,W.P. Labuan,38,25,2,2024-08,True
1,W.P. Putrajaya,229,25,16,2024-08,True
1111,Johor,1399,24,124,2024-08,True
1111,Kedah,538,25,37,2024-08,True
1111,Kelantan,492,25,68,2024-08,True
1111,Melaka,212,25,15,2024-08,True
1111,Negeri Sembilan,402,25,28,2024-08,True
1111,Pahang,596,25,82,2024-08,True
1111,Perak,890,25,75,2024-08,True
1111,Perlis,93,25,9,2024-08,True
1111,Pulau Pinang,703,25,46,2024-08,True
1111,Sabah,292,25,33,2024-08,True
1111,Sarawak,108,25,12,2024-08,True
1111,Selangor,699,25,55,2024-08,True
1111,Terengganu,370,25,48,2024-08,True
1111,W.P. Kuala Lumpur,875,25,80,2024-08,True
1111,W.P. Labuan,0,0,0,2024-08,False
1111,W.P. Putrajaya,58,23,7,2024-08,True
904,Johor,740,24,40,2024-08,True
904,Kedah,689,25,46,2024-08,True
904,Kelantan,462,25,27,2024-08,True
904,Melaka,157,25,7,2024-08,True
904,Negeri Sembilan,256,25,12,2024-08,True
904,Pahang,446,25,22,2024-08,True
904,Perak,889,25,58,2024-08,True
904,Perlis,39,3,14,2024-08,True
904,Pulau Pinang,548,25,36,2024-08,True
904,Sabah,0,0,0,2024-08,False
904,Sarawak,0,0,0,2024-08,False
904,Selangor,409,25,22,2024-08,True
904,Terengganu,414,25,28,2024-08,True
904,W.P. Kuala Lumpur,882,25,41,2024-08,True
904,W.P. Labuan,0,0,0,2024-08,False
904,W.P. Putrajaya,102,25,9,2024-08,True
918,Johor,94,6,51,2024-08,True
918,Kedah,131,4,52,2024-08,True
918,Kelantan,199,3,92,2024-08,True
918,Melaka,29,5,15,2024-08,True
918,Negeri Sembilan,7,3,4,2024-08,True
918,Pahang,104,5,49,2024-08,True
918,Perak,74,3,31,2024-08,True
918,Perlis,79,3,35,2024-08,True
918,Pulau Pinang,58,3,23,2024-08,True
918,Sabah,37,3,17,2024-08,True
918,Sarawak,52,3,23,2024-08,True
918,Selangor,47,3,22,2024-08,True
918,Terengganu,118,3,56,2024-08,True
918,W.P. Kuala Lumpur,32,3,19,2024-08,True
918,W.P. Labuan,12,3,6,2024-08,True
918,W.P. Putrajaya,7,3,3,2024-08,True
1589,Johor,483,6,168,2024-08,True
1589,Kedah,242,5,82,2024-08,True
1589,Kelantan,374,3,131,2024-08,True
1589,Melaka,98,5,25,2024-08,True
1589,Negeri Sembilan,120,3,40,2024-08,True
1589,Pahang,372,6,132,2024-08,True
1589,Perak,335,3,120,2024-08,True
1589,Perlis,114,3,39,2024-08,True
1589,Pulau Pinang,234,3,80,2024-08,True
1589,Sabah,184,3,70,2024-08,True
1589,Sarawak,191,3,82,2024-08,True
1589,Selangor,204,3,73,2024-08,True
1589,Terengganu,254,3,97,2024-08,True
1589,W.P. Kuala Lumpur,331,3,113,2024-08,True
1589,W.P. Labuan,0,0,0,2024-08,False
1589,W.P. Putrajaya,54,3,20,2024-08,True
917,Johor,449,6,160,2024-08,True
917,Kedah,232,5,79,2024-08,True
917,Kelantan,341,3,124,2024-08,True
917,Melaka,96,5,27,2024-08,True
917,Negeri Sembilan,114,3,40,2024-08,True
917,Pahang,365,6,128,2024-08,True
917,Perak,353,3,132,2024-08,True
917,Perlis,103,3,37,2024-08,True
917,Pulau Pinang,257,3,88,2024-08,True
917,Sabah,123,3,48,2024-08,True
917,Sarawak,114,3,48,2024-08,True
917,Selangor,203,3,75,2024-08,True
917,Terengganu,271,3,93,2024-08,True
917,W.P. Kuala Lumpur,298,3,107,2024-08,True
917,W.P. Labuan,18,3,7,2024-08,True
917,W.P. Putrajaya,57,3,20,2024-08,True
129,Johor,2437,24,157,2024-08,True
129,Kedah,1426,25,89,2024-08,True
129,Kelantan,1713,25,126,2024-08,True
129,Melaka,466,25,26,2024-08,True
129,Negeri Sembilan,728,25,37,2024-08,True
129,Pahang,1883,25,114,2024-08,True
129,Perak,1958,25,107,2024-08,True
129,Perlis,441,25,35,2024-08,True
129,Pulau Pinang,1758,25,87,2024-08,True
129,Sabah,2251,26,131,2024-08,True
129,Sarawak,2244,26,143,2024-08,True
129,Selangor,1712,25,79,2024-08,True
129,Terengganu,1494,25,110,2024-08,True
129,W.P. Kuala Lumpur,2319,25,119,2024-08,True
129,W.P. Labuan,299,25,14,2024-08,True
129,W.P. Putrajaya,259,25,20,2024-08,True
1564,Johor,2541,24,166,2024-08,True
1564,Kedah,1249,25,74,2024-08,True
1564,Kelantan,1146,25,60,2024-08,True
1564,Melaka,466,25,27,2024-08,True
1564,Negeri Sembilan,729,25,42,2024-08,True
1564,Pahang,1813,25,108,2024-08,True
1564,Perak,2101,25,120,2024-08,True
1564,Perlis,339,25,26,2024-08,True
1564,Pulau Pinang,1853,25,100,2024-08,True
1564,Sabah,2314,26,131,2024-08,True
1564,Sarawak,2253,26,139,2024-08,True
1564,Selangor,1752,25,82,2024-08,True
1564,Terengganu,1050,25,75,2024-08,True
1564,W.P. Kuala Lumpur,2397,25,123,2024-08,True
1564,W.P. Labuan,300,25,14,2024-08,True
1564,W.P. Putrajaya,254,25,20,2024-08,True
1131,Johor,2335,24,158,2024-08,True
1131,Kedah,1037,25,66,2024-08,True
1131,Kelantan,1094,25,70,2024-08,True
1131,Melaka,282,25,18,2024-08,True
1131,Negeri Sembilan,566,25,31,2024-08,True
1131,Pahang,1711,25,109,2024-08,True
1131,Perak,1769,25,110,2024-08,True
1131,Perlis,321,25,27,2024-08,True
1131,Pulau Pinang,1591,25,90,2024-08,True
1131,Sabah,2055,26,120,2024-08,True
1131,Sarawak,2313,25,149,2024-08,True
1131,Selangor,1588,25,76,2024-08,True
1131,Terengganu,1166,25,81,2024-08,True
1131,W.P. Kuala Lumpur,1792,25,95,2024-08,True
1131,W.P. Labuan,301,25,14,2024-08,True
1131,W.P. Putrajaya,237,25,20,2024-08,True
94,Johor,1408,24,88,2024-08,True
94,Kedah,645,25,42,2024-08,True
94,Kelantan,466,25,27,2024-08,True
94,Melaka,214,25,11,2024-08,True
94,Negeri Sembilan,736,25,39,2024-08,True
94,Pahang,1748,25,98,2024-08,True
94,Perak,1233,25,61,2024-08,True
94,Perlis,351,25,20,2024-08,True
94,Pulau Pinang,1017,25,59,2024-08,True
94,Sabah,613,25,37,2024-08,True
94,Sarawak,1823,25,102,2024-08,True
94,Selangor,1460,25,77,2024-08,True
94,Terengganu,690,25,47,2024-08,True
94,W.P. Kuala Lumpur,2010,25,106,2024-08,True
94,W.P. Labuan,0,0,0,2024-08,False
94,W.P. Putrajaya,2,2,1,2024-08,True
114,Johor,2594,24,164,2024-08,True
114,Kedah,1388,25,70,2024-08,True
114,Kelantan,1692,25,86,2024-08,True
114,Melaka,466,25,25,2024-08,True
114,Negeri Sembilan,757,25,40,2024-08,True
114,Pahang,2050,25,113,2024-08,True
114,Perak,2041,25,98,2024-08,True
114,Perlis,409,25,22,2024-08,True
114,Pulau Pinang,1826,25,86,2024-08,True
114,Sabah,1816,26,96,2024-08,True
114,Sarawak,1824,25,101,2024-08,True
114,Selangor,1825,25,85,2024-08,True
114,Terengganu,1298,25,88,2024-08,True
114,W.P. Kuala Lumpur,2463,25,126,2024-08,True
114,W.P. Labuan,66,25,5,2024-08,True
114,W.P. Putrajaya,258,25,20,2024-08,True
103,Johor,498,24,29,2024-08,True
103,Kedah,300,25,13,2024-08,True
103,Kelantan,450,25,27,2024-08,True
103,Melaka,0,0,0,2024-08,False
103,Negeri Sembilan,377,25,18,2024-08,True
103,Pahang,804,25,39,2024-08,True
103,Perak,1015,25,45,2024-08,True
103,Perlis,0,0,0,2024-08,False
103,Pulau Pinang,647,25,30,2024-08,True
103,Sabah,55,26,3,2024-08,True
103,Sarawak,25,25,1,2024-08,True
103,Selangor,825,25,41,2024-08,True
103,Terengganu,391,25,23,2024-08,True
103,W.P. Kuala Lumpur,1160,25,56,2024-08,True
103,W.P. Labuan,0,0,0,2024-08,False
103,W.P. Putrajaya,92,25,8,2024-08,True
1431,Johor,196,24,13,2024-08,True
1431,Kedah,271,25,12,2024-08,True
1431,Kelantan,374,25,18,2024-08,True
1431,Melaka,145,25,7,2024-08,True
1431,Negeri Sembilan,133,25,8,2024-08,True
1431,Pahang,171,25,9,2024-08,True
1431,Perak,382,25,18,2024-08,True
1431,Perlis,49,25,3,2024-08,True
1431,Pulau Pinang,428,25,20,2024-08,True
1431,Sabah,73,25,3,2024-08,True
1431,Sarawak,30,25,2,2024-08,True
1431,Selangor,302,25,14,2024-08,True
1431,Terengganu,212,25,17,2024-08,True
1431,W.P. Kuala Lumpur,80,25,6,2024-08,True
1431,W.P. Labuan,0,0,0,2024-08,False
1431,W.P. Putrajaya,42,25,2,2024-08,True
1555,Johor,1901,24,133,2024-08,True
1555,Kedah,847,25,49,2024-08,True
1555,Kelantan,1316,25,73,2024-08,True
1555,Melaka,399,25,20,2024-08,True
1555,Negeri Sembilan,511,25,24,2024-08,True
1555,Pahang,1415,25,88,2024-08,True
1555,Perak,1690,25,84,2024-08,True
1555,Perlis,175,25,14,2024-08,True
1555,Pulau Pinang,1184,25,64,2024-08,True
1555,Sabah,659,26,39,2024-08,True
1555,Sarawak,869,26,48,2024-08,True
1555,Selangor,1637,25,78,2024-08,True
1555,Terengganu,791,25,65,2024-08,True
1555,W.P. Kuala Lumpur,1532,25,91,2024-08,True
1555,W.P. Labuan,0,0,0,2024-08,False
1555,W.P. Putrajaya,218,25,17,2024-08,True
193,Johor,128,3,46,2024-08,True
193,Kedah,257,5,88,2024-08,True
193,Kelantan,29,3,11,2024-08,True
193,Melaka,25,4,7,2024-08,True
193,Negeri Sembilan,69,3,25,2024-08,True
193,Pahang,176,3,63,2024-08,True
193,Perak,330,3,114,2024-08,True
193,Perlis,106,3,36,2024-08,True
193,Pulau Pinang,195,3,66,2024-08,True
193,Sabah,182,3,65,2024-08,True
193,Sarawak,246,3,84,2024-08,True
193,Selangor,162,3,56,2024-08,True
193,Terengganu,33,3,11,2024-08,True
193,W.P. Kuala Lumpur,266,3,90,2024-08,True
193,W.P. Labuan,18,3,7,2024-08,True
193,W.P. Putrajaya,27,3,10,2024-08,True
1,Johor,2933,29,145,2024-09,True
1,Kedah,1525,29,62,2024-09,True
1,Kelantan,1630,26,75,2024-09,True
1,Melaka,508,29,20,2024-09,True
1,Negeri Sembilan,820,29,34,2024-09,True
1,Pahang,2336,29,104,2024-09,True
1,Perak,2325,29,90,2024-09,True
1,Perlis,423,29,18,2024-09,True
1,Pulau Pinang,1986,29,72,2024-09,True
1,Sabah,172,29,7,2024-09,True
1,Sarawak,264,29,11,2024-09,True
1,Selangor,2088,29,80,2024-09,True
1,Terengganu,1658,28,88,2024-09,True
1,W.P. Kuala Lumpur,2241,29,98,2024-09,True
1,W.P. Labuan,42,29,3,2024-09,True
1,W.P. Putrajaya,295,29,16,2024-09,True
1111,Johor,1728,29,128,2024-09,True
1111,Kedah,492,29,37,2024-09,True
1111,Kelantan,319,26,56,2024-09,True
1111,Melaka,250,29,16,2024-09,True
1111,Negeri Sembilan,479,29,31,2024-09,True
1111,Pahang,721,29,86,2024-09,True
1111,Perak,1021,29,84,2024-09,True
1111,Perlis,93,29,7,2024-09,True
1111,Pulau Pinang,752,29,44,2024-09,True
1111,Sabah,211,29,23,2024-09,True
1111,Sarawak,90,29,11,2024-09,True
1111,Selangor,894,29,61,2024-09,True
1111,Terengganu,348,28,45,2024-09,True
1111,W.P. Kuala Lumpur,1125,29,87,2024-09,True
1111,W.P. Labuan,2,2,1,2024-09,True
1111,W.P. Putrajaya,88,29,8,2024-09,True
904,Johor,963,29,42,2024-09,True
904,Kedah,822,29,47,2024-09,True
904,Kelantan,510,26,27,2024-09,True
904,Melaka,175,29,7,2024-09,True
904,Negeri Sembilan,305,29,12,2024-09,True
904,Pahang,557,29,25,2024-09,True
904,Perak,1066,29,59,2024-09,True
904,Perlis,65,5,15,2024-09,True
904,Pulau Pinang,653,29,37,2024-09,True
904,Sabah,0,0,0,2024-09,False
904,Sarawak,0,0,0,2024-09,False
904,Selangor,511,29,23,2024-09,True
904,Terengganu,443,28,27,2024-09,True
904,W.P. Kuala Lumpur,961,29,40,2024-09,True
904,W.P. Labuan,0,0,0,2024-09,False
904,W.P. Putrajaya,132,29,9,2024-09,True
918,Johor,182,9,67,2024-09,True
918,Kedah,178,5,49,2024-09,True
918,Kelantan,296,5,95,2024-09,True
918,Melaka,45,6,15,2024-09,True
918,Negeri Sembilan,10,5,6,2024-09,True
918,Pahang,155,6,57,2024-09,True
918,Perak,93,5,27,2024-09,True
918,Perlis,126,5,36,2024-09,True
918,Pulau Pinang,105,5,28,2024-09,True
918,Sabah,72,7,18,2024-09,True
918,Sarawak,96,5,33,2024-09,True
918,Selangor,85,5,33,2024-09,True
918,Terengganu,193,5,64,2024-09,True
918,W.P. Kuala Lumpur,54,5,27,2024-09,True
918,W.P. Labuan,20,5,7,2024-09,True
918,W.P. Putrajaya,7,5,4,2024-09,True
1589,Johor,803,11,169,2024-09,True
1589,Kedah,403,5,84,2024-09,True
1589,Kelantan,634,5,133,2024-09,True
1589,Melaka,121,6,25,2024-09,True
1589,Negeri Sembilan,191,5,40,2024-09,True
1589,Pahang,632,11,137,2024-09,True
1589,Perak,580,5,127,2024-09,True
1589,Perlis,190,5,40,2024-09,True
1589,Pulau Pinang,404,5,83,2024-09,True
1589,Sabah,340,7,84,2024-09,True
1589,Sarawak,309,5,93,2024-09,True
1589,Selangor,345,5,78,2024-09,True
1589,Terengganu,419,5,99,2024-09,True
1589,W.P. Kuala Lumpur,563,6,118,2024-09,True
1589,W.P. Labuan,4,3,3,2024-09,True
1589,W.P. Putrajaya,93,6,19,2024-09,True
917,Johor,738,11,161,2024-09,True
917,Kedah,355,5,78,2024-09,True
917,Kelantan,573,5,124,2024-09,True
917,Melaka,125,6,27,2024-09,True
917,Negeri Sembilan,194,5,41,2024-09,True
917,Pahang,594,11,130,2024-09,True
917,Perak,576,5,132,2024-09,True
917,Perlis,173,5,39,2024-09,True
917,Pulau Pinang,421,5,88,2024-09,True
917,Sabah,185,6,44,2024-09,True
917,Sarawak,161,5,45,2024-09,True
917,Selangor,332,5,81,2024-09,True
917,Terengganu,453,5,97,2024-09,True
917,W.P. Kuala Lumpur,525,6,112,2024-09,True
917,W.P. Labuan,13,5,5,2024-09,True
917,W.P. Putrajaya,92,6,20,2024-09,True
129,Johor,3010,29,158,2024-09,True
129,Kedah,1723,29,88,2024-09,True
129,Kelantan,1900,26,128,2024-09,True
129,Melaka,537,29,26,2024-09,True
129,Negeri Sembilan,855,29,37,2024-09,True
129,Pahang,2272,29,112,2024-09,True
129,Perak,2360,29,106,2024-09,True
129,Perlis,510,29,33,2024-09,True
129,Pulau Pinang,2068,29,85,2024-09,True
129,Sabah,2740,29,133,2024-09,True
129,Sarawak,2730,29,146,2024-09,True
129,Selangor,2003,29,79,2024-09,True
129,Terengganu,1753,28,111,2024-09,True
129,W.P. Kuala Lumpur,2720,29,119,2024-09,True
129,W.P. Labuan,349,29,14,2024-09,True
129,W.P. Putrajaya,311,29,21,2024-09,True
1564,Johor,3180,29,167,2024-09,True
1564,Kedah,1494,29,74,2024-09,True
1564,Kelantan,1202,26,61,2024-09,True
1564,Melaka,546,29,27,2024-09,True
1564,Negeri Sembilan,854,29,41,2024-09,True
1564,Pahang,2199,29,109,2024-09,True
1564,Perak,2509,29,122,2024-09,True
1564,Perlis,417,29,27,2024-09,True
1564,Pulau Pinang,2186,29,97,2024-09,True
1564,Sabah,2745,29,132,2024-09,True
1564,Sarawak,2761,29,143,2024-09,True
1564,Selangor,2036,29,80,2024-09,True
1564,Terengganu,1253,28,75,2024-09,True
1564,W.P. Kuala Lumpur,2824,29,123,2024-09,True
1564,W.P. Labuan,347,29,14,2024-09,True
1564,W.P. Putrajaya,309,29,21,2024-09,True
1131,Johor,2934,29,158,2024-09,True
1131,Kedah,1221,29,65,2024-09,True
1131,Kelantan,1313,26,78,2024-09,True
1131,Melaka,335,29,18,2024-09,True
1131,Negeri Sembilan,624,29,30,2024-09,True
1131,Pahang,2106,29,110,2024-09,True
1131,Perak,2199,29,116,2024-09,True
1131,Perlis,400,29,28,2024-09,True
1131,Pulau Pinang,1888,29,87,2024-09,True
1131,Sabah,2432,29,120,2024-09,True
1131,Sarawak,2770,29,150,2024-09,True
1131,Selangor,1825,29,72,2024-09,True
1131,Terengganu,1364,28,82,2024-09,True
1131,W.P. Kuala Lumpur,2136,29,98,2024-09,True
1131,W.P. Labuan,313,29,14,2024-09,True
1131,W.P. Putrajaya,313,29,21,2024-09,True
94,Johor,1768,29,96,2024-09,True
94,Kedah,821,29,47,2024-09,True
94,Kelantan,497,26,27,2024-09,True
94,Melaka,286,29,12,2024-09,True
94,Negeri Sembilan,856,29,37,2024-09,True
94,Pahang,2077,29,100,2024-09,True
94,Perak,1484,29,69,2024-09,True
94,Perlis,399,29,21,2024-09,True
94,Pulau Pinang,1251,29,59,2024-09,True
94,Sabah,507,29,33,2024-09,True
94,Sarawak,2011,29,100,2024-09,True
94,Selangor,1802,29,76,2024-09,True
94,Terengganu,886,28,48,2024-09,True
94,W.P. Kuala Lumpur,2435,29,106,2024-09,True
94,W.P. Labuan,0,0,0,2024-09,False
94,W.P. Putrajaya,0,0,0,2024-09,False
114,Johor,3223,29,165,2024-09,True
114,Kedah,1610,29,71,2024-09,True
114,Kelantan,1782,26,85,2024-09,True
114,Melaka,537,29,25,2024-09,True
114,Negeri Sembilan,882,29,40,2024-09,True
114,Pahang,2412,29,114,2024-09,True
114,Perak,2358,29,99,2024-09,True
114,Perlis,477,29,23,2024-09,True
114,Pulau Pinang,2129,29,86,2024-09,True
114,Sabah,1996,29,95,2024-09,True
114,Sarawak,2199,29,108,2024-09,True
114,Selangor,2120,29,85,2024-09,True
114,Terengganu,1541,28,95,2024-09,True
114,W.P. Kuala Lumpur,2898,29,126,2024-09,True
114,W.P. Labuan,164,29,8,2024-09,True
114,W.P. Putrajaya,312,29,20,2024-09,True
103,Johor,605,29,29,2024-09,True
103,Kedah,362,29,16,2024-09,True
103,Kelantan,450,26,24,2024-09,True
103,Melaka,0,0,0,2024-09,False
103,Negeri Sembilan,444,29,18,2024-09,True
103,Pahang,913,29,39,2024-09,True
103,Perak,1155,29,45,2024-09,True
103,Perlis,0,0,0,2024-09,False
103,Pulau Pinang,693,29,27,2024-09,True
103,Sabah,86,29,3,2024-09,True
103,Sarawak,29,29,1,2024-09,True
103,Selangor,955,29,42,2024-09,True
103,Terengganu,477,28,22,2024-09,True
103,W.P. Kuala Lumpur,1377,29,56,2024-09,True
103,W.P. Labuan,0,0,0,2024-09,False
103,W.P. Putrajaya,129,29,8,2024-09,True
1431,Johor,201,29,12,2024-09,True
1431,Kedah,339,29,14,2024-09,True
1431,Kelantan,427,26,18,2024-09,True
1431,Melaka,166,29,7,2024-09,True
1431,Negeri Sembilan,174,29,8,2024-09,True
1431,Pahang,201,29,9,2024-09,True
1431,Perak,459,29,20,2024-09,True
1431,Perlis,64,29,3,2024-09,True
1431,Pulau Pinang,475,29,18,2024-09,True
1431,Sabah,84,29,3,2024-09,True
1431,Sarawak,35,28,2,2024-09,True
1431,Selangor,338,29,15,2024-09,True
1431,Terengganu,243,28,16,2024-09,True
1431,W.P. Kuala Lumpur,102,29,6,2024-09,True
1431,W.P. Labuan,0,0,0,2024-09,False
1431,W.P. Putrajaya,50,29,2,2024-09,True
1555,Johor,2334,29,132,2024-09,True
1555,Kedah,957,29,49,2024-09,True
1555,Kelantan,1407,26,73,2024-09,True
1555,Melaka,447,29,20,2024-09,True
1555,Negeri Sembilan,585,29,24,2024-09,True
1555,Pahang,1612,29,92,2024-09,True
1555,Perak,1927,29,84,2024-09,True
1555,Perlis,206,29,16,2024-09,True
1555,Pulau Pinang,1392,29,66,2024-09,True
1555,Sabah,743,29,41,2024-09,True
1555,Sarawak,1026,29,47,2024-09,True
1555,Selangor,1924,29,76,2024-09,True
1555,Terengganu,832,28,68,2024-09,True
1555,W.P. Kuala Lumpur,1848,29,91,2024-09,True
1555,W.P. Labuan,0,0,0,2024-09,False
1555,W.P. Putrajaya,260,29,17,2024-09,True
193,Johor,222,5,47,2024-09,True
193,Kedah,413,5,89,2024-09,True
193,Kelantan,45,5,11,2024-09,True
193,Melaka,32,5,7,2024-09,True
193,Negeri Sembilan,113,5,25,2024-09,True
193,Pahang,289,6,62,2024-09,True
193,Perak,522,5,113,2024-09,True
193,Perlis,176,5,38,2024-09,True
193,Pulau Pinang,313,5,65,2024-09,True
193,Sabah,315,7,70,2024-09,True
193,Sarawak,416,5,93,2024-09,True
193,Selangor,285,5,61,2024-09,True
193,Terengganu,52,5,11,2024-09,True
193,W.P. Kuala Lumpur,443,6,92,2024-09,True
193,W.P. Labuan,19,5,6,2024-09,True
193,W.P. Putrajaya,46,6,10,2024-09,True
1,Johor,3062,30,146,2024-10,True
1,Kedah,1584,30,63,2024-10,True
1,Kelantan,1873,30,75,2024-10,True
1,Melaka,520,30,20,2024-10,True
1,Negeri Sembilan,861,30,34,2024-10,True
1,Pahang,2369,30,103,2024-10,True
1,Perak,2415,30,92,2024-10,True
1,Perlis,432,30,18,2024-10,True
1,Pulau Pinang,1986,30,72,2024-10,True
1,Sabah,164,29,9,2024-10,True
1,Sarawak,281,30,14,2024-10,True
1,Selangor,2158,30,80,2024-10,True
1,Terengganu,1731,30,88,2024-10,True
1,W.P. Kuala Lumpur,2271,30,97,2024-10,True
1,W.P. Labuan,50,30,3,2024-10,True
1,W.P. Putrajaya,298,30,16,2024-10,True
1111,Johor,1745,30,128,2024-10,True
1111,Kedah,589,30,36,2024-10,True
1111,Kelantan,508,30,67,2024-10,True
1111,Melaka,276,30,16,2024-10,True
1111,Negeri Sembilan,585,30,30,2024-10,True
1111,Pahang,999,30,89,2024-10,True
1111,Perak,1134,30,85,2024-10,True
1111,Perlis,142,30,13,2024-10,True
1111,Pulau Pinang,866,30,46,2024-10,True
1111,Sabah,196,29,25,2024-10,True
1111,Sarawak,90,30,12,2024-10,True
1111,Selangor,1042,30,64,2024-10,True
1111,Terengganu,415,30,52,2024-10,True
1111,W.P. Kuala Lumpur,1235,30,84,2024-10,True
1111,W.P. Labuan,0,0,0,2024-10,False
1111,W.P. Putrajaya,86,30,9,2024-10,True
904,Johor,1074,30,43,2024-10,True
904,Kedah,839,30,48,2024-10,True
904,Kelantan,625,30,26,2024-10,True
904,Melaka,215,30,8,2024-10,True
904,Negeri Sembilan,341,30,12,2024-10,True
904,Pahang,592,30,26,2024-10,True
904,Perak,1083,30,58,2024-10,True
904,Perlis,54,4,15,2024-10,True
904,Pulau Pinang,677,30,37,2024-10,True
904,Sabah,0,0,0,2024-10,False
904,Sarawak,0,0,0,2024-10,False
904,Selangor,621,30,25,2024-10,True
904,Terengganu,454,30,27,2024-10,True
904,W.P. Kuala Lumpur,999,30,39,2024-10,True
904,W.P. Labuan,0,0,0,2024-10,False
904,W.P. Putrajaya,153,30,9,2024-10,True
918,Johor,141,8,60,2024-10,True
918,Kedah,131,4,44,2024-10,True
918,Kelantan,245,4,87,2024-10,True
918,Melaka,43,5,16,2024-10,True
918,Negeri Sembilan,5,4,4,2024-10,True
918,Pahang,134,7,50,2024-10,True
918,Perak,95,4,33,2024-10,True
918,Perlis,63,4,25,2024-10,True
918,Pulau Pinang,93,4,29,2024-10,True
918,Sabah,65,4,19,2024-10,True
918,Sarawak,65,4,25,2024-10,True
918,Selangor,71,4,26,2024-10,True
918,Terengganu,164,4,66,2024-10,True
918,W.P. Kuala Lumpur,35,4,18,2024-10,True
918,W.P. Labuan,13,4,4,2024-10,True
918,W.P. Putrajaya,7,4,3,2024-10,True
1589,Johor,647,8,168,2024-10,True
1589,Kedah,329,4,83,2024-10,True
1589,Kelantan,510,4,134,2024-10,True
1589,Melaka,94,5,24,2024-10,True
1589,Negeri Sembilan,156,4,40,2024-10,True
1589,Pahang,539,8,141,2024-10,True
1589,Perak,481,4,127,2024-10,True
1589,Perlis,154,4,40,2024-10,True
1589,Pulau Pinang,327,4,84,2024-10,True
1589,Sabah,284,5,82,2024-10,True
1589,Sarawak,280,4,95,2024-10,True
1589,Selangor,282,5,74,2024-10,True
1589,Terengganu,378,5,103,2024-10,True
1589,W.P. Kuala Lumpur,451,4,116,2024-10,True
1589,W.P. Labuan,18,4,7,2024-10,True
1589,W.P. Putrajaya,75,4,20,2024-10,True
917,Johor,608,8,167,2024-10,True
917,Kedah,285,4,75,2024-10,True
917,Kelantan,451,4,123,2024-10,True
917,Melaka,99,5,26,2024-10,True
917,Negeri Sembilan,154,4,41,2024-10,True
917,Pahang,499,8,133,2024-10,True
917,Perak,450,4,126,2024-10,True
917,Perlis,146,4,39,2024-10,True
917,Pulau Pinang,339,4,89,2024-10,True
917,Sabah,144,5,40,2024-10,True
917,Sarawak,150,4,46,2024-10,True
917,Selangor,291,5,80,2024-10,True
917,Terengganu,377,5,98,2024-10,True
917,W.P. Kuala Lumpur,428,4,113,2024-10,True
917,W.P. Labuan,15,4,5,2024-10,True
917,W.P. Putrajaya,71,4,20,2024-10,True
129,Johor,3045,30,162,2024-10,True
129,Kedah,1725,30,87,2024-10,True
129,Kelantan,2054,30,128,2024-10,True
129,Melaka,539,30,26,2024-10,True
129,Negeri Sembilan,865,30,37,2024-10,True
129,Pahang,2270,30,111,2024-10,True
129,Perak,2343,30,111,2024-10,True
129,Perlis,534,30,36,2024-10,True
129,Pulau Pinang,2064,30,85,2024-10,True
129,Sabah,2694,30,135,2024-10,True
129,Sarawak,2691,30,143,2024-10,True
129,Selangor,2032,30,79,2024-10,True
129,Terengganu,1811,30,106,2024-10,True
129,W.P. Kuala Lumpur,2755,30,119,2024-10,True
129,W.P. Labuan,334,30,14,2024-10,True
129,W.P. Putrajaya,309,30,20,2024-10,True
1564,Johor,3244,30,168,2024-10,True
1564,Kedah,1514,30,72,2024-10,True
1564,Kelantan,1340,30,57,2024-10,True
1564,Melaka,558,30,27,2024-10,True
1564,Negeri Sembilan,860,30,40,2024-10,True
1564,Pahang,2210,30,111,2024-10,True
1564,Perak,2525,30,122,2024-10,True
1564,Perlis,410,30,29,2024-10,True
1564,Pulau Pinang,2235,30,97,2024-10,True
1564,Sabah,2726,30,136,2024-10,True
1564,Sarawak,2763,30,141,2024-10,True
1564,Selangor,2080,30,82,2024-10,True
1564,Terengganu,1309,30,74,2024-10,True
1564,W.P. Kuala Lumpur,2901,30,122,2024-10,True
1564,W.P. Labuan,360,30,14,2024-10,True
1564,W.P. Putrajaya,309,30,19,2024-10,True
1131,Johor,2941,30,159,2024-10,True
1131,Kedah,1263,30,65,2024-10,True
1131,Kelantan,1410,30,76,2024-10,True
1131,Melaka,322,30,18,2024-10,True
1131,Negeri Sembilan,683,30,30,2024-10,True
1131,Pahang,2122,30,109,2024-10,True
1131,Perak,2250,30,111,2024-10,True
1131,Perlis,401,30,29,2024-10,True
1131,Pulau Pinang,1864,30,87,2024-10,True
1131,Sabah,2381,30,122,2024-10,True
1131,Sarawak,2791,30,149,2024-10,True
1131,Selangor,1860,30,72,2024-10,True
1131,Terengganu,1447,30,80,2024-10,True
1131,W.P. Kuala Lumpur,2284,30,102,2024-10,True
1131,W.P. Labuan,337,30,13,2024-10,True
1131,W.P. Putrajaya,282,30,20,2024-10,True
94,Johor,1942,30,101,2024-10,True
94,Kedah,822,30,44,2024-10,True
94,Kelantan,592,30,30,2024-10,True
94,Melaka,303,30,15,2024-10,True
94,Negeri Sembilan,873,30,40,2024-10,True
94,Pahang,2143,30,100,2024-10,True
94,Perak,1504,30,64,2024-10,True
94,Perlis,379,30,20,2024-10,True
94,Pulau Pinang,1088,30,56,2024-10,True
94,Sabah,390,29,28,2024-10,True
94,Sarawak,2130,30,102,2024-10,True
94,Selangor,1889,30,79,2024-10,True
94,Terengganu,914,30,50,2024-10,True
94,W.P. Kuala Lumpur,2495,30,111,2024-10,True
94,W.P. Labuan,0,0,0,2024-10,False
94,W.P. Putrajaya,3,3,1,2024-10,True
114,Johor,3279,30,166,2024-10,True
114,Kedah,1682,30,71,2024-10,True
114,Kelantan,2035,30,86,2024-10,True
114,Melaka,550,30,25,2024-10,True
114,Negeri Sembilan,907,30,41,2024-10,True
114,Pahang,2456,30,114,2024-10,True
114,Perak,2470,30,100,2024-10,True
114,Perlis,498,30,25,2024-10,True
114,Pulau Pinang,2189,30,87,2024-10,True
114,Sabah,2033,29,97,2024-10,True
114,Sarawak,2106,30,102,2024-10,True
114,Selangor,2181,30,85,2024-10,True
114,Terengganu,1652,30,93,2024-10,True
114,W.P. Kuala Lumpur,2963,30,125,2024-10,True
114,W.P. Labuan,138,30,8,2024-10,True
114,W.P. Putrajaya,306,30,20,2024-10,True
103,Johor,587,30,25,2024-10,True
103,Kedah,394,30,15,2024-10,True
103,Kelantan,431,30,22,2024-10,True
103,Melaka,2,2,1,2024-10,True
103,Negeri Sembilan,425,30,19,2024-10,True
103,Pahang,841,30,35,2024-10,True
103,Perak,1203,30,43,2024-10,True
103,Perlis,0,0,0,2024-10,False
103,Pulau Pinang,695,30,26,2024-10,True
103,Sabah,85,30,3,2024-10,True
103,Sarawak,30,30,1,2024-10,True
103,Selangor,980,30,40,2024-10,True
103,Terengganu,488,30,21,2024-10,True
103,W.P. Kuala Lumpur,1389,30,58,2024-10,True
103,W.P. Labuan,0,0,0,2024-10,False
103,W.P. Putrajaya,104,30,7,2024-10,True
1431,Johor,210,30,11,2024-10,True
1431,Kedah,328,30,13,2024-10,True
1431,Kelantan,458,30,17,2024-10,True
1431,Melaka,156,30,7,2024-10,True
1431,Negeri Sembilan,182,30,8,2024-10,True
1431,Pahang,212,30,9,2024-10,True
1431,Perak,502,30,20,2024-10,True
1431,Perlis,71,30,3,2024-10,True
1431,Pulau Pinang,505,30,18,2024-10,True
1431,Sabah,81,29,3,2024-10,True
1431,Sarawak,33,28,2,2024-10,True
1431,Selangor,369,30,15,2024-10,True
1431,Terengganu,278,30,16,2024-10,True
1431,W.P. Kuala Lumpur,115,30,6,2024-10,True
1431,W.P. Labuan,0,0,0,2024-10,False
1431,W.P. Putrajaya,52,30,2,2024-10,True
1555,Johor,2386,30,134,2024-10,True
1555,Kedah,1067,30,49,2024-10,True
1555,Kelantan,1597,30,71,2024-10,True
1555,Melaka,463,30,19,2024-10,True
1555,Negeri Sembilan,605,30,24,2024-10,True
1555,Pahang,1628,30,89,2024-10,True
1555,Perak,1982,30,85,2024-10,True
1555,Perlis,211,30,17,2024-10,True
1555,Pulau Pinang,1411,30,63,2024-10,True
1555,Sabah,704,29,38,2024-10,True
1555,Sarawak,993,30,47,2024-10,True
1555,Selangor,1992,30,79,2024-10,True
1555,Terengganu,811,30,62,2024-10,True
1555,W.P. Kuala Lumpur,1854,30,90,2024-10,True
1555,W.P. Labuan,0,0,0,2024-10,False
1555,W.P. Putrajaya,261,30,16,2024-10,True
193,Johor,184,4,47,2024-10,True
193,Kedah,336,4,88,2024-10,True
193,Kelantan,40,4,11,2024-10,True
193,Melaka,24,4,6,2024-10,True
193,Negeri Sembilan,84,4,23,2024-10,True
193,Pahang,232,4,61,2024-10,True
193,Perak,412,4,111,2024-10,True
193,Perlis,138,4,37,2024-10,True
193,Pulau Pinang,244,4,65,2024-10,True
193,Sabah,251,5,68,2024-10,True
193,Sarawak,332,4,90,2024-10,True
193,Selangor,220,5,61,2024-10,True
193,Terengganu,42,5,11,2024-10,True
193,W.P. Kuala Lumpur,351,4,92,2024-10,True
193,W.P. Labuan,18,4,6,2024-10,True
193,W.P. Putrajaya,35,4,9,2024-10,True
1,Johor,2840,28,146,2024-11,True
1,Kedah,1465,28,63,2024-11,True
1,Kelantan,1688,28,75,2024-11,True
1,Melaka,484,28,20,2024-11,True
1,Negeri Sembilan,791,28,34,2024-11,True
1,Pahang,2213,28,103,2024-11,True
1,Perak,2183,27,91,2024-11,True
1,Perlis,399,28,18,2024-11,True
1,Pulau Pinang,1828,28,70,2024-11,True
1,Sabah,202,28,9,2024-11,True
1,Sarawak,257,28,12,2024-11,True
1,Selangor,1997,28,80,2024-11,True
1,Terengganu,1605,28,88,2024-11,True
1,W.P. Kuala Lumpur,2095,28,95,2024-11,True
1,W.P. Labuan,43,28,3,2024-11,True
1,W.P. Putrajaya,277,28,16,2024-11,True
1111,Johor,1960,28,130,2024-11,True
1111,Kedah,599,28,39,2024-11,True
1111,Kelantan,716,28,71,2024-11,True
1111,Melaka,271,28,16,2024-11,True
1111,Negeri Sembilan,549,28,30,2024-11,True
1111,Pahang,1130,28,87,2024-11,True
1111,Perak,1148,27,84,2024-11,True
1111,Perlis,173,28,13,2024-11,True
1111,Pulau Pinang,835,28,45,2024-11,True
1111,Sabah,57,27,8,2024-11,True
1111,Sarawak,84,28,15,2024-11,True
1111,Selangor,1072,28,64,2024-11,True
1111,Terengganu,571,28,63,2024-11,True
1111,W.P. Kuala Lumpur,1374,28,87,2024-11,True
1111,W.P. Labuan,0,0,0,2024-11,False
1111,W.P. Putrajaya,99,28,10,2024-11,True
904,Johor,957,28,42,2024-11,True
904,Kedah,737,28,46,2024-11,True
904,Kelantan,345,28,20,2024-11,True
904,Melaka,191,28,7,2024-11,True
904,Negeri Sembilan,307,28,12,2024-11,True
904,Pahang,551,28,27,2024-11,True
904,Perak,993,27,57,2024-11,True
904,Perlis,51,4,14,2024-11,True
904,Pulau Pinang,631,28,38,2024-11,True
904,Sabah,0,0,0,2024-11,False
904,Sarawak,0,0,0,2024-11,False
904,Selangor,593,28,26,2024-11,True
904,Terengganu,418,28,24,2024-11,True
904,W.P. Kuala Lumpur,1002,28,40,2024-11,True
904,W.P. Labuan,0,0,0,2024-11,False
904,W.P. Putrajaya,144,28,9,2024-11,True
918,Johor,128,8,59,2024-11,True
918,Kedah,101,4,38,2024-11,True
918,Kelantan,207,4,76,2024-11,True
918,Melaka,48,5,17,2024-11,True
918,Negeri Sembilan,11,4,6,2024-11,True
918,Pahang,112,6,45,2024-11,True
918,Perak,63,4,22,2024-11,True
918,Perlis,51,4,24,2024-11,True
918,Pulau Pinang,89,4,26,2024-11,True
918,Sabah,73,4,20,2024-11,True
918,Sarawak,84,4,42,2024-11,True
918,Selangor,56,4,23,2024-11,True
918,Terengganu,167,4,66,2024-11,True
918,W.P. Kuala Lumpur,24,4,15,2024-11,True
918,W.P. Labuan,11,4,4,2024-11,True
918,W.P. Putrajaya,3,2,3,2024-11,True
1589,Johor,643,8,168,2024-11,True
1589,Kedah,317,4,84,2024-11,True
1589,Kelantan,519,4,139,2024-11,True
1589,Melaka,97,5,25,2024-11,True
1589,Negeri Sembilan,152,4,39,2024-11,True
1589,Pahang,546,8,143,2024-11,True
1589,Perak,483,4,130,2024-11,True
1589,Perlis,148,4,40,2024-11,True
1589,Pulau Pinang,334,4,85,2024-11,True
1589,Sabah,269,4,81,2024-11,True
1589,Sarawak,289,4,111,2024-11,True
1589,Selangor,283,4,75,2024-11,True
1589,Terengganu,369,4,104,2024-11,True
1589,W.P. Kuala Lumpur,436,4,115,2024-11,True
1589,W.P. Labuan,38,4,12,2024-11,True
1589,W.P. Putrajaya,68,4,19,2024-11,True
917,Johor,616,8,166,2024-11,True
917,Kedah,280,4,78,2024-11,True
917,Kelantan,438,4,122,2024-11,True
917,Melaka,104,5,26,2024-11,True
917,Negeri Sembilan,156,4,41,2024-11,True
917,Pahang,512,8,135,2024-11,True
917,Perak,462,4,129,2024-11,True
917,Perlis,149,4,39,2024-11,True
917,Pulau Pinang,332,4,88,2024-11,True
917,Sabah,157,4,45,2024-11,True
917,Sarawak,197,4,66,2024-11,True
917,Selangor,273,4,75,2024-11,True
917,Terengganu,382,4,100,2024-11,True
917,W.P. Kuala Lumpur,411,4,109,2024-11,True
917,W.P. Labuan,11,4,4,2024-11,True
917,W.P. Putrajaya,73,4,20,2024-11,True
129,Johor,2932,28,160,2024-11,True
129,Kedah,1623,28,88,2024-11,True
129,Kelantan,1859,28,128,2024-11,True
129,Melaka,510,28,26,2024-11,True
129,Negeri Sembilan,814,28,38,2024-11,True
129,Pahang,2149,28,112,2024-11,True
129,Perak,2136,27,110,2024-11,True
129,Perlis,494,28,34,2024-11,True
129,Pulau Pinang,1954,28,85,2024-11,True
129,Sabah,2436,28,135,2024-11,True
129,Sarawak,2757,28,166,2024-11,True
129,Selangor,1912,28,81,2024-11,True
129,Terengganu,1663,28,107,2024-11,True
129,W.P. Kuala Lumpur,2602,28,118,2024-11,True
129,W.P. Labuan,326,28,14,2024-11,True
129,W.P. Putrajaya,294,28,20,2024-11,True
1564,Johor,3003,28,167,2024-11,True
1564,Kedah,1380,28,70,2024-11,True
1564,Kelantan,1165,28,61,2024-11,True
1564,Melaka,532,28,27,2024-11,True
1564,Negeri Sembilan,798,28,40,2024-11,True
1564,Pahang,2049,28,113,2024-11,True
1564,Perak,2268,27,120,2024-11,True
1564,Perlis,387,28,29,2024-11,True
1564,Pulau Pinang,2082,28,97,2024-11,True
1564,Sabah,2563,28,136,2024-11,True
1564,Sarawak,2780,28,163,2024-11,True
1564,Selangor,1941,28,82,2024-11,True
1564,Terengganu,1205,28,77,2024-11,True
1564,W.P. Kuala Lumpur,2668,28,123,2024-11,True
1564,W.P. Labuan,328,28,14,2024-11,True
1564,W.P. Putrajaya,286,28,19,2024-11,True
1131,Johor,2688,28,156,2024-11,True
1131,Kedah,1148,28,65,2024-11,True
1131,Kelantan,1198,28,73,2024-11,True
1131,Melaka,308,28,18,2024-11,True
1131,Negeri Sembilan,611,28,30,2024-11,True
1131,Pahang,2043,28,112,2024-11,True
1131,Perak,2042,27,115,2024-11,True
1131,Perlis,404,28,30,2024-11,True
1131,Pulau Pinang,1796,28,88,2024-11,True
1131,Sabah,2188,28,122,2024-11,True
1131,Sarawak,2783,28,163,2024-11,True
1131,Selangor,1707,28,72,2024-11,True
1131,Terengganu,1360,28,82,2024-11,True
1131,W.P. Kuala Lumpur,2187,28,103,2024-11,True
1131,W.P. Labuan,290,28,13,2024-11,True
1131,W.P. Putrajaya,274,28,20,2024-11,True
94,Johor,1745,28,97,2024-11,True
94,Kedah,674,28,39,2024-11,True
94,Kelantan,536,28,29,2024-11,True
94,Melaka,257,28,14,2024-11,True
94,Negeri Sembilan,821,28,38,2024-11,True
94,Pahang,1945,28,100,2024-11,True
94,Perak,1293,27,66,2024-11,True
94,Perlis,310,28,20,2024-11,True
94,Pulau Pinang,865,28,49,2024-11,True
94,Sabah,410,28,30,2024-11,True
94,Sarawak,1522,28,111,2024-11,True
94,Selangor,1747,28,77,2024-11,True
94,Terengganu,806,28,50,2024-11,True
94,W.P. Kuala Lumpur,2109,28,108,2024-11,True
94,W.P. Labuan,0,0,0,2024-11,False
94,W.P. Putrajaya,1,1,1,2024-11,True
114,Johor,3025,28,163,2024-11,True
114,Kedah,1579,28,71,2024-11,True
114,Kelantan,1805,28,85,2024-11,True
114,Melaka,513,28,25,2024-11,True
114,Negeri Sembilan,853,28,40,2024-11,True
114,Pahang,2282,28,114,2024-11,True
114,Perak,2219,27,100,2024-11,True
114,Perlis,472,28,25,2024-11,True
114,Pulau Pinang,2060,28,87,2024-11,True
114,Sabah,1424,28,89,2024-11,True
114,Sarawak,2096,28,121,2024-11,True
114,Selangor,2017,28,85,2024-11,True
114,Terengganu,1511,28,91,2024-11,True
114,W.P. Kuala Lumpur,2754,28,125,2024-11,True
114,W.P. Labuan,65,28,7,2024-11,True
114,W.P. Putrajaya,291,28,20,2024-11,True
103,Johor,456,28,24,2024-11,True
103,Kedah,302,28,14,2024-11,True
103,Kelantan,116,28,14,2024-11,True
103,Melaka,13,13,1,2024-11,True
103,Negeri Sembilan,411,28,19,2024-11,True
103,Pahang,688,28,34,2024-11,True
103,Perak,949,27,43,2024-11,True
103,Perlis,0,0,0,2024-11,False
103,Pulau Pinang,635,28,28,2024-11,True
103,Sabah,62,28,3,2024-11,True
103,Sarawak,28,28,1,2024-11,True
103,Selangor,774,28,41,2024-11,True
103,Terengganu,254,28,15,2024-11,True
103,W.P. Kuala Lumpur,1092,28,51,2024-11,True
103,W.P. Labuan,0,0,0,2024-11,False
103,W.P. Putrajaya,94,28,7,2024-11,True
1431,Johor,220,28,12,2024-11,True
1431,Kedah,319,28,14,2024-11,True
1431,Kelantan,412,28,18,2024-11,True
1431,Melaka,160,28,7,2024-11,True
1431,Negeri Sembilan,171,28,9,2024-11,True
1431,Pahang,179,28,9,2024-11,True
1431,Perak,460,27,21,2024-11,True
1431,Perlis,62,28,3,2024-11,True
1431,Pulau Pinang,469,28,18,2024-11,True
1431,Sabah,77,28,3,2024-11,True
1431,Sarawak,22,22,1,2024-11,True
1431,Selangor,360,28,15,2024-11,True
1431,Terengganu,249,28,14,2024-11,True
1431,W.P. Kuala Lumpur,96,28,9,2024-11,True
1431,W.P. Labuan,0,0,0,2024-11,False
1431,W.P. Putrajaya,27,19,2,2024-11,True
1555,Johor,2215,28,133,2024-11,True
1555,Kedah,913,28,47,2024-11,True
1555,Kelantan,1354,28,70,2024-11,True
1555,Melaka,438,28,20,2024-11,True
1555,Negeri Sembilan,556,28,24,2024-11,True
1555,Pahang,1518,28,88,2024-11,True
1555,Perak,1737,27,83,2024-11,True
1555,Perlis,205,28,17,2024-11,True
1555,Pulau Pinang,1283,28,62,2024-11,True
1555,Sabah,650,28,39,2024-11,True
1555,Sarawak,1055,28,63,2024-11,True
1555,Selangor,1796,28,80,2024-11,True
1555,Terengganu,711,28,58,2024-11,True
1555,W.P. Kuala Lumpur,1646,28,89,2024-11,True
1555,W.P. Labuan,0,0,0,2024-11,False
1555,W.P. Putrajaya,234,28,16,2024-11,True
193,Johor,180,4,49,2024-11,True
193,Kedah,330,4,87,2024-11,True
193,Kelantan,39,4,11,2024-11,True
193,Melaka,24,4,6,2024-11,True
193,Negeri Sembilan,82,4,23,2024-11,True
193,Pahang,240,4,65,2024-11,True
193,Perak,409,4,110,2024-11,True
193,Perlis,139,4,37,2024-11,True
193,Pulau Pinang,253,4,67,2024-11,True
193,Sabah,231,4,64,2024-11,True
193,Sarawak,367,4,106,2024-11,True
193,Selangor,214,4,59,2024-11,True
193,Terengganu,40,4,11,2024-11,True
193,W.P. Kuala Lumpur,344,4,90,2024-11,True
193,W.P. Labuan,16,4,6,2024-11,True
193,W.P. Putrajaya,35,4,9,2024-11,True
1,Johor,3022,30,145,2024-12,True
1,Kedah,1564,30,62,2024-12,True
1,Kelantan,1869,30,76,2024-12,True
1,Melaka,528,30,20,2024-12,True
1,Negeri Sembilan,821,30,33,2024-12,True
1,Pahang,2398,30,103,2024-12,True
1,Perak,2419,30,92,2024-12,True
1,Perlis,434,30,19,2024-12,True
1,Pulau Pinang,1952,30,69,2024-12,True
1,Sabah,216,29,9,2024-12,True
1,Sarawak,307,30,17,2024-12,True
1,Selangor,2067,30,80,2024-12,True
1,Terengganu,1711,30,88,2024-12,True
1,W.P. Kuala Lumpur,2237,30,95,2024-12,True
1,W.P. Labuan,67,30,3,2024-12,True
1,W.P. Putrajaya,266,30,16,2024-12,True
1111,Johor,2241,30,127,2024-12,True
1111,Kedah,682,30,38,2024-12,True
1111,Kelantan,827,30,79,2024-12,True
1111,Melaka,297,30,16,2024-12,True
1111,Negeri Sembilan,673,30,32,2024-12,True
1111,Pahang,1251,30,88,2024-12,True
1111,Perak,1399,30,92,2024-12,True
1111,Perlis,201,30,12,2024-12,True
1111,Pulau Pinang,954,30,45,2024-12,True
1111,Sabah,138,29,18,2024-12,True
1111,Sarawak,86,30,18,2024-12,True
1111,Selangor,1159,29,62,2024-12,True
1111,Terengganu,626,30,66,2024-12,True
1111,W.P. Kuala Lumpur,1639,30,88,2024-12,True
1111,W.P. Labuan,0,0,0,2024-12,False
1111,W.P. Putrajaya,120,30,9,2024-12,True
904,Johor,967,30,40,2024-12,True
904,Kedah,812,30,47,2024-12,True
904,Kelantan,420,30,25,2024-12,True
904,Melaka,202,30,7,2024-12,True
904,Negeri Sembilan,311,30,12,2024-12,True
904,Pahang,644,30,29,2024-12,True
904,Perak,1077,30,58,2024-12,True
904,Perlis,51,4,14,2024-12,True
904,Pulau Pinang,657,30,36,2024-12,True
904,Sabah,0,0,0,2024-12,False
904,Sarawak,0,0,0,2024-12,False
904,Selangor,613,29,27,2024-12,True
904,Terengganu,418,30,25,2024-12,True
904,W.P. Kuala Lumpur,1045,30,41,2024-12,True
904,W.P. Labuan,0,0,0,2024-12,False
904,W.P. Putrajaya,155,30,10,2024-12,True
918,Johor,123,7,52,2024-12,True
918,Kedah,86,4,35,2024-12,True
918,Kelantan,225,5,81,2024-12,True
918,Melaka,37,4,15,2024-12,True
918,Negeri Sembilan,12,4,4,2024-12,True
918,Pahang,99,7,43,2024-12,True
918,Perak,76,4,27,2024-12,True
918,Perlis,56,4,25,2024-12,True
918,Pulau Pinang,88,4,28,2024-12,True
918,Sabah,77,5,22,2024-12,True
918,Sarawak,110,4,50,2024-12,True
918,Selangor,60,4,25,2024-12,True
918,Terengganu,142,4,60,2024-12,True
918,W.P. Kuala Lumpur,34,4,15,2024-12,True
918,W.P. Labuan,12,4,4,2024-12,True
918,W.P. Putrajaya,1,1,1,2024-12,True
1589,Johor,647,9,169,2024-12,True
1589,Kedah,323,4,81,2024-12,True
1589,Kelantan,527,5,143,2024-12,True
1589,Melaka,93,4,26,2024-12,True
1589,Negeri Sembilan,153,4,39,2024-12,True
1589,Pahang,533,9,142,2024-12,True
1589,Perak,470,5,130,2024-12,True
1589,Perlis,152,4,40,2024-12,True
1589,Pulau Pinang,328,4,85,2024-12,True
1589,Sabah,305,5,85,2024-12,True
1589,Sarawak,306,6,110,2024-12,True
1589,Selangor,284,4,73,2024-12,True
1589,Terengganu,379,4,103,2024-12,True
1589,W.P. Kuala Lumpur,442,4,115,2024-12,True
1589,W.P. Labuan,38,4,11,2024-12,True
1589,W.P. Putrajaya,65,4,20,2024-12,True
917,Johor,630,9,168,2024-12,True
917,Kedah,288,4,77,2024-12,True
917,Kelantan,414,5,121,2024-12,True
917,Melaka,96,4,27,2024-12,True
917,Negeri Sembilan,157,4,40,2024-12,True
917,Pahang,518,8,142,2024-12,True
917,Perak,460,4,126,2024-12,True
917,Perlis,136,4,37,2024-12,True
917,Pulau Pinang,328,4,86,2024-12,True
917,Sabah,163,5,46,2024-12,True
917,Sarawak,211,5,64,2024-12,True
917,Selangor,269,4,75,2024-12,True
917,Terengganu,373,4,98,2024-12,True
917,W.P. Kuala Lumpur,412,4,108,2024-12,True
917,W.P. Labuan,12,4,4,2024-12,True
917,W.P. Putrajaya,71,4,19,2024-12,True
129,Johor,3077,30,160,2024-12,True
129,Kedah,1776,30,88,2024-12,True
129,Kelantan,2076,30,127,2024-12,True
129,Melaka,537,30,26,2024-12,True
129,Negeri Sembilan,858,30,38,2024-12,True
129,Pahang,2320,30,111,2024-12,True
129,Perak,2417,30,109,2024-12,True
129,Perlis,495,30,35,2024-12,True
129,Pulau Pinang,2102,30,85,2024-12,True
129,Sabah,2513,29,130,2024-12,True
129,Sarawak,2981,30,163,2024-12,True
129,Selangor,1986,30,81,2024-12,True
129,Terengganu,1775,30,109,2024-12,True
129,W.P. Kuala Lumpur,2791,30,121,2024-12,True
129,W.P. Labuan,334,30,14,2024-12,True
129,W.P. Putrajaya,280,30,20,2024-12,True
1564,Johor,3181,30,166,2024-12,True
1564,Kedah,1522,30,75,2024-12,True
1564,Kelantan,1307,30,63,2024-12,True
1564,Melaka,553,30,28,2024-12,True
1564,Negeri Sembilan,838,30,39,2024-12,True
1564,Pahang,2233,30,113,2024-12,True
1564,Perak,2504,30,123,2024-12,True
1564,Perlis,410,30,29,2024-12,True
1564,Pulau Pinang,2231,30,97,2024-12,True
1564,Sabah,2611,29,132,2024-12,True
1564,Sarawak,3069,30,160,2024-12,True
1564,Selangor,2000,30,82,2024-12,True
1564,Terengganu,1271,30,76,2024-12,True
1564,W.P. Kuala Lumpur,2870,30,123,2024-12,True
1564,W.P. Labuan,345,30,14,2024-12,True
1564,W.P. Putrajaya,273,30,19,2024-12,True
1131,Johor,2923,30,157,2024-12,True
1131,Kedah,1261,30,66,2024-12,True
1131,Kelantan,1425,30,79,2024-12,True
1131,Melaka,400,30,24,2024-12,True
1131,Negeri Sembilan,644,30,33,2024-12,True
1131,Pahang,2215,30,116,2024-12,True
1131,Perak,2311,30,117,2024-12,True
1131,Perlis,448,30,32,2024-12,True
1131,Pulau Pinang,2005,30,92,2024-12,True
1131,Sabah,2299,29,123,2024-12,True
1131,Sarawak,3062,30,160,2024-12,True
1131,Selangor,1781,30,74,2024-12,True
1131,Terengganu,1450,30,85,2024-12,True
1131,W.P. Kuala Lumpur,2308,30,109,2024-12,True
1131,W.P. Labuan,274,30,13,2024-12,True
1131,W.P. Putrajaya,280,30,21,2024-12,True
94,Johor,1960,30,98,2024-12,True
94,Kedah,769,30,47,2024-12,True
94,Kelantan,594,30,29,2024-12,True
94,Melaka,307,30,14,2024-12,True
94,Negeri Sembilan,829,30,36,2024-12,True
94,Pahang,2104,30,98,2024-12,True
94,Perak,1435,30,65,2024-12,True
94,Perlis,323,30,21,2024-12,True
94,Pulau Pinang,1036,30,53,2024-12,True
94,Sabah,295,29,23,2024-12,True
94,Sarawak,2267,30,114,2024-12,True
94,Selangor,1794,29,79,2024-12,True
94,Terengganu,884,30,51,2024-12,True
94,W.P. Kuala Lumpur,2231,30,103,2024-12,True
94,W.P. Labuan,0,0,0,2024-12,False
94,W.P. Putrajaya,8,7,3,2024-12,True
114,Johor,3246,30,164,2024-12,True
114,Kedah,1669,30,71,2024-12,True
114,Kelantan,1998,30,87,2024-12,True
114,Melaka,551,30,25,2024-12,True
114,Negeri Sembilan,873,30,41,2024-12,True
114,Pahang,2451,30,114,2024-12,True
114,Perak,2444,30,102,2024-12,True
114,Perlis,498,30,25,2024-12,True
114,Pulau Pinang,2189,30,87,2024-12,True
114,Sabah,1295,29,80,2024-12,True
114,Sarawak,2141,30,123,2024-12,True
114,Selangor,2076,30,85,2024-12,True
114,Terengganu,1599,30,91,2024-12,True
114,W.P. Kuala Lumpur,2936,30,125,2024-12,True
114,W.P. Labuan,44,25,5,2024-12,True
114,W.P. Putrajaya,271,30,21,2024-12,True
103,Johor,450,30,21,2024-12,True
103,Kedah,264,30,11,2024-12,True
103,Kelantan,167,30,15,2024-12,True
103,Melaka,0,0,0,2024-12,False
103,Negeri Sembilan,444,30,19,2024-12,True
103,Pahang,771,30,34,2024-12,True
103,Perak,1136,30,45,2024-12,True
103,Perlis,0,0,0,2024-12,False
103,Pulau Pinang,595,30,22,2024-12,True
103,Sabah,35,27,2,2024-12,True
103,Sarawak,25,24,2,2024-12,True
103,Selangor,780,30,37,2024-12,True
103,Terengganu,210,30,10,2024-12,True
103,W.P. Kuala Lumpur,1068,30,46,2024-12,True
103,W.P. Labuan,0,0,0,2024-12,False
103,W.P. Putrajaya,85,30,5,2024-12,True
1431,Johor,250,30,12,2024-12,True
1431,Kedah,369,30,14,2024-12,True
1431,Kelantan,418,30,17,2024-12,True
1431,Melaka,169,30,7,2024-12,True
1431,Negeri Sembilan,163,30,9,2024-12,True
1431,Pahang,192,30,9,2024-12,True
1431,Perak,528,30,20,2024-12,True
1431,Perlis,64,30,3,2024-12,True
1431,Pulau Pinang,512,30,18,2024-12,True
1431,Sabah,66,29,3,2024-12,True
1431,Sarawak,27,27,1,2024-12,True
1431,Selangor,358,29,15,2024-12,True
1431,Terengganu,251,30,14,2024-12,True
1431,W.P. Kuala Lumpur,100,30,5,2024-12,True
1431,W.P. Labuan,0,0,0,2024-12,False
1431,W.P. Putrajaya,9,9,2,2024-12,True
1555,Johor,2327,30,132,2024-12,True
1555,Kedah,1012,30,50,2024-12,True
1555,Kelantan,1426,30,72,2024-12,True
1555,Melaka,478,30,20,2024-12,True
1555,Negeri Sembilan,596,30,24,2024-12,True
1555,Pahang,1727,30,88,2024-12,True
1555,Perak,1851,30,84,2024-12,True
1555,Perlis,174,30,12,2024-12,True
1555,Pulau Pinang,1382,30,62,2024-12,True
1555,Sabah,659,29,38,2024-12,True
1555,Sarawak,1189,30,62,2024-12,True
1555,Selangor,1879,30,81,2024-12,True
1555,Terengganu,762,30,56,2024-12,True
1555,W.P. Kuala Lumpur,1831,30,92,2024-12,True
1555,W.P. Labuan,0,0,0,2024-12,False
1555,W.P. Putrajaya,206,30,15,2024-12,True
193,Johor,187,4,49,2024-12,True
193,Kedah,322,4,85,2024-12,True
193,Kelantan,38,4,14,2024-12,True
193,Melaka,24,4,6,2024-12,True
193,Negeri Sembilan,82,4,24,2024-12,True
193,Pahang,235,5,64,2024-12,True
193,Perak,415,5,110,2024-12,True
193,Perlis,139,4,36,2024-12,True
193,Pulau Pinang,259,4,68,2024-12,True
193,Sabah,219,5,58,2024-12,True
193,Sarawak,384,5,105,2024-12,True
193,Selangor,207,4,59,2024-12,True
193,Terengganu,36,4,10,2024-12,True
193,W.P. Kuala Lumpur,351,4,92,2024-12,True
193,W.P. Labuan,20,4,5,2024-12,True
193,W.P. Putrajaya,35,4,10,2024-12,True
1,Johor,2904,28,145,2025-01,True
1,Kedah,1460,28,63,2025-01,True
1,Kelantan,1878,29,77,2025-01,True
1,Melaka,498,29,20,2025-01,True
1,Negeri Sembilan,782,27,33,2025-01,True
1,Pahang,2336,29,102,2025-01,True
1,Perak,2179,29,85,2025-01,True
1,Perlis,407,28,19,2025-01,True
1,Pulau Pinang,1843,29,70,2025-01,True
1,Sabah,285,29,10,2025-01,True
1,Sarawak,297,29,14,2025-01,True
1,Selangor,2083,29,81,2025-01,True
1,Terengganu,1644,28,88,2025-01,True
1,W.P. Kuala Lumpur,2180,29,95,2025-01,True
1,W.P. Labuan,53,29,2,2025-01,True
1,W.P. Putrajaya,264,29,16,2025-01,True
1111,Johor,2267,28,133,2025-01,True
1111,Kedah,660,28,39,2025-01,True
1111,Kelantan,1022,29,90,2025-01,True
1111,Melaka,295,29,15,2025-01,True
1111,Negeri Sembilan,594,27,30,2025-01,True
1111,Pahang,1431,29,91,2025-01,True
1111,Perak,1338,29,89,2025-01,True
1111,Perlis,187,28,13,2025-01,True
1111,Pulau Pinang,1077,29,47,2025-01,True
1111,Sabah,144,29,19,2025-01,True
1111,Sarawak,100,29,21,2025-01,True
1111,Selangor,1308,29,68,2025-01,True
1111,Terengganu,710,28,69,2025-01,True
1111,W.P. Kuala Lumpur,1729,29,86,2025-01,True
1111,W.P. Labuan,0,0,0,2025-01,False
1111,W.P. Putrajaya,114,29,10,2025-01,True
904,Johor,919,28,39,2025-01,True
904,Kedah,785,28,46,2025-01,True
904,Kelantan,494,29,26,2025-01,True
904,Melaka,187,29,8,2025-01,True
904,Negeri Sembilan,270,27,11,2025-01,True
904,Pahang,594,29,30,2025-01,True
904,Perak,975,29,54,2025-01,True
904,Perlis,59,5,13,2025-01,True
904,Pulau Pinang,645,29,37,2025-01,True
904,Sabah,0,0,0,2025-01,False
904,Sarawak,0,0,0,2025-01,False
904,Selangor,652,29,28,2025-01,True
904,Terengganu,435,28,23,2025-01,True
904,W.P. Kuala Lumpur,1005,29,41,2025-01,True
904,W.P. Labuan,0,0,0,2025-01,False
904,W.P. Putrajaya,147,29,10,2025-01,True
918,Johor,163,8,66,2025-01,True
918,Kedah,127,5,40,2025-01,True
918,Kelantan,285,5,87,2025-01,True
918,Melaka,54,5,17,2025-01,True
918,Negeri Sembilan,18,5,7,2025-01,True
918,Pahang,120,8,48,2025-01,True
918,Perak,97,5,27,2025-01,True
918,Perlis,76,5,30,2025-01,True
918,Pulau Pinang,107,5,32,2025-01,True
918,Sabah,90,5,23,2025-01,True
918,Sarawak,163,5,61,2025-01,True
918,Selangor,80,5,31,2025-01,True
918,Terengganu,195,5,64,2025-01,True
918,W.P. Kuala Lumpur,45,5,19,2025-01,True
918,W.P. Labuan,21,5,6,2025-01,True
918,W.P. Putrajaya,2,2,1,2025-01,True
1589,Johor,805,9,169,2025-01,True
1589,Kedah,399,5,81,2025-01,True
1589,Kelantan,693,6,144,2025-01,True
1589,Melaka,121,5,26,2025-01,True
1589,Negeri Sembilan,189,5,39,2025-01,True
1589,Pahang,646,9,144,2025-01,True
1589,Perak,552,5,119,2025-01,True
1589,Perlis,184,5,40,2025-01,True
1589,Pulau Pinang,409,5,86,2025-01,True
1589,Sabah,367,5,87,2025-01,True
1589,Sarawak,417,5,123,2025-01,True
1589,Selangor,359,5,82,2025-01,True
1589,Terengganu,495,6,106,2025-01,True
1589,W.P. Kuala Lumpur,554,5,115,2025-01,True
1589,W.P. Labuan,47,5,12,2025-01,True
1589,W.P. Putrajaya,86,5,19,2025-01,True
917,Johor,779,8,165,2025-01,True
917,Kedah,360,5,76,2025-01,True
917,Kelantan,565,6,125,2025-01,True
917,Melaka,124,5,27,2025-01,True
917,Negeri Sembilan,184,5,39,2025-01,True
917,Pahang,637,9,138,2025-01,True
917,Perak,542,5,122,2025-01,True
917,Perlis,162,5,36,2025-01,True
917,Pulau Pinang,393,5,87,2025-01,True
917,Sabah,213,5,49,2025-01,True
917,Sarawak,244,5,62,2025-01,True
917,Selangor,334,6,81,2025-01,True
917,Terengganu,457,6,98,2025-01,True
917,W.P. Kuala Lumpur,507,5,110,2025-01,True
917,W.P. Labuan,22,5,5,2025-01,True
917,W.P. Putrajaya,84,5,20,2025-01,True
129,Johor,2941,28,162,2025-01,True
129,Kedah,1694,28,90,2025-01,True
129,Kelantan,2128,29,130,2025-01,True
129,Melaka,541,29,26,2025-01,True
129,Negeri Sembilan,797,27,38,2025-01,True
129,Pahang,2222,29,110,2025-01,True
129,Perak,2208,29,107,2025-01,True
129,Perlis,478,28,35,2025-01,True
129,Pulau Pinang,2030,29,88,2025-01,True
129,Sabah,2589,29,129,2025-01,True
129,Sarawak,2966,29,162,2025-01,True
129,Selangor,1976,29,82,2025-01,True
129,Terengganu,1737,28,108,2025-01,True
129,W.P. Kuala Lumpur,2738,29,122,2025-01,True
129,W.P. Labuan,303,29,14,2025-01,True
129,W.P. Putrajaya,287,29,20,2025-01,True
1564,Johor,3054,28,167,2025-01,True
1564,Kedah,1498,28,76,2025-01,True
1564,Kelantan,1349,29,60,2025-01,True
1564,Melaka,545,29,27,2025-01,True
1564,Negeri Sembilan,787,27,40,2025-01,True
1564,Pahang,2200,29,114,2025-01,True
1564,Perak,2333,29,126,2025-01,True
1564,Perlis,403,28,31,2025-01,True
1564,Pulau Pinang,2176,29,99,2025-01,True
1564,Sabah,2706,29,133,2025-01,True
1564,Sarawak,2966,29,158,2025-01,True
1564,Selangor,2025,29,83,2025-01,True
1564,Terengganu,1214,28,74,2025-01,True
1564,W.P. Kuala Lumpur,2800,29,123,2025-01,True
1564,W.P. Labuan,334,29,14,2025-01,True
1564,W.P. Putrajaya,274,29,20,2025-01,True
1131,Johor,2877,28,160,2025-01,True
1131,Kedah,1224,28,71,2025-01,True
1131,Kelantan,1495,29,83,2025-01,True
1131,Melaka,470,29,24,2025-01,True
1131,Negeri Sembilan,626,27,33,2025-01,True
1131,Pahang,2274,29,116,2025-01,True
1131,Perak,2121,29,122,2025-01,True
1131,Perlis,419,28,32,2025-01,True
1131,Pulau Pinang,1981,29,96,2025-01,True
1131,Sabah,2439,29,120,2025-01,True
1131,Sarawak,3046,29,164,2025-01,True
1131,Selangor,1832,29,76,2025-01,True
1131,Terengganu,1431,28,85,2025-01,True
1131,W.P. Kuala Lumpur,2342,29,110,2025-01,True
1131,W.P. Labuan,319,29,13,2025-01,True
1131,W.P. Putrajaya,289,29,21,2025-01,True
94,Johor,1827,28,98,2025-01,True
94,Kedah,773,28,44,2025-01,True
94,Kelantan,578,29,30,2025-01,True
94,Melaka,291,29,16,2025-01,True
94,Negeri Sembilan,794,27,36,2025-01,True
94,Pahang,2116,29,106,2025-01,True
94,Perak,1405,29,70,2025-01,True
94,Perlis,349,28,22,2025-01,True
94,Pulau Pinang,1092,29,52,2025-01,True
94,Sabah,480,29,32,2025-01,True
94,Sarawak,2229,29,115,2025-01,True
94,Selangor,1779,29,77,2025-01,True
94,Terengganu,900,28,57,2025-01,True
94,W.P. Kuala Lumpur,2189,29,102,2025-01,True
94,W.P. Labuan,0,0,0,2025-01,False
94,W.P. Putrajaya,12,12,1,2025-01,True
114,Johor,3067,28,164,2025-01,True
114,Kedah,1556,28,72,2025-01,True
114,Kelantan,1997,29,86,2025-01,True
114,Melaka,541,29,25,2025-01,True
114,Negeri Sembilan,798,27,39,2025-01,True
114,Pahang,2398,29,113,2025-01,True
114,Perak,2198,29,94,2025-01,True
114,Perlis,466,28,25,2025-01,True
114,Pulau Pinang,2120,29,89,2025-01,True
114,Sabah,1446,29,80,2025-01,True
114,Sarawak,2170,29,123,2025-01,True
114,Selangor,2086,29,86,2025-01,True
114,Terengganu,1521,28,95,2025-01,True
114,W.P. Kuala Lumpur,2838,29,125,2025-01,True
114,W.P. Labuan,100,29,9,2025-01,True
114,W.P. Putrajaya,262,29,21,2025-01,True
103,Johor,420,28,26,2025-01,True
103,Kedah,218,28,9,2025-01,True
103,Kelantan,195,29,16,2025-01,True
103,Melaka,1,1,1,2025-01,True
103,Negeri Sembilan,396,27,19,2025-01,True
103,Pahang,774,29,35,2025-01,True
103,Perak,1150,29,50,2025-01,True
103,Perlis,0,0,0,2025-01,False
103,Pulau Pinang,603,29,25,2025-01,True
103,Sabah,43,29,2,2025-01,True
103,Sarawak,29,29,1,2025-01,True
103,Selangor,832,29,36,2025-01,True
103,Terengganu,204,28,10,2025-01,True
103,W.P. Kuala Lumpur,1043,29,43,2025-01,True
103,W.P. Labuan,0,0,0,2025-01,False
103,W.P. Putrajaya,105,29,8,2025-01,True
1431,Johor,257,28,14,2025-01,True
1431,Kedah,333,28,14,2025-01,True
1431,Kelantan,422,29,17,2025-01,True
1431,Melaka,187,29,7,2025-01,True
1431,Negeri Sembilan,156,27,8,2025-01,True
1431,Pahang,186,29,9,2025-01,True
1431,Perak,403,29,17,2025-01,True
1431,Perlis,63,28,4,2025-01,True
1431,Pulau Pinang,474,29,19,2025-01,True
1431,Sabah,85,29,3,2025-01,True
1431,Sarawak,22,22,1,2025-01,True
1431,Selangor,375,29,16,2025-01,True
1431,Terengganu,220,28,14,2025-01,True
1431,W.P. Kuala Lumpur,106,29,5,2025-01,True
1431,W.P. Labuan,0,0,0,2025-01,False
1431,W.P. Putrajaya,19,19,1,2025-01,True
1555,Johor,2197,28,133,2025-01,True
1555,Kedah,925,28,49,2025-01,True
1555,Kelantan,1543,29,73,2025-01,True
1555,Melaka,431,29,19,2025-01,True
1555,Negeri Sembilan,534,27,23,2025-01,True
1555,Pahang,1550,29,86,2025-01,True
1555,Perak,1670,29,78,2025-01,True
1555,Perlis,162,28,16,2025-01,True
1555,Pulau Pinang,1304,29,63,2025-01,True
1555,Sabah,719,29,41,2025-01,True
1555,Sarawak,1017,29,60,2025-01,True
1555,Selangor,1757,29,80,2025-01,True
1555,Terengganu,690,28,55,2025-01,True
1555,W.P. Kuala Lumpur,1614,29,87,2025-01,True
1555,W.P. Labuan,0,0,0,2025-01,False
1555,W.P. Putrajaya,219,29,16,2025-01,True
193,Johor,234,5,49,2025-01,True
193,Kedah,399,5,84,2025-01,True
193,Kelantan,49,5,12,2025-01,True
193,Melaka,29,5,6,2025-01,True
193,Negeri Sembilan,93,5,23,2025-01,True
193,Pahang,275,5,59,2025-01,True
193,Perak,464,5,103,2025-01,True
193,Perlis,157,5,35,2025-01,True
193,Pulau Pinang,325,5,70,2025-01,True
193,Sabah,250,5,58,2025-01,True
193,Sarawak,473,6,105,2025-01,True
193,Selangor,259,5,60,2025-01,True
193,Terengganu,44,6,10,2025-01,True
193,W.P. Kuala Lumpur,436,5,93,2025-01,True
193,W.P. Labuan,13,5,4,2025-01,True
193,W.P. Putrajaya,47,5,10,2025-01,True
1,Johor,2593,25,145,2025-02,True
1,Kedah,1272,25,62,2025-02,True
1,Kelantan,1678,26,77,2025-02,True
1,Melaka,436,25,20,2025-02,True
1,Negeri Sembilan,730,25,34,2025-02,True
1,Pahang,2078,26,102,2025-02,True
1,Perak,1941,25,94,2025-02,True
1,Perlis,376,26,18,2025-02,True
1,Pulau Pinang,1550,25,67,2025-02,True
1,Sabah,259,26,10,2025-02,True
1,Sarawak,274,26,18,2025-02,True
1,Selangor,1794,25,80,2025-02,True
1,Terengganu,1515,26,88,2025-02,True
1,W.P. Kuala Lumpur,1781,24,96,2025-02,True
1,W.P. Labuan,49,25,2,2025-02,True
1,W.P. Putrajaya,236,24,15,2025-02,True
1111,Johor,2010,25,134,2025-02,True
1111,Kedah,565,25,41,2025-02,True
1111,Kelantan,863,26,83,2025-02,True
1111,Melaka,250,25,16,2025-02,True
1111,Negeri Sembilan,484,25,27,2025-02,True
1111,Pahang,1250,26,89,2025-02,True
1111,Perak,1213,25,99,2025-02,True
1111,Perlis,162,26,12,2025-02,True
1111,Pulau Pinang,913,25,47,2025-02,True
1111,Sabah,111,26,14,2025-02,True
1111,Sarawak,139,26,22,2025-02,True
1111,Selangor,1120,25,65,2025-02,True
1111,Terengganu,771,26,67,2025-02,True
1111,W.P. Kuala Lumpur,1527,24,87,2025-02,True
1111,W.P. Labuan,13,10,3,2025-02,True
1111,W.P. Putrajaya,94,24,10,2025-02,True
904,Johor,811,25,40,2025-02,True
904,Kedah,661,25,46,2025-02,True
904,Kelantan,401,26,25,2025-02,True
904,Melaka,166,25,7,2025-02,True
904,Negeri Sembilan,217,25,12,2025-02,True
904,Pahang,513,26,27,2025-02,True
904,Perak,878,25,57,2025-02,True
904,Perlis,49,4,14,2025-02,True
904,Pulau Pinang,536,25,38,2025-02,True
904,Sabah,0,0,0,2025-02,False
904,Sarawak,0,0,0,2025-02,False
904,Selangor,519,25,27,2025-02,True
904,Terengganu,408,26,25,2025-02,True
904,W.P. Kuala Lumpur,818,24,40,2025-02,True
904,W.P. Labuan,0,0,0,2025-02,False
904,W.P. Putrajaya,116,24,8,2025-02,True
918,Johor,149,8,63,2025-02,True
918,Kedah,118,4,41,2025-02,True
918,Kelantan,207,4,82,2025-02,True
918,Melaka,40,5,14,2025-02,True
918,Negeri Sembilan,18,4,7,2025-02,True
918,Pahang,79,5,36,2025-02,True
918,Perak,72,4,26,2025-02,True
918,Perlis,55,4,21,2025-02,True
918,Pulau Pinang,84,4,29,2025-02,True
918,Sabah,62,4,17,2025-02,True
918,Sarawak,128,4,54,2025-02,True
918,Selangor,49,4,20,2025-02,True
918,Terengganu,109,4,48,2025-02,True
918,W.P. Kuala Lumpur,45,4,21,2025-02,True
918,W.P. Labuan,17,4,5,2025-02,True
918,W.P. Putrajaya,2,1,2,2025-02,True
1589,Johor,806,10,168,2025-02,True
1589,Kedah,330,4,84,2025-02,True
1589,Kelantan,546,4,144,2025-02,True
1589,Melaka,92,5,25,2025-02,True
1589,Negeri Sembilan,134,4,38,2025-02,True
1589,Pahang,521,8,140,2025-02,True
1589,Perak,459,4,126,2025-02,True
1589,Perlis,141,4,40,2025-02,True
1589,Pulau Pinang,333,4,85,2025-02,True
1589,Sabah,260,4,76,2025-02,True
1589,Sarawak,312,4,115,2025-02,True
1589,Selangor,291,4,75,2025-02,True
1589,Terengganu,391,4,103,2025-02,True
1589,W.P. Kuala Lumpur,448,4,114,2025-02,True
1589,W.P. Labuan,48,4,13,2025-02,True
1589,W.P. Putrajaya,72,4,19,2025-02,True
917,Johor,778,10,166,2025-02,True
917,Kedah,289,4,77,2025-02,True
917,Kelantan,438,4,124,2025-02,True
917,Melaka,89,5,25,2025-02,True
917,Negeri Sembilan,143,4,39,2025-02,True
917,Pahang,491,8,134,2025-02,True
917,Perak,435,4,128,2025-02,True
917,Perlis,133,4,36,2025-02,True
917,Pulau Pinang,322,4,85,2025-02,True
917,Sabah,175,4,51,2025-02,True
917,Sarawak,165,4,54,2025-02,True
917,Selangor,270,4,75,2025-02,True
917,Terengganu,352,4,99,2025-02,True
917,W.P. Kuala Lumpur,390,4,106,2025-02,True
917,W.P. Labuan,19,4,7,2025-02,True
917,W.P. Putrajaya,64,4,19,2025-02,True
129,Johor,2630,25,163,2025-02,True
129,Kedah,1484,25,88,2025-02,True
129,Kelantan,1895,26,128,2025-02,True
129,Melaka,461,25,26,2025-02,True
129,Negeri Sembilan,699,25,37,2025-02,True
129,Pahang,1955,26,112,2025-02,True
129,Perak,1923,25,116,2025-02,True
129,Perlis,442,26,34,2025-02,True
129,Pulau Pinang,1702,25,86,2025-02,True
129,Sabah,2276,26,129,2025-02,True
129,Sarawak,2680,26,165,2025-02,True
129,Selangor,1688,25,82,2025-02,True
129,Terengganu,1593,26,109,2025-02,True
129,W.P. Kuala Lumpur,2275,24,123,2025-02,True
129,W.P. Labuan,265,25,13,2025-02,True
129,W.P. Putrajaya,255,24,20,2025-02,True
1564,Johor,2762,25,166,2025-02,True
1564,Kedah,1310,25,76,2025-02,True
1564,Kelantan,1185,26,62,2025-02,True
1564,Melaka,472,25,27,2025-02,True
1564,Negeri Sembilan,725,25,39,2025-02,True
1564,Pahang,2007,26,115,2025-02,True
1564,Perak,2083,25,136,2025-02,True
1564,Perlis,351,26,30,2025-02,True
1564,Pulau Pinang,1866,25,98,2025-02,True
1564,Sabah,2264,26,129,2025-02,True
1564,Sarawak,2532,26,156,2025-02,True
1564,Selangor,1728,25,83,2025-02,True
1564,Terengganu,1148,26,75,2025-02,True
1564,W.P. Kuala Lumpur,2271,24,120,2025-02,True
1564,W.P. Labuan,299,25,14,2025-02,True
1564,W.P. Putrajaya,249,24,20,2025-02,True
1131,Johor,2550,25,160,2025-02,True
1131,Kedah,1113,25,70,2025-02,True
1131,Kelantan,1420,26,82,2025-02,True
1131,Melaka,399,25,23,2025-02,True
1131,Negeri Sembilan,570,25,33,2025-02,True
1131,Pahang,2005,26,116,2025-02,True
1131,Perak,1970,25,132,2025-02,True
1131,Perlis,419,26,33,2025-02,True
1131,Pulau Pinang,1719,25,97,2025-02,True
1131,Sabah,2091,26,117,2025-02,True
1131,Sarawak,2672,26,166,2025-02,True
1131,Selangor,1585,25,76,2025-02,True
1131,Terengganu,1241,26,86,2025-02,True
1131,W.P. Kuala Lumpur,1997,24,108,2025-02,True
1131,W.P. Labuan,276,25,13,2025-02,True
1131,W.P. Putrajaya,249,24,20,2025-02,True
94,Johor,1567,25,97,2025-02,True
94,Kedah,634,25,40,2025-02,True
94,Kelantan,527,26,32,2025-02,True
94,Melaka,259,25,17,2025-02,True
94,Negeri Sembilan,708,25,37,2025-02,True
94,Pahang,1852,26,105,2025-02,True
94,Perak,1261,25,74,2025-02,True
94,Perlis,341,26,25,2025-02,True
94,Pulau Pinang,829,25,52,2025-02,True
94,Sabah,251,26,25,2025-02,True
94,Sarawak,1856,26,112,2025-02,True
94,Selangor,1420,25,77,2025-02,True
94,Terengganu,789,26,54,2025-02,True
94,W.P. Kuala Lumpur,1807,24,107,2025-02,True
94,W.P. Labuan,0,0,0,2025-02,False
94,W.P. Putrajaya,1,1,1,2025-02,True
114,Johor,2785,25,164,2025-02,True
114,Kedah,1401,25,72,2025-02,True
114,Kelantan,1792,26,89,2025-02,True
114,Melaka,459,25,25,2025-02,True
114,Negeri Sembilan,746,25,39,2025-02,True
114,Pahang,2141,26,113,2025-02,True
114,Perak,1989,25,101,2025-02,True
114,Perlis,428,26,26,2025-02,True
114,Pulau Pinang,1819,25,86,2025-02,True
114,Sabah,1474,26,87,2025-02,True
114,Sarawak,1639,26,117,2025-02,True
114,Selangor,1803,25,84,2025-02,True
114,Terengganu,1422,26,91,2025-02,True
114,W.P. Kuala Lumpur,2343,24,124,2025-02,True
114,W.P. Labuan,103,25,10,2025-02,True
114,W.P. Putrajaya,238,24,20,2025-02,True
103,Johor,364,25,20,2025-02,True
103,Kedah,172,25,8,2025-02,True
103,Kelantan,134,26,7,2025-02,True
103,Melaka,1,1,1,2025-02,True
103,Negeri Sembilan,395,25,19,2025-02,True
103,Pahang,643,26,38,2025-02,True
103,Perak,995,25,51,2025-02,True
103,Perlis,0,0,0,2025-02,False
103,Pulau Pinang,496,25,22,2025-02,True
103,Sabah,26,26,1,2025-02,True
103,Sarawak,31,26,2,2025-02,True
103,Selangor,680,25,39,2025-02,True
103,Terengganu,181,26,9,2025-02,True
103,W.P. Kuala Lumpur,808,24,49,2025-02,True
103,W.P. Labuan,0,0,0,2025-02,False
103,W.P. Putrajaya,129,24,6,2025-02,True
1431,Johor,235,25,15,2025-02,True
1431,Kedah,315,25,14,2025-02,True
1431,Kelantan,380,26,17,2025-02,True
1431,Melaka,157,25,7,2025-02,True
1431,Negeri Sembilan,158,25,8,2025-02,True
1431,Pahang,167,26,9,2025-02,True
1431,Perak,378,25,21,2025-02,True
1431,Perlis,60,26,4,2025-02,True
1431,Pulau Pinang,407,25,18,2025-02,True
1431,Sabah,71,26,3,2025-02,True
1431,Sarawak,18,18,1,2025-02,True
1431,Selangor,314,25,17,2025-02,True
1431,Terengganu,196,26,15,2025-02,True
1431,W.P. Kuala Lumpur,93,24,10,2025-02,True
1431,W.P. Labuan,0,0,0,2025-02,False
1431,W.P. Putrajaya,13,13,1,2025-02,True
1555,Johor,1855,25,134,2025-02,True
1555,Kedah,706,25,48,2025-02,True
1555,Kelantan,1314,26,73,2025-02,True
1555,Melaka,342,25,19,2025-02,True
1555,Negeri Sembilan,465,25,23,2025-02,True
1555,Pahang,1327,26,82,2025-02,True
1555,Perak,1437,25,86,2025-02,True
1555,Perlis,131,26,16,2025-02,True
1555,Pulau Pinang,1011,25,63,2025-02,True
1555,Sabah,509,26,38,2025-02,True
1555,Sarawak,846,26,56,2025-02,True
1555,Selangor,1441,25,78,2025-02,True
1555,Terengganu,626,26,54,2025-02,True
1555,W.P. Kuala Lumpur,1231,24,84,2025-02,True
1555,W.P. Labuan,15,10,7,2025-02,True
1555,W.P. Putrajaya,192,24,15,2025-02,True
193,Johor,228,5,47,2025-02,True
193,Kedah,317,4,82,2025-02,True
193,Kelantan,37,4,11,2025-02,True
193,Melaka,24,4,6,2025-02,True
193,Negeri Sembilan,69,4,20,2025-02,True
193,Pahang,230,4,62,2025-02,True
193,Perak,377,4,110,2025-02,True
193,Perlis,136,4,36,2025-02,True
193,Pulau Pinang,242,4,66,2025-02,True
193,Sabah,209,4,58,2025-02,True
193,Sarawak,364,4,101,2025-02,True
193,Selangor,201,4,52,2025-02,True
193,Terengganu,32,4,10,2025-02,True
193,W.P. Kuala Lumpur,337,4,90,2025-02,True
193,W.P. Labuan,9,4,5,2025-02,True
193,W.P. Putrajaya,41,4,11,2025-02,True
1,Johor,2655,26,145,2025-03,True
1,Kedah,1440,28,62,2025-03,True
1,Kelantan,1875,28,79,2025-03,True
1,Melaka,523,30,20,2025-03,True
1,Negeri Sembilan,875,30,36,2025-03,True
1,Pahang,2341,29,104,2025-03,True
1,Perak,2392,29,94,2025-03,True
1,Perlis,417,29,17,2025-03,True
1,Pulau Pinang,1780,29,66,2025-03,True
1,Sabah,265,30,10,2025-03,True
1,Sarawak,326,30,16,2025-03,True
1,Selangor,2091,29,80,2025-03,True
1,Terengganu,1605,27,89,2025-03,True
1,W.P. Kuala Lumpur,2164,29,95,2025-03,True
1,W.P. Labuan,58,29,2,2025-03,True
1,W.P. Putrajaya,291,29,15,2025-03,True
1111,Johor,2170,26,137,2025-03,True
1111,Kedah,666,28,44,2025-03,True
1111,Kelantan,1067,28,86,2025-03,True
1111,Melaka,318,30,16,2025-03,True
1111,Negeri Sembilan,664,30,30,2025-03,True
1111,Pahang,1619,29,97,2025-03,True
1111,Perak,1757,29,108,2025-03,True
1111,Perlis,184,29,13,2025-03,True
1111,Pulau Pinang,1097,29,53,2025-03,True
1111,Sabah,110,29,15,2025-03,True
1111,Sarawak,202,30,27,2025-03,True
1111,Selangor,1461,29,68,2025-03,True
1111,Terengganu,892,27,74,2025-03,True
1111,W.P. Kuala Lumpur,1882,29,90,2025-03,True
1111,W.P. Labuan,7,7,3,2025-03,True
1111,W.P. Putrajaya,150,29,11,2025-03,True
904,Johor,806,26,40,2025-03,True
904,Kedah,809,28,47,2025-03,True
904,Kelantan,460,28,24,2025-03,True
904,Melaka,197,30,7,2025-03,True
904,Negeri Sembilan,286,30,11,2025-03,True
904,Pahang,510,29,26,2025-03,True
904,Perak,1094,29,57,2025-03,True
904,Perlis,63,5,15,2025-03,True
904,Pulau Pinang,647,29,37,2025-03,True
904,Sabah,0,0,0,2025-03,False
904,Sarawak,0,0,0,2025-03,False
904,Selangor,566,29,25,2025-03,True
904,Terengganu,468,27,27,2025-03,True
904,W.P. Kuala Lumpur,883,29,41,2025-03,True
904,W.P. Labuan,0,0,0,2025-03,False
904,W.P. Putrajaya,151,29,9,2025-03,True
918,Johor,143,6,58,2025-03,True
918,Kedah,155,5,43,2025-03,True
918,Kelantan,340,5,92,2025-03,True
918,Melaka,46,6,13,2025-03,True
918,Negeri Sembilan,24,5,12,2025-03,True
918,Pahang,143,7,59,2025-03,True
918,Perak,102,5,34,2025-03,True
918,Perlis,110,5,30,2025-03,True
918,Pulau Pinang,113,5,30,2025-03,True
918,Sabah,79,5,20,2025-03,True
918,Sarawak,218,5,76,2025-03,True
918,Selangor,67,5,29,2025-03,True
918,Terengganu,148,5,54,2025-03,True
918,W.P. Kuala Lumpur,67,5,21,2025-03,True
918,W.P. Labuan,17,5,4,2025-03,True
918,W.P. Putrajaya,5,3,2,2025-03,True
1589,Johor,652,8,169,2025-03,True
1589,Kedah,419,5,85,2025-03,True
1589,Kelantan,714,5,146,2025-03,True
1589,Melaka,120,6,26,2025-03,True
1589,Negeri Sembilan,181,5,39,2025-03,True
1589,Pahang,686,9,142,2025-03,True
1589,Perak,591,5,126,2025-03,True
1589,Perlis,185,5,39,2025-03,True
1589,Pulau Pinang,422,5,86,2025-03,True
1589,Sabah,337,5,85,2025-03,True
1589,Sarawak,464,5,129,2025-03,True
1589,Selangor,378,5,82,2025-03,True
1589,Terengganu,509,5,105,2025-03,True
1589,W.P. Kuala Lumpur,558,5,118,2025-03,True
1589,W.P. Labuan,62,5,13,2025-03,True
1589,W.P. Putrajaya,88,5,19,2025-03,True
917,Johor,633,8,166,2025-03,True
917,Kedah,360,5,77,2025-03,True
917,Kelantan,578,5,129,2025-03,True
917,Melaka,115,6,26,2025-03,True
917,Negeri Sembilan,198,5,42,2025-03,True
917,Pahang,624,9,136,2025-03,True
917,Perak,588,5,129,2025-03,True
917,Perlis,171,5,37,2025-03,True
917,Pulau Pinang,412,5,86,2025-03,True
917,Sabah,202,5,49,2025-03,True
917,Sarawak,245,5,64,2025-03,True
917,Selangor,336,5,85,2025-03,True
917,Terengganu,472,5,98,2025-03,True
917,W.P. Kuala Lumpur,496,5,111,2025-03,True
917,W.P. Labuan,15,5,3,2025-03,True
917,W.P. Putrajaya,82,5,19,2025-03,True
129,Johor,2727,26,162,2025-03,True
129,Kedah,1680,28,87,2025-03,True
129,Kelantan,2117,28,129,2025-03,True
129,Melaka,555,30,26,2025-03,True
129,Negeri Sembilan,851,30,39,2025-03,True
129,Pahang,2297,29,114,2025-03,True
129,Perak,2413,29,118,2025-03,True
129,Perlis,514,29,34,2025-03,True
129,Pulau Pinang,2021,29,86,2025-03,True
129,Sabah,2801,30,142,2025-03,True
129,Sarawak,3112,30,170,2025-03,True
129,Selangor,2002,29,82,2025-03,True
129,Terengganu,1706,27,110,2025-03,True
129,W.P. Kuala Lumpur,2753,29,124,2025-03,True
129,W.P. Labuan,313,29,13,2025-03,True
129,W.P. Putrajaya,312,29,21,2025-03,True
1564,Johor,2821,26,166,2025-03,True
1564,Kedah,1463,28,75,2025-03,True
1564,Kelantan,1309,28,65,2025-03,True
1564,Melaka,559,30,27,2025-03,True
1564,Negeri Sembilan,877,30,42,2025-03,True
1564,Pahang,2266,29,115,2025-03,True
1564,Perak,2588,29,138,2025-03,True
1564,Perlis,435,29,30,2025-03,True
1564,Pulau Pinang,2182,29,95,2025-03,True
1564,Sabah,2774,30,142,2025-03,True
1564,Sarawak,3052,30,160,2025-03,True
1564,Selangor,2064,29,84,2025-03,True
1564,Terengganu,1224,27,77,2025-03,True
1564,W.P. Kuala Lumpur,2750,29,119,2025-03,True
1564,W.P. Labuan,326,29,14,2025-03,True
1564,W.P. Putrajaya,311,29,20,2025-03,True
1131,Johor,2533,26,159,2025-03,True
1131,Kedah,1207,28,71,2025-03,True
1131,Kelantan,1416,28,87,2025-03,True
1131,Melaka,468,30,25,2025-03,True
1131,Negeri Sembilan,669,30,38,2025-03,True
1131,Pahang,2253,29,118,2025-03,True
1131,Perak,2294,29,126,2025-03,True
1131,Perlis,480,29,31,2025-03,True
1131,Pulau Pinang,1929,29,93,2025-03,True
1131,Sabah,2465,30,129,2025-03,True
1131,Sarawak,3161,30,166,2025-03,True
1131,Selangor,1743,29,78,2025-03,True
1131,Terengganu,1308,27,87,2025-03,True
1131,W.P. Kuala Lumpur,2353,29,107,2025-03,True
1131,W.P. Labuan,314,29,13,2025-03,True
1131,W.P. Putrajaya,310,29,20,2025-03,True
94,Johor,1645,26,100,2025-03,True
94,Kedah,715,28,37,2025-03,True
94,Kelantan,560,28,29,2025-03,True
94,Melaka,354,30,19,2025-03,True
94,Negeri Sembilan,850,30,39,2025-03,True
94,Pahang,2099,29,103,2025-03,True
94,Perak,1593,29,70,2025-03,True
94,Perlis,392,29,23,2025-03,True
94,Pulau Pinang,967,29,50,2025-03,True
94,Sabah,342,29,25,2025-03,True
94,Sarawak,1775,30,108,2025-03,True
94,Selangor,1718,29,75,2025-03,True
94,Terengganu,816,27,53,2025-03,True
94,W.P. Kuala Lumpur,2238,29,104,2025-03,True
94,W.P. Labuan,3,3,1,2025-03,True
94,W.P. Putrajaya,0,0,0,2025-03,False
114,Johor,2858,26,164,2025-03,True
114,Kedah,1550,28,72,2025-03,True
114,Kelantan,1982,28,91,2025-03,True
114,Melaka,554,30,25,2025-03,True
114,Negeri Sembilan,908,30,41,2025-03,True
114,Pahang,2404,29,113,2025-03,True
114,Perak,2442,29,102,2025-03,True
114,Perlis,514,29,26,2025-03,True
114,Pulau Pinang,2115,29,86,2025-03,True
114,Sabah,1911,30,102,2025-03,True
114,Sarawak,2305,30,120,2025-03,True
114,Selangor,2108,29,85,2025-03,True
114,Terengganu,1575,27,93,2025-03,True
114,W.P. Kuala Lumpur,2859,29,125,2025-03,True
114,W.P. Labuan,121,29,10,2025-03,True
114,W.P. Putrajaya,285,29,20,2025-03,True
103,Johor,595,26,41,2025-03,True
103,Kedah,264,28,12,2025-03,True
103,Kelantan,143,28,7,2025-03,True
103,Melaka,5,5,2,2025-03,True
103,Negeri Sembilan,426,30,20,2025-03,True
103,Pahang,762,29,38,2025-03,True
103,Perak,1290,29,56,2025-03,True
103,Perlis,0,0,0,2025-03,False
103,Pulau Pinang,591,29,23,2025-03,True
103,Sabah,19,19,2,2025-03,True
103,Sarawak,7,5,2,2025-03,True
103,Selangor,742,29,36,2025-03,True
103,Terengganu,153,27,9,2025-03,True
103,W.P. Kuala Lumpur,1061,29,52,2025-03,True
103,W.P. Labuan,0,0,0,2025-03,False
103,W.P. Putrajaya,138,29,6,2025-03,True
1431,Johor,252,26,16,2025-03,True
1431,Kedah,367,28,15,2025-03,True
1431,Kelantan,467,28,19,2025-03,True
1431,Melaka,169,30,7,2025-03,True
1431,Negeri Sembilan,187,30,8,2025-03,True
1431,Pahang,213,29,9,2025-03,True
1431,Perak,500,29,22,2025-03,True
1431,Perlis,113,29,5,2025-03,True
1431,Pulau Pinang,476,29,18,2025-03,True
1431,Sabah,86,30,3,2025-03,True
1431,Sarawak,28,28,1,2025-03,True
1431,Selangor,364,29,16,2025-03,True
1431,Terengganu,263,27,19,2025-03,True
1431,W.P. Kuala Lumpur,128,28,12,2025-03,True
1431,W.P. Labuan,0,0,0,2025-03,False
1431,W.P. Putrajaya,31,29,2,2025-03,True
1555,Johor,2025,26,134,2025-03,True
1555,Kedah,772,28,48,2025-03,True
1555,Kelantan,1513,28,75,2025-03,True
1555,Melaka,443,30,20,2025-03,True
1555,Negeri Sembilan,552,30,25,2025-03,True
1555,Pahang,1527,29,87,2025-03,True
1555,Perak,1826,29,86,2025-03,True
1555,Perlis,199,29,18,2025-03,True
1555,Pulau Pinang,1160,29,60,2025-03,True
1555,Sabah,666,30,41,2025-03,True
1555,Sarawak,1114,30,62,2025-03,True
1555,Selangor,1679,29,77,2025-03,True
1555,Terengganu,660,27,58,2025-03,True
1555,W.P. Kuala Lumpur,1645,29,89,2025-03,True
1555,W.P. Labuan,19,15,6,2025-03,True
1555,W.P. Putrajaya,238,29,15,2025-03,True
193,Johor,180,4,48,2025-03,True
193,Kedah,404,5,85,2025-03,True
193,Kelantan,39,5,9,2025-03,True
193,Melaka,30,5,6,2025-03,True
193,Negeri Sembilan,108,5,24,2025-03,True
193,Pahang,288,5,62,2025-03,True
193,Perak,510,5,111,2025-03,True
193,Perlis,171,5,38,2025-03,True
193,Pulau Pinang,307,5,67,2025-03,True
193,Sabah,263,5,62,2025-03,True
193,Sarawak,454,5,104,2025-03,True
193,Selangor,245,5,59,2025-03,True
193,Terengganu,36,5,8,2025-03,True
193,W.P. Kuala Lumpur,420,5,89,2025-03,True
193,W.P. Labuan,11,5,4,2025-03,True
193,W.P. Putrajaya,61,5,14,2025-03,True
1,Johor,2693,27,143,2025-04,True
1,Kedah,1430,28,63,2025-04,True
1,Kelantan,1828,28,77,2025-04,True
1,Melaka,463,27,20,2025-04,True
1,Negeri Sembilan,823,28,36,2025-04,True
1,Pahang,2202,28,103,2025-04,True
1,Perak,2311,28,94,2025-04,True
1,Perlis,370,27,18,2025-04,True
1,Pulau Pinang,1680,28,65,2025-04,True
1,Sabah,231,26,9,2025-04,True
1,Sarawak,308,27,18,2025-04,True
1,Selangor,1969,28,80,2025-04,True
1,Terengganu,1550,27,89,2025-04,True
1,W.P. Kuala Lumpur,2015,28,95,2025-04,True
1,W.P. Labuan,48,28,3,2025-04,True
1,W.P. Putrajaya,261,28,16,2025-04,True
1111,Johor,1743,27,137,2025-04,True
1111,Kedah,599,28,48,2025-04,True
1111,Kelantan,745,28,77,2025-04,True
1111,Melaka,224,27,16,2025-04,True
1111,Negeri Sembilan,481,28,27,2025-04,True
1111,Pahang,1173,28,93,2025-04,True
1111,Perak,1419,28,112,2025-04,True
1111,Perlis,160,27,13,2025-04,True
1111,Pulau Pinang,987,28,57,2025-04,True
1111,Sabah,118,26,16,2025-04,True
1111,Sarawak,268,27,37,2025-04,True
1111,Selangor,1061,28,65,2025-04,True
1111,Terengganu,811,27,79,2025-04,True
1111,W.P. Kuala Lumpur,1491,28,91,2025-04,True
1111,W.P. Labuan,0,0,0,2025-04,False
1111,W.P. Putrajaya,104,28,11,2025-04,True
904,Johor,772,27,40,2025-04,True
904,Kedah,705,28,47,2025-04,True
904,Kelantan,425,28,26,2025-04,True
904,Melaka,181,27,8,2025-04,True
904,Negeri Sembilan,265,28,12,2025-04,True
904,Pahang,523,28,27,2025-04,True
904,Perak,977,28,57,2025-04,True
904,Perlis,36,4,13,2025-04,True
904,Pulau Pinang,567,28,38,2025-04,True
904,Sabah,0,0,0,2025-04,False
904,Sarawak,0,0,0,2025-04,False
904,Selangor,555,28,28,2025-04,True
904,Terengganu,416,27,27,2025-04,True
904,W.P. Kuala Lumpur,883,28,39,2025-04,True
904,W.P. Labuan,0,0,0,2025-04,False
904,W.P. Putrajaya,149,28,9,2025-04,True
918,Johor,134,7,57,2025-04,True
918,Kedah,130,4,39,2025-04,True
918,Kelantan,276,4,92,2025-04,True
918,Melaka,42,5,14,2025-04,True
918,Negeri Sembilan,18,4,8,2025-04,True
918,Pahang,135,6,55,2025-04,True
918,Perak,72,4,28,2025-04,True
918,Perlis,94,4,29,2025-04,True
918,Pulau Pinang,95,4,31,2025-04,True
918,Sabah,59,4,20,2025-04,True
918,Sarawak,184,4,69,2025-04,True
918,Selangor,47,4,18,2025-04,True
918,Terengganu,125,4,48,2025-04,True
918,W.P. Kuala Lumpur,48,4,17,2025-04,True
918,W.P. Labuan,17,4,5,2025-04,True
918,W.P. Putrajaya,6,4,2,2025-04,True
1589,Johor,636,7,168,2025-04,True
1589,Kedah,331,4,85,2025-04,True
1589,Kelantan,578,4,146,2025-04,True
1589,Melaka,104,5,26,2025-04,True
1589,Negeri Sembilan,149,4,39,2025-04,True
1589,Pahang,552,8,142,2025-04,True
1589,Perak,465,4,127,2025-04,True
1589,Perlis,154,4,40,2025-04,True
1589,Pulau Pinang,347,4,89,2025-04,True
1589,Sabah,305,4,87,2025-04,True
1589,Sarawak,366,4,123,2025-04,True
1589,Selangor,287,4,74,2025-04,True
1589,Terengganu,396,4,105,2025-04,True
1589,W.P. Kuala Lumpur,439,4,115,2025-04,True
1589,W.P. Labuan,47,4,14,2025-04,True
1589,W.P. Putrajaya,71,4,19,2025-04,True
917,Johor,622,7,167,2025-04,True
917,Kedah,304,4,78,2025-04,True
917,Kelantan,457,4,127,2025-04,True
917,Melaka,97,5,25,2025-04,True
917,Negeri Sembilan,155,4,42,2025-04,True
917,Pahang,501,8,139,2025-04,True
917,Perak,463,4,126,2025-04,True
917,Perlis,134,4,36,2025-04,True
917,Pulau Pinang,326,4,88,2025-04,True
917,Sabah,150,4,45,2025-04,True
917,Sarawak,208,4,62,2025-04,True
917,Selangor,256,4,73,2025-04,True
917,Terengganu,408,4,109,2025-04,True
917,W.P. Kuala Lumpur,371,4,102,2025-04,True
917,W.P. Labuan,11,4,4,2025-04,True
917,W.P. Putrajaya,64,4,17,2025-04,True
129,Johor,2797,27,160,2025-04,True
129,Kedah,1579,28,87,2025-04,True
129,Kelantan,2043,28,128,2025-04,True
129,Melaka,500,27,26,2025-04,True
129,Negeri Sembilan,817,28,39,2025-04,True
129,Pahang,2153,28,114,2025-04,True
129,Perak,2330,28,117,2025-04,True
129,Perlis,471,27,34,2025-04,True
129,Pulau Pinang,1953,28,86,2025-04,True
129,Sabah,2401,27,135,2025-04,True
129,Sarawak,2712,27,169,2025-04,True
129,Selangor,1878,28,81,2025-04,True
129,Terengganu,1631,27,110,2025-04,True
129,W.P. Kuala Lumpur,2607,28,124,2025-04,True
129,W.P. Labuan,294,28,13,2025-04,True
129,W.P. Putrajaya,281,28,20,2025-04,True
1564,Johor,2847,27,165,2025-04,True
1564,Kedah,1382,28,74,2025-04,True
1564,Kelantan,1296,28,68,2025-04,True
1564,Melaka,501,27,27,2025-04,True
1564,Negeri Sembilan,813,28,41,2025-04,True
1564,Pahang,2118,28,118,2025-04,True
1564,Perak,2404,28,137,2025-04,True
1564,Perlis,370,27,30,2025-04,True
1564,Pulau Pinang,2057,28,95,2025-04,True
1564,Sabah,2486,27,137,2025-04,True
1564,Sarawak,2704,27,160,2025-04,True
1564,Selangor,1933,28,85,2025-04,True
1564,Terengganu,1210,27,78,2025-04,True
1564,W.P. Kuala Lumpur,2573,28,119,2025-04,True
1564,W.P. Labuan,315,28,13,2025-04,True
1564,W.P. Putrajaya,285,28,20,2025-04,True
1131,Johor,2577,27,157,2025-04,True
1131,Kedah,1083,28,64,2025-04,True
1131,Kelantan,1303,28,73,2025-04,True
1131,Melaka,435,27,25,2025-04,True
1131,Negeri Sembilan,612,28,36,2025-04,True
1131,Pahang,2133,28,118,2025-04,True
1131,Perak,2023,28,122,2025-04,True
1131,Perlis,442,27,37,2025-04,True
1131,Pulau Pinang,1640,28,91,2025-04,True
1131,Sabah,2157,27,126,2025-04,True
1131,Sarawak,2766,27,167,2025-04,True
1131,Selangor,1639,28,80,2025-04,True
1131,Terengganu,1317,27,85,2025-04,True
1131,W.P. Kuala Lumpur,2166,28,106,2025-04,True
1131,W.P. Labuan,302,28,13,2025-04,True
1131,W.P. Putrajaya,282,28,20,2025-04,True
94,Johor,1629,27,96,2025-04,True
94,Kedah,731,28,41,2025-04,True
94,Kelantan,547,28,30,2025-04,True
94,Melaka,329,27,18,2025-04,True
94,Negeri Sembilan,823,28,39,2025-04,True
94,Pahang,2052,28,102,2025-04,True
94,Perak,1557,28,75,2025-04,True
94,Perlis,325,27,24,2025-04,True
94,Pulau Pinang,936,28,48,2025-04,True
94,Sabah,293,26,27,2025-04,True
94,Sarawak,1772,27,112,2025-04,True
94,Selangor,1633,28,77,2025-04,True
94,Terengganu,851,27,54,2025-04,True
94,W.P. Kuala Lumpur,2116,28,102,2025-04,True
94,W.P. Labuan,0,0,0,2025-04,False
94,W.P. Putrajaya,0,0,0,2025-04,False
114,Johor,2911,27,163,2025-04,True
114,Kedah,1534,28,72,2025-04,True
114,Kelantan,1967,28,90,2025-04,True
114,Melaka,499,27,25,2025-04,True
114,Negeri Sembilan,864,28,41,2025-04,True
114,Pahang,2259,28,113,2025-04,True
114,Perak,2331,28,103,2025-04,True
114,Perlis,476,27,26,2025-04,True
114,Pulau Pinang,2033,28,86,2025-04,True
114,Sabah,1716,27,99,2025-04,True
114,Sarawak,1924,27,120,2025-04,True
114,Selangor,2002,28,85,2025-04,True
114,Terengganu,1534,27,95,2025-04,True
114,W.P. Kuala Lumpur,2695,28,125,2025-04,True
114,W.P. Labuan,108,28,8,2025-04,True
114,W.P. Putrajaya,274,28,20,2025-04,True
103,Johor,636,27,45,2025-04,True
103,Kedah,207,28,12,2025-04,True
103,Kelantan,116,28,6,2025-04,True
103,Melaka,3,3,1,2025-04,True
103,Negeri Sembilan,373,28,21,2025-04,True
103,Pahang,560,28,32,2025-04,True
103,Perak,1158,28,55,2025-04,True
103,Perlis,0,0,0,2025-04,False
103,Pulau Pinang,556,28,23,2025-04,True
103,Sabah,7,7,1,2025-04,True
103,Sarawak,0,0,0,2025-04,False
103,Selangor,694,28,34,2025-04,True
103,Terengganu,162,27,10,2025-04,True
103,W.P. Kuala Lumpur,1018,28,52,2025-04,True
103,W.P. Labuan,0,0,0,2025-04,False
103,W.P. Putrajaya,118,28,7,2025-04,True
1431,Johor,213,27,13,2025-04,True
1431,Kedah,330,28,14,2025-04,True
1431,Kelantan,387,28,18,2025-04,True
1431,Melaka,147,27,7,2025-04,True
1431,Negeri Sembilan,161,28,9,2025-04,True
1431,Pahang,177,28,9,2025-04,True
1431,Perak,452,28,20,2025-04,True
1431,Perlis,55,27,4,2025-04,True
1431,Pulau Pinang,433,28,17,2025-04,True
1431,Sabah,71,26,3,2025-04,True
1431,Sarawak,19,19,1,2025-04,True
1431,Selangor,308,28,17,2025-04,True
1431,Terengganu,230,27,16,2025-04,True
1431,W.P. Kuala Lumpur,65,25,7,2025-04,True
1431,W.P. Labuan,0,0,0,2025-04,False
1431,W.P. Putrajaya,16,15,3,2025-04,True
1555,Johor,2003,27,131,2025-04,True
1555,Kedah,843,28,47,2025-04,True
1555,Kelantan,1488,28,71,2025-04,True
1555,Melaka,407,27,19,2025-04,True
1555,Negeri Sembilan,522,28,25,2025-04,True
1555,Pahang,1403,28,85,2025-04,True
1555,Perak,1765,28,83,2025-04,True
1555,Perlis,193,27,16,2025-04,True
1555,Pulau Pinang,1133,28,62,2025-04,True
1555,Sabah,475,26,35,2025-04,True
1555,Sarawak,909,27,64,2025-04,True
1555,Selangor,1655,28,78,2025-04,True
1555,Terengganu,619,27,55,2025-04,True
1555,W.P. Kuala Lumpur,1460,28,90,2025-04,True
1555,W.P. Labuan,37,21,7,2025-04,True
1555,W.P. Putrajaya,218,28,15,2025-04,True
193,Johor,162,4,44,2025-04,True
193,Kedah,308,4,84,2025-04,True
193,Kelantan,41,4,11,2025-04,True
193,Melaka,27,4,7,2025-04,True
193,Negeri Sembilan,73,4,21,2025-04,True
193,Pahang,227,4,61,2025-04,True
193,Perak,371,4,107,2025-04,True
193,Perlis,130,4,37,2025-04,True
193,Pulau Pinang,255,4,69,2025-04,True
193,Sabah,196,4,55,2025-04,True
193,Sarawak,350,4,103,2025-04,True
193,Selangor,210,4,59,2025-04,True
193,Terengganu,27,4,7,2025-04,True
193,W.P. Kuala Lumpur,325,4,89,2025-04,True
193,W.P. Labuan,4,3,2,2025-04,True
193,W.P. Putrajaya,47,4,14,2025-04,True
1,Johor,2992,29,144,2025-05,True
1,Kedah,1510,29,64,2025-05,True
1,Kelantan,1928,29,79,2025-05,True
1,Melaka,503,29,20,2025-05,True
1,Negeri Sembilan,846,29,36,2025-05,True
1,Pahang,2261,29,103,2025-05,True
1,Perak,2429,29,94,2025-05,True
1,Perlis,403,28,17,2025-05,True
1,Pulau Pinang,1779,29,65,2025-05,True
1,Sabah,243,27,9,2025-05,True
1,Sarawak,357,29,19,2025-05,True
1,Selangor,2083,29,81,2025-05,True
1,Terengganu,1709,29,88,2025-05,True
1,W.P. Kuala Lumpur,2181,29,95,2025-05,True
1,W.P. Labuan,53,27,3,2025-05,True
1,W.P. Putrajaya,265,29,15,2025-05,True
1111,Johor,2331,29,134,2025-05,True
1111,Kedah,783,29,49,2025-05,True
1111,Kelantan,934,29,73,2025-05,True
1111,Melaka,293,29,16,2025-05,True
1111,Negeri Sembilan,581,29,29,2025-05,True
1111,Pahang,1527,29,93,2025-05,True
1111,Perak,1746,29,113,2025-05,True
1111,Perlis,153,28,13,2025-05,True
1111,Pulau Pinang,1117,29,54,2025-05,True
1111,Sabah,113,27,19,2025-05,True
1111,Sarawak,318,29,40,2025-05,True
1111,Selangor,1360,29,70,2025-05,True
1111,Terengganu,1006,29,74,2025-05,True
1111,W.P. Kuala Lumpur,1827,29,91,2025-05,True
1111,W.P. Labuan,4,4,2,2025-05,True
1111,W.P. Putrajaya,128,29,10,2025-05,True
904,Johor,872,29,41,2025-05,True
904,Kedah,777,29,46,2025-05,True
904,Kelantan,420,29,24,2025-05,True
904,Melaka,204,29,8,2025-05,True
904,Negeri Sembilan,280,29,12,2025-05,True
904,Pahang,581,29,28,2025-05,True
904,Perak,1052,29,59,2025-05,True
904,Perlis,50,5,12,2025-05,True
904,Pulau Pinang,643,29,37,2025-05,True
904,Sabah,0,0,0,2025-05,False
904,Sarawak,0,0,0,2025-05,False
904,Selangor,625,29,28,2025-05,True
904,Terengganu,493,29,25,2025-05,True
904,W.P. Kuala Lumpur,973,29,41,2025-05,True
904,W.P. Labuan,0,0,0,2025-05,False
904,W.P. Putrajaya,157,29,9,2025-05,True
918,Johor,219,8,76,2025-05,True
918,Kedah,167,5,46,2025-05,True
918,Kelantan,363,5,94,2025-05,True
918,Melaka,58,5,16,2025-05,True
918,Negeri Sembilan,37,5,13,2025-05,True
918,Pahang,211,6,72,2025-05,True
918,Perak,117,5,38,2025-05,True
918,Perlis,112,5,28,2025-05,True
918,Pulau Pinang,124,6,35,2025-05,True
918,Sabah,71,5,20,2025-05,True
918,Sarawak,237,5,79,2025-05,True
918,Selangor,86,5,36,2025-05,True
918,Terengganu,216,5,62,2025-05,True
918,W.P. Kuala Lumpur,77,5,25,2025-05,True
918,W.P. Labuan,17,5,4,2025-05,True
918,W.P. Putrajaya,6,5,2,2025-05,True
1589,Johor,814,9,171,2025-05,True
1589,Kedah,414,5,84,2025-05,True
1589,Kelantan,710,5,145,2025-05,True
1589,Melaka,121,5,25,2025-05,True
1589,Negeri Sembilan,185,5,39,2025-05,True
1589,Pahang,681,8,140,2025-05,True
1589,Perak,606,5,127,2025-05,True
1589,Perlis,194,5,39,2025-05,True
1589,Pulau Pinang,444,6,91,2025-05,True
1589,Sabah,377,5,87,2025-05,True
1589,Sarawak,497,5,135,2025-05,True
1589,Selangor,371,5,84,2025-05,True
1589,Terengganu,506,5,106,2025-05,True
1589,W.P. Kuala Lumpur,568,5,118,2025-05,True
1589,W.P. Labuan,59,5,13,2025-05,True
1589,W.P. Putrajaya,89,5,19,2025-05,True
917,Johor,781,10,167,2025-05,True
917,Kedah,370,5,80,2025-05,True
917,Kelantan,568,5,128,2025-05,True
917,Melaka,128,5,26,2025-05,True
917,Negeri Sembilan,180,5,41,2025-05,True
917,Pahang,634,8,135,2025-05,True
917,Perak,590,5,132,2025-05,True
917,Perlis,153,5,35,2025-05,True
917,Pulau Pinang,416,6,89,2025-05,True
917,Sabah,176,5,48,2025-05,True
917,Sarawak,251,5,62,2025-05,True
917,Selangor,339,5,83,2025-05,True
917,Terengganu,513,5,109,2025-05,True
917,W.P. Kuala Lumpur,496,5,111,2025-05,True
917,W.P. Labuan,21,5,5,2025-05,True
917,W.P. Putrajaya,83,5,18,2025-05,True
129,Johor,3126,29,161,2025-05,True
129,Kedah,1712,29,88,2025-05,True
129,Kelantan,2164,29,127,2025-05,True
129,Melaka,547,29,26,2025-05,True
129,Negeri Sembilan,884,29,41,2025-05,True
129,Pahang,2204,29,111,2025-05,True
129,Perak,2441,29,116,2025-05,True
129,Perlis,509,28,34,2025-05,True
129,Pulau Pinang,2026,29,84,2025-05,True
129,Sabah,2691,27,139,2025-05,True
129,Sarawak,2983,29,167,2025-05,True
129,Selangor,2037,29,84,2025-05,True
129,Terengganu,1801,29,110,2025-05,True
129,W.P. Kuala Lumpur,2757,29,119,2025-05,True
129,W.P. Labuan,293,27,13,2025-05,True
129,W.P. Putrajaya,312,29,21,2025-05,True
1564,Johor,3177,29,169,2025-05,True
1564,Kedah,1557,29,77,2025-05,True
1564,Kelantan,1409,29,63,2025-05,True
1564,Melaka,554,29,27,2025-05,True
1564,Negeri Sembilan,869,29,43,2025-05,True
1564,Pahang,2197,29,119,2025-05,True
1564,Perak,2568,29,136,2025-05,True
1564,Perlis,414,28,30,2025-05,True
1564,Pulau Pinang,2181,29,95,2025-05,True
1564,Sabah,2744,27,142,2025-05,True
1564,Sarawak,3006,29,160,2025-05,True
1564,Selangor,2048,29,86,2025-05,True
1564,Terengganu,1318,29,76,2025-05,True
1564,W.P. Kuala Lumpur,2765,29,118,2025-05,True
1564,W.P. Labuan,297,27,13,2025-05,True
1564,W.P. Putrajaya,314,29,21,2025-05,True
1131,Johor,2815,29,155,2025-05,True
1131,Kedah,1104,29,68,2025-05,True
1131,Kelantan,1276,29,78,2025-05,True
1131,Melaka,468,29,24,2025-05,True
1131,Negeri Sembilan,642,29,34,2025-05,True
1131,Pahang,2163,29,116,2025-05,True
1131,Perak,2018,29,123,2025-05,True
1131,Perlis,449,28,34,2025-05,True
1131,Pulau Pinang,1537,29,88,2025-05,True
1131,Sabah,2408,27,126,2025-05,True
1131,Sarawak,3115,29,170,2025-05,True
1131,Selangor,1604,29,70,2025-05,True
1131,Terengganu,1419,29,87,2025-05,True
1131,W.P. Kuala Lumpur,2303,29,100,2025-05,True
1131,W.P. Labuan,306,27,13,2025-05,True
1131,W.P. Putrajaya,316,29,21,2025-05,True
94,Johor,1823,29,95,2025-05,True
94,Kedah,776,29,36,2025-05,True
94,Kelantan,571,29,26,2025-05,True
94,Melaka,353,29,18,2025-05,True
94,Negeri Sembilan,873,29,40,2025-05,True
94,Pahang,2126,29,101,2025-05,True
94,Perak,1685,29,76,2025-05,True
94,Perlis,326,28,20,2025-05,True
94,Pulau Pinang,1042,29,51,2025-05,True
94,Sabah,482,27,36,2025-05,True
94,Sarawak,2431,29,116,2025-05,True
94,Selangor,1802,29,78,2025-05,True
94,Terengganu,916,29,53,2025-05,True
94,W.P. Kuala Lumpur,2280,29,103,2025-05,True
94,W.P. Labuan,0,0,0,2025-05,False
94,W.P. Putrajaya,0,0,0,2025-05,False
114,Johor,3240,29,165,2025-05,True
114,Kedah,1636,29,72,2025-05,True
114,Kelantan,2078,29,92,2025-05,True
114,Melaka,532,29,25,2025-05,True
114,Negeri Sembilan,901,29,42,2025-05,True
114,Pahang,2348,29,113,2025-05,True
114,Perak,2469,29,103,2025-05,True
114,Perlis,511,28,26,2025-05,True
114,Pulau Pinang,2145,29,86,2025-05,True
114,Sabah,1912,27,100,2025-05,True
114,Sarawak,2408,29,122,2025-05,True
114,Selangor,2122,29,86,2025-05,True
114,Terengganu,1745,29,95,2025-05,True
114,W.P. Kuala Lumpur,2896,29,123,2025-05,True
114,W.P. Labuan,130,27,8,2025-05,True
114,W.P. Putrajaya,289,29,20,2025-05,True
103,Johor,907,29,46,2025-05,True
103,Kedah,302,29,13,2025-05,True
103,Kelantan,147,29,8,2025-05,True
103,Melaka,6,6,1,2025-05,True
103,Negeri Sembilan,420,29,21,2025-05,True
103,Pahang,734,28,34,2025-05,True
103,Perak,1399,29,57,2025-05,True
103,Perlis,0,0,0,2025-05,False
103,Pulau Pinang,630,29,24,2025-05,True
103,Sabah,22,22,1,2025-05,True
103,Sarawak,0,0,0,2025-05,False
103,Selangor,828,29,39,2025-05,True
103,Terengganu,202,29,12,2025-05,True
103,W.P. Kuala Lumpur,1199,29,58,2025-05,True
103,W.P. Labuan,0,0,0,2025-05,False
103,W.P. Putrajaya,167,29,9,2025-05,True
1431,Johor,220,29,12,2025-05,True
1431,Kedah,366,29,14,2025-05,True
1431,Kelantan,421,29,18,2025-05,True
1431,Melaka,173,29,7,2025-05,True
1431,Negeri Sembilan,177,29,9,2025-05,True
1431,Pahang,199,28,9,2025-05,True
1431,Perak,481,29,19,2025-05,True
1431,Perlis,56,28,4,2025-05,True
1431,Pulau Pinang,462,29,17,2025-05,True
1431,Sabah,79,27,3,2025-05,True
1431,Sarawak,26,23,2,2025-05,True
1431,Selangor,365,29,14,2025-05,True
1431,Terengganu,249,29,14,2025-05,True
1431,W.P. Kuala Lumpur,84,27,8,2025-05,True
1431,W.P. Labuan,0,0,0,2025-05,False
1431,W.P. Putrajaya,16,16,2,2025-05,True
1555,Johor,2398,29,133,2025-05,True
1555,Kedah,1000,29,49,2025-05,True
1555,Kelantan,1667,29,73,2025-05,True
1555,Melaka,448,29,20,2025-05,True
1555,Negeri Sembilan,602,29,26,2025-05,True
1555,Pahang,1605,29,86,2025-05,True
1555,Perak,1965,29,86,2025-05,True
1555,Perlis,224,28,16,2025-05,True
1555,Pulau Pinang,1273,29,64,2025-05,True
1555,Sabah,576,27,38,2025-05,True
1555,Sarawak,874,29,62,2025-05,True
1555,Selangor,1828,29,78,2025-05,True
1555,Terengganu,835,29,56,2025-05,True
1555,W.P. Kuala Lumpur,1799,29,84,2025-05,True
1555,W.P. Labuan,80,23,11,2025-05,True
1555,W.P. Putrajaya,245,29,15,2025-05,True
193,Johor,193,7,47,2025-05,True
193,Kedah,386,5,84,2025-05,True
193,Kelantan,42,5,10,2025-05,True
193,Melaka,34,5,7,2025-05,True
193,Negeri Sembilan,99,5,24,2025-05,True
193,Pahang,247,5,56,2025-05,True
193,Perak,483,5,107,2025-05,True
193,Perlis,168,5,37,2025-05,True
193,Pulau Pinang,320,6,70,2025-05,True
193,Sabah,228,5,61,2025-05,True
193,Sarawak,454,5,104,2025-05,True
193,Selangor,258,5,63,2025-05,True
193,Terengganu,39,5,9,2025-05,True
193,W.P. Kuala Lumpur,416,5,89,2025-05,True
193,W.P. Labuan,5,5,1,2025-05,True
193,W.P. Putrajaya,60,5,13,2025-05,True
1,Johor,2624,26,145,2025-06,True
1,Kedah,1202,23,64,2025-06,True
1,Kelantan,1555,24,79,2025-06,True
1,Melaka,463,26,23,2025-06,True
1,Negeri Sembilan,731,26,33,2025-06,True
1,Pahang,2057,26,104,2025-06,True
1,Perak,2169,26,93,2025-06,True
1,Perlis,342,24,18,2025-06,True
1,Pulau Pinang,1580,26,65,2025-06,True
1,Sabah,233,27,9,2025-06,True
1,Sarawak,322,24,19,2025-06,True
1,Selangor,1851,26,81,2025-06,True
1,Terengganu,1359,23,89,2025-06,True
1,W.P. Kuala Lumpur,1898,26,94,2025-06,True
1,W.P. Labuan,52,26,2,2025-06,True
1,W.P. Putrajaya,251,26,16,2025-06,True
1111,Johor,2169,26,130,2025-06,True
1111,Kedah,625,23,47,2025-06,True
1111,Kelantan,873,24,82,2025-06,True
1111,Melaka,276,26,20,2025-06,True
1111,Negeri Sembilan,542,26,26,2025-06,True
1111,Pahang,1411,26,93,2025-06,True
1111,Perak,1544,26,112,2025-06,True
1111,Perlis,121,24,12,2025-06,True
1111,Pulau Pinang,1026,26,56,2025-06,True
1111,Sabah,114,26,23,2025-06,True
1111,Sarawak,261,24,38,2025-06,True
1111,Selangor,1273,26,68,2025-06,True
1111,Terengganu,868,23,79,2025-06,True
1111,W.P. Kuala Lumpur,1568,26,86,2025-06,True
1111,W.P. Labuan,1,1,1,2025-06,True
1111,W.P. Putrajaya,140,26,11,2025-06,True
904,Johor,851,26,42,2025-06,True
904,Kedah,640,23,46,2025-06,True
904,Kelantan,363,23,24,2025-06,True
904,Melaka,187,26,10,2025-06,True
904,Negeri Sembilan,276,26,12,2025-06,True
904,Pahang,497,26,29,2025-06,True
904,Perak,956,26,56,2025-06,True
904,Perlis,35,4,11,2025-06,True
904,Pulau Pinang,583,26,37,2025-06,True
904,Sabah,0,0,0,2025-06,False
904,Sarawak,0,0,0,2025-06,False
904,Selangor,540,26,28,2025-06,True
904,Terengganu,408,23,28,2025-06,True
904,W.P. Kuala Lumpur,834,26,42,2025-06,True
904,W.P. Labuan,0,0,0,2025-06,False
904,W.P. Putrajaya,165,26,10,2025-06,True
918,Johor,166,8,66,2025-06,True
918,Kedah,137,4,42,2025-06,True
918,Kelantan,301,4,98,2025-06,True
918,Melaka,53,5,18,2025-06,True
918,Negeri Sembilan,18,4,6,2025-06,True
918,Pahang,163,7,66,2025-06,True
918,Perak,94,4,37,2025-06,True
918,Perlis,91,4,30,2025-06,True
918,Pulau Pinang,107,4,34,2025-06,True
918,Sabah,79,4,27,2025-06,True
918,Sarawak,177,4,80,2025-06,True
918,Selangor,47,4,21,2025-06,True
918,Terengganu,172,4,68,2025-06,True
918,W.P. Kuala Lumpur,74,4,32,2025-06,True
918,W.P. Labuan,23,4,6,2025-06,True
918,W.P. Putrajaya,2,2,2,2025-06,True
1589,Johor,664,8,170,2025-06,True
1589,Kedah,333,4,85,2025-06,True
1589,Kelantan,575,4,146,2025-06,True
1589,Melaka,107,5,29,2025-06,True
1589,Negeri Sembilan,152,4,39,2025-06,True
1589,Pahang,540,8,141,2025-06,True
1589,Perak,472,4,126,2025-06,True
1589,Perlis,155,4,40,2025-06,True
1589,Pulau Pinang,363,4,91,2025-06,True
1589,Sabah,317,4,98,2025-06,True
1589,Sarawak,381,4,127,2025-06,True
1589,Selangor,283,4,75,2025-06,True
1589,Terengganu,401,4,106,2025-06,True
1589,W.P. Kuala Lumpur,435,4,113,2025-06,True
1589,W.P. Labuan,50,4,14,2025-06,True
1589,W.P. Putrajaya,76,4,20,2025-06,True
917,Johor,606,8,165,2025-06,True
917,Kedah,296,4,79,2025-06,True
917,Kelantan,459,4,131,2025-06,True
917,Melaka,109,5,30,2025-06,True
917,Negeri Sembilan,149,4,40,2025-06,True
917,Pahang,506,8,135,2025-06,True
917,Perak,454,4,128,2025-06,True
917,Perlis,120,4,36,2025-06,True
917,Pulau Pinang,328,4,87,2025-06,True
917,Sabah,157,4,49,2025-06,True
917,Sarawak,211,4,63,2025-06,True
917,Selangor,255,4,78,2025-06,True
917,Terengganu,391,4,108,2025-06,True
917,W.P. Kuala Lumpur,394,4,105,2025-06,True
917,W.P. Labuan,14,4,5,2025-06,True
917,W.P. Putrajaya,66,4,19,2025-06,True
129,Johor,2740,26,159,2025-06,True
129,Kedah,1356,23,86,2025-06,True
129,Kelantan,1781,24,129,2025-06,True
129,Melaka,486,26,30,2025-06,True
129,Negeri Sembilan,780,26,39,2025-06,True
129,Pahang,2039,26,112,2025-06,True
129,Perak,2166,26,119,2025-06,True
129,Perlis,439,24,34,2025-06,True
129,Pulau Pinang,1863,26,84,2025-06,True
129,Sabah,2451,27,143,2025-06,True
129,Sarawak,2418,24,165,2025-06,True
129,Selangor,1789,26,85,2025-06,True
129,Terengganu,1444,23,111,2025-06,True
129,W.P. Kuala Lumpur,2422,26,119,2025-06,True
129,W.P. Labuan,275,26,13,2025-06,True
129,W.P. Putrajaya,275,26,21,2025-06,True
1564,Johor,2829,26,172,2025-06,True
1564,Kedah,1225,23,77,2025-06,True
1564,Kelantan,1184,23,67,2025-06,True
1564,Melaka,500,26,31,2025-06,True
1564,Negeri Sembilan,777,26,42,2025-06,True
1564,Pahang,2007,26,119,2025-06,True
1564,Perak,2292,26,139,2025-06,True
1564,Perlis,364,24,30,2025-06,True
1564,Pulau Pinang,1949,26,96,2025-06,True
1564,Sabah,2589,27,142,2025-06,True
1564,Sarawak,2454,24,164,2025-06,True
1564,Selangor,1803,26,85,2025-06,True
1564,Terengganu,1043,23,74,2025-06,True
1564,W.P. Kuala Lumpur,2423,26,118,2025-06,True
1564,W.P. Labuan,284,26,13,2025-06,True
1564,W.P. Putrajaya,265,26,20,2025-06,True
1131,Johor,2470,26,153,2025-06,True
1131,Kedah,978,23,67,2025-06,True
1131,Kelantan,1077,23,75,2025-06,True
1131,Melaka,435,26,29,2025-06,True
1131,Negeri Sembilan,590,26,34,2025-06,True
1131,Pahang,1888,26,116,2025-06,True
1131,Perak,1981,26,126,2025-06,True
1131,Perlis,369,24,32,2025-06,True
1131,Pulau Pinang,1571,26,90,2025-06,True
1131,Sabah,2223,27,128,2025-06,True
1131,Sarawak,2540,24,168,2025-06,True
1131,Selangor,1510,26,73,2025-06,True
1131,Terengganu,1140,23,85,2025-06,True
1131,W.P. Kuala Lumpur,2049,26,101,2025-06,True
1131,W.P. Labuan,285,26,13,2025-06,True
1131,W.P. Putrajaya,274,26,20,2025-06,True
94,Johor,1554,26,92,2025-06,True
94,Kedah,551,23,37,2025-06,True
94,Kelantan,478,24,29,2025-06,True
94,Melaka,264,26,21,2025-06,True
94,Negeri Sembilan,740,26,39,2025-06,True
94,Pahang,1768,26,104,2025-06,True
94,Perak,1372,26,71,2025-06,True
94,Perlis,259,24,24,2025-06,True
94,Pulau Pinang,888,26,57,2025-06,True
94,Sabah,526,27,36,2025-06,True
94,Sarawak,1847,24,119,2025-06,True
94,Selangor,1486,26,77,2025-06,True
94,Terengganu,721,23,53,2025-06,True
94,W.P. Kuala Lumpur,1991,26,104,2025-06,True
94,W.P. Labuan,0,0,0,2025-06,False
94,W.P. Putrajaya,12,12,1,2025-06,True
114,Johor,2862,26,165,2025-06,True
114,Kedah,1266,23,71,2025-06,True
114,Kelantan,1679,24,92,2025-06,True
114,Melaka,488,26,28,2025-06,True
114,Negeri Sembilan,803,26,41,2025-06,True
114,Pahang,2139,26,114,2025-06,True
114,Perak,2189,26,101,2025-06,True
114,Perlis,430,24,26,2025-06,True
114,Pulau Pinang,1908,26,86,2025-06,True
114,Sabah,2019,27,110,2025-06,True
114,Sarawak,2003,24,125,2025-06,True
114,Selangor,1874,26,86,2025-06,True
114,Terengganu,1404,23,95,2025-06,True
114,W.P. Kuala Lumpur,2531,26,123,2025-06,True
114,W.P. Labuan,136,26,9,2025-06,True
114,W.P. Putrajaya,275,26,20,2025-06,True
103,Johor,890,26,43,2025-06,True
103,Kedah,244,23,14,2025-06,True
103,Kelantan,124,23,7,2025-06,True
103,Melaka,0,0,0,2025-06,False
103,Negeri Sembilan,408,26,20,2025-06,True
103,Pahang,677,26,36,2025-06,True
103,Perak,1273,26,58,2025-06,True
103,Perlis,0,0,0,2025-06,False
103,Pulau Pinang,584,26,27,2025-06,True
103,Sabah,16,16,2,2025-06,True
103,Sarawak,0,0,0,2025-06,False
103,Selangor,751,26,39,2025-06,True
103,Terengganu,131,23,7,2025-06,True
103,W.P. Kuala Lumpur,1206,26,57,2025-06,True
103,W.P. Labuan,0,0,0,2025-06,False
103,W.P. Putrajaya,162,26,8,2025-06,True
1431,Johor,182,26,12,2025-06,True
1431,Kedah,181,23,14,2025-06,True
1431,Kelantan,309,23,17,2025-06,True
1431,Melaka,115,26,7,2025-06,True
1431,Negeri Sembilan,99,24,9,2025-06,True
1431,Pahang,105,25,9,2025-06,True
1431,Perak,338,26,18,2025-06,True
1431,Perlis,43,24,4,2025-06,True
1431,Pulau Pinang,337,26,17,2025-06,True
1431,Sabah,74,26,3,2025-06,True
1431,Sarawak,13,11,2,2025-06,True
1431,Selangor,263,26,15,2025-06,True
1431,Terengganu,136,23,13,2025-06,True
1431,W.P. Kuala Lumpur,91,25,11,2025-06,True
1431,W.P. Labuan,0,0,0,2025-06,False
1431,W.P. Putrajaya,15,15,1,2025-06,True
1555,Johor,2132,26,133,2025-06,True
1555,Kedah,748,23,50,2025-06,True
1555,Kelantan,1380,24,75,2025-06,True
1555,Melaka,379,26,22,2025-06,True
1555,Negeri Sembilan,530,26,25,2025-06,True
1555,Pahang,1431,26,86,2025-06,True
1555,Perak,1729,26,85,2025-06,True
1555,Perlis,181,24,16,2025-06,True
1555,Pulau Pinang,1143,26,64,2025-06,True
1555,Sabah,608,26,43,2025-06,True
1555,Sarawak,907,24,70,2025-06,True
1555,Selangor,1616,26,77,2025-06,True
1555,Terengganu,693,23,57,2025-06,True
1555,W.P. Kuala Lumpur,1544,26,90,2025-06,True
1555,W.P. Labuan,121,25,8,2025-06,True
1555,W.P. Putrajaya,235,26,15,2025-06,True
193,Johor,173,7,47,2025-06,True
193,Kedah,320,4,86,2025-06,True
193,Kelantan,34,4,9,2025-06,True
193,Melaka,27,4,7,2025-06,True
193,Negeri Sembilan,85,4,22,2025-06,True
193,Pahang,190,4,52,2025-06,True
193,Perak,392,4,107,2025-06,True
193,Perlis,137,4,36,2025-06,True
193,Pulau Pinang,271,4,73,2025-06,True
193,Sabah,197,4,58,2025-06,True
193,Sarawak,357,4,99,2025-06,True
193,Selangor,211,4,60,2025-06,True
193,Terengganu,35,4,9,2025-06,True
193,W.P. Kuala Lumpur,323,4,84,2025-06,True
193,W.P. Labuan,2,2,2,2025-06,True
193,W.P. Putrajaya,52,4,14,2025-06,True
1,Johor,3235,29,207,2025-07,True
1,Kedah,1711,30,82,2025-07,True
1,Kelantan,2083,30,92,2025-07,True
1,Melaka,639,30,40,2025-07,True
1,Negeri Sembilan,954,30,54,2025-07,True
1,Pahang,2356,30,119,2025-07,True
1,Perak,2850,30,133,2025-07,True
1,Perlis,430,30,18,2025-07,True
1,Pulau Pinang,1769,28,81,2025-07,True
1,Sabah,354,30,19,2025-07,True
1,Sarawak,460,30,29,2025-07,True
1,Selangor,2312,30,106,2025-07,True
1,Terengganu,1776,30,110,2025-07,True
1,W.P. Kuala Lumpur,2542,30,127,2025-07,True
1,W.P. Labuan,55,30,2,2025-07,True
1,W.P. Putrajaya,344,30,20,2025-07,True
1111,Johor,2642,29,178,2025-07,True
1111,Kedah,796,30,61,2025-07,True
1111,Kelantan,1180,30,110,2025-07,True
1111,Melaka,457,30,42,2025-07,True
1111,Negeri Sembilan,690,30,42,2025-07,True
1111,Pahang,1670,30,113,2025-07,True
1111,Perak,2073,30,160,2025-07,True
1111,Perlis,178,30,13,2025-07,True
1111,Pulau Pinang,1192,28,62,2025-07,True
1111,Sabah,128,30,28,2025-07,True
1111,Sarawak,416,30,58,2025-07,True
1111,Selangor,1675,30,101,2025-07,True
1111,Terengganu,1154,30,104,2025-07,True
1111,W.P. Kuala Lumpur,2203,30,126,2025-07,True
1111,W.P. Labuan,3,3,2,2025-07,True
1111,W.P. Putrajaya,229,30,15,2025-07,True
904,Johor,832,24,55,2025-07,True
904,Kedah,693,25,59,2025-07,True
904,Kelantan,326,26,31,2025-07,True
904,Melaka,202,26,18,2025-07,True
904,Negeri Sembilan,273,27,19,2025-07,True
904,Pahang,569,29,33,2025-07,True
904,Perak,948,27,84,2025-07,True
904,Perlis,43,4,13,2025-07,True
904,Pulau Pinang,496,27,46,2025-07,True
904,Sabah,0,0,0,2025-07,False
904,Sarawak,0,0,0,2025-07,False
904,Selangor,551,25,43,2025-07,True
904,Terengganu,413,26,31,2025-07,True
904,W.P. Kuala Lumpur,859,26,51,2025-07,True
904,W.P. Labuan,0,0,0,2025-07,False
904,W.P. Putrajaya,149,24,11,2025-07,True
918,Johor,181,8,85,2025-07,True
918,Kedah,187,4,69,2025-07,True
918,Kelantan,407,4,141,2025-07,True
918,Melaka,74,5,33,2025-07,True
918,Negeri Sembilan,33,4,14,2025-07,True
918,Pahang,153,8,61,2025-07,True
918,Perak,124,4,55,2025-07,True
918,Perlis,73,4,28,2025-07,True
918,Pulau Pinang,113,4,42,2025-07,True
918,Sabah,111,4,49,2025-07,True
918,Sarawak,253,4,113,2025-07,True
918,Selangor,74,4,37,2025-07,True
918,Terengganu,171,4,69,2025-07,True
918,W.P. Kuala Lumpur,119,4,52,2025-07,True
918,W.P. Labuan,29,4,8,2025-07,True
918,W.P. Putrajaya,3,2,2,2025-07,True
1589,Johor,763,8,243,2025-07,True
1589,Kedah,391,4,120,2025-07,True
1589,Kelantan,695,4,216,2025-07,True
1589,Melaka,161,5,56,2025-07,True
1589,Negeri Sembilan,192,4,62,2025-07,True
1589,Pahang,620,9,183,2025-07,True
1589,Perak,608,4,193,2025-07,True
1589,Perlis,143,4,41,2025-07,True
1589,Pulau Pinang,388,4,112,2025-07,True
1589,Sabah,407,4,141,2025-07,True
1589,Sarawak,484,4,194,2025-07,True
1589,Selangor,363,4,119,2025-07,True
1589,Terengganu,468,4,151,2025-07,True
1589,W.P. Kuala Lumpur,560,4,184,2025-07,True
1589,W.P. Labuan,46,4,14,2025-07,True
1589,W.P. Putrajaya,91,4,26,2025-07,True
917,Johor,728,8,236,2025-07,True
917,Kedah,342,4,108,2025-07,True
917,Kelantan,568,4,185,2025-07,True
917,Melaka,155,5,53,2025-07,True
917,Negeri Sembilan,195,4,63,2025-07,True
917,Pahang,576,9,175,2025-07,True
917,Perak,568,4,185,2025-07,True
917,Perlis,118,4,33,2025-07,True
917,Pulau Pinang,351,4,110,2025-07,True
917,Sabah,211,4,73,2025-07,True
917,Sarawak,242,4,90,2025-07,True
917,Selangor,345,4,120,2025-07,True
917,Terengganu,450,4,150,2025-07,True
917,W.P. Kuala Lumpur,494,4,165,2025-07,True
917,W.P. Labuan,16,4,4,2025-07,True
917,W.P. Putrajaya,82,4,26,2025-07,True
129,Johor,3338,29,229,2025-07,True
129,Kedah,1867,30,108,2025-07,True
129,Kelantan,2423,30,178,2025-07,True
129,Melaka,675,30,56,2025-07,True
129,Negeri Sembilan,984,30,62,2025-07,True
129,Pahang,2312,30,138,2025-07,True
129,Perak,2870,30,166,2025-07,True
129,Perlis,514,30,34,2025-07,True
129,Pulau Pinang,2043,28,103,2025-07,True
129,Sabah,3334,30,192,2025-07,True
129,Sarawak,3710,30,266,2025-07,True
129,Selangor,2268,30,121,2025-07,True
129,Terengganu,1895,30,151,2025-07,True
129,W.P. Kuala Lumpur,3399,30,181,2025-07,True
129,W.P. Labuan,345,30,14,2025-07,True
129,W.P. Putrajaya,364,30,27,2025-07,True
1564,Johor,3459,29,238,2025-07,True
1564,Kedah,1670,30,99,2025-07,True
1564,Kelantan,1659,30,93,2025-07,True
1564,Melaka,659,30,55,2025-07,True
1564,Negeri Sembilan,983,30,64,2025-07,True
1564,Pahang,2348,30,159,2025-07,True
1564,Perak,2967,30,191,2025-07,True
1564,Perlis,416,30,31,2025-07,True
1564,Pulau Pinang,2141,28,117,2025-07,True
1564,Sabah,3429,30,194,2025-07,True
1564,Sarawak,3743,30,266,2025-07,True
1564,Selangor,2287,30,122,2025-07,True
1564,Terengganu,1401,30,109,2025-07,True
1564,W.P. Kuala Lumpur,3373,30,181,2025-07,True
1564,W.P. Labuan,345,30,14,2025-07,True
1564,W.P. Putrajaya,361,30,24,2025-07,True
1131,Johor,3036,29,216,2025-07,True
1131,Kedah,1343,30,94,2025-07,True
1131,Kelantan,1522,30,106,2025-07,True
1131,Melaka,588,30,48,2025-07,True
1131,Negeri Sembilan,767,30,48,2025-07,True
1131,Pahang,2189,30,150,2025-07,True
1131,Perak,2689,30,175,2025-07,True
1131,Perlis,416,30,29,2025-07,True
1131,Pulau Pinang,1892,28,111,2025-07,True
1131,Sabah,2999,30,179,2025-07,True
1131,Sarawak,3795,30,264,2025-07,True
1131,Selangor,1970,30,111,2025-07,True
1131,Terengganu,1512,30,115,2025-07,True
1131,W.P. Kuala Lumpur,2966,30,167,2025-07,True
1131,W.P. Labuan,338,30,14,2025-07,True
1131,W.P. Putrajaya,340,30,24,2025-07,True
94,Johor,2017,29,136,2025-07,True
94,Kedah,977,30,61,2025-07,True
94,Kelantan,602,30,29,2025-07,True
94,Melaka,376,30,32,2025-07,True
94,Negeri Sembilan,979,30,56,2025-07,True
94,Pahang,2072,30,117,2025-07,True
94,Perak,2077,30,116,2025-07,True
94,Perlis,447,30,26,2025-07,True
94,Pulau Pinang,1258,28,77,2025-07,True
94,Sabah,669,30,60,2025-07,True
94,Sarawak,2943,30,182,2025-07,True
94,Selangor,1946,30,102,2025-07,True
94,Terengganu,928,30,67,2025-07,True
94,W.P. Kuala Lumpur,2833,30,145,2025-07,True
94,W.P. Labuan,0,0,0,2025-07,False
94,W.P. Putrajaya,6,6,5,2025-07,True
114,Johor,3470,29,232,2025-07,True
114,Kedah,1810,30,92,2025-07,True
114,Kelantan,2263,30,110,2025-07,True
114,Melaka,675,30,49,2025-07,True
114,Negeri Sembilan,1023,30,61,2025-07,True
114,Pahang,2432,30,133,2025-07,True
114,Perak,2870,30,144,2025-07,True
114,Perlis,546,30,27,2025-07,True
114,Pulau Pinang,2111,28,104,2025-07,True
114,Sabah,2670,30,149,2025-07,True
114,Sarawak,3089,30,194,2025-07,True
114,Selangor,2358,30,122,2025-07,True
114,Terengganu,1853,30,123,2025-07,True
114,W.P. Kuala Lumpur,3465,30,180,2025-07,True
114,W.P. Labuan,111,30,9,2025-07,True
114,W.P. Putrajaya,364,30,25,2025-07,True
103,Johor,695,21,51,2025-07,True
103,Kedah,223,19,14,2025-07,True
103,Kelantan,136,19,10,2025-07,True
103,Melaka,6,2,3,2025-07,True
103,Negeri Sembilan,308,19,23,2025-07,True
103,Pahang,576,21,39,2025-07,True
103,Perak,982,19,73,2025-07,True
103,Perlis,0,0,0,2025-07,False
103,Pulau Pinang,403,17,27,2025-07,True
103,Sabah,16,16,1,2025-07,True
103,Sarawak,0,0,0,2025-07,False
103,Selangor,603,19,49,2025-07,True
103,Terengganu,99,19,7,2025-07,True
103,W.P. Kuala Lumpur,954,19,69,2025-07,True
103,W.P. Labuan,1,1,1,2025-07,True
103,W.P. Putrajaya,119,19,10,2025-07,True
1431,Johor,124,21,9,2025-07,True
1431,Kedah,232,19,15,2025-07,True
1431,Kelantan,277,19,16,2025-07,True
1431,Melaka,115,19,7,2025-07,True
1431,Negeri Sembilan,105,19,9,2025-07,True
1431,Pahang,101,19,8,2025-07,True
1431,Perak,297,19,19,2025-07,True
1431,Perlis,41,19,5,2025-07,True
1431,Pulau Pinang,260,17,17,2025-07,True
1431,Sabah,53,19,3,2025-07,True
1431,Sarawak,23,15,3,2025-07,True
1431,Selangor,207,19,15,2025-07,True
1431,Terengganu,137,19,11,2025-07,True
1431,W.P. Kuala Lumpur,93,19,10,2025-07,True
1431,W.P. Labuan,0,0,0,2025-07,False
1431,W.P. Putrajaya,28,17,3,2025-07,True
1555,Johor,2655,29,182,2025-07,True
1555,Kedah,1116,30,61,2025-07,True
1555,Kelantan,1826,30,84,2025-07,True
1555,Melaka,550,30,38,2025-07,True
1555,Negeri Sembilan,684,30,40,2025-07,True
1555,Pahang,1687,30,101,2025-07,True
1555,Perak,2250,30,123,2025-07,True
1555,Perlis,232,30,17,2025-07,True
1555,Pulau Pinang,1310,28,78,2025-07,True
1555,Sabah,766,30,54,2025-07,True
1555,Sarawak,1465,30,98,2025-07,True
1555,Selangor,2046,30,100,2025-07,True
1555,Terengganu,976,30,69,2025-07,True
1555,W.P. Kuala Lumpur,2118,30,116,2025-07,True
1555,W.P. Labuan,194,30,10,2025-07,True
1555,W.P. Putrajaya,314,30,20,2025-07,True
193,Johor,187,7,60,2025-07,True
193,Kedah,362,4,111,2025-07,True
193,Kelantan,31,4,9,2025-07,True
193,Melaka,37,4,12,2025-07,True
193,Negeri Sembilan,112,4,37,2025-07,True
193,Pahang,211,5,59,2025-07,True
193,Perak,485,4,151,2025-07,True
193,Perlis,125,4,37,2025-07,True
193,Pulau Pinang,292,4,85,2025-07,True
193,Sabah,234,4,80,2025-07,True
193,Sarawak,378,4,132,2025-07,True
193,Selangor,276,4,90,2025-07,True
193,Terengganu,39,4,12,2025-07,True
193,W.P. Kuala Lumpur,399,4,123,2025-07,True
193,W.P. Labuan,8,4,3,2025-07,True
193,W.P. Putrajaya,57,4,16,2025-07,True
1,Johor,3513,30,177,2025-08,True
1,Kedah,1885,30,77,2025-08,True
1,Kelantan,2166,30,92,2025-08,True
1,Melaka,684,28,37,2025-08,True
1,Negeri Sembilan,1076,30,52,2025-08,True
1,Pahang,2432,30,110,2025-08,True
1,Perak,3035,30,122,2025-08,True
1,Perlis,444,30,19,2025-08,True
1,Pulau Pinang,2026,30,90,2025-08,True
1,Sabah,454,30,19,2025-08,True
1,Sarawak,559,30,26,2025-08,True
1,Selangor,2504,30,104,2025-08,True
1,Terengganu,1838,30,97,2025-08,True
1,W.P. Kuala Lumpur,2839,30,115,2025-08,True
1,W.P. Labuan,41,30,2,2025-08,True
1,W.P. Putrajaya,411,30,20,2025-08,True
1111,Johor,2934,30,164,2025-08,True
1111,Kedah,786,30,54,2025-08,True
1111,Kelantan,1305,30,117,2025-08,True
1111,Melaka,494,28,38,2025-08,True
1111,Negeri Sembilan,791,30,46,2025-08,True
1111,Pahang,1654,30,118,2025-08,True
1111,Perak,2212,30,145,2025-08,True
1111,Perlis,159,30,10,2025-08,True
1111,Pulau Pinang,1352,30,82,2025-08,True
1111,Sabah,164,30,36,2025-08,True
1111,Sarawak,445,30,82,2025-08,True
1111,Selangor,1800,30,103,2025-08,True
1111,Terengganu,1116,30,91,2025-08,True
1111,W.P. Kuala Lumpur,2483,30,121,2025-08,True
1111,W.P. Labuan,0,0,0,2025-08,False
1111,W.P. Putrajaya,274,30,18,2025-08,True
904,Johor,207,5,48,2025-08,True
904,Kedah,255,5,54,2025-08,True
904,Kelantan,112,6,34,2025-08,True
904,Melaka,76,5,17,2025-08,True
904,Negeri Sembilan,84,5,18,2025-08,True
904,Pahang,121,6,27,2025-08,True
904,Perak,335,5,77,2025-08,True
904,Perlis,50,5,12,2025-08,True
904,Pulau Pinang,249,13,52,2025-08,True
904,Sabah,0,0,0,2025-08,False
904,Sarawak,0,0,0,2025-08,False
904,Selangor,189,5,42,2025-08,True
904,Terengganu,93,5,26,2025-08,True
904,W.P. Kuala Lumpur,202,10,42,2025-08,True
904,W.P. Labuan,0,0,0,2025-08,False
904,W.P. Putrajaya,51,6,11,2025-08,True
918,Johor,272,9,93,2025-08,True
918,Kedah,226,5,60,2025-08,True
918,Kelantan,570,5,152,2025-08,True
918,Melaka,121,6,34,2025-08,True
918,Negeri Sembilan,64,5,20,2025-08,True
918,Pahang,225,7,73,2025-08,True
918,Perak,154,5,54,2025-08,True
918,Perlis,61,5,20,2025-08,True
918,Pulau Pinang,179,5,54,2025-08,True
918,Sabah,161,5,51,2025-08,True
918,Sarawak,303,5,101,2025-08,True
918,Selangor,114,5,49,2025-08,True
918,Terengganu,234,5,75,2025-08,True
918,W.P. Kuala Lumpur,187,5,54,2025-08,True
918,W.P. Labuan,29,5,9,2025-08,True
918,W.P. Putrajaya,8,3,5,2025-08,True
1589,Johor,1007,10,208,2025-08,True
1589,Kedah,537,5,109,2025-08,True
1589,Kelantan,1000,5,203,2025-08,True
1589,Melaka,256,6,52,2025-08,True
1589,Negeri Sembilan,303,5,62,2025-08,True
1589,Pahang,862,9,180,2025-08,True
1589,Perak,847,5,174,2025-08,True
1589,Perlis,144,5,29,2025-08,True
1589,Pulau Pinang,651,5,135,2025-08,True
1589,Sabah,567,5,151,2025-08,True
1589,Sarawak,676,5,172,2025-08,True
1589,Selangor,563,5,124,2025-08,True
1589,Terengganu,633,5,133,2025-08,True
1589,W.P. Kuala Lumpur,794,5,166,2025-08,True
1589,W.P. Labuan,63,5,14,2025-08,True
1589,W.P. Putrajaya,119,5,26,2025-08,True
917,Johor,970,10,209,2025-08,True
917,Kedah,475,5,107,2025-08,True
917,Kelantan,822,5,187,2025-08,True
917,Melaka,242,6,51,2025-08,True
917,Negeri Sembilan,290,5,63,2025-08,True
917,Pahang,755,9,170,2025-08,True
917,Perak,778,5,172,2025-08,True
917,Perlis,126,5,27,2025-08,True
917,Pulau Pinang,586,5,128,2025-08,True
917,Sabah,296,5,78,2025-08,True
917,Sarawak,340,5,84,2025-08,True
917,Selangor,520,5,122,2025-08,True
917,Terengganu,599,5,131,2025-08,True
917,W.P. Kuala Lumpur,705,5,153,2025-08,True
917,W.P. Labuan,19,5,6,2025-08,True
917,W.P. Putrajaya,112,5,26,2025-08,True
129,Johor,3714,30,201,2025-08,True
129,Kedah,1987,30,102,2025-08,True
129,Kelantan,2677,30,174,2025-08,True
129,Melaka,743,28,51,2025-08,True
129,Negeri Sembilan,1153,30,64,2025-08,True
129,Pahang,2485,30,140,2025-08,True
129,Perak,3088,30,155,2025-08,True
129,Perlis,515,30,30,2025-08,True
129,Pulau Pinang,2392,30,123,2025-08,True
129,Sabah,3571,31,200,2025-08,True
129,Sarawak,4362,30,222,2025-08,True
129,Selangor,2564,30,122,2025-08,True
129,Terengganu,2009,30,132,2025-08,True
129,W.P. Kuala Lumpur,3937,30,162,2025-08,True
129,W.P. Labuan,362,30,14,2025-08,True
129,W.P. Putrajaya,445,30,27,2025-08,True
1564,Johor,3772,30,206,2025-08,True
1564,Kedah,1762,30,94,2025-08,True
1564,Kelantan,1792,30,95,2025-08,True
1564,Melaka,734,28,52,2025-08,True
1564,Negeri Sembilan,1143,30,64,2025-08,True
1564,Pahang,2567,30,159,2025-08,True
1564,Perak,3215,30,174,2025-08,True
1564,Perlis,458,30,26,2025-08,True
1564,Pulau Pinang,2525,30,136,2025-08,True
1564,Sabah,3642,31,201,2025-08,True
1564,Sarawak,4387,30,218,2025-08,True
1564,Selangor,2577,30,120,2025-08,True
1564,Terengganu,1574,30,96,2025-08,True
1564,W.P. Kuala Lumpur,3839,30,160,2025-08,True
1564,W.P. Labuan,359,30,14,2025-08,True
1564,W.P. Putrajaya,441,30,25,2025-08,True
1131,Johor,3330,30,187,2025-08,True
1131,Kedah,1617,30,90,2025-08,True
1131,Kelantan,1440,30,94,2025-08,True
1131,Melaka,626,28,45,2025-08,True
1131,Negeri Sembilan,873,30,49,2025-08,True
1131,Pahang,2367,30,152,2025-08,True
1131,Perak,2785,30,154,2025-08,True
1131,Perlis,434,30,26,2025-08,True
1131,Pulau Pinang,2302,30,128,2025-08,True
1131,Sabah,3229,31,184,2025-08,True
1131,Sarawak,4362,30,220,2025-08,True
1131,Selangor,2197,30,112,2025-08,True
1131,Terengganu,1586,30,100,2025-08,True
1131,W.P. Kuala Lumpur,3487,30,147,2025-08,True
1131,W.P. Labuan,364,30,14,2025-08,True
1131,W.P. Putrajaya,392,30,25,2025-08,True
94,Johor,2234,30,120,2025-08,True
94,Kedah,1082,30,58,2025-08,True
94,Kelantan,581,30,26,2025-08,True
94,Melaka,418,28,31,2025-08,True
94,Negeri Sembilan,1104,30,56,2025-08,True
94,Pahang,2356,30,115,2025-08,True
94,Perak,2258,30,115,2025-08,True
94,Perlis,437,30,23,2025-08,True
94,Pulau Pinang,1525,30,92,2025-08,True
94,Sabah,951,30,58,2025-08,True
94,Sarawak,3544,30,165,2025-08,True
94,Selangor,2190,30,104,2025-08,True
94,Terengganu,1000,30,66,2025-08,True
94,W.P. Kuala Lumpur,3215,30,134,2025-08,True
94,W.P. Labuan,0,0,0,2025-08,False
94,W.P. Putrajaya,3,3,2,2025-08,True
114,Johor,3743,30,199,2025-08,True
114,Kedah,1976,30,87,2025-08,True
114,Kelantan,2398,30,111,2025-08,True
114,Melaka,736,28,45,2025-08,True
114,Negeri Sembilan,1154,30,59,2025-08,True
114,Pahang,2564,30,125,2025-08,True
114,Perak,3079,30,132,2025-08,True
114,Perlis,562,30,24,2025-08,True
114,Pulau Pinang,2449,30,117,2025-08,True
114,Sabah,2813,30,152,2025-08,True
114,Sarawak,3686,30,181,2025-08,True
114,Selangor,2603,30,119,2025-08,True
114,Terengganu,1933,30,109,2025-08,True
114,W.P. Kuala Lumpur,3896,30,161,2025-08,True
114,W.P. Labuan,178,30,9,2025-08,True
114,W.P. Putrajaya,442,30,25,2025-08,True
103,Johor,195,9,47,2025-08,True
103,Kedah,53,5,15,2025-08,True
103,Kelantan,31,5,8,2025-08,True
103,Melaka,23,5,6,2025-08,True
103,Negeri Sembilan,103,5,27,2025-08,True
103,Pahang,157,8,37,2025-08,True
103,Perak,296,5,67,2025-08,True
103,Perlis,0,0,0,2025-08,False
103,Pulau Pinang,113,5,26,2025-08,True
103,Sabah,1,1,1,2025-08,True
103,Sarawak,1,1,1,2025-08,True
103,Selangor,184,5,44,2025-08,True
103,Terengganu,30,5,6,2025-08,True
103,W.P. Kuala Lumpur,262,5,65,2025-08,True
103,W.P. Labuan,3,3,1,2025-08,True
103,W.P. Putrajaya,36,5,10,2025-08,True
1431,Johor,42,10,10,2025-08,True
1431,Kedah,59,5,13,2025-08,True
1431,Kelantan,74,5,16,2025-08,True
1431,Melaka,25,6,7,2025-08,True
1431,Negeri Sembilan,27,5,7,2025-08,True
1431,Pahang,27,5,7,2025-08,True
1431,Perak,65,5,17,2025-08,True
1431,Perlis,7,5,3,2025-08,True
1431,Pulau Pinang,81,5,17,2025-08,True
1431,Sabah,10,5,2,2025-08,True
1431,Sarawak,1,1,1,2025-08,True
1431,Selangor,45,5,12,2025-08,True
1431,Terengganu,32,5,9,2025-08,True
1431,W.P. Kuala Lumpur,9,4,4,2025-08,True
1431,W.P. Labuan,0,0,0,2025-08,False
1431,W.P. Putrajaya,5,5,1,2025-08,True
1555,Johor,2823,30,164,2025-08,True
1555,Kedah,1166,30,59,2025-08,True
1555,Kelantan,1915,30,84,2025-08,True
1555,Melaka,637,28,38,2025-08,True
1555,Negeri Sembilan,823,30,47,2025-08,True
1555,Pahang,1750,30,95,2025-08,True
1555,Perak,2443,30,114,2025-08,True
1555,Perlis,269,30,16,2025-08,True
1555,Pulau Pinang,1531,30,89,2025-08,True
1555,Sabah,863,30,58,2025-08,True
1555,Sarawak,1713,30,93,2025-08,True
1555,Selangor,2205,30,98,2025-08,True
1555,Terengganu,982,30,64,2025-08,True
1555,W.P. Kuala Lumpur,2456,30,116,2025-08,True
1555,W.P. Labuan,177,30,10,2025-08,True
1555,W.P. Putrajaya,378,30,20,2025-08,True
193,Johor,243,5,52,2025-08,True
193,Kedah,474,5,100,2025-08,True
193,Kelantan,47,5,11,2025-08,True
193,Melaka,55,5,11,2025-08,True
193,Negeri Sembilan,181,5,39,2025-08,True
193,Pahang,281,5,59,2025-08,True
193,Perak,638,5,135,2025-08,True
193,Perlis,142,5,30,2025-08,True
193,Pulau Pinang,447,5,96,2025-08,True
193,Sabah,359,5,87,2025-08,True
193,Sarawak,518,5,118,2025-08,True
193,Selangor,426,5,93,2025-08,True
193,Terengganu,50,5,10,2025-08,True
193,W.P. Kuala Lumpur,530,5,112,2025-08,True
193,W.P. Labuan,20,5,5,2025-08,True
193,W.P. Putrajaya,76,5,17,2025-08,True
1,Johor,3023,26,176,2025-09,True
1,Kedah,1624,26,77,2025-09,True
1,Kelantan,1786,25,90,2025-09,True
1,Melaka,628,26,37,2025-09,True
1,Negeri Sembilan,926,26,50,2025-09,True
1,Pahang,2076,26,112,2025-09,True
1,Perak,2621,26,122,2025-09,True
1,Perlis,383,26,20,2025-09,True
1,Pulau Pinang,1736,26,88,2025-09,True
1,Sabah,392,26,18,2025-09,True
1,Sarawak,460,26,25,2025-09,True
1,Selangor,2163,26,103,2025-09,True
1,Terengganu,1620,27,97,2025-09,True
1,W.P. Kuala Lumpur,2494,26,116,2025-09,True
1,W.P. Labuan,31,26,2,2025-09,True
1,W.P. Putrajaya,353,26,20,2025-09,True
1111,Johor,2208,26,159,2025-09,True
1111,Kedah,584,26,47,2025-09,True
1111,Kelantan,865,25,118,2025-09,True
1111,Melaka,448,26,38,2025-09,True
1111,Negeri Sembilan,623,26,41,2025-09,True
1111,Pahang,1300,26,103,2025-09,True
1111,Perak,1718,26,132,2025-09,True
1111,Perlis,131,26,11,2025-09,True
1111,Pulau Pinang,1142,26,79,2025-09,True
1111,Sabah,166,26,39,2025-09,True
1111,Sarawak,493,26,84,2025-09,True
1111,Selangor,1429,26,100,2025-09,True
1111,Terengganu,701,27,80,2025-09,True
1111,W.P. Kuala Lumpur,1994,26,122,2025-09,True
1111,W.P. Labuan,6,6,1,2025-09,True
1111,W.P. Putrajaya,218,26,15,2025-09,True
904,Johor,164,4,48,2025-09,True
904,Kedah,188,4,55,2025-09,True
904,Kelantan,69,5,27,2025-09,True
904,Melaka,51,4,16,2025-09,True
904,Negeri Sembilan,56,4,17,2025-09,True
904,Pahang,87,5,28,2025-09,True
904,Perak,242,4,72,2025-09,True
904,Perlis,37,4,12,2025-09,True
904,Pulau Pinang,187,7,54,2025-09,True
904,Sabah,0,0,0,2025-09,False
904,Sarawak,0,0,0,2025-09,False
904,Selangor,135,4,43,2025-09,True
904,Terengganu,88,4,28,2025-09,True
904,W.P. Kuala Lumpur,132,4,38,2025-09,True
904,W.P. Labuan,0,0,0,2025-09,False
904,W.P. Putrajaya,40,4,11,2025-09,True
918,Johor,230,7,90,2025-09,True
918,Kedah,154,4,49,2025-09,True
918,Kelantan,438,4,142,2025-09,True
918,Melaka,94,4,32,2025-09,True
918,Negeri Sembilan,45,4,18,2025-09,True
918,Pahang,162,6,66,2025-09,True
918,Perak,110,4,45,2025-09,True
918,Perlis,65,4,21,2025-09,True
918,Pulau Pinang,123,4,42,2025-09,True
918,Sabah,133,4,44,2025-09,True
918,Sarawak,197,4,80,2025-09,True
918,Selangor,112,4,47,2025-09,True
918,Terengganu,182,4,64,2025-09,True
918,W.P. Kuala Lumpur,129,4,43,2025-09,True
918,W.P. Labuan,22,4,8,2025-09,True
918,W.P. Putrajaya,5,3,4,2025-09,True
1589,Johor,789,8,207,2025-09,True
1589,Kedah,427,4,109,2025-09,True
1589,Kelantan,797,4,203,2025-09,True
1589,Melaka,204,5,52,2025-09,True
1589,Negeri Sembilan,237,4,61,2025-09,True
1589,Pahang,660,7,177,2025-09,True
1589,Perak,661,4,174,2025-09,True
1589,Perlis,107,4,29,2025-09,True
1589,Pulau Pinang,531,4,137,2025-09,True
1589,Sabah,393,5,121,2025-09,True
1589,Sarawak,545,4,173,2025-09,True
1589,Selangor,447,4,124,2025-09,True
1589,Terengganu,515,4,131,2025-09,True
1589,W.P. Kuala Lumpur,634,4,165,2025-09,True
1589,W.P. Labuan,50,4,14,2025-09,True
1589,W.P. Putrajaya,94,4,25,2025-09,True
917,Johor,743,8,203,2025-09,True
917,Kedah,374,4,106,2025-09,True
917,Kelantan,633,4,182,2025-09,True
917,Melaka,189,5,50,2025-09,True
917,Negeri Sembilan,219,4,61,2025-09,True
917,Pahang,584,7,166,2025-09,True
917,Perak,609,4,170,2025-09,True
917,Perlis,89,4,26,2025-09,True
917,Pulau Pinang,455,4,124,2025-09,True
917,Sabah,227,4,64,2025-09,True
917,Sarawak,245,4,82,2025-09,True
917,Selangor,406,4,122,2025-09,True
917,Terengganu,473,4,125,2025-09,True
917,W.P. Kuala Lumpur,550,4,148,2025-09,True
917,W.P. Labuan,10,4,3,2025-09,True
917,W.P. Putrajaya,91,4,25,2025-09,True
129,Johor,3153,26,197,2025-09,True
129,Kedah,1667,26,100,2025-09,True
129,Kelantan,2167,25,171,2025-09,True
129,Melaka,681,26,52,2025-09,True
129,Negeri Sembilan,1011,26,63,2025-09,True
129,Pahang,2130,26,139,2025-09,True
129,Perak,2635,26,145,2025-09,True
129,Perlis,453,26,30,2025-09,True
129,Pulau Pinang,2049,26,126,2025-09,True
129,Sabah,2912,27,174,2025-09,True
129,Sarawak,3735,26,222,2025-09,True
129,Selangor,2228,26,123,2025-09,True
129,Terengganu,1781,27,131,2025-09,True
129,W.P. Kuala Lumpur,3382,26,160,2025-09,True
129,W.P. Labuan,309,26,14,2025-09,True
129,W.P. Putrajaya,387,26,27,2025-09,True
1564,Johor,3242,26,203,2025-09,True
1564,Kedah,1487,26,94,2025-09,True
1564,Kelantan,1499,25,86,2025-09,True
1564,Melaka,693,26,53,2025-09,True
1564,Negeri Sembilan,996,26,63,2025-09,True
1564,Pahang,2151,26,159,2025-09,True
1564,Perak,2734,26,170,2025-09,True
1564,Perlis,380,26,26,2025-09,True
1564,Pulau Pinang,2171,26,140,2025-09,True
1564,Sabah,2987,27,175,2025-09,True
1564,Sarawak,3738,26,217,2025-09,True
1564,Selangor,2221,26,120,2025-09,True
1564,Terengganu,1392,27,95,2025-09,True
1564,W.P. Kuala Lumpur,3317,26,157,2025-09,True
1564,W.P. Labuan,305,26,14,2025-09,True
1564,W.P. Putrajaya,378,26,24,2025-09,True
1131,Johor,2830,26,183,2025-09,True
1131,Kedah,1400,26,88,2025-09,True
1131,Kelantan,1162,25,84,2025-09,True
1131,Melaka,628,26,50,2025-09,True
1131,Negeri Sembilan,768,26,46,2025-09,True
1131,Pahang,1993,26,151,2025-09,True
1131,Perak,2418,26,148,2025-09,True
1131,Perlis,377,26,25,2025-09,True
1131,Pulau Pinang,1989,26,131,2025-09,True
1131,Sabah,2735,27,162,2025-09,True
1131,Sarawak,3726,26,218,2025-09,True
1131,Selangor,1940,26,110,2025-09,True
1131,Terengganu,1400,27,99,2025-09,True
1131,W.P. Kuala Lumpur,3045,26,147,2025-09,True
1131,W.P. Labuan,308,26,14,2025-09,True
1131,W.P. Putrajaya,335,26,25,2025-09,True
94,Johor,2116,26,128,2025-09,True
94,Kedah,1030,26,64,2025-09,True
94,Kelantan,501,25,27,2025-09,True
94,Melaka,359,26,28,2025-09,True
94,Negeri Sembilan,980,26,56,2025-09,True
94,Pahang,1971,26,112,2025-09,True
94,Perak,2076,26,115,2025-09,True
94,Perlis,334,26,24,2025-09,True
94,Pulau Pinang,1281,26,78,2025-09,True
94,Sabah,614,26,44,2025-09,True
94,Sarawak,2584,26,160,2025-09,True
94,Selangor,2027,26,108,2025-09,True
94,Terengganu,936,27,61,2025-09,True
94,W.P. Kuala Lumpur,2864,26,135,2025-09,True
94,W.P. Labuan,2,2,1,2025-09,True
94,W.P. Putrajaya,2,2,1,2025-09,True
114,Johor,3239,26,199,2025-09,True
114,Kedah,1690,26,86,2025-09,True
114,Kelantan,1991,25,108,2025-09,True
114,Melaka,671,26,46,2025-09,True
114,Negeri Sembilan,998,26,59,2025-09,True
114,Pahang,2182,26,126,2025-09,True
114,Perak,2643,26,132,2025-09,True
114,Perlis,490,26,25,2025-09,True
114,Pulau Pinang,2103,26,117,2025-09,True
114,Sabah,2298,27,135,2025-09,True
114,Sarawak,3036,26,176,2025-09,True
114,Selangor,2236,26,116,2025-09,True
114,Terengganu,1708,27,107,2025-09,True
114,W.P. Kuala Lumpur,3369,26,159,2025-09,True
114,W.P. Labuan,98,26,9,2025-09,True
114,W.P. Putrajaya,378,26,25,2025-09,True
103,Johor,149,7,44,2025-09,True
103,Kedah,49,4,13,2025-09,True
103,Kelantan,26,4,9,2025-09,True
103,Melaka,17,4,5,2025-09,True
103,Negeri Sembilan,79,4,23,2025-09,True
103,Pahang,124,7,35,2025-09,True
103,Perak,234,4,65,2025-09,True
103,Perlis,0,0,0,2025-09,False
103,Pulau Pinang,90,4,24,2025-09,True
103,Sabah,0,0,0,2025-09,False
103,Sarawak,0,0,0,2025-09,False
103,Selangor,153,4,45,2025-09,True
103,Terengganu,22,4,7,2025-09,True
103,W.P. Kuala Lumpur,209,4,59,2025-09,True
103,W.P. Labuan,2,2,1,2025-09,True
103,W.P. Putrajaya,27,4,10,2025-09,True
1431,Johor,29,7,8,2025-09,True
1431,Kedah,50,4,13,2025-09,True
1431,Kelantan,60,4,16,2025-09,True
1431,Melaka,18,5,6,2025-09,True
1431,Negeri Sembilan,22,4,7,2025-09,True
1431,Pahang,23,4,8,2025-09,True
1431,Perak,58,4,17,2025-09,True
1431,Perlis,5,4,2,2025-09,True
1431,Pulau Pinang,57,4,16,2025-09,True
1431,Sabah,6,4,2,2025-09,True
1431,Sarawak,3,3,1,2025-09,True
1431,Selangor,39,4,12,2025-09,True
1431,Terengganu,29,4,8,2025-09,True
1431,W.P. Kuala Lumpur,8,4,3,2025-09,True
1431,W.P. Labuan,0,0,0,2025-09,False
1431,W.P. Putrajaya,4,4,1,2025-09,True
1555,Johor,2400,26,157,2025-09,True
1555,Kedah,994,26,59,2025-09,True
1555,Kelantan,1568,25,84,2025-09,True
1555,Melaka,574,26,36,2025-09,True
1555,Negeri Sembilan,817,26,44,2025-09,True
1555,Pahang,1522,26,92,2025-09,True
1555,Perak,2096,26,112,2025-09,True
1555,Perlis,222,26,17,2025-09,True
1555,Pulau Pinang,1325,26,85,2025-09,True
1555,Sabah,643,26,55,2025-09,True
1555,Sarawak,1608,26,102,2025-09,True
1555,Selangor,1924,26,98,2025-09,True
1555,Terengganu,828,27,59,2025-09,True
1555,W.P. Kuala Lumpur,2148,26,109,2025-09,True
1555,W.P. Labuan,130,26,9,2025-09,True
1555,W.P. Putrajaya,329,26,20,2025-09,True
193,Johor,188,4,52,2025-09,True
193,Kedah,385,4,105,2025-09,True
193,Kelantan,36,4,10,2025-09,True
193,Melaka,48,4,12,2025-09,True
193,Negeri Sembilan,129,4,38,2025-09,True
193,Pahang,223,4,62,2025-09,True
193,Perak,494,4,135,2025-09,True
193,Perlis,109,4,30,2025-09,True
193,Pulau Pinang,350,4,97,2025-09,True
193,Sabah,265,5,75,2025-09,True
193,Sarawak,396,4,116,2025-09,True
193,Selangor,346,4,98,2025-09,True
193,Terengganu,40,4,10,2025-09,True
193,W.P. Kuala Lumpur,412,4,110,2025-09,True
193,W.P. Labuan,21,4,6,2025-09,True
193,W.P. Putrajaya,57,4,17,2025-09,True
1,Johor,3451,30,177,2025-10,True
1,Kedah,1867,30,77,2025-10,True
1,Kelantan,2129,30,90,2025-10,True
1,Melaka,711,30,36,2025-10,True
1,Negeri Sembilan,1063,30,50,2025-10,True
1,Pahang,2391,30,110,2025-10,True
1,Perak,2997,30,122,2025-10,True
1,Perlis,438,30,20,2025-10,True
1,Pulau Pinang,1973,30,89,2025-10,True
1,Sabah,449,30,19,2025-10,True
1,Sarawak,553,30,28,2025-10,True
1,Selangor,2491,30,102,2025-10,True
1,Terengganu,1785,30,93,2025-10,True
1,W.P. Kuala Lumpur,2868,30,115,2025-10,True
1,W.P. Labuan,34,27,3,2025-10,True
1,W.P. Putrajaya,471,30,22,2025-10,True
1111,Johor,2843,30,163,2025-10,True
1111,Kedah,665,30,47,2025-10,True
1111,Kelantan,1213,30,118,2025-10,True
1111,Melaka,506,30,39,2025-10,True
1111,Negeri Sembilan,805,30,40,2025-10,True
1111,Pahang,1760,30,116,2025-10,True
1111,Perak,2167,30,146,2025-10,True
1111,Perlis,173,30,10,2025-10,True
1111,Pulau Pinang,1441,30,87,2025-10,True
1111,Sabah,174,30,40,2025-10,True
1111,Sarawak,682,30,90,2025-10,True
1111,Selangor,1802,30,106,2025-10,True
1111,Terengganu,1089,30,84,2025-10,True
1111,W.P. Kuala Lumpur,2519,30,121,2025-10,True
1111,W.P. Labuan,22,22,3,2025-10,True
1111,W.P. Putrajaya,304,30,18,2025-10,True
904,Johor,162,4,49,2025-10,True
904,Kedah,200,4,54,2025-10,True
904,Kelantan,76,4,25,2025-10,True
904,Melaka,56,4,15,2025-10,True
904,Negeri Sembilan,70,4,18,2025-10,True
904,Pahang,88,5,24,2025-10,True
904,Perak,277,4,74,2025-10,True
904,Perlis,46,4,13,2025-10,True
904,Pulau Pinang,193,9,53,2025-10,True
904,Sabah,0,0,0,2025-10,False
904,Sarawak,0,0,0,2025-10,False
904,Selangor,145,4,42,2025-10,True
904,Terengganu,82,4,26,2025-10,True
904,W.P. Kuala Lumpur,128,4,37,2025-10,True
904,W.P. Labuan,0,0,0,2025-10,False
904,W.P. Putrajaya,33,4,9,2025-10,True
918,Johor,247,7,86,2025-10,True
918,Kedah,152,4,51,2025-10,True
918,Kelantan,461,4,139,2025-10,True
918,Melaka,100,4,32,2025-10,True
918,Negeri Sembilan,46,4,16,2025-10,True
918,Pahang,183,6,70,2025-10,True
918,Perak,125,4,41,2025-10,True
918,Perlis,68,4,21,2025-10,True
918,Pulau Pinang,121,4,42,2025-10,True
918,Sabah,153,4,55,2025-10,True
918,Sarawak,232,4,94,2025-10,True
918,Selangor,140,4,61,2025-10,True
918,Terengganu,204,4,71,2025-10,True
918,W.P. Kuala Lumpur,145,4,48,2025-10,True
918,W.P. Labuan,24,4,8,2025-10,True
918,W.P. Putrajaya,5,4,3,2025-10,True
1589,Johor,810,8,209,2025-10,True
1589,Kedah,434,4,110,2025-10,True
1589,Kelantan,807,4,203,2025-10,True
1589,Melaka,202,4,52,2025-10,True
1589,Negeri Sembilan,237,4,60,2025-10,True
1589,Pahang,680,7,177,2025-10,True
1589,Perak,670,4,174,2025-10,True
1589,Perlis,114,4,29,2025-10,True
1589,Pulau Pinang,533,4,137,2025-10,True
1589,Sabah,457,5,131,2025-10,True
1589,Sarawak,592,4,176,2025-10,True
1589,Selangor,453,4,122,2025-10,True
1589,Terengganu,510,4,130,2025-10,True
1589,W.P. Kuala Lumpur,639,4,168,2025-10,True
1589,W.P. Labuan,49,4,14,2025-10,True
1589,W.P. Putrajaya,99,4,27,2025-10,True
917,Johor,743,7,205,2025-10,True
917,Kedah,390,4,102,2025-10,True
917,Kelantan,679,4,184,2025-10,True
917,Melaka,193,4,51,2025-10,True
917,Negeri Sembilan,234,4,62,2025-10,True
917,Pahang,583,7,156,2025-10,True
917,Perak,602,4,171,2025-10,True
917,Perlis,95,4,25,2025-10,True
917,Pulau Pinang,459,4,126,2025-10,True
917,Sabah,229,4,69,2025-10,True
917,Sarawak,244,4,87,2025-10,True
917,Selangor,430,4,126,2025-10,True
917,Terengganu,476,4,125,2025-10,True
917,W.P. Kuala Lumpur,548,4,152,2025-10,True
917,W.P. Labuan,11,4,4,2025-10,True
917,W.P. Putrajaya,101,4,26,2025-10,True
129,Johor,3639,30,197,2025-10,True
129,Kedah,1920,30,99,2025-10,True
129,Kelantan,2519,30,169,2025-10,True
129,Melaka,774,30,51,2025-10,True
129,Negeri Sembilan,1138,30,62,2025-10,True
129,Pahang,2465,30,141,2025-10,True
129,Perak,3031,30,150,2025-10,True
129,Perlis,508,30,30,2025-10,True
129,Pulau Pinang,2355,30,127,2025-10,True
129,Sabah,3340,30,176,2025-10,True
129,Sarawak,4325,31,223,2025-10,True
129,Selangor,2529,30,123,2025-10,True
129,Terengganu,1939,30,133,2025-10,True
129,W.P. Kuala Lumpur,3864,30,161,2025-10,True
129,W.P. Labuan,343,30,14,2025-10,True
129,W.P. Putrajaya,489,30,27,2025-10,True
1564,Johor,3695,30,203,2025-10,True
1564,Kedah,1698,30,95,2025-10,True
1564,Kelantan,1764,30,90,2025-10,True
1564,Melaka,795,30,53,2025-10,True
1564,Negeri Sembilan,1125,30,61,2025-10,True
1564,Pahang,2434,30,160,2025-10,True
1564,Perak,3127,30,169,2025-10,True
1564,Perlis,456,30,26,2025-10,True
1564,Pulau Pinang,2474,30,139,2025-10,True
1564,Sabah,3526,30,177,2025-10,True
1564,Sarawak,4302,31,218,2025-10,True
1564,Selangor,2548,30,124,2025-10,True
1564,Terengganu,1564,30,96,2025-10,True
1564,W.P. Kuala Lumpur,3792,30,156,2025-10,True
1564,W.P. Labuan,354,30,14,2025-10,True
1564,W.P. Putrajaya,486,30,25,2025-10,True
1131,Johor,3198,30,181,2025-10,True
1131,Kedah,1684,30,88,2025-10,True
1131,Kelantan,1228,30,82,2025-10,True
1131,Melaka,761,30,51,2025-10,True
1131,Negeri Sembilan,911,30,46,2025-10,True
1131,Pahang,2295,30,139,2025-10,True
1131,Perak,2841,30,153,2025-10,True
1131,Perlis,461,30,26,2025-10,True
1131,Pulau Pinang,2191,30,129,2025-10,True
1131,Sabah,3125,30,164,2025-10,True
1131,Sarawak,4256,31,215,2025-10,True
1131,Selangor,2222,30,109,2025-10,True
1131,Terengganu,1565,30,102,2025-10,True
1131,W.P. Kuala Lumpur,3453,30,147,2025-10,True
1131,W.P. Labuan,360,30,14,2025-10,True
1131,W.P. Putrajaya,450,30,26,2025-10,True
94,Johor,2374,30,118,2025-10,True
94,Kedah,1059,30,60,2025-10,True
94,Kelantan,596,30,30,2025-10,True
94,Melaka,424,30,31,2025-10,True
94,Negeri Sembilan,1113,30,56,2025-10,True
94,Pahang,2201,30,108,2025-10,True
94,Perak,2315,30,110,2025-10,True
94,Perlis,376,30,22,2025-10,True
94,Pulau Pinang,1362,30,78,2025-10,True
94,Sabah,568,30,54,2025-10,True
94,Sarawak,3057,30,165,2025-10,True
94,Selangor,2344,30,109,2025-10,True
94,Terengganu,899,30,59,2025-10,True
94,W.P. Kuala Lumpur,3316,30,138,2025-10,True
94,W.P. Labuan,1,1,1,2025-10,True
94,W.P. Putrajaya,1,1,1,2025-10,True
114,Johor,3677,30,198,2025-10,True
114,Kedah,1939,30,86,2025-10,True
114,Kelantan,2361,30,113,2025-10,True
114,Melaka,754,30,46,2025-10,True
114,Negeri Sembilan,1123,30,57,2025-10,True
114,Pahang,2508,30,125,2025-10,True
114,Perak,3031,30,133,2025-10,True
114,Perlis,560,30,25,2025-10,True
114,Pulau Pinang,2398,30,117,2025-10,True
114,Sabah,2516,30,135,2025-10,True
114,Sarawak,3565,30,177,2025-10,True
114,Selangor,2566,30,116,2025-10,True
114,Terengganu,1879,30,105,2025-10,True
114,W.P. Kuala Lumpur,3873,30,161,2025-10,True
114,W.P. Labuan,146,30,10,2025-10,True
114,W.P. Putrajaya,494,30,27,2025-10,True
103,Johor,141,7,44,2025-10,True
103,Kedah,45,4,13,2025-10,True
103,Kelantan,27,4,8,2025-10,True
103,Melaka,17,4,5,2025-10,True
103,Negeri Sembilan,76,4,23,2025-10,True
103,Pahang,138,7,37,2025-10,True
103,Perak,225,4,63,2025-10,True
103,Perlis,0,0,0,2025-10,False
103,Pulau Pinang,87,4,24,2025-10,True
103,Sabah,0,0,0,2025-10,False
103,Sarawak,0,0,0,2025-10,False
103,Selangor,146,4,45,2025-10,True
103,Terengganu,23,4,6,2025-10,True
103,W.P. Kuala Lumpur,212,4,59,2025-10,True
103,W.P. Labuan,4,4,1,2025-10,True
103,W.P. Putrajaya,29,4,10,2025-10,True
1431,Johor,33,7,10,2025-10,True
1431,Kedah,48,4,13,2025-10,True
1431,Kelantan,60,4,15,2025-10,True
1431,Melaka,26,4,7,2025-10,True
1431,Negeri Sembilan,23,4,7,2025-10,True
1431,Pahang,23,4,8,2025-10,True
1431,Perak,52,4,15,2025-10,True
1431,Perlis,5,4,2,2025-10,True
1431,Pulau Pinang,61,4,17,2025-10,True
1431,Sabah,8,4,2,2025-10,True
1431,Sarawak,3,3,1,2025-10,True
1431,Selangor,36,4,11,2025-10,True
1431,Terengganu,24,4,7,2025-10,True
1431,W.P. Kuala Lumpur,1,1,1,2025-10,True
1431,W.P. Labuan,0,0,0,2025-10,False
1431,W.P. Putrajaya,8,4,2,2025-10,True
1555,Johor,2758,30,159,2025-10,True
1555,Kedah,1233,30,58,2025-10,True
1555,Kelantan,1901,30,83,2025-10,True
1555,Melaka,643,30,38,2025-10,True
1555,Negeri Sembilan,956,30,47,2025-10,True
1555,Pahang,1751,30,94,2025-10,True
1555,Perak,2482,30,112,2025-10,True
1555,Perlis,248,30,18,2025-10,True
1555,Pulau Pinang,1470,30,84,2025-10,True
1555,Sabah,827,30,62,2025-10,True
1555,Sarawak,1908,30,98,2025-10,True
1555,Selangor,2210,30,98,2025-10,True
1555,Terengganu,1020,30,63,2025-10,True
1555,W.P. Kuala Lumpur,2444,30,113,2025-10,True
1555,W.P. Labuan,205,30,11,2025-10,True
1555,W.P. Putrajaya,446,30,22,2025-10,True
193,Johor,202,4,54,2025-10,True
193,Kedah,398,4,105,2025-10,True
193,Kelantan,41,4,11,2025-10,True
193,Melaka,49,4,14,2025-10,True
193,Negeri Sembilan,128,4,35,2025-10,True
193,Pahang,205,4,59,2025-10,True
193,Perak,500,4,130,2025-10,True
193,Perlis,113,4,31,2025-10,True
193,Pulau Pinang,371,4,100,2025-10,True
193,Sabah,279,4,81,2025-10,True
193,Sarawak,400,4,113,2025-10,True
193,Selangor,354,4,95,2025-10,True
193,Terengganu,35,4,9,2025-10,True
193,W.P. Kuala Lumpur,417,4,110,2025-10,True
193,W.P. Labuan,17,4,5,2025-10,True
193,W.P. Putrajaya,62,4,17,2025-10,True
1,Johor,3361,30,179,2025-11,True
1,Kedah,1796,29,76,2025-11,True
1,Kelantan,2035,29,89,2025-11,True
1,Melaka,693,29,37,2025-11,True
1,Negeri Sembilan,1047,30,51,2025-11,True
1,Pahang,2302,30,110,2025-11,True
1,Perak,2840,29,122,2025-11,True
1,Perlis,389,29,20,2025-11,True
1,Pulau Pinang,1923,30,87,2025-11,True
1,Sabah,390,28,16,2025-11,True
1,Sarawak,465,29,23,2025-11,True
1,Selangor,2342,29,100,2025-11,True
1,Terengganu,1718,30,93,2025-11,True
1,W.P. Kuala Lumpur,2858,30,119,2025-11,True
1,W.P. Labuan,39,29,2,2025-11,True
1,W.P. Putrajaya,458,29,22,2025-11,True
1111,Johor,2875,30,165,2025-11,True
1111,Kedah,677,29,49,2025-11,True
1111,Kelantan,1155,29,117,2025-11,True
1111,Melaka,503,29,37,2025-11,True
1111,Negeri Sembilan,817,30,43,2025-11,True
1111,Pahang,1754,30,117,2025-11,True
1111,Perak,2098,29,138,2025-11,True
1111,Perlis,172,29,12,2025-11,True
1111,Pulau Pinang,1419,30,87,2025-11,True
1111,Sabah,247,28,45,2025-11,True
1111,Sarawak,820,30,88,2025-11,True
1111,Selangor,1768,29,107,2025-11,True
1111,Terengganu,1099,30,93,2025-11,True
1111,W.P. Kuala Lumpur,2576,30,123,2025-11,True
1111,W.P. Labuan,16,15,4,2025-11,True
1111,W.P. Putrajaya,284,29,18,2025-11,True
904,Johor,173,4,47,2025-11,True
904,Kedah,211,4,56,2025-11,True
904,Kelantan,83,4,29,2025-11,True
904,Melaka,56,4,17,2025-11,True
904,Negeri Sembilan,69,4,18,2025-11,True
904,Pahang,85,4,25,2025-11,True
904,Perak,272,4,75,2025-11,True
904,Perlis,50,4,13,2025-11,True
904,Pulau Pinang,200,9,52,2025-11,True
904,Sabah,0,0,0,2025-11,False
904,Sarawak,0,0,0,2025-11,False
904,Selangor,158,4,46,2025-11,True
904,Terengganu,98,4,30,2025-11,True
904,W.P. Kuala Lumpur,137,4,40,2025-11,True
904,W.P. Labuan,0,0,0,2025-11,False
904,W.P. Putrajaya,37,4,11,2025-11,True
918,Johor,233,9,92,2025-11,True
918,Kedah,148,4,54,2025-11,True
918,Kelantan,418,4,133,2025-11,True
918,Melaka,81,5,33,2025-11,True
918,Negeri Sembilan,49,4,16,2025-11,True
918,Pahang,170,5,63,2025-11,True
918,Perak,140,4,51,2025-11,True
918,Perlis,64,4,21,2025-11,True
918,Pulau Pinang,135,4,50,2025-11,True
918,Sabah,156,4,57,2025-11,True
918,Sarawak,224,4,90,2025-11,True
918,Selangor,125,4,54,2025-11,True
918,Terengganu,192,4,68,2025-11,True
918,W.P. Kuala Lumpur,159,4,50,2025-11,True
918,W.P. Labuan,28,4,8,2025-11,True
918,W.P. Putrajaya,9,4,4,2025-11,True
1589,Johor,798,9,205,2025-11,True
1589,Kedah,436,4,110,2025-11,True
1589,Kelantan,792,4,201,2025-11,True
1589,Melaka,202,5,51,2025-11,True
1589,Negeri Sembilan,236,4,60,2025-11,True
1589,Pahang,684,9,178,2025-11,True
1589,Perak,670,4,174,2025-11,True
1589,Perlis,112,4,29,2025-11,True
1589,Pulau Pinang,526,4,134,2025-11,True
1589,Sabah,483,4,139,2025-11,True
1589,Sarawak,606,4,181,2025-11,True
1589,Selangor,430,4,115,2025-11,True
1589,Terengganu,510,4,132,2025-11,True
1589,W.P. Kuala Lumpur,648,4,167,2025-11,True
1589,W.P. Labuan,51,4,14,2025-11,True
1589,W.P. Putrajaya,100,4,26,2025-11,True
917,Johor,779,10,204,2025-11,True
917,Kedah,407,4,109,2025-11,True
917,Kelantan,669,4,184,2025-11,True
917,Melaka,193,5,50,2025-11,True
917,Negeri Sembilan,229,4,59,2025-11,True
917,Pahang,601,9,165,2025-11,True
917,Perak,628,4,177,2025-11,True
917,Perlis,101,4,28,2025-11,True
917,Pulau Pinang,468,4,127,2025-11,True
917,Sabah,224,4,71,2025-11,True
917,Sarawak,307,4,90,2025-11,True
917,Selangor,423,4,119,2025-11,True
917,Terengganu,485,4,128,2025-11,True
917,W.P. Kuala Lumpur,541,4,146,2025-11,True
917,W.P. Labuan,16,4,5,2025-11,True
917,W.P. Putrajaya,98,4,26,2025-11,True
129,Johor,3493,30,197,2025-11,True
129,Kedah,1882,29,102,2025-11,True
129,Kelantan,2445,29,166,2025-11,True
129,Melaka,747,29,51,2025-11,True
129,Negeri Sembilan,1105,30,63,2025-11,True
129,Pahang,2371,30,145,2025-11,True
129,Perak,2895,29,153,2025-11,True
129,Perlis,483,29,31,2025-11,True
129,Pulau Pinang,2305,30,125,2025-11,True
129,Sabah,3195,28,174,2025-11,True
129,Sarawak,4259,30,222,2025-11,True
129,Selangor,2363,29,120,2025-11,True
129,Terengganu,1885,30,133,2025-11,True
129,W.P. Kuala Lumpur,3774,30,165,2025-11,True
129,W.P. Labuan,331,29,14,2025-11,True
129,W.P. Putrajaya,474,29,28,2025-11,True
1564,Johor,3596,30,206,2025-11,True
1564,Kedah,1725,29,95,2025-11,True
1564,Kelantan,1783,29,90,2025-11,True
1564,Melaka,766,29,53,2025-11,True
1564,Negeri Sembilan,1095,30,62,2025-11,True
1564,Pahang,2358,30,157,2025-11,True
1564,Perak,2985,29,177,2025-11,True
1564,Perlis,431,29,26,2025-11,True
1564,Pulau Pinang,2393,30,138,2025-11,True
1564,Sabah,3222,28,173,2025-11,True
1564,Sarawak,4233,30,215,2025-11,True
1564,Selangor,2406,29,120,2025-11,True
1564,Terengganu,1504,30,97,2025-11,True
1564,W.P. Kuala Lumpur,3701,30,160,2025-11,True
1564,W.P. Labuan,348,29,14,2025-11,True
1564,W.P. Putrajaya,466,29,26,2025-11,True
1131,Johor,3148,30,185,2025-11,True
1131,Kedah,1668,29,92,2025-11,True
1131,Kelantan,1252,29,85,2025-11,True
1131,Melaka,714,29,51,2025-11,True
1131,Negeri Sembilan,855,30,45,2025-11,True
1131,Pahang,2241,30,138,2025-11,True
1131,Perak,2664,29,153,2025-11,True
1131,Perlis,405,29,25,2025-11,True
1131,Pulau Pinang,2138,30,127,2025-11,True
1131,Sabah,2888,28,166,2025-11,True
1131,Sarawak,4208,30,217,2025-11,True
1131,Selangor,2095,29,105,2025-11,True
1131,Terengganu,1542,30,104,2025-11,True
1131,W.P. Kuala Lumpur,3408,30,148,2025-11,True
1131,W.P. Labuan,342,29,14,2025-11,True
1131,W.P. Putrajaya,426,29,28,2025-11,True
94,Johor,2246,30,122,2025-11,True
94,Kedah,941,29,55,2025-11,True
94,Kelantan,554,29,29,2025-11,True
94,Melaka,370,29,25,2025-11,True
94,Negeri Sembilan,1088,30,56,2025-11,True
94,Pahang,2211,30,110,2025-11,True
94,Perak,2207,29,113,2025-11,True
94,Perlis,293,29,23,2025-11,True
94,Pulau Pinang,1323,30,79,2025-11,True
94,Sabah,959,28,79,2025-11,True
94,Sarawak,3145,30,164,2025-11,True
94,Selangor,2218,29,107,2025-11,True
94,Terengganu,842,30,55,2025-11,True
94,W.P. Kuala Lumpur,3205,30,137,2025-11,True
94,W.P. Labuan,2,2,1,2025-11,True
94,W.P. Putrajaya,3,3,1,2025-11,True
114,Johor,3597,30,199,2025-11,True
114,Kedah,1858,29,86,2025-11,True
114,Kelantan,2297,29,111,2025-11,True
114,Melaka,723,29,45,2025-11,True
114,Negeri Sembilan,1113,30,58,2025-11,True
114,Pahang,2417,30,124,2025-11,True
114,Perak,2861,29,131,2025-11,True
114,Perlis,522,29,25,2025-11,True
114,Pulau Pinang,2337,30,118,2025-11,True
114,Sabah,2506,28,137,2025-11,True
114,Sarawak,3592,30,175,2025-11,True
114,Selangor,2444,29,115,2025-11,True
114,Terengganu,1841,30,105,2025-11,True
114,W.P. Kuala Lumpur,3766,30,162,2025-11,True
114,W.P. Labuan,179,29,10,2025-11,True
114,W.P. Putrajaya,478,29,27,2025-11,True
103,Johor,153,9,43,2025-11,True
103,Kedah,50,4,14,2025-11,True
103,Kelantan,28,4,9,2025-11,True
103,Melaka,16,4,4,2025-11,True
103,Negeri Sembilan,80,4,25,2025-11,True
103,Pahang,134,8,36,2025-11,True
103,Perak,221,4,62,2025-11,True
103,Perlis,0,0,0,2025-11,False
103,Pulau Pinang,87,4,24,2025-11,True
103,Sabah,0,0,0,2025-11,False
103,Sarawak,0,0,0,2025-11,False
103,Selangor,137,4,41,2025-11,True
103,Terengganu,20,4,5,2025-11,True
103,W.P. Kuala Lumpur,197,4,53,2025-11,True
103,W.P. Labuan,0,0,0,2025-11,False
103,W.P. Putrajaya,31,4,8,2025-11,True
1431,Johor,43,10,11,2025-11,True
1431,Kedah,49,4,13,2025-11,True
1431,Kelantan,59,4,15,2025-11,True
1431,Melaka,25,5,7,2025-11,True
1431,Negeri Sembilan,22,4,6,2025-11,True
1431,Pahang,22,4,6,2025-11,True
1431,Perak,48,4,12,2025-11,True
1431,Perlis,4,4,1,2025-11,True
1431,Pulau Pinang,61,4,16,2025-11,True
1431,Sabah,8,4,2,2025-11,True
1431,Sarawak,4,4,1,2025-11,True
1431,Selangor,34,4,10,2025-11,True
1431,Terengganu,27,4,7,2025-11,True
1431,W.P. Kuala Lumpur,0,0,0,2025-11,False
1431,W.P. Labuan,0,0,0,2025-11,False
1431,W.P. Putrajaya,6,3,2,2025-11,True
1555,Johor,2706,30,163,2025-11,True
1555,Kedah,1224,29,60,2025-11,True
1555,Kelantan,1827,29,83,2025-11,True
1555,Melaka,641,29,38,2025-11,True
1555,Negeri Sembilan,913,30,46,2025-11,True
1555,Pahang,1775,30,91,2025-11,True
1555,Perak,2310,29,112,2025-11,True
1555,Perlis,230,29,18,2025-11,True
1555,Pulau Pinang,1406,30,82,2025-11,True
1555,Sabah,787,28,62,2025-11,True
1555,Sarawak,1843,30,100,2025-11,True
1555,Selangor,2113,29,97,2025-11,True
1555,Terengganu,970,30,64,2025-11,True
1555,W.P. Kuala Lumpur,2371,30,118,2025-11,True
1555,W.P. Labuan,184,29,10,2025-11,True
1555,W.P. Putrajaya,434,29,22,2025-11,True
193,Johor,200,4,56,2025-11,True
193,Kedah,392,4,104,2025-11,True
193,Kelantan,38,4,12,2025-11,True
193,Melaka,60,4,18,2025-11,True
193,Negeri Sembilan,140,4,35,2025-11,True
193,Pahang,218,4,59,2025-11,True
193,Perak,521,4,137,2025-11,True
193,Perlis,115,4,30,2025-11,True
193,Pulau Pinang,367,4,98,2025-11,True
193,Sabah,280,4,81,2025-11,True
193,Sarawak,441,4,125,2025-11,True
193,Selangor,332,4,94,2025-11,True
193,Terengganu,31,4,8,2025-11,True
193,W.P. Kuala Lumpur,429,4,116,2025-11,True
193,W.P. Labuan,16,4,5,2025-11,True
193,W.P. Putrajaya,66,4,17,2025-11,True
1,Johor,3352,29,178,2025-12,True
1,Kedah,1858,30,76,2025-12,True
1,Kelantan,2131,30,92,2025-12,True
1,Melaka,706,30,36,2025-12,True
1,Negeri Sembilan,1059,30,50,2025-12,True
1,Pahang,2371,30,110,2025-12,True
1,Perak,3008,30,122,2025-12,True
1,Perlis,420,30,20,2025-12,True
1,Pulau Pinang,1967,30,87,2025-12,True
1,Sabah,431,29,18,2025-12,True
1,Sarawak,497,30,28,2025-12,True
1,Selangor,2343,30,101,2025-12,True
1,Terengganu,1752,30,86,2025-12,True
1,W.P. Kuala Lumpur,2926,30,118,2025-12,True
1,W.P. Labuan,30,30,1,2025-12,True
1,W.P. Putrajaya,469,30,22,2025-12,True
1111,Johor,2689,29,160,2025-12,True
1111,Kedah,710,30,56,2025-12,True
1111,Kelantan,991,30,118,2025-12,True
1111,Melaka,472,30,36,2025-12,True
1111,Negeri Sembilan,753,30,43,2025-12,True
1111,Pahang,1606,30,113,2025-12,True
1111,Perak,2020,30,133,2025-12,True
1111,Perlis,189,30,14,2025-12,True
1111,Pulau Pinang,1377,30,79,2025-12,True
1111,Sabah,298,29,56,2025-12,True
1111,Sarawak,874,30,94,2025-12,True
1111,Selangor,1544,30,102,2025-12,True
1111,Terengganu,1016,30,93,2025-12,True
1111,W.P. Kuala Lumpur,2226,30,119,2025-12,True
1111,W.P. Labuan,20,18,3,2025-12,True
1111,W.P. Putrajaya,252,30,18,2025-12,True
904,Johor,157,4,44,2025-12,True
904,Kedah,208,4,55,2025-12,True
904,Kelantan,71,4,24,2025-12,True
904,Melaka,56,4,17,2025-12,True
904,Negeri Sembilan,71,5,20,2025-12,True
904,Pahang,94,5,27,2025-12,True
904,Perak,271,4,74,2025-12,True
904,Perlis,43,4,13,2025-12,True
904,Pulau Pinang,203,14,53,2025-12,True
904,Sabah,0,0,0,2025-12,False
904,Sarawak,0,0,0,2025-12,False
904,Selangor,156,4,45,2025-12,True
904,Terengganu,95,4,30,2025-12,True
904,W.P. Kuala Lumpur,136,4,39,2025-12,True
904,W.P. Labuan,0,0,0,2025-12,False
904,W.P. Putrajaya,38,4,11,2025-12,True
918,Johor,266,7,92,2025-12,True
918,Kedah,143,4,52,2025-12,True
918,Kelantan,412,4,131,2025-12,True
918,Melaka,110,5,38,2025-12,True
918,Negeri Sembilan,70,4,26,2025-12,True
918,Pahang,160,4,63,2025-12,True
918,Perak,153,4,54,2025-12,True
918,Perlis,65,4,21,2025-12,True
918,Pulau Pinang,117,4,43,2025-12,True
918,Sabah,164,5,55,2025-12,True
918,Sarawak,235,4,96,2025-12,True
918,Selangor,136,4,53,2025-12,True
918,Terengganu,199,4,73,2025-12,True
918,W.P. Kuala Lumpur,184,4,58,2025-12,True
918,W.P. Labuan,26,4,7,2025-12,True
918,W.P. Putrajaya,10,4,6,2025-12,True
1589,Johor,785,8,206,2025-12,True
1589,Kedah,427,4,111,2025-12,True
1589,Kelantan,800,4,202,2025-12,True
1589,Melaka,201,5,51,2025-12,True
1589,Negeri Sembilan,237,5,61,2025-12,True
1589,Pahang,635,7,176,2025-12,True
1589,Perak,648,4,174,2025-12,True
1589,Perlis,108,4,28,2025-12,True
1589,Pulau Pinang,509,4,133,2025-12,True
1589,Sabah,471,4,136,2025-12,True
1589,Sarawak,642,5,183,2025-12,True
1589,Selangor,412,4,111,2025-12,True
1589,Terengganu,499,4,129,2025-12,True
1589,W.P. Kuala Lumpur,645,4,167,2025-12,True
1589,W.P. Labuan,48,4,14,2025-12,True
1589,W.P. Putrajaya,104,4,27,2025-12,True
917,Johor,751,8,201,2025-12,True
917,Kedah,403,4,108,2025-12,True
917,Kelantan,662,4,181,2025-12,True
917,Melaka,194,5,51,2025-12,True
917,Negeri Sembilan,229,5,62,2025-12,True
917,Pahang,546,7,158,2025-12,True
917,Perak,611,4,173,2025-12,True
917,Perlis,93,4,27,2025-12,True
917,Pulau Pinang,464,5,123,2025-12,True
917,Sabah,242,5,73,2025-12,True
917,Sarawak,298,5,89,2025-12,True
917,Selangor,400,4,113,2025-12,True
917,Terengganu,503,4,130,2025-12,True
917,W.P. Kuala Lumpur,560,4,152,2025-12,True
917,W.P. Labuan,18,4,5,2025-12,True
917,W.P. Putrajaya,91,4,26,2025-12,True
129,Johor,3497,29,199,2025-12,True
129,Kedah,1937,30,101,2025-12,True
129,Kelantan,2536,30,170,2025-12,True
129,Melaka,775,30,51,2025-12,True
129,Negeri Sembilan,1117,30,62,2025-12,True
129,Pahang,2387,30,141,2025-12,True
129,Perak,3024,30,151,2025-12,True
129,Perlis,490,30,29,2025-12,True
129,Pulau Pinang,2372,30,129,2025-12,True
129,Sabah,3101,29,175,2025-12,True
129,Sarawak,4268,30,222,2025-12,True
129,Selangor,2362,30,119,2025-12,True
129,Terengganu,1931,30,134,2025-12,True
129,W.P. Kuala Lumpur,3924,30,165,2025-12,True
129,W.P. Labuan,322,30,14,2025-12,True
129,W.P. Putrajaya,498,30,28,2025-12,True
1564,Johor,3609,29,207,2025-12,True
1564,Kedah,1763,30,97,2025-12,True
1564,Kelantan,1854,30,95,2025-12,True
1564,Melaka,788,30,53,2025-12,True
1564,Negeri Sembilan,1121,30,62,2025-12,True
1564,Pahang,2417,30,157,2025-12,True
1564,Perak,3131,30,175,2025-12,True
1564,Perlis,458,30,26,2025-12,True
1564,Pulau Pinang,2456,30,138,2025-12,True
1564,Sabah,3266,29,178,2025-12,True
1564,Sarawak,4331,30,215,2025-12,True
1564,Selangor,2417,30,119,2025-12,True
1564,Terengganu,1530,30,92,2025-12,True
1564,W.P. Kuala Lumpur,3823,30,161,2025-12,True
1564,W.P. Labuan,358,30,14,2025-12,True
1564,W.P. Putrajaya,489,30,26,2025-12,True
1131,Johor,3163,29,184,2025-12,True
1131,Kedah,1691,30,92,2025-12,True
1131,Kelantan,1310,30,93,2025-12,True
1131,Melaka,728,30,50,2025-12,True
1131,Negeri Sembilan,772,30,45,2025-12,True
1131,Pahang,2273,30,135,2025-12,True
1131,Perak,2851,30,155,2025-12,True
1131,Perlis,376,30,24,2025-12,True
1131,Pulau Pinang,2167,30,126,2025-12,True
1131,Sabah,2959,29,164,2025-12,True
1131,Sarawak,4243,30,219,2025-12,True
1131,Selangor,2073,30,105,2025-12,True
1131,Terengganu,1542,30,102,2025-12,True
1131,W.P. Kuala Lumpur,3485,30,150,2025-12,True
1131,W.P. Labuan,348,30,14,2025-12,True
1131,W.P. Putrajaya,431,30,26,2025-12,True
94,Johor,2139,29,125,2025-12,True
94,Kedah,981,30,62,2025-12,True
94,Kelantan,481,30,26,2025-12,True
94,Melaka,375,30,27,2025-12,True
94,Negeri Sembilan,1087,30,56,2025-12,True
94,Pahang,2179,30,115,2025-12,True
94,Perak,2284,30,118,2025-12,True
94,Perlis,334,30,20,2025-12,True
94,Pulau Pinang,1299,30,79,2025-12,True
94,Sabah,939,29,69,2025-12,True
94,Sarawak,3030,30,167,2025-12,True
94,Selangor,2091,29,106,2025-12,True
94,Terengganu,837,30,50,2025-12,True
94,W.P. Kuala Lumpur,3143,30,138,2025-12,True
94,W.P. Labuan,0,0,0,2025-12,False
94,W.P. Putrajaya,9,8,3,2025-12,True
114,Johor,3586,29,199,2025-12,True
114,Kedah,1919,30,86,2025-12,True
114,Kelantan,2387,30,110,2025-12,True
114,Melaka,738,30,45,2025-12,True
114,Negeri Sembilan,1129,30,58,2025-12,True
114,Pahang,2465,30,123,2025-12,True
114,Perak,3014,30,130,2025-12,True
114,Perlis,552,30,24,2025-12,True
114,Pulau Pinang,2394,30,118,2025-12,True
114,Sabah,2736,29,137,2025-12,True
114,Sarawak,3314,30,177,2025-12,True
114,Selangor,2435,30,117,2025-12,True
114,Terengganu,1864,30,104,2025-12,True
114,W.P. Kuala Lumpur,3846,30,159,2025-12,True
114,W.P. Labuan,197,30,11,2025-12,True
114,W.P. Putrajaya,484,30,27,2025-12,True
103,Johor,134,8,41,2025-12,True
103,Kedah,52,4,16,2025-12,True
103,Kelantan,24,4,6,2025-12,True
103,Melaka,17,4,5,2025-12,True
103,Negeri Sembilan,83,4,23,2025-12,True
103,Pahang,132,6,36,2025-12,True
103,Perak,253,4,69,2025-12,True
103,Perlis,0,0,0,2025-12,False
103,Pulau Pinang,91,4,24,2025-12,True
103,Sabah,0,0,0,2025-12,False
103,Sarawak,0,0,0,2025-12,False
103,Selangor,133,4,37,2025-12,True
103,Terengganu,24,4,6,2025-12,True
103,W.P. Kuala Lumpur,210,4,55,2025-12,True
103,W.P. Labuan,0,0,0,2025-12,False
103,W.P. Putrajaya,31,4,10,2025-12,True
1431,Johor,33,7,10,2025-12,True
1431,Kedah,49,4,13,2025-12,True
1431,Kelantan,55,4,15,2025-12,True
1431,Melaka,22,5,7,2025-12,True
1431,Negeri Sembilan,22,4,6,2025-12,True
1431,Pahang,20,4,5,2025-12,True
1431,Perak,50,4,14,2025-12,True
1431,Perlis,6,4,2,2025-12,True
1431,Pulau Pinang,59,4,15,2025-12,True
1431,Sabah,8,4,2,2025-12,True
1431,Sarawak,4,3,2,2025-12,True
1431,Selangor,30,4,8,2025-12,True
1431,Terengganu,29,4,8,2025-12,True
1431,W.P. Kuala Lumpur,0,0,0,2025-12,False
1431,W.P. Labuan,0,0,0,2025-12,False
1431,W.P. Putrajaya,0,0,0,2025-12,False
1555,Johor,2674,29,158,2025-12,True
1555,Kedah,1236,30,59,2025-12,True
1555,Kelantan,1890,30,85,2025-12,True
1555,Melaka,648,30,38,2025-12,True
1555,Negeri Sembilan,972,30,48,2025-12,True
1555,Pahang,1723,30,89,2025-12,True
1555,Perak,2490,30,113,2025-12,True
1555,Perlis,234,30,16,2025-12,True
1555,Pulau Pinang,1446,30,81,2025-12,True
1555,Sabah,710,29,58,2025-12,True
1555,Sarawak,1872,30,99,2025-12,True
1555,Selangor,2091,30,97,2025-12,True
1555,Terengganu,904,30,60,2025-12,True
1555,W.P. Kuala Lumpur,2452,30,117,2025-12,True
1555,W.P. Labuan,200,30,11,2025-12,True
1555,W.P. Putrajaya,395,30,22,2025-12,True
193,Johor,205,4,53,2025-12,True
193,Kedah,396,4,103,2025-12,True
193,Kelantan,41,4,12,2025-12,True
193,Melaka,71,4,19,2025-12,True
193,Negeri Sembilan,142,5,37,2025-12,True
193,Pahang,219,4,59,2025-12,True
193,Perak,528,4,138,2025-12,True
193,Perlis,109,4,29,2025-12,True
193,Pulau Pinang,381,5,99,2025-12,True
193,Sabah,292,5,80,2025-12,True
193,Sarawak,449,4,124,2025-12,True
193,Selangor,351,4,95,2025-12,True
193,Terengganu,34,4,10,2025-12,True
193,W.P. Kuala Lumpur,430,4,114,2025-12,True
193,W.P. Labuan,20,4,5,2025-12,True
193,W.P. Putrajaya,60,4,17,2025-12,True
