"month","item_code","item","unit","state","observations","recorded_days","premises","median_price","median_price_unflagged","flagged_records","median_sensitivity_pct"
"2023-01-01",1,"AYAM BERSIH - STANDARD","1kg","Johor",2422,29,109,8.99,8.99,0,0.00
"2023-02-01",1,"AYAM BERSIH - STANDARD","1kg","Johor",2164,26,109,9.39,9.39,0,0.00
"2023-03-01",1,"AYAM BERSIH - STANDARD","1kg","Johor",2299,29,108,9.39,9.39,0,0.00
"2023-04-01",1,"AYAM BERSIH - STANDARD","1kg","Johor",2146,26,108,9.39,9.39,0,0.00
"2023-05-01",1,"AYAM BERSIH - STANDARD","1kg","Johor",1991,24,109,9.39,9.39,0,0.00
"2023-06-01",1,"AYAM BERSIH - STANDARD","1kg","Johor",2314,28,108,9.39,9.39,0,0.00
"2023-07-01",1,"AYAM BERSIH - STANDARD","1kg","Johor",2410,29,109,9.39,9.39,0,0.00
"2023-08-01",1,"AYAM BERSIH - STANDARD","1kg","Johor",2310,28,108,8.49,8.49,0,0.00
"2023-09-01",1,"AYAM BERSIH - STANDARD","1kg","Johor",2268,27,108,8.29,8.29,0,0.00
"2023-10-01",1,"AYAM BERSIH - STANDARD","1kg","Johor",2513,30,109,8.49,8.49,0,0.00
"2023-11-01",1,"AYAM BERSIH - STANDARD","1kg","Johor",2202,27,107,7.99,7.99,0,0.00
"2023-12-01",1,"AYAM BERSIH - STANDARD","1kg","Johor",1869,23,105,8.69,8.69,0,0.00
"2024-01-01",1,"AYAM BERSIH - STANDARD","1kg","Johor",2452,30,109,8.67,8.67,0,0.00
"2024-02-01",1,"AYAM BERSIH - STANDARD","1kg","Johor",2647,27,139,8.29,8.29,0,0.00
"2024-03-01",1,"AYAM BERSIH - STANDARD","1kg","Johor",2545,26,145,8.49,8.49,0,0.00
"2024-04-01",1,"AYAM BERSIH - STANDARD","1kg","Johor",2802,28,142,8.09,8.09,0,0.00
"2024-05-01",1,"AYAM BERSIH - STANDARD","1kg","Johor",2878,29,145,8.79,8.79,0,0.00
"2024-06-01",1,"AYAM BERSIH - STANDARD","1kg","Johor",2686,28,141,8.99,8.99,0,0.00
"2024-07-01",1,"AYAM BERSIH - STANDARD","1kg","Johor",2863,29,138,7.99,7.99,0,0.00
"2024-08-01",1,"AYAM BERSIH - STANDARD","1kg","Johor",2333,24,142,7.49,7.49,0,0.00
"2024-09-01",1,"AYAM BERSIH - STANDARD","1kg","Johor",2933,29,145,7.99,7.99,0,0.00
"2024-10-01",1,"AYAM BERSIH - STANDARD","1kg","Johor",3062,30,146,8.60,8.60,0,0.00
"2024-11-01",1,"AYAM BERSIH - STANDARD","1kg","Johor",2840,28,146,8.50,8.50,0,0.00
"2024-12-01",1,"AYAM BERSIH - STANDARD","1kg","Johor",3022,30,145,8.29,8.29,0,0.00
"2025-01-01",1,"AYAM BERSIH - STANDARD","1kg","Johor",2904,28,145,8.39,8.39,0,0.00
"2025-02-01",1,"AYAM BERSIH - STANDARD","1kg","Johor",2593,25,145,8.59,8.59,0,0.00
"2025-03-01",1,"AYAM BERSIH - STANDARD","1kg","Johor",2655,26,145,8.69,8.69,0,0.00
"2025-04-01",1,"AYAM BERSIH - STANDARD","1kg","Johor",2693,27,143,8.29,8.29,0,0.00
"2025-05-01",1,"AYAM BERSIH - STANDARD","1kg","Johor",2992,29,144,8.99,8.99,0,0.00
"2025-06-01",1,"AYAM BERSIH - STANDARD","1kg","Johor",2624,26,145,8.49,8.49,0,0.00
"2025-07-01",1,"AYAM BERSIH - STANDARD","1kg","Johor",3235,29,207,7.59,7.59,0,0.00
"2025-08-01",1,"AYAM BERSIH - STANDARD","1kg","Johor",3513,30,177,7.49,7.49,0,0.00
"2025-09-01",1,"AYAM BERSIH - STANDARD","1kg","Johor",3023,26,176,7.89,7.89,0,0.00
"2025-10-01",1,"AYAM BERSIH - STANDARD","1kg","Johor",3451,30,177,8.19,8.19,1,0.00
"2025-11-01",1,"AYAM BERSIH - STANDARD","1kg","Johor",3361,30,179,8.69,8.69,0,0.00
"2025-12-01",1,"AYAM BERSIH - STANDARD","1kg","Johor",3352,29,178,8.20,8.20,1,0.00
"2023-01-01",1,"AYAM BERSIH - STANDARD","1kg","Kedah",1357,29,55,9.40,9.40,0,0.00
"2023-02-01",1,"AYAM BERSIH - STANDARD","1kg","Kedah",1161,25,54,9.40,9.40,0,0.00
"2023-03-01",1,"AYAM BERSIH - STANDARD","1kg","Kedah",1367,30,55,9.40,9.40,0,0.00
"2023-04-01",1,"AYAM BERSIH - STANDARD","1kg","Kedah",1158,26,52,9.40,9.40,0,0.00
"2023-05-01",1,"AYAM BERSIH - STANDARD","1kg","Kedah",1095,24,52,9.40,9.40,0,0.00
"2023-06-01",1,"AYAM BERSIH - STANDARD","1kg","Kedah",1178,26,53,9.40,9.40,0,0.00
"2023-07-01",1,"AYAM BERSIH - STANDARD","1kg","Kedah",1330,29,53,9.40,9.40,0,0.00
"2023-08-01",1,"AYAM BERSIH - STANDARD","1kg","Kedah",1258,27,53,9.00,9.00,0,0.00
"2023-09-01",1,"AYAM BERSIH - STANDARD","1kg","Kedah",1257,27,54,9.00,9.00,0,0.00
"2023-10-01",1,"AYAM BERSIH - STANDARD","1kg","Kedah",1438,30,55,9.00,9.00,0,0.00
"2023-11-01",1,"AYAM BERSIH - STANDARD","1kg","Kedah",1291,27,54,8.99,8.99,0,0.00
"2023-12-01",1,"AYAM BERSIH - STANDARD","1kg","Kedah",1135,24,53,9.40,9.40,0,0.00
"2024-01-01",1,"AYAM BERSIH - STANDARD","1kg","Kedah",1400,30,53,9.40,9.40,0,0.00
"2024-02-01",1,"AYAM BERSIH - STANDARD","1kg","Kedah",1216,26,52,9.20,9.20,0,0.00
"2024-03-01",1,"AYAM BERSIH - STANDARD","1kg","Kedah",1236,27,52,9.40,9.40,0,0.00
"2024-04-01",1,"AYAM BERSIH - STANDARD","1kg","Kedah",1275,28,52,9.40,9.40,0,0.00
"2024-05-01",1,"AYAM BERSIH - STANDARD","1kg","Kedah",1358,29,52,9.50,9.50,0,0.00
"2024-06-01",1,"AYAM BERSIH - STANDARD","1kg","Kedah",1359,26,62,9.70,9.70,0,0.00
"2024-07-01",1,"AYAM BERSIH - STANDARD","1kg","Kedah",1526,29,62,9.00,9.00,0,0.00
"2024-08-01",1,"AYAM BERSIH - STANDARD","1kg","Kedah",1306,25,62,8.80,8.80,0,0.00
"2024-09-01",1,"AYAM BERSIH - STANDARD","1kg","Kedah",1525,29,62,8.99,8.99,0,0.00
"2024-10-01",1,"AYAM BERSIH - STANDARD","1kg","Kedah",1584,30,63,9.40,9.40,0,0.00
"2024-11-01",1,"AYAM BERSIH - STANDARD","1kg","Kedah",1465,28,63,9.40,9.40,0,0.00
"2024-12-01",1,"AYAM BERSIH - STANDARD","1kg","Kedah",1564,30,62,9.00,9.00,0,0.00
"2025-01-01",1,"AYAM BERSIH - STANDARD","1kg","Kedah",1460,28,63,9.40,9.40,0,0.00
"2025-02-01",1,"AYAM BERSIH - STANDARD","1kg","Kedah",1272,25,62,9.40,9.40,0,0.00
"2025-03-01",1,"AYAM BERSIH - STANDARD","1kg","Kedah",1440,28,62,9.40,9.40,0,0.00
"2025-04-01",1,"AYAM BERSIH - STANDARD","1kg","Kedah",1430,28,63,9.10,9.10,0,0.00
"2025-05-01",1,"AYAM BERSIH - STANDARD","1kg","Kedah",1510,29,64,9.40,9.40,0,0.00
"2025-06-01",1,"AYAM BERSIH - STANDARD","1kg","Kedah",1202,23,64,9.40,9.40,0,0.00
"2025-07-01",1,"AYAM BERSIH - STANDARD","1kg","Kedah",1711,30,82,8.50,8.50,0,0.00
"2025-08-01",1,"AYAM BERSIH - STANDARD","1kg","Kedah",1885,30,77,8.09,8.09,0,0.00
"2025-09-01",1,"AYAM BERSIH - STANDARD","1kg","Kedah",1624,26,77,8.49,8.49,0,0.00
"2025-10-01",1,"AYAM BERSIH - STANDARD","1kg","Kedah",1867,30,77,8.69,8.69,0,0.00
"2025-11-01",1,"AYAM BERSIH - STANDARD","1kg","Kedah",1796,29,76,8.99,8.99,0,0.00
"2025-12-01",1,"AYAM BERSIH - STANDARD","1kg","Kedah",1858,30,76,8.85,8.85,0,0.00
"2023-01-01",1,"AYAM BERSIH - STANDARD","1kg","Kelantan",1767,29,74,9.30,9.30,0,0.00
"2023-02-01",1,"AYAM BERSIH - STANDARD","1kg","Kelantan",1597,27,71,9.40,9.40,0,0.00
"2023-03-01",1,"AYAM BERSIH - STANDARD","1kg","Kelantan",1831,31,73,9.40,9.40,0,0.00
"2023-04-01",1,"AYAM BERSIH - STANDARD","1kg","Kelantan",1387,23,73,9.40,9.40,0,0.00
"2023-05-01",1,"AYAM BERSIH - STANDARD","1kg","Kelantan",1456,24,72,9.40,9.40,0,0.00
"2023-06-01",1,"AYAM BERSIH - STANDARD","1kg","Kelantan",1616,26,73,9.40,9.40,0,0.00
"2023-07-01",1,"AYAM BERSIH - STANDARD","1kg","Kelantan",1864,30,76,9.40,9.40,0,0.00
"2023-08-01",1,"AYAM BERSIH - STANDARD","1kg","Kelantan",1682,27,77,8.79,8.79,0,0.00
"2023-09-01",1,"AYAM BERSIH - STANDARD","1kg","Kelantan",1527,24,75,8.60,8.60,0,0.00
"2023-10-01",1,"AYAM BERSIH - STANDARD","1kg","Kelantan",1818,29,75,8.80,8.80,0,0.00
"2023-11-01",1,"AYAM BERSIH - STANDARD","1kg","Kelantan",1706,27,74,8.39,8.39,0,0.00
"2023-12-01",1,"AYAM BERSIH - STANDARD","1kg","Kelantan",1454,24,72,8.90,8.90,0,0.00
"2024-01-01",1,"AYAM BERSIH - STANDARD","1kg","Kelantan",1887,31,74,8.90,8.90,0,0.00
"2024-02-01",1,"AYAM BERSIH - STANDARD","1kg","Kelantan",1632,26,74,8.50,8.50,0,0.00
"2024-03-01",1,"AYAM BERSIH - STANDARD","1kg","Kelantan",1622,27,74,8.70,8.70,0,0.00
"2024-04-01",1,"AYAM BERSIH - STANDARD","1kg","Kelantan",1588,27,71,8.50,8.50,0,0.00
"2024-05-01",1,"AYAM BERSIH - STANDARD","1kg","Kelantan",1702,29,72,8.99,8.99,0,0.00
"2024-06-01",1,"AYAM BERSIH - STANDARD","1kg","Kelantan",1530,26,71,9.40,9.40,0,0.00
"2024-07-01",1,"AYAM BERSIH - STANDARD","1kg","Kelantan",1755,29,75,8.49,8.49,0,0.00
"2024-08-01",1,"AYAM BERSIH - STANDARD","1kg","Kelantan",1514,25,76,7.90,7.90,0,0.00
"2024-09-01",1,"AYAM BERSIH - STANDARD","1kg","Kelantan",1630,26,75,8.30,8.30,0,0.00
"2024-10-01",1,"AYAM BERSIH - STANDARD","1kg","Kelantan",1873,30,75,8.90,8.90,0,0.00
"2024-11-01",1,"AYAM BERSIH - STANDARD","1kg","Kelantan",1688,28,75,8.80,8.80,0,0.00
"2024-12-01",1,"AYAM BERSIH - STANDARD","1kg","Kelantan",1869,30,76,8.49,8.49,0,0.00
"2025-01-01",1,"AYAM BERSIH - STANDARD","1kg","Kelantan",1878,29,77,8.50,8.50,0,0.00
"2025-02-01",1,"AYAM BERSIH - STANDARD","1kg","Kelantan",1678,26,77,8.90,8.90,0,0.00
"2025-03-01",1,"AYAM BERSIH - STANDARD","1kg","Kelantan",1875,28,79,8.90,8.90,0,0.00
"2025-04-01",1,"AYAM BERSIH - STANDARD","1kg","Kelantan",1828,28,77,8.69,8.69,0,0.00
"2025-05-01",1,"AYAM BERSIH - STANDARD","1kg","Kelantan",1928,29,79,9.20,9.20,0,0.00
"2025-06-01",1,"AYAM BERSIH - STANDARD","1kg","Kelantan",1555,24,79,8.69,8.69,0,0.00
"2025-07-01",1,"AYAM BERSIH - STANDARD","1kg","Kelantan",2083,30,92,7.90,7.90,0,0.00
"2025-08-01",1,"AYAM BERSIH - STANDARD","1kg","Kelantan",2166,30,92,7.69,7.69,0,0.00
"2025-09-01",1,"AYAM BERSIH - STANDARD","1kg","Kelantan",1786,25,90,8.00,8.00,0,0.00
"2025-10-01",1,"AYAM BERSIH - STANDARD","1kg","Kelantan",2129,30,90,8.50,8.50,1,0.00
"2025-11-01",1,"AYAM BERSIH - STANDARD","1kg","Kelantan",2035,29,89,8.90,8.90,0,0.00
"2025-12-01",1,"AYAM BERSIH - STANDARD","1kg","Kelantan",2131,30,92,8.50,8.50,0,0.00
"2023-01-01",1,"AYAM BERSIH - STANDARD","1kg","Melaka",465,27,19,9.40,9.40,0,0.00
"2023-02-01",1,"AYAM BERSIH - STANDARD","1kg","Melaka",462,27,19,9.40,9.40,0,0.00
"2023-03-01",1,"AYAM BERSIH - STANDARD","1kg","Melaka",514,30,19,9.40,9.40,0,0.00
"2023-04-01",1,"AYAM BERSIH - STANDARD","1kg","Melaka",428,25,19,9.40,9.40,0,0.00
"2023-05-01",1,"AYAM BERSIH - STANDARD","1kg","Melaka",412,24,19,9.40,9.40,0,0.00
"2023-06-01",1,"AYAM BERSIH - STANDARD","1kg","Melaka",482,28,19,9.40,9.40,0,0.00
"2023-07-01",1,"AYAM BERSIH - STANDARD","1kg","Melaka",515,30,19,9.39,9.39,0,0.00
"2023-08-01",1,"AYAM BERSIH - STANDARD","1kg","Melaka",482,28,19,8.90,8.90,0,0.00
"2023-09-01",1,"AYAM BERSIH - STANDARD","1kg","Melaka",461,27,19,8.69,8.69,0,0.00
"2023-10-01",1,"AYAM BERSIH - STANDARD","1kg","Melaka",517,30,19,8.90,8.90,0,0.00
"2023-11-01",1,"AYAM BERSIH - STANDARD","1kg","Melaka",451,26,20,8.50,8.50,0,0.00
"2023-12-01",1,"AYAM BERSIH - STANDARD","1kg","Melaka",414,24,19,8.99,8.99,0,0.00
"2024-01-01",1,"AYAM BERSIH - STANDARD","1kg","Melaka",534,31,21,9.20,9.20,0,0.00
"2024-02-01",1,"AYAM BERSIH - STANDARD","1kg","Melaka",430,25,20,8.90,8.90,0,0.00
"2024-03-01",1,"AYAM BERSIH - STANDARD","1kg","Melaka",474,27,20,8.90,8.90,0,0.00
"2024-04-01",1,"AYAM BERSIH - STANDARD","1kg","Melaka",480,28,20,8.80,8.80,0,0.00
"2024-05-01",1,"AYAM BERSIH - STANDARD","1kg","Melaka",473,29,19,9.20,9.20,0,0.00
"2024-06-01",1,"AYAM BERSIH - STANDARD","1kg","Melaka",455,28,19,9.50,9.50,0,0.00
"2024-07-01",1,"AYAM BERSIH - STANDARD","1kg","Melaka",459,28,20,8.80,8.80,0,0.00
"2024-08-01",1,"AYAM BERSIH - STANDARD","1kg","Melaka",409,25,19,7.99,7.99,0,0.00
"2024-09-01",1,"AYAM BERSIH - STANDARD","1kg","Melaka",508,29,20,8.49,8.49,0,0.00
"2024-10-01",1,"AYAM BERSIH - STANDARD","1kg","Melaka",520,30,20,8.90,8.90,0,0.00
"2024-11-01",1,"AYAM BERSIH - STANDARD","1kg","Melaka",484,28,20,8.90,8.90,0,0.00
"2024-12-01",1,"AYAM BERSIH - STANDARD","1kg","Melaka",528,30,20,8.59,8.59,0,0.00
"2025-01-01",1,"AYAM BERSIH - STANDARD","1kg","Melaka",498,29,20,8.79,8.79,0,0.00
"2025-02-01",1,"AYAM BERSIH - STANDARD","1kg","Melaka",436,25,20,9.05,9.05,0,0.00
"2025-03-01",1,"AYAM BERSIH - STANDARD","1kg","Melaka",523,30,20,8.99,8.99,0,0.00
"2025-04-01",1,"AYAM BERSIH - STANDARD","1kg","Melaka",463,27,20,8.79,8.79,0,0.00
"2025-05-01",1,"AYAM BERSIH - STANDARD","1kg","Melaka",503,29,20,9.29,9.29,0,0.00
"2025-06-01",1,"AYAM BERSIH - STANDARD","1kg","Melaka",463,26,23,8.99,8.99,0,0.00
"2025-07-01",1,"AYAM BERSIH - STANDARD","1kg","Melaka",639,30,40,7.99,7.99,0,0.00
"2025-08-01",1,"AYAM BERSIH - STANDARD","1kg","Melaka",684,28,37,7.50,7.50,0,0.00
"2025-09-01",1,"AYAM BERSIH - STANDARD","1kg","Melaka",628,26,37,7.99,7.99,0,0.00
"2025-10-01",1,"AYAM BERSIH - STANDARD","1kg","Melaka",711,30,36,8.29,8.29,0,0.00
"2025-11-01",1,"AYAM BERSIH - STANDARD","1kg","Melaka",693,29,37,8.69,8.69,0,0.00
"2025-12-01",1,"AYAM BERSIH - STANDARD","1kg","Melaka",706,30,36,8.49,8.49,0,0.00
"2023-01-01",1,"AYAM BERSIH - STANDARD","1kg","Negeri Sembilan",764,26,34,9.10,9.10,0,0.00
"2023-02-01",1,"AYAM BERSIH - STANDARD","1kg","Negeri Sembilan",697,24,34,9.39,9.39,0,0.00
"2023-03-01",1,"AYAM BERSIH - STANDARD","1kg","Negeri Sembilan",878,31,33,9.39,9.39,0,0.00
"2023-04-01",1,"AYAM BERSIH - STANDARD","1kg","Negeri Sembilan",727,26,32,9.40,9.40,0,0.00
"2023-05-01",1,"AYAM BERSIH - STANDARD","1kg","Negeri Sembilan",672,24,32,9.40,9.40,0,0.00
"2023-06-01",1,"AYAM BERSIH - STANDARD","1kg","Negeri Sembilan",787,28,32,9.40,9.40,0,0.00
"2023-07-01",1,"AYAM BERSIH - STANDARD","1kg","Negeri Sembilan",854,30,32,9.39,9.39,0,0.00
"2023-08-01",1,"AYAM BERSIH - STANDARD","1kg","Negeri Sembilan",767,27,32,8.79,8.79,0,0.00
"2023-09-01",1,"AYAM BERSIH - STANDARD","1kg","Negeri Sembilan",773,27,32,8.40,8.40,0,0.00
"2023-10-01",1,"AYAM BERSIH - STANDARD","1kg","Negeri Sembilan",846,30,32,8.69,8.69,0,0.00
"2023-11-01",1,"AYAM BERSIH - STANDARD","1kg","Negeri Sembilan",722,26,32,8.39,8.39,0,0.00
"2023-12-01",1,"AYAM BERSIH - STANDARD","1kg","Negeri Sembilan",654,24,30,8.80,8.80,0,0.00
"2024-01-01",1,"AYAM BERSIH - STANDARD","1kg","Negeri Sembilan",774,28,32,8.60,8.60,0,0.00
"2024-02-01",1,"AYAM BERSIH - STANDARD","1kg","Negeri Sembilan",708,25,31,8.30,8.30,0,0.00
"2024-03-01",1,"AYAM BERSIH - STANDARD","1kg","Negeri Sembilan",794,28,33,8.59,8.59,0,0.00
"2024-04-01",1,"AYAM BERSIH - STANDARD","1kg","Negeri Sembilan",780,28,33,8.40,8.40,0,0.00
"2024-05-01",1,"AYAM BERSIH - STANDARD","1kg","Negeri Sembilan",786,29,31,8.99,8.99,0,0.00
"2024-06-01",1,"AYAM BERSIH - STANDARD","1kg","Negeri Sembilan",760,28,32,9.20,9.20,0,0.00
"2024-07-01",1,"AYAM BERSIH - STANDARD","1kg","Negeri Sembilan",782,28,33,8.45,8.45,0,0.00
"2024-08-01",1,"AYAM BERSIH - STANDARD","1kg","Negeri Sembilan",703,25,34,7.60,7.60,0,0.00
"2024-09-01",1,"AYAM BERSIH - STANDARD","1kg","Negeri Sembilan",820,29,34,8.10,8.10,0,0.00
"2024-10-01",1,"AYAM BERSIH - STANDARD","1kg","Negeri Sembilan",861,30,34,8.60,8.60,0,0.00
"2024-11-01",1,"AYAM BERSIH - STANDARD","1kg","Negeri Sembilan",791,28,34,8.59,8.59,0,0.00
"2024-12-01",1,"AYAM BERSIH - STANDARD","1kg","Negeri Sembilan",821,30,33,8.19,8.19,0,0.00
"2025-01-01",1,"AYAM BERSIH - STANDARD","1kg","Negeri Sembilan",782,27,33,8.49,8.49,0,0.00
"2025-02-01",1,"AYAM BERSIH - STANDARD","1kg","Negeri Sembilan",730,25,34,8.65,8.65,0,0.00
"2025-03-01",1,"AYAM BERSIH - STANDARD","1kg","Negeri Sembilan",875,30,36,8.69,8.69,0,0.00
"2025-04-01",1,"AYAM BERSIH - STANDARD","1kg","Negeri Sembilan",823,28,36,8.49,8.49,0,0.00
"2025-05-01",1,"AYAM BERSIH - STANDARD","1kg","Negeri Sembilan",846,29,36,8.99,8.99,0,0.00
"2025-06-01",1,"AYAM BERSIH - STANDARD","1kg","Negeri Sembilan",731,26,33,8.79,8.79,0,0.00
"2025-07-01",1,"AYAM BERSIH - STANDARD","1kg","Negeri Sembilan",954,30,54,7.69,7.69,0,0.00
"2025-08-01",1,"AYAM BERSIH - STANDARD","1kg","Negeri Sembilan",1076,30,52,7.49,7.49,0,0.00
"2025-09-01",1,"AYAM BERSIH - STANDARD","1kg","Negeri Sembilan",926,26,50,7.85,7.85,0,0.00
"2025-10-01",1,"AYAM BERSIH - STANDARD","1kg","Negeri Sembilan",1063,30,50,8.20,8.20,0,0.00
"2025-11-01",1,"AYAM BERSIH - STANDARD","1kg","Negeri Sembilan",1047,30,51,8.69,8.69,0,0.00
"2025-12-01",1,"AYAM BERSIH - STANDARD","1kg","Negeri Sembilan",1059,30,50,8.39,8.39,0,0.00
"2023-01-01",1,"AYAM BERSIH - STANDARD","1kg","Pahang",1760,27,72,8.99,8.99,0,0.00
"2023-02-01",1,"AYAM BERSIH - STANDARD","1kg","Pahang",1773,27,72,9.39,9.39,0,0.00
"2023-03-01",1,"AYAM BERSIH - STANDARD","1kg","Pahang",2042,31,73,9.39,9.39,0,0.00
"2023-04-01",1,"AYAM BERSIH - STANDARD","1kg","Pahang",1634,25,72,9.39,9.39,0,0.00
"2023-05-01",1,"AYAM BERSIH - STANDARD","1kg","Pahang",1499,24,71,9.39,9.39,0,0.00
"2023-06-01",1,"AYAM BERSIH - STANDARD","1kg","Pahang",1805,28,70,9.39,9.39,0,0.00
"2023-07-01",1,"AYAM BERSIH - STANDARD","1kg","Pahang",1856,30,73,9.39,9.39,0,0.00
"2023-08-01",1,"AYAM BERSIH - STANDARD","1kg","Pahang",1932,29,76,8.79,8.79,0,0.00
"2023-09-01",1,"AYAM BERSIH - STANDARD","1kg","Pahang",1811,27,77,8.50,8.50,0,0.00
"2023-10-01",1,"AYAM BERSIH - STANDARD","1kg","Pahang",2062,30,77,8.49,8.49,0,0.00
"2023-11-01",1,"AYAM BERSIH - STANDARD","1kg","Pahang",1855,26,79,8.19,8.19,0,0.00
"2023-12-01",1,"AYAM BERSIH - STANDARD","1kg","Pahang",1705,24,79,8.69,8.69,0,0.00
"2024-01-01",1,"AYAM BERSIH - STANDARD","1kg","Pahang",2194,31,78,8.79,8.79,0,0.00
"2024-02-01",1,"AYAM BERSIH - STANDARD","1kg","Pahang",1855,26,81,8.39,8.39,0,0.00
"2024-03-01",1,"AYAM BERSIH - STANDARD","1kg","Pahang",2014,27,94,8.49,8.49,0,0.00
"2024-04-01",1,"AYAM BERSIH - STANDARD","1kg","Pahang",2209,28,104,8.29,8.29,0,0.00
"2024-05-01",1,"AYAM BERSIH - STANDARD","1kg","Pahang",2332,29,104,8.89,8.89,0,0.00
"2024-06-01",1,"AYAM BERSIH - STANDARD","1kg","Pahang",2180,28,104,8.99,8.99,0,0.00
"2024-07-01",1,"AYAM BERSIH - STANDARD","1kg","Pahang",2194,29,104,8.19,8.19,0,0.00
"2024-08-01",1,"AYAM BERSIH - STANDARD","1kg","Pahang",1983,25,104,7.49,7.49,0,0.00
"2024-09-01",1,"AYAM BERSIH - STANDARD","1kg","Pahang",2336,29,104,7.99,7.99,0,0.00
"2024-10-01",1,"AYAM BERSIH - STANDARD","1kg","Pahang",2369,30,103,8.69,8.69,0,0.00
"2024-11-01",1,"AYAM BERSIH - STANDARD","1kg","Pahang",2213,28,103,8.69,8.69,0,0.00
"2024-12-01",1,"AYAM BERSIH - STANDARD","1kg","Pahang",2398,30,103,8.49,8.49,0,0.00
"2025-01-01",1,"AYAM BERSIH - STANDARD","1kg","Pahang",2336,29,102,8.59,8.59,0,0.00
"2025-02-01",1,"AYAM BERSIH - STANDARD","1kg","Pahang",2078,26,102,8.99,8.99,0,0.00
"2025-03-01",1,"AYAM BERSIH - STANDARD","1kg","Pahang",2341,29,104,8.99,8.99,0,0.00
"2025-04-01",1,"AYAM BERSIH - STANDARD","1kg","Pahang",2202,28,103,8.49,8.49,0,0.00
"2025-05-01",1,"AYAM BERSIH - STANDARD","1kg","Pahang",2261,29,103,8.99,8.99,0,0.00
"2025-06-01",1,"AYAM BERSIH - STANDARD","1kg","Pahang",2057,26,104,8.76,8.76,0,0.00
"2025-07-01",1,"AYAM BERSIH - STANDARD","1kg","Pahang",2356,30,119,7.60,7.60,0,0.00
"2025-08-01",1,"AYAM BERSIH - STANDARD","1kg","Pahang",2432,30,110,7.49,7.49,0,0.00
"2025-09-01",1,"AYAM BERSIH - STANDARD","1kg","Pahang",2076,26,112,7.90,7.90,0,0.00
"2025-10-01",1,"AYAM BERSIH - STANDARD","1kg","Pahang",2391,30,110,8.29,8.29,0,0.00
"2025-11-01",1,"AYAM BERSIH - STANDARD","1kg","Pahang",2302,30,110,8.69,8.69,0,0.00
"2025-12-01",1,"AYAM BERSIH - STANDARD","1kg","Pahang",2371,30,110,8.49,8.49,0,0.00
"2023-01-01",1,"AYAM BERSIH - STANDARD","1kg","Perak",2041,27,78,9.39,9.39,0,0.00
"2023-02-01",1,"AYAM BERSIH - STANDARD","1kg","Perak",1912,25,79,9.40,9.40,0,0.00
"2023-03-01",1,"AYAM BERSIH - STANDARD","1kg","Perak",2384,31,81,9.40,9.40,0,0.00
"2023-04-01",1,"AYAM BERSIH - STANDARD","1kg","Perak",1947,25,82,9.40,9.40,0,0.00
"2023-05-01",1,"AYAM BERSIH - STANDARD","1kg","Perak",1889,24,82,9.40,9.40,0,0.00
"2023-06-01",1,"AYAM BERSIH - STANDARD","1kg","Perak",2199,28,82,9.40,9.40,0,0.00
"2023-07-01",1,"AYAM BERSIH - STANDARD","1kg","Perak",2338,30,82,9.39,9.39,0,0.00
"2023-08-01",1,"AYAM BERSIH - STANDARD","1kg","Perak",2242,29,81,8.90,8.90,0,0.00
"2023-09-01",1,"AYAM BERSIH - STANDARD","1kg","Perak",2107,27,82,8.80,8.80,0,0.00
"2023-10-01",1,"AYAM BERSIH - STANDARD","1kg","Perak",2358,30,82,8.90,8.90,0,0.00
"2023-11-01",1,"AYAM BERSIH - STANDARD","1kg","Perak",1963,25,82,8.49,8.49,0,0.00
"2023-12-01",1,"AYAM BERSIH - STANDARD","1kg","Perak",1849,24,82,8.99,8.99,0,0.00
"2024-01-01",1,"AYAM BERSIH - STANDARD","1kg","Perak",2318,30,82,9.00,9.00,0,0.00
"2024-02-01",1,"AYAM BERSIH - STANDARD","1kg","Perak",2057,26,88,8.68,8.68,0,0.00
"2024-03-01",1,"AYAM BERSIH - STANDARD","1kg","Perak",2020,27,87,8.70,8.70,0,0.00
"2024-04-01",1,"AYAM BERSIH - STANDARD","1kg","Perak",2138,28,87,8.69,8.69,0,0.00
"2024-05-01",1,"AYAM BERSIH - STANDARD","1kg","Perak",2211,29,85,8.99,8.99,0,0.00
"2024-06-01",1,"AYAM BERSIH - STANDARD","1kg","Perak",2116,28,84,9.40,9.40,0,0.00
"2024-07-01",1,"AYAM BERSIH - STANDARD","1kg","Perak",2178,28,90,8.69,8.69,0,0.00
"2024-08-01",1,"AYAM BERSIH - STANDARD","1kg","Perak",1940,25,89,7.90,7.90,0,0.00
"2024-09-01",1,"AYAM BERSIH - STANDARD","1kg","Perak",2325,29,90,8.19,8.19,0,0.00
"2024-10-01",1,"AYAM BERSIH - STANDARD","1kg","Perak",2415,30,92,8.89,8.89,0,0.00
"2024-11-01",1,"AYAM BERSIH - STANDARD","1kg","Perak",2183,27,91,8.90,8.90,0,0.00
"2024-12-01",1,"AYAM BERSIH - STANDARD","1kg","Perak",2419,30,92,8.69,8.69,0,0.00
"2025-01-01",1,"AYAM BERSIH - STANDARD","1kg","Perak",2179,29,85,8.70,8.70,0,0.00
"2025-02-01",1,"AYAM BERSIH - STANDARD","1kg","Perak",1941,25,94,8.90,8.90,0,0.00
"2025-03-01",1,"AYAM BERSIH - STANDARD","1kg","Perak",2392,29,94,8.79,8.79,0,0.00
"2025-04-01",1,"AYAM BERSIH - STANDARD","1kg","Perak",2311,28,94,8.69,8.69,0,0.00
"2025-05-01",1,"AYAM BERSIH - STANDARD","1kg","Perak",2429,29,94,9.19,9.19,0,0.00
"2025-06-01",1,"AYAM BERSIH - STANDARD","1kg","Perak",2169,26,93,8.99,8.99,0,0.00
"2025-07-01",1,"AYAM BERSIH - STANDARD","1kg","Perak",2850,30,133,7.79,7.79,0,0.00
"2025-08-01",1,"AYAM BERSIH - STANDARD","1kg","Perak",3035,30,122,7.59,7.59,0,0.00
"2025-09-01",1,"AYAM BERSIH - STANDARD","1kg","Perak",2621,26,122,7.99,7.99,0,0.00
"2025-10-01",1,"AYAM BERSIH - STANDARD","1kg","Perak",2997,30,122,8.29,8.29,0,0.00
"2025-11-01",1,"AYAM BERSIH - STANDARD","1kg","Perak",2840,29,122,8.70,8.70,0,0.00
"2025-12-01",1,"AYAM BERSIH - STANDARD","1kg","Perak",3008,30,122,8.39,8.39,0,0.00
"2023-01-01",1,"AYAM BERSIH - STANDARD","1kg","Perlis",383,28,16,9.29,9.29,0,0.00
"2023-02-01",1,"AYAM BERSIH - STANDARD","1kg","Perlis",357,26,16,9.39,9.39,0,0.00
"2023-03-01",1,"AYAM BERSIH - STANDARD","1kg","Perlis",420,31,16,9.40,9.40,0,0.00
"2023-04-01",1,"AYAM BERSIH - STANDARD","1kg","Perlis",348,25,15,9.40,9.40,0,0.00
"2023-05-01",1,"AYAM BERSIH - STANDARD","1kg","Perlis",312,23,15,9.40,9.40,0,0.00
"2023-06-01",1,"AYAM BERSIH - STANDARD","1kg","Perlis",370,27,15,9.40,9.40,0,0.00
"2023-07-01",1,"AYAM BERSIH - STANDARD","1kg","Perlis",404,30,16,9.20,9.20,0,0.00
"2023-08-01",1,"AYAM BERSIH - STANDARD","1kg","Perlis",410,29,16,8.79,8.79,0,0.00
"2023-09-01",1,"AYAM BERSIH - STANDARD","1kg","Perlis",376,27,16,8.60,8.60,0,0.00
"2023-10-01",1,"AYAM BERSIH - STANDARD","1kg","Perlis",415,30,16,8.99,8.99,0,0.00
"2023-11-01",1,"AYAM BERSIH - STANDARD","1kg","Perlis",372,26,16,8.69,8.69,0,0.00
"2023-12-01",1,"AYAM BERSIH - STANDARD","1kg","Perlis",343,24,16,9.29,9.29,0,0.00
"2024-01-01",1,"AYAM BERSIH - STANDARD","1kg","Perlis",449,31,17,9.00,9.00,0,0.00
"2024-02-01",1,"AYAM BERSIH - STANDARD","1kg","Perlis",360,25,17,8.88,8.88,0,0.00
"2024-03-01",1,"AYAM BERSIH - STANDARD","1kg","Perlis",375,27,17,9.19,9.19,0,0.00
"2024-04-01",1,"AYAM BERSIH - STANDARD","1kg","Perlis",397,28,18,8.99,8.99,0,0.00
"2024-05-01",1,"AYAM BERSIH - STANDARD","1kg","Perlis",402,28,18,9.50,9.50,0,0.00
"2024-06-01",1,"AYAM BERSIH - STANDARD","1kg","Perlis",387,27,18,9.99,9.99,0,0.00
"2024-07-01",1,"AYAM BERSIH - STANDARD","1kg","Perlis",408,28,18,8.99,8.99,0,0.00
"2024-08-01",1,"AYAM BERSIH - STANDARD","1kg","Perlis",359,25,17,8.50,8.50,0,0.00
"2024-09-01",1,"AYAM BERSIH - STANDARD","1kg","Perlis",423,29,18,8.59,8.59,0,0.00
"2024-10-01",1,"AYAM BERSIH - STANDARD","1kg","Perlis",432,30,18,9.49,9.49,0,0.00
"2024-11-01",1,"AYAM BERSIH - STANDARD","1kg","Perlis",399,28,18,9.50,9.50,0,0.00
"2024-12-01",1,"AYAM BERSIH - STANDARD","1kg","Perlis",434,30,19,8.99,8.99,0,0.00
"2025-01-01",1,"AYAM BERSIH - STANDARD","1kg","Perlis",407,28,19,9.20,9.20,0,0.00
"2025-02-01",1,"AYAM BERSIH - STANDARD","1kg","Perlis",376,26,18,9.20,9.20,0,0.00
"2025-03-01",1,"AYAM BERSIH - STANDARD","1kg","Perlis",417,29,17,9.49,9.49,0,0.00
"2025-04-01",1,"AYAM BERSIH - STANDARD","1kg","Perlis",370,27,18,9.09,9.09,0,0.00
"2025-05-01",1,"AYAM BERSIH - STANDARD","1kg","Perlis",403,28,17,9.59,9.59,0,0.00
"2025-06-01",1,"AYAM BERSIH - STANDARD","1kg","Perlis",342,24,18,9.00,9.00,0,0.00
"2025-07-01",1,"AYAM BERSIH - STANDARD","1kg","Perlis",430,30,18,8.79,8.79,0,0.00
"2025-08-01",1,"AYAM BERSIH - STANDARD","1kg","Perlis",444,30,19,8.39,8.39,0,0.00
"2025-09-01",1,"AYAM BERSIH - STANDARD","1kg","Perlis",383,26,20,8.70,8.70,0,0.00
"2025-10-01",1,"AYAM BERSIH - STANDARD","1kg","Perlis",438,30,20,8.99,8.99,0,0.00
"2025-11-01",1,"AYAM BERSIH - STANDARD","1kg","Perlis",389,29,20,9.09,9.09,0,0.00
"2025-12-01",1,"AYAM BERSIH - STANDARD","1kg","Perlis",420,30,20,8.99,8.99,0,0.00
"2023-01-01",1,"AYAM BERSIH - STANDARD","1kg","Pulau Pinang",1801,27,69,9.40,9.40,0,0.00
"2023-02-01",1,"AYAM BERSIH - STANDARD","1kg","Pulau Pinang",1625,25,68,9.40,9.40,0,0.00
"2023-03-01",1,"AYAM BERSIH - STANDARD","1kg","Pulau Pinang",1952,31,66,9.40,9.40,0,0.00
"2023-04-01",1,"AYAM BERSIH - STANDARD","1kg","Pulau Pinang",1552,25,63,9.40,9.40,0,0.00
"2023-05-01",1,"AYAM BERSIH - STANDARD","1kg","Pulau Pinang",1492,24,63,9.40,9.40,0,0.00
"2023-06-01",1,"AYAM BERSIH - STANDARD","1kg","Pulau Pinang",1750,28,63,9.40,9.40,0,0.00
"2023-07-01",1,"AYAM BERSIH - STANDARD","1kg","Pulau Pinang",1754,28,63,9.40,9.40,0,0.00
"2023-08-01",1,"AYAM BERSIH - STANDARD","1kg","Pulau Pinang",1749,28,64,9.40,9.40,0,0.00
"2023-09-01",1,"AYAM BERSIH - STANDARD","1kg","Pulau Pinang",1699,27,64,9.40,9.40,0,0.00
"2023-10-01",1,"AYAM BERSIH - STANDARD","1kg","Pulau Pinang",1901,30,65,9.40,9.40,0,0.00
"2023-11-01",1,"AYAM BERSIH - STANDARD","1kg","Pulau Pinang",1620,26,64,9.40,9.40,0,0.00
"2023-12-01",1,"AYAM BERSIH - STANDARD","1kg","Pulau Pinang",1492,24,63,9.40,9.40,0,0.00
"2024-01-01",1,"AYAM BERSIH - STANDARD","1kg","Pulau Pinang",1864,30,63,9.40,9.40,0,0.00
"2024-02-01",1,"AYAM BERSIH - STANDARD","1kg","Pulau Pinang",1608,26,63,9.40,9.40,0,0.00
"2024-03-01",1,"AYAM BERSIH - STANDARD","1kg","Pulau Pinang",1649,27,64,9.40,9.40,0,0.00
"2024-04-01",1,"AYAM BERSIH - STANDARD","1kg","Pulau Pinang",1709,28,65,9.40,9.40,0,0.00
"2024-05-01",1,"AYAM BERSIH - STANDARD","1kg","Pulau Pinang",1830,29,66,9.40,9.40,0,0.00
"2024-06-01",1,"AYAM BERSIH - STANDARD","1kg","Pulau Pinang",1773,28,69,9.90,9.90,0,0.00
"2024-07-01",1,"AYAM BERSIH - STANDARD","1kg","Pulau Pinang",1782,27,71,9.40,9.40,0,0.00
"2024-08-01",1,"AYAM BERSIH - STANDARD","1kg","Pulau Pinang",1675,25,74,9.40,9.40,0,0.00
"2024-09-01",1,"AYAM BERSIH - STANDARD","1kg","Pulau Pinang",1986,29,72,9.40,9.40,0,0.00
"2024-10-01",1,"AYAM BERSIH - STANDARD","1kg","Pulau Pinang",1986,30,72,9.40,9.40,0,0.00
"2024-11-01",1,"AYAM BERSIH - STANDARD","1kg","Pulau Pinang",1828,28,70,9.40,9.40,0,0.00
"2024-12-01",1,"AYAM BERSIH - STANDARD","1kg","Pulau Pinang",1952,30,69,9.40,9.40,0,0.00
"2025-01-01",1,"AYAM BERSIH - STANDARD","1kg","Pulau Pinang",1843,29,70,9.40,9.40,0,0.00
"2025-02-01",1,"AYAM BERSIH - STANDARD","1kg","Pulau Pinang",1550,25,67,9.40,9.40,0,0.00
"2025-03-01",1,"AYAM BERSIH - STANDARD","1kg","Pulau Pinang",1780,29,66,9.40,9.40,0,0.00
"2025-04-01",1,"AYAM BERSIH - STANDARD","1kg","Pulau Pinang",1680,28,65,9.40,9.40,0,0.00
"2025-05-01",1,"AYAM BERSIH - STANDARD","1kg","Pulau Pinang",1779,29,65,9.40,9.40,0,0.00
"2025-06-01",1,"AYAM BERSIH - STANDARD","1kg","Pulau Pinang",1580,26,65,9.40,9.40,0,0.00
"2025-07-01",1,"AYAM BERSIH - STANDARD","1kg","Pulau Pinang",1769,28,81,8.80,8.80,0,0.00
"2025-08-01",1,"AYAM BERSIH - STANDARD","1kg","Pulau Pinang",2026,30,90,8.80,8.80,0,0.00
"2025-09-01",1,"AYAM BERSIH - STANDARD","1kg","Pulau Pinang",1736,26,88,9.00,9.00,0,0.00
"2025-10-01",1,"AYAM BERSIH - STANDARD","1kg","Pulau Pinang",1973,30,89,9.00,9.00,0,0.00
"2025-11-01",1,"AYAM BERSIH - STANDARD","1kg","Pulau Pinang",1923,30,87,9.40,9.40,0,0.00
"2025-12-01",1,"AYAM BERSIH - STANDARD","1kg","Pulau Pinang",1967,30,87,9.29,9.29,0,0.00
"2023-01-01",1,"AYAM BERSIH - STANDARD","1kg","Sabah",217,27,9,11.30,11.30,0,0.00
"2023-02-01",1,"AYAM BERSIH - STANDARD","1kg","Sabah",223,27,11,11.30,11.30,0,0.00
"2023-03-01",1,"AYAM BERSIH - STANDARD","1kg","Sabah",246,31,10,11.30,11.30,0,0.00
"2023-04-01",1,"AYAM BERSIH - STANDARD","1kg","Sabah",168,25,9,11.30,11.30,0,0.00
"2023-05-01",1,"AYAM BERSIH - STANDARD","1kg","Sabah",123,22,7,11.30,11.30,0,0.00
"2023-06-01",1,"AYAM BERSIH - STANDARD","1kg","Sabah",171,28,8,11.30,11.30,0,0.00
"2023-07-01",1,"AYAM BERSIH - STANDARD","1kg","Sabah",212,30,8,11.30,11.30,0,0.00
"2023-08-01",1,"AYAM BERSIH - STANDARD","1kg","Sabah",185,29,8,11.30,11.30,0,0.00
"2023-09-01",1,"AYAM BERSIH - STANDARD","1kg","Sabah",159,27,8,11.30,11.30,0,0.00
"2023-10-01",1,"AYAM BERSIH - STANDARD","1kg","Sabah",194,29,7,11.30,11.30,0,0.00
"2023-11-01",1,"AYAM BERSIH - STANDARD","1kg","Sabah",144,27,7,11.30,11.30,0,0.00
"2023-12-01",1,"AYAM BERSIH - STANDARD","1kg","Sabah",142,23,8,11.30,11.30,0,0.00
"2024-01-01",1,"AYAM BERSIH - STANDARD","1kg","Sabah",207,31,9,11.60,11.60,0,0.00
"2024-02-01",1,"AYAM BERSIH - STANDARD","1kg","Sabah",217,26,9,13.00,13.00,0,0.00
"2024-03-01",1,"AYAM BERSIH - STANDARD","1kg","Sabah",207,27,9,13.00,13.00,0,0.00
"2024-04-01",1,"AYAM BERSIH - STANDARD","1kg","Sabah",188,28,9,13.00,13.00,0,0.00
"2024-05-01",1,"AYAM BERSIH - STANDARD","1kg","Sabah",143,27,8,12.50,12.50,0,0.00
"2024-06-01",1,"AYAM BERSIH - STANDARD","1kg","Sabah",128,28,6,12.50,12.50,0,0.00
"2024-07-01",1,"AYAM BERSIH - STANDARD","1kg","Sabah",149,28,6,12.50,12.50,0,0.00
"2024-08-01",1,"AYAM BERSIH - STANDARD","1kg","Sabah",131,25,6,11.90,11.90,0,0.00
"2024-09-01",1,"AYAM BERSIH - STANDARD","1kg","Sabah",172,29,7,11.90,11.90,0,0.00
"2024-10-01",1,"AYAM BERSIH - STANDARD","1kg","Sabah",164,29,9,11.90,11.90,0,0.00
"2024-11-01",1,"AYAM BERSIH - STANDARD","1kg","Sabah",202,28,9,12.39,12.39,0,0.00
"2024-12-01",1,"AYAM BERSIH - STANDARD","1kg","Sabah",216,29,9,13.00,13.00,0,0.00
"2025-01-01",1,"AYAM BERSIH - STANDARD","1kg","Sabah",285,29,10,12.90,12.90,0,0.00
"2025-02-01",1,"AYAM BERSIH - STANDARD","1kg","Sabah",259,26,10,13.00,13.00,0,0.00
"2025-03-01",1,"AYAM BERSIH - STANDARD","1kg","Sabah",265,30,10,13.00,13.00,0,0.00
"2025-04-01",1,"AYAM BERSIH - STANDARD","1kg","Sabah",231,26,9,13.00,13.00,0,0.00
"2025-05-01",1,"AYAM BERSIH - STANDARD","1kg","Sabah",243,27,9,13.00,13.00,0,0.00
"2025-06-01",1,"AYAM BERSIH - STANDARD","1kg","Sabah",233,27,9,13.00,13.00,0,0.00
"2025-07-01",1,"AYAM BERSIH - STANDARD","1kg","Sabah",354,30,19,13.00,13.00,0,0.00
"2025-08-01",1,"AYAM BERSIH - STANDARD","1kg","Sabah",454,30,19,12.99,12.99,0,0.00
"2025-09-01",1,"AYAM BERSIH - STANDARD","1kg","Sabah",392,26,18,13.00,13.00,0,0.00
"2025-10-01",1,"AYAM BERSIH - STANDARD","1kg","Sabah",449,30,19,12.90,12.90,0,0.00
"2025-11-01",1,"AYAM BERSIH - STANDARD","1kg","Sabah",390,28,16,12.89,12.89,0,0.00
"2025-12-01",1,"AYAM BERSIH - STANDARD","1kg","Sabah",431,29,18,12.89,12.89,0,0.00
"2023-01-01",1,"AYAM BERSIH - STANDARD","1kg","Sarawak",269,27,14,9.80,9.80,0,0.00
"2023-02-01",1,"AYAM BERSIH - STANDARD","1kg","Sarawak",256,27,14,9.80,9.80,0,0.00
"2023-03-01",1,"AYAM BERSIH - STANDARD","1kg","Sarawak",327,31,15,9.80,9.80,0,0.00
"2023-04-01",1,"AYAM BERSIH - STANDARD","1kg","Sarawak",280,25,15,9.80,9.80,0,0.00
"2023-05-01",1,"AYAM BERSIH - STANDARD","1kg","Sarawak",270,24,14,9.80,9.80,0,0.00
"2023-06-01",1,"AYAM BERSIH - STANDARD","1kg","Sarawak",274,26,13,9.80,9.80,0,0.00
"2023-07-01",1,"AYAM BERSIH - STANDARD","1kg","Sarawak",267,29,12,9.80,9.80,0,0.00
"2023-08-01",1,"AYAM BERSIH - STANDARD","1kg","Sarawak",280,29,11,9.80,9.80,0,0.00
"2023-09-01",1,"AYAM BERSIH - STANDARD","1kg","Sarawak",224,27,10,9.80,9.80,0,0.00
"2023-10-01",1,"AYAM BERSIH - STANDARD","1kg","Sarawak",245,29,9,9.80,9.80,0,0.00
"2023-11-01",1,"AYAM BERSIH - STANDARD","1kg","Sarawak",257,28,11,11.30,11.30,0,0.00
"2023-12-01",1,"AYAM BERSIH - STANDARD","1kg","Sarawak",205,24,9,11.30,11.30,0,0.00
"2024-01-01",1,"AYAM BERSIH - STANDARD","1kg","Sarawak",277,31,9,11.50,11.50,0,0.00
"2024-02-01",1,"AYAM BERSIH - STANDARD","1kg","Sarawak",272,26,13,11.30,11.30,0,0.00
"2024-03-01",1,"AYAM BERSIH - STANDARD","1kg","Sarawak",252,26,13,11.30,11.30,0,0.00
"2024-04-01",1,"AYAM BERSIH - STANDARD","1kg","Sarawak",304,28,13,10.95,10.95,0,0.00
"2024-05-01",1,"AYAM BERSIH - STANDARD","1kg","Sarawak",337,29,14,10.95,10.95,0,0.00
"2024-06-01",1,"AYAM BERSIH - STANDARD","1kg","Sarawak",255,25,11,10.95,10.95,0,0.00
"2024-07-01",1,"AYAM BERSIH - STANDARD","1kg","Sarawak",281,27,12,10.80,10.80,0,0.00
"2024-08-01",1,"AYAM BERSIH - STANDARD","1kg","Sarawak",257,25,14,10.80,10.80,0,0.00
"2024-09-01",1,"AYAM BERSIH - STANDARD","1kg","Sarawak",264,29,11,10.95,10.95,0,0.00
"2024-10-01",1,"AYAM BERSIH - STANDARD","1kg","Sarawak",281,30,14,10.95,10.95,0,0.00
"2024-11-01",1,"AYAM BERSIH - STANDARD","1kg","Sarawak",257,28,12,10.95,10.95,0,0.00
"2024-12-01",1,"AYAM BERSIH - STANDARD","1kg","Sarawak",307,30,17,10.80,10.80,0,0.00
"2025-01-01",1,"AYAM BERSIH - STANDARD","1kg","Sarawak",297,29,14,10.95,10.95,0,0.00
"2025-02-01",1,"AYAM BERSIH - STANDARD","1kg","Sarawak",274,26,18,10.80,10.80,0,0.00
"2025-03-01",1,"AYAM BERSIH - STANDARD","1kg","Sarawak",326,30,16,10.80,10.80,0,0.00
"2025-04-01",1,"AYAM BERSIH - STANDARD","1kg","Sarawak",308,27,18,10.79,10.79,0,0.00
"2025-05-01",1,"AYAM BERSIH - STANDARD","1kg","Sarawak",357,29,19,10.80,10.80,0,0.00
"2025-06-01",1,"AYAM BERSIH - STANDARD","1kg","Sarawak",322,24,19,10.80,10.80,0,0.00
"2025-07-01",1,"AYAM BERSIH - STANDARD","1kg","Sarawak",460,30,29,10.79,10.79,0,0.00
"2025-08-01",1,"AYAM BERSIH - STANDARD","1kg","Sarawak",559,30,26,10.79,10.79,0,0.00
"2025-09-01",1,"AYAM BERSIH - STANDARD","1kg","Sarawak",460,26,25,10.80,10.80,0,0.00
"2025-10-01",1,"AYAM BERSIH - STANDARD","1kg","Sarawak",553,30,28,10.80,10.80,0,0.00
"2025-11-01",1,"AYAM BERSIH - STANDARD","1kg","Sarawak",465,29,23,10.80,10.80,0,0.00
"2025-12-01",1,"AYAM BERSIH - STANDARD","1kg","Sarawak",497,30,28,10.60,10.60,0,0.00
"2023-01-01",1,"AYAM BERSIH - STANDARD","1kg","Selangor",2074,27,85,9.40,9.40,0,0.00
"2023-02-01",1,"AYAM BERSIH - STANDARD","1kg","Selangor",1892,25,85,9.39,9.39,0,0.00
"2023-03-01",1,"AYAM BERSIH - STANDARD","1kg","Selangor",2337,31,85,9.40,9.40,0,0.00
"2023-04-01",1,"AYAM BERSIH - STANDARD","1kg","Selangor",1885,25,85,9.40,9.40,0,0.00
"2023-05-01",1,"AYAM BERSIH - STANDARD","1kg","Selangor",1786,24,85,9.39,9.39,0,0.00
"2023-06-01",1,"AYAM BERSIH - STANDARD","1kg","Selangor",2078,28,84,9.39,9.39,0,0.00
"2023-07-01",1,"AYAM BERSIH - STANDARD","1kg","Selangor",2252,30,83,9.39,9.39,0,0.00
"2023-08-01",1,"AYAM BERSIH - STANDARD","1kg","Selangor",2008,29,83,8.79,8.79,0,0.00
"2023-09-01",1,"AYAM BERSIH - STANDARD","1kg","Selangor",1941,27,80,8.49,8.49,0,0.00
"2023-10-01",1,"AYAM BERSIH - STANDARD","1kg","Selangor",2143,30,80,8.69,8.69,0,0.00
"2023-11-01",1,"AYAM BERSIH - STANDARD","1kg","Selangor",1857,26,80,8.29,8.29,0,0.00
"2023-12-01",1,"AYAM BERSIH - STANDARD","1kg","Selangor",1620,24,79,8.99,8.99,0,0.00
"2024-01-01",1,"AYAM BERSIH - STANDARD","1kg","Selangor",2122,30,81,8.99,8.99,0,0.00
"2024-02-01",1,"AYAM BERSIH - STANDARD","1kg","Selangor",1877,26,80,8.49,8.49,0,0.00
"2024-03-01",1,"AYAM BERSIH - STANDARD","1kg","Selangor",1883,27,80,8.79,8.79,0,0.00
"2024-04-01",1,"AYAM BERSIH - STANDARD","1kg","Selangor",1945,28,78,8.49,8.49,0,0.00
"2024-05-01",1,"AYAM BERSIH - STANDARD","1kg","Selangor",2042,29,79,8.99,8.99,0,0.00
"2024-06-01",1,"AYAM BERSIH - STANDARD","1kg","Selangor",1952,28,78,9.20,9.20,0,0.00
"2024-07-01",1,"AYAM BERSIH - STANDARD","1kg","Selangor",1970,28,79,8.49,8.49,0,0.00
"2024-08-01",1,"AYAM BERSIH - STANDARD","1kg","Selangor",1762,25,80,7.70,7.70,0,0.00
"2024-09-01",1,"AYAM BERSIH - STANDARD","1kg","Selangor",2088,29,80,8.29,8.29,0,0.00
"2024-10-01",1,"AYAM BERSIH - STANDARD","1kg","Selangor",2158,30,80,8.89,8.89,0,0.00
"2024-11-01",1,"AYAM BERSIH - STANDARD","1kg","Selangor",1997,28,80,8.79,8.79,0,0.00
"2024-12-01",1,"AYAM BERSIH - STANDARD","1kg","Selangor",2067,30,80,8.49,8.49,0,0.00
"2025-01-01",1,"AYAM BERSIH - STANDARD","1kg","Selangor",2083,29,81,8.59,8.59,0,0.00
"2025-02-01",1,"AYAM BERSIH - STANDARD","1kg","Selangor",1794,25,80,8.89,8.89,0,0.00
"2025-03-01",1,"AYAM BERSIH - STANDARD","1kg","Selangor",2091,29,80,8.89,8.89,0,0.00
"2025-04-01",1,"AYAM BERSIH - STANDARD","1kg","Selangor",1969,28,80,8.60,8.60,0,0.00
"2025-05-01",1,"AYAM BERSIH - STANDARD","1kg","Selangor",2083,29,81,9.09,9.09,0,0.00
"2025-06-01",1,"AYAM BERSIH - STANDARD","1kg","Selangor",1851,26,81,8.99,8.99,0,0.00
"2025-07-01",1,"AYAM BERSIH - STANDARD","1kg","Selangor",2312,30,106,7.79,7.79,0,0.00
"2025-08-01",1,"AYAM BERSIH - STANDARD","1kg","Selangor",2504,30,104,7.59,7.59,0,0.00
"2025-09-01",1,"AYAM BERSIH - STANDARD","1kg","Selangor",2163,26,103,7.99,7.99,0,0.00
"2025-10-01",1,"AYAM BERSIH - STANDARD","1kg","Selangor",2491,30,102,8.29,8.29,0,0.00
"2025-11-01",1,"AYAM BERSIH - STANDARD","1kg","Selangor",2342,29,100,8.79,8.79,0,0.00
"2025-12-01",1,"AYAM BERSIH - STANDARD","1kg","Selangor",2343,30,101,8.49,8.49,0,0.00
"2023-01-01",1,"AYAM BERSIH - STANDARD","1kg","Terengganu",1512,29,78,9.40,9.40,0,0.00
"2023-02-01",1,"AYAM BERSIH - STANDARD","1kg","Terengganu",1352,25,78,9.40,9.40,0,0.00
"2023-03-01",1,"AYAM BERSIH - STANDARD","1kg","Terengganu",1515,29,80,9.40,9.40,0,0.00
"2023-04-01",1,"AYAM BERSIH - STANDARD","1kg","Terengganu",1205,24,70,9.40,9.40,0,0.00
"2023-05-01",1,"AYAM BERSIH - STANDARD","1kg","Terengganu",1249,24,69,9.40,9.40,0,0.00
"2023-06-01",1,"AYAM BERSIH - STANDARD","1kg","Terengganu",1375,26,71,9.40,9.40,0,0.00
"2023-07-01",1,"AYAM BERSIH - STANDARD","1kg","Terengganu",1637,30,81,9.40,9.40,0,0.00
"2023-08-01",1,"AYAM BERSIH - STANDARD","1kg","Terengganu",1552,27,84,8.99,8.99,0,0.00
"2023-09-01",1,"AYAM BERSIH - STANDARD","1kg","Terengganu",1506,26,83,8.89,8.89,0,0.00
"2023-10-01",1,"AYAM BERSIH - STANDARD","1kg","Terengganu",1750,30,86,8.99,8.99,0,0.00
"2023-11-01",1,"AYAM BERSIH - STANDARD","1kg","Terengganu",1551,27,86,8.49,8.49,0,0.00
"2023-12-01",1,"AYAM BERSIH - STANDARD","1kg","Terengganu",1312,24,86,9.00,9.00,0,0.00
"2024-01-01",1,"AYAM BERSIH - STANDARD","1kg","Terengganu",1740,31,86,9.20,9.20,0,0.00
"2024-02-01",1,"AYAM BERSIH - STANDARD","1kg","Terengganu",1469,25,88,8.99,8.99,0,0.00
"2024-03-01",1,"AYAM BERSIH - STANDARD","1kg","Terengganu",1415,26,87,9.00,9.00,0,0.00
"2024-04-01",1,"AYAM BERSIH - STANDARD","1kg","Terengganu",1514,27,85,8.99,8.99,0,0.00
"2024-05-01",1,"AYAM BERSIH - STANDARD","1kg","Terengganu",1643,29,85,9.29,9.29,0,0.00
"2024-06-01",1,"AYAM BERSIH - STANDARD","1kg","Terengganu",1430,26,85,9.49,9.49,0,0.00
"2024-07-01",1,"AYAM BERSIH - STANDARD","1kg","Terengganu",1654,29,85,8.69,8.69,0,0.00
"2024-08-01",1,"AYAM BERSIH - STANDARD","1kg","Terengganu",1384,25,87,8.00,8.00,0,0.00
"2024-09-01",1,"AYAM BERSIH - STANDARD","1kg","Terengganu",1658,28,88,8.50,8.50,0,0.00
"2024-10-01",1,"AYAM BERSIH - STANDARD","1kg","Terengganu",1731,30,88,9.09,9.09,0,0.00
"2024-11-01",1,"AYAM BERSIH - STANDARD","1kg","Terengganu",1605,28,88,9.20,9.20,0,0.00
"2024-12-01",1,"AYAM BERSIH - STANDARD","1kg","Terengganu",1711,30,88,8.99,8.99,0,0.00
"2025-01-01",1,"AYAM BERSIH - STANDARD","1kg","Terengganu",1644,28,88,9.09,9.09,0,0.00
"2025-02-01",1,"AYAM BERSIH - STANDARD","1kg","Terengganu",1515,26,88,9.30,9.30,0,0.00
"2025-03-01",1,"AYAM BERSIH - STANDARD","1kg","Terengganu",1605,27,89,9.29,9.29,0,0.00
"2025-04-01",1,"AYAM BERSIH - STANDARD","1kg","Terengganu",1550,27,89,8.99,8.99,0,0.00
"2025-05-01",1,"AYAM BERSIH - STANDARD","1kg","Terengganu",1709,29,88,9.49,9.49,0,0.00
"2025-06-01",1,"AYAM BERSIH - STANDARD","1kg","Terengganu",1359,23,89,8.99,8.99,0,0.00
"2025-07-01",1,"AYAM BERSIH - STANDARD","1kg","Terengganu",1776,30,110,8.00,8.00,0,0.00
"2025-08-01",1,"AYAM BERSIH - STANDARD","1kg","Terengganu",1838,30,97,7.95,7.95,0,0.00
"2025-09-01",1,"AYAM BERSIH - STANDARD","1kg","Terengganu",1620,27,97,8.40,8.40,0,0.00
"2025-10-01",1,"AYAM BERSIH - STANDARD","1kg","Terengganu",1785,30,93,8.69,8.69,0,0.00
"2025-11-01",1,"AYAM BERSIH - STANDARD","1kg","Terengganu",1718,30,93,9.20,9.20,0,0.00
"2025-12-01",1,"AYAM BERSIH - STANDARD","1kg","Terengganu",1752,30,86,8.80,8.80,0,0.00
"2024-02-01",1,"AYAM BERSIH - STANDARD","1kg","Unknown",1,1,1,8.59,8.59,0,0.00
"2023-01-01",1,"AYAM BERSIH - STANDARD","1kg","W.P. Kuala Lumpur",1655,27,82,9.39,9.39,0,0.00
"2023-02-01",1,"AYAM BERSIH - STANDARD","1kg","W.P. Kuala Lumpur",1466,24,82,9.40,9.40,0,0.00
"2023-03-01",1,"AYAM BERSIH - STANDARD","1kg","W.P. Kuala Lumpur",1853,31,81,9.40,9.40,0,0.00
"2023-04-01",1,"AYAM BERSIH - STANDARD","1kg","W.P. Kuala Lumpur",1568,25,85,9.40,9.40,0,0.00
"2023-05-01",1,"AYAM BERSIH - STANDARD","1kg","W.P. Kuala Lumpur",1459,24,84,9.39,9.39,0,0.00
"2023-06-01",1,"AYAM BERSIH - STANDARD","1kg","W.P. Kuala Lumpur",1733,28,85,9.39,9.39,0,0.00
"2023-07-01",1,"AYAM BERSIH - STANDARD","1kg","W.P. Kuala Lumpur",1908,30,85,9.39,9.39,0,0.00
"2023-08-01",1,"AYAM BERSIH - STANDARD","1kg","W.P. Kuala Lumpur",1829,29,83,8.79,8.79,0,0.00
"2023-09-01",1,"AYAM BERSIH - STANDARD","1kg","W.P. Kuala Lumpur",1697,27,83,8.59,8.59,0,0.00
"2023-10-01",1,"AYAM BERSIH - STANDARD","1kg","W.P. Kuala Lumpur",1904,30,85,8.89,8.89,0,0.00
"2023-11-01",1,"AYAM BERSIH - STANDARD","1kg","W.P. Kuala Lumpur",1622,26,85,8.49,8.49,0,0.00
"2023-12-01",1,"AYAM BERSIH - STANDARD","1kg","W.P. Kuala Lumpur",1543,24,85,9.00,9.00,0,0.00
"2024-01-01",1,"AYAM BERSIH - STANDARD","1kg","W.P. Kuala Lumpur",1960,30,85,8.99,8.99,0,0.00
"2024-02-01",1,"AYAM BERSIH - STANDARD","1kg","W.P. Kuala Lumpur",1621,25,86,8.59,8.59,0,0.00
"2024-03-01",1,"AYAM BERSIH - STANDARD","1kg","W.P. Kuala Lumpur",1768,27,91,8.79,8.79,0,0.00
"2024-04-01",1,"AYAM BERSIH - STANDARD","1kg","W.P. Kuala Lumpur",1877,28,93,8.59,8.59,0,0.00
"2024-05-01",1,"AYAM BERSIH - STANDARD","1kg","W.P. Kuala Lumpur",2128,29,99,8.99,8.99,0,0.00
"2024-06-01",1,"AYAM BERSIH - STANDARD","1kg","W.P. Kuala Lumpur",2140,28,99,9.30,9.30,0,0.00
"2024-07-01",1,"AYAM BERSIH - STANDARD","1kg","W.P. Kuala Lumpur",2145,28,100,8.49,8.49,0,0.00
"2024-08-01",1,"AYAM BERSIH - STANDARD","1kg","W.P. Kuala Lumpur",1891,25,98,7.99,7.99,0,0.00
"2024-09-01",1,"AYAM BERSIH - STANDARD","1kg","W.P. Kuala Lumpur",2241,29,98,8.49,8.49,0,0.00
"2024-10-01",1,"AYAM BERSIH - STANDARD","1kg","W.P. Kuala Lumpur",2271,30,97,8.99,8.99,0,0.00
"2024-11-01",1,"AYAM BERSIH - STANDARD","1kg","W.P. Kuala Lumpur",2095,28,95,8.89,8.89,0,0.00
"2024-12-01",1,"AYAM BERSIH - STANDARD","1kg","W.P. Kuala Lumpur",2237,30,95,8.69,8.69,0,0.00
"2025-01-01",1,"AYAM BERSIH - STANDARD","1kg","W.P. Kuala Lumpur",2180,29,95,8.80,8.80,0,0.00
"2025-02-01",1,"AYAM BERSIH - STANDARD","1kg","W.P. Kuala Lumpur",1781,24,96,8.99,8.99,0,0.00
"2025-03-01",1,"AYAM BERSIH - STANDARD","1kg","W.P. Kuala Lumpur",2164,29,95,8.99,8.99,0,0.00
"2025-04-01",1,"AYAM BERSIH - STANDARD","1kg","W.P. Kuala Lumpur",2015,28,95,8.79,8.79,0,0.00
"2025-05-01",1,"AYAM BERSIH - STANDARD","1kg","W.P. Kuala Lumpur",2181,29,95,9.20,9.20,0,0.00
"2025-06-01",1,"AYAM BERSIH - STANDARD","1kg","W.P. Kuala Lumpur",1898,26,94,8.99,8.99,1,0.00
"2025-07-01",1,"AYAM BERSIH - STANDARD","1kg","W.P. Kuala Lumpur",2542,30,127,8.00,8.00,0,0.00
"2025-08-01",1,"AYAM BERSIH - STANDARD","1kg","W.P. Kuala Lumpur",2839,30,115,7.99,7.99,0,0.00
"2025-09-01",1,"AYAM BERSIH - STANDARD","1kg","W.P. Kuala Lumpur",2494,26,116,8.32,8.32,0,0.00
"2025-10-01",1,"AYAM BERSIH - STANDARD","1kg","W.P. Kuala Lumpur",2868,30,115,8.69,8.69,0,0.00
"2025-11-01",1,"AYAM BERSIH - STANDARD","1kg","W.P. Kuala Lumpur",2858,30,119,9.20,9.20,0,0.00
"2025-12-01",1,"AYAM BERSIH - STANDARD","1kg","W.P. Kuala Lumpur",2926,30,118,8.90,8.90,0,0.00
"2023-01-01",1,"AYAM BERSIH - STANDARD","1kg","W.P. Labuan",27,27,1,11.30,11.30,0,0.00
"2023-02-01",1,"AYAM BERSIH - STANDARD","1kg","W.P. Labuan",25,25,1,11.30,11.30,0,0.00
"2023-03-01",1,"AYAM BERSIH - STANDARD","1kg","W.P. Labuan",31,31,1,11.30,11.30,0,0.00
"2023-04-01",1,"AYAM BERSIH - STANDARD","1kg","W.P. Labuan",25,25,1,11.30,11.30,0,0.00
"2023-05-01",1,"AYAM BERSIH - STANDARD","1kg","W.P. Labuan",25,22,2,11.30,11.30,0,0.00
"2023-06-01",1,"AYAM BERSIH - STANDARD","1kg","W.P. Labuan",28,28,1,11.30,11.30,0,0.00
"2023-07-01",1,"AYAM BERSIH - STANDARD","1kg","W.P. Labuan",33,30,2,11.30,11.30,0,0.00
"2023-08-01",1,"AYAM BERSIH - STANDARD","1kg","W.P. Labuan",43,29,2,11.30,11.30,0,0.00
"2023-09-01",1,"AYAM BERSIH - STANDARD","1kg","W.P. Labuan",28,27,2,11.30,11.30,0,0.00
"2023-10-01",1,"AYAM BERSIH - STANDARD","1kg","W.P. Labuan",30,30,1,11.30,11.30,0,0.00
"2023-11-01",1,"AYAM BERSIH - STANDARD","1kg","W.P. Labuan",43,26,3,12.00,12.00,0,0.00
"2023-12-01",1,"AYAM BERSIH - STANDARD","1kg","W.P. Labuan",34,24,3,12.00,12.00,0,0.00
"2024-01-01",1,"AYAM BERSIH - STANDARD","1kg","W.P. Labuan",51,31,2,12.00,12.00,0,0.00
"2024-02-01",1,"AYAM BERSIH - STANDARD","1kg","W.P. Labuan",46,25,3,12.00,12.00,0,0.00
"2024-03-01",1,"AYAM BERSIH - STANDARD","1kg","W.P. Labuan",53,27,2,12.50,12.50,0,0.00
"2024-04-01",1,"AYAM BERSIH - STANDARD","1kg","W.P. Labuan",55,28,4,12.50,12.50,0,0.00
"2024-05-01",1,"AYAM BERSIH - STANDARD","1kg","W.P. Labuan",52,27,3,12.50,12.50,0,0.00
"2024-06-01",1,"AYAM BERSIH - STANDARD","1kg","W.P. Labuan",32,28,3,12.50,12.50,0,0.00
"2024-07-01",1,"AYAM BERSIH - STANDARD","1kg","W.P. Labuan",29,28,2,12.50,12.50,0,0.00
"2024-08-01",1,"AYAM BERSIH - STANDARD","1kg","W.P. Labuan",38,25,2,12.50,12.50,0,0.00
"2024-09-01",1,"AYAM BERSIH - STANDARD","1kg","W.P. Labuan",42,29,3,12.50,12.50,0,0.00
"2024-10-01",1,"AYAM BERSIH - STANDARD","1kg","W.P. Labuan",50,30,3,12.50,12.50,0,0.00
"2024-11-01",1,"AYAM BERSIH - STANDARD","1kg","W.P. Labuan",43,28,3,12.50,12.50,0,0.00
"2024-12-01",1,"AYAM BERSIH - STANDARD","1kg","W.P. Labuan",67,30,3,12.50,12.50,0,0.00
"2025-01-01",1,"AYAM BERSIH - STANDARD","1kg","W.P. Labuan",53,29,2,12.60,12.60,0,0.00
"2025-02-01",1,"AYAM BERSIH - STANDARD","1kg","W.P. Labuan",49,25,2,12.50,12.50,0,0.00
"2025-03-01",1,"AYAM BERSIH - STANDARD","1kg","W.P. Labuan",58,29,2,12.55,12.55,0,0.00
"2025-04-01",1,"AYAM BERSIH - STANDARD","1kg","W.P. Labuan",48,28,3,12.50,12.50,0,0.00
"2025-05-01",1,"AYAM BERSIH - STANDARD","1kg","W.P. Labuan",53,27,3,12.50,12.50,0,0.00
"2025-06-01",1,"AYAM BERSIH - STANDARD","1kg","W.P. Labuan",52,26,2,12.55,12.55,0,0.00
"2025-07-01",1,"AYAM BERSIH - STANDARD","1kg","W.P. Labuan",55,30,2,12.50,12.50,0,0.00
"2025-08-01",1,"AYAM BERSIH - STANDARD","1kg","W.P. Labuan",41,30,2,12.50,12.50,0,0.00
"2025-09-01",1,"AYAM BERSIH - STANDARD","1kg","W.P. Labuan",31,26,2,12.50,12.50,0,0.00
"2025-10-01",1,"AYAM BERSIH - STANDARD","1kg","W.P. Labuan",34,27,3,12.50,12.50,0,0.00
"2025-11-01",1,"AYAM BERSIH - STANDARD","1kg","W.P. Labuan",39,29,2,12.50,12.50,0,0.00
"2025-12-01",1,"AYAM BERSIH - STANDARD","1kg","W.P. Labuan",30,30,1,12.50,12.50,0,0.00
"2023-01-01",1,"AYAM BERSIH - STANDARD","1kg","W.P. Putrajaya",208,27,13,9.39,9.39,0,0.00
"2023-02-01",1,"AYAM BERSIH - STANDARD","1kg","W.P. Putrajaya",179,24,13,9.39,9.39,0,0.00
"2023-03-01",1,"AYAM BERSIH - STANDARD","1kg","W.P. Putrajaya",226,31,13,9.39,9.39,0,0.00
"2023-04-01",1,"AYAM BERSIH - STANDARD","1kg","W.P. Putrajaya",177,25,14,9.39,9.39,0,0.00
"2023-05-01",1,"AYAM BERSIH - STANDARD","1kg","W.P. Putrajaya",186,24,14,9.39,9.39,0,0.00
"2023-06-01",1,"AYAM BERSIH - STANDARD","1kg","W.P. Putrajaya",224,28,14,9.39,9.39,0,0.00
"2023-07-01",1,"AYAM BERSIH - STANDARD","1kg","W.P. Putrajaya",242,30,14,9.39,9.39,0,0.00
"2023-08-01",1,"AYAM BERSIH - STANDARD","1kg","W.P. Putrajaya",240,29,14,8.49,8.49,0,0.00
"2023-09-01",1,"AYAM BERSIH - STANDARD","1kg","W.P. Putrajaya",227,27,14,8.39,8.39,0,0.00
"2023-10-01",1,"AYAM BERSIH - STANDARD","1kg","W.P. Putrajaya",259,30,14,8.69,8.69,0,0.00
"2023-11-01",1,"AYAM BERSIH - STANDARD","1kg","W.P. Putrajaya",223,26,14,8.29,8.29,0,0.00
"2023-12-01",1,"AYAM BERSIH - STANDARD","1kg","W.P. Putrajaya",191,24,13,8.99,8.99,0,0.00
"2024-01-01",1,"AYAM BERSIH - STANDARD","1kg","W.P. Putrajaya",255,30,15,8.99,8.99,0,0.00
"2024-02-01",1,"AYAM BERSIH - STANDARD","1kg","W.P. Putrajaya",257,25,17,8.60,8.60,0,0.00
"2024-03-01",1,"AYAM BERSIH - STANDARD","1kg","W.P. Putrajaya",261,27,17,8.79,8.79,0,0.00
"2024-04-01",1,"AYAM BERSIH - STANDARD","1kg","W.P. Putrajaya",260,28,16,8.64,8.64,0,0.00
"2024-05-01",1,"AYAM BERSIH - STANDARD","1kg","W.P. Putrajaya",269,29,16,8.99,8.99,0,0.00
"2024-06-01",1,"AYAM BERSIH - STANDARD","1kg","W.P. Putrajaya",245,28,16,9.29,9.29,0,0.00
"2024-07-01",1,"AYAM BERSIH - STANDARD","1kg","W.P. Putrajaya",258,28,16,8.49,8.49,0,0.00
"2024-08-01",1,"AYAM BERSIH - STANDARD","1kg","W.P. Putrajaya",229,25,16,7.70,7.70,0,0.00
"2024-09-01",1,"AYAM BERSIH - STANDARD","1kg","W.P. Putrajaya",295,29,16,8.19,8.19,0,0.00
"2024-10-01",1,"AYAM BERSIH - STANDARD","1kg","W.P. Putrajaya",298,30,16,8.79,8.79,0,0.00
"2024-11-01",1,"AYAM BERSIH - STANDARD","1kg","W.P. Putrajaya",277,28,16,8.79,8.79,0,0.00
"2024-12-01",1,"AYAM BERSIH - STANDARD","1kg","W.P. Putrajaya",266,30,16,8.40,8.40,0,0.00
"2025-01-01",1,"AYAM BERSIH - STANDARD","1kg","W.P. Putrajaya",264,29,16,8.50,8.50,0,0.00
"2025-02-01",1,"AYAM BERSIH - STANDARD","1kg","W.P. Putrajaya",236,24,15,8.59,8.59,0,0.00
"2025-03-01",1,"AYAM BERSIH - STANDARD","1kg","W.P. Putrajaya",291,29,15,8.59,8.59,0,0.00
"2025-04-01",1,"AYAM BERSIH - STANDARD","1kg","W.P. Putrajaya",261,28,16,8.40,8.40,0,0.00
"2025-05-01",1,"AYAM BERSIH - STANDARD","1kg","W.P. Putrajaya",265,29,15,8.99,8.99,0,0.00
"2025-06-01",1,"AYAM BERSIH - STANDARD","1kg","W.P. Putrajaya",251,26,16,8.59,8.59,0,0.00
"2025-07-01",1,"AYAM BERSIH - STANDARD","1kg","W.P. Putrajaya",344,30,20,7.79,7.79,0,0.00
"2025-08-01",1,"AYAM BERSIH - STANDARD","1kg","W.P. Putrajaya",411,30,20,7.79,7.79,0,0.00
"2025-09-01",1,"AYAM BERSIH - STANDARD","1kg","W.P. Putrajaya",353,26,20,8.00,8.00,0,0.00
"2025-10-01",1,"AYAM BERSIH - STANDARD","1kg","W.P. Putrajaya",471,30,22,8.50,8.50,0,0.00
"2025-11-01",1,"AYAM BERSIH - STANDARD","1kg","W.P. Putrajaya",458,29,22,8.99,8.99,0,0.00
"2025-12-01",1,"AYAM BERSIH - STANDARD","1kg","W.P. Putrajaya",469,30,22,8.69,8.69,0,0.00
"2023-01-01",94,"CILI MERAH - MINYAK","1kg","Johor",1101,29,60,12.99,12.99,0,0.00
"2023-02-01",94,"CILI MERAH - MINYAK","1kg","Johor",964,26,59,14.10,14.10,0,0.00
"2023-03-01",94,"CILI MERAH - MINYAK","1kg","Johor",1223,29,63,13.90,13.90,0,0.00
"2023-04-01",94,"CILI MERAH - MINYAK","1kg","Johor",1158,26,65,15.90,15.90,0,0.00
"2023-05-01",94,"CILI MERAH - MINYAK","1kg","Johor",1073,24,71,12.99,12.99,0,0.00
"2023-06-01",94,"CILI MERAH - MINYAK","1kg","Johor",1272,28,65,12.99,12.99,0,0.00
"2023-07-01",94,"CILI MERAH - MINYAK","1kg","Johor",1388,29,67,13.50,13.50,0,0.00
"2023-08-01",94,"CILI MERAH - MINYAK","1kg","Johor",1326,28,70,12.99,12.99,0,0.00
"2023-09-01",94,"CILI MERAH - MINYAK","1kg","Johor",1186,27,67,11.99,11.99,0,0.00
"2023-10-01",94,"CILI MERAH - MINYAK","1kg","Johor",1388,30,70,11.99,11.99,0,0.00
"2023-11-01",94,"CILI MERAH - MINYAK","1kg","Johor",1203,27,72,15.00,15.00,0,0.00
"2023-12-01",94,"CILI MERAH - MINYAK","1kg","Johor",956,23,69,17.00,17.00,0,0.00
"2024-01-01",94,"CILI MERAH - MINYAK","1kg","Johor",1257,30,67,17.99,17.99,0,0.00
"2024-02-01",94,"CILI MERAH - MINYAK","1kg","Johor",1327,27,77,14.99,14.99,0,0.00
"2024-03-01",94,"CILI MERAH - MINYAK","1kg","Johor",1389,26,82,12.99,12.99,0,0.00
"2024-04-01",94,"CILI MERAH - MINYAK","1kg","Johor",1583,28,85,10.39,10.39,0,0.00
"2024-05-01",94,"CILI MERAH - MINYAK","1kg","Johor",1618,29,90,9.99,9.99,0,0.00
"2024-06-01",94,"CILI MERAH - MINYAK","1kg","Johor",1497,28,90,14.99,14.99,0,0.00
"2024-07-01",94,"CILI MERAH - MINYAK","1kg","Johor",1673,29,87,13.99,13.99,0,0.00
"2024-08-01",94,"CILI MERAH - MINYAK","1kg","Johor",1408,24,88,14.99,14.99,0,0.00
"2024-09-01",94,"CILI MERAH - MINYAK","1kg","Johor",1768,29,96,12.99,12.99,0,0.00
"2024-10-01",94,"CILI MERAH - MINYAK","1kg","Johor",1942,30,101,11.99,11.99,0,0.00
"2024-11-01",94,"CILI MERAH - MINYAK","1kg","Johor",1745,28,97,12.99,12.99,0,0.00
"2024-12-01",94,"CILI MERAH - MINYAK","1kg","Johor",1960,30,98,13.99,13.99,0,0.00
"2025-01-01",94,"CILI MERAH - MINYAK","1kg","Johor",1827,28,98,14.00,14.00,0,0.00
"2025-02-01",94,"CILI MERAH - MINYAK","1kg","Johor",1567,25,97,14.99,14.99,0,0.00
"2025-03-01",94,"CILI MERAH - MINYAK","1kg","Johor",1645,26,100,11.99,11.99,0,0.00
"2025-04-01",94,"CILI MERAH - MINYAK","1kg","Johor",1629,27,96,10.99,10.99,0,0.00
"2025-05-01",94,"CILI MERAH - MINYAK","1kg","Johor",1823,29,95,9.59,9.59,0,0.00
"2025-06-01",94,"CILI MERAH - MINYAK","1kg","Johor",1554,26,92,14.00,14.00,0,0.00
"2025-07-01",94,"CILI MERAH - MINYAK","1kg","Johor",2017,29,136,12.99,12.99,0,0.00
"2025-08-01",94,"CILI MERAH - MINYAK","1kg","Johor",2234,30,120,13.00,13.00,0,0.00
"2025-09-01",94,"CILI MERAH - MINYAK","1kg","Johor",2116,26,128,12.99,12.99,0,0.00
"2025-10-01",94,"CILI MERAH - MINYAK","1kg","Johor",2374,30,118,12.99,12.99,0,0.00
"2025-11-01",94,"CILI MERAH - MINYAK","1kg","Johor",2246,30,122,11.99,11.99,0,0.00
"2025-12-01",94,"CILI MERAH - MINYAK","1kg","Johor",2139,29,125,16.99,16.99,1,0.00
"2023-01-01",94,"CILI MERAH - MINYAK","1kg","Kedah",597,29,25,12.99,12.99,0,0.00
"2023-02-01",94,"CILI MERAH - MINYAK","1kg","Kedah",497,25,27,14.00,14.00,0,0.00
"2023-03-01",94,"CILI MERAH - MINYAK","1kg","Kedah",602,30,26,13.79,13.79,0,0.00
"2023-04-01",94,"CILI MERAH - MINYAK","1kg","Kedah",504,26,24,15.99,15.99,0,0.00
"2023-05-01",94,"CILI MERAH - MINYAK","1kg","Kedah",489,24,26,13.49,13.49,0,0.00
"2023-06-01",94,"CILI MERAH - MINYAK","1kg","Kedah",571,26,30,12.99,12.99,0,0.00
"2023-07-01",94,"CILI MERAH - MINYAK","1kg","Kedah",691,29,33,14.00,14.00,0,0.00
"2023-08-01",94,"CILI MERAH - MINYAK","1kg","Kedah",664,27,33,12.99,12.99,0,0.00
"2023-09-01",94,"CILI MERAH - MINYAK","1kg","Kedah",647,27,32,11.99,11.99,0,0.00
"2023-10-01",94,"CILI MERAH - MINYAK","1kg","Kedah",638,30,29,11.89,11.89,0,0.00
"2023-11-01",94,"CILI MERAH - MINYAK","1kg","Kedah",499,27,26,14.99,14.99,0,0.00
"2023-12-01",94,"CILI MERAH - MINYAK","1kg","Kedah",434,24,27,17.00,17.00,0,0.00
"2024-01-01",94,"CILI MERAH - MINYAK","1kg","Kedah",588,30,25,17.99,17.99,0,0.00
"2024-02-01",94,"CILI MERAH - MINYAK","1kg","Kedah",468,26,23,15.29,15.29,0,0.00
"2024-03-01",94,"CILI MERAH - MINYAK","1kg","Kedah",477,27,25,13.29,13.29,0,0.00
"2024-04-01",94,"CILI MERAH - MINYAK","1kg","Kedah",507,28,26,10.39,10.39,0,0.00
"2024-05-01",94,"CILI MERAH - MINYAK","1kg","Kedah",538,29,26,9.99,9.99,0,0.00
"2024-06-01",94,"CILI MERAH - MINYAK","1kg","Kedah",610,26,33,14.99,14.99,0,0.00
"2024-07-01",94,"CILI MERAH - MINYAK","1kg","Kedah",733,29,39,15.99,15.99,0,0.00
"2024-08-01",94,"CILI MERAH - MINYAK","1kg","Kedah",645,25,42,16.99,16.99,0,0.00
"2024-09-01",94,"CILI MERAH - MINYAK","1kg","Kedah",821,29,47,14.00,14.00,0,0.00
"2024-10-01",94,"CILI MERAH - MINYAK","1kg","Kedah",822,30,44,12.55,12.55,0,0.00
"2024-11-01",94,"CILI MERAH - MINYAK","1kg","Kedah",674,28,39,12.99,12.99,0,0.00
"2024-12-01",94,"CILI MERAH - MINYAK","1kg","Kedah",769,30,47,14.99,14.99,0,0.00
"2025-01-01",94,"CILI MERAH - MINYAK","1kg","Kedah",773,28,44,14.00,14.00,0,0.00
"2025-02-01",94,"CILI MERAH - MINYAK","1kg","Kedah",634,25,40,14.90,14.90,0,0.00
"2025-03-01",94,"CILI MERAH - MINYAK","1kg","Kedah",715,28,37,12.99,12.99,0,0.00
"2025-04-01",94,"CILI MERAH - MINYAK","1kg","Kedah",731,28,41,10.99,10.99,0,0.00
"2025-05-01",94,"CILI MERAH - MINYAK","1kg","Kedah",776,29,36,9.99,9.99,0,0.00
"2025-06-01",94,"CILI MERAH - MINYAK","1kg","Kedah",551,23,37,13.99,13.99,0,0.00
"2025-07-01",94,"CILI MERAH - MINYAK","1kg","Kedah",977,30,61,11.99,11.99,0,0.00
"2025-08-01",94,"CILI MERAH - MINYAK","1kg","Kedah",1082,30,58,12.99,12.99,0,0.00
"2025-09-01",94,"CILI MERAH - MINYAK","1kg","Kedah",1030,26,64,13.50,13.50,0,0.00
"2025-10-01",94,"CILI MERAH - MINYAK","1kg","Kedah",1059,30,60,12.99,12.99,0,0.00
"2025-11-01",94,"CILI MERAH - MINYAK","1kg","Kedah",941,29,55,12.00,12.00,0,0.00
"2025-12-01",94,"CILI MERAH - MINYAK","1kg","Kedah",981,30,62,17.80,17.80,0,0.00
"2023-01-01",94,"CILI MERAH - MINYAK","1kg","Kelantan",414,29,25,15.90,15.90,0,0.00
"2023-02-01",94,"CILI MERAH - MINYAK","1kg","Kelantan",403,27,25,16.00,16.00,0,0.00
"2023-03-01",94,"CILI MERAH - MINYAK","1kg","Kelantan",468,31,23,15.90,15.90,0,0.00
"2023-04-01",94,"CILI MERAH - MINYAK","1kg","Kelantan",339,23,23,16.90,16.90,0,0.00
"2023-05-01",94,"CILI MERAH - MINYAK","1kg","Kelantan",393,24,24,10.99,10.99,0,0.00
"2023-06-01",94,"CILI MERAH - MINYAK","1kg","Kelantan",425,26,23,12.99,12.99,0,0.00
"2023-07-01",94,"CILI MERAH - MINYAK","1kg","Kelantan",489,30,25,14.00,14.00,0,0.00
"2023-08-01",94,"CILI MERAH - MINYAK","1kg","Kelantan",470,27,26,13.99,13.99,0,0.00
"2023-09-01",94,"CILI MERAH - MINYAK","1kg","Kelantan",450,24,26,14.00,14.00,0,0.00
"2023-10-01",94,"CILI MERAH - MINYAK","1kg","Kelantan",548,29,26,13.50,13.50,0,0.00
"2023-11-01",94,"CILI MERAH - MINYAK","1kg","Kelantan",494,27,26,15.90,15.90,0,0.00
"2023-12-01",94,"CILI MERAH - MINYAK","1kg","Kelantan",420,24,25,17.99,17.99,0,0.00
"2024-01-01",94,"CILI MERAH - MINYAK","1kg","Kelantan",550,31,26,19.45,19.45,0,0.00
"2024-02-01",94,"CILI MERAH - MINYAK","1kg","Kelantan",479,26,26,18.00,18.00,0,0.00
"2024-03-01",94,"CILI MERAH - MINYAK","1kg","Kelantan",462,27,28,15.90,15.90,0,0.00
"2024-04-01",94,"CILI MERAH - MINYAK","1kg","Kelantan",463,27,25,13.90,13.90,0,0.00
"2024-05-01",94,"CILI MERAH - MINYAK","1kg","Kelantan",471,29,26,9.90,9.90,0,0.00
"2024-06-01",94,"CILI MERAH - MINYAK","1kg","Kelantan",363,26,24,16.00,16.00,0,0.00
"2024-07-01",94,"CILI MERAH - MINYAK","1kg","Kelantan",461,29,25,15.90,15.90,0,0.00
"2024-08-01",94,"CILI MERAH - MINYAK","1kg","Kelantan",466,25,27,17.00,17.00,0,0.00
"2024-09-01",94,"CILI MERAH - MINYAK","1kg","Kelantan",497,26,27,15.90,15.90,0,0.00
"2024-10-01",94,"CILI MERAH - MINYAK","1kg","Kelantan",592,30,30,15.00,15.00,0,0.00
"2024-11-01",94,"CILI MERAH - MINYAK","1kg","Kelantan",536,28,29,15.90,15.90,0,0.00
"2024-12-01",94,"CILI MERAH - MINYAK","1kg","Kelantan",594,30,29,16.90,16.90,0,0.00
"2025-01-01",94,"CILI MERAH - MINYAK","1kg","Kelantan",578,29,30,15.00,15.00,0,0.00
"2025-02-01",94,"CILI MERAH - MINYAK","1kg","Kelantan",527,26,32,15.00,15.00,0,0.00
"2025-03-01",94,"CILI MERAH - MINYAK","1kg","Kelantan",560,28,29,15.69,15.69,0,0.00
"2025-04-01",94,"CILI MERAH - MINYAK","1kg","Kelantan",547,28,30,12.89,12.89,0,0.00
"2025-05-01",94,"CILI MERAH - MINYAK","1kg","Kelantan",571,29,26,9.90,9.90,0,0.00
"2025-06-01",94,"CILI MERAH - MINYAK","1kg","Kelantan",478,24,29,15.99,15.99,0,0.00
"2025-07-01",94,"CILI MERAH - MINYAK","1kg","Kelantan",602,30,29,12.99,12.99,0,0.00
"2025-08-01",94,"CILI MERAH - MINYAK","1kg","Kelantan",581,30,26,13.90,13.90,0,0.00
"2025-09-01",94,"CILI MERAH - MINYAK","1kg","Kelantan",501,25,27,14.90,14.90,0,0.00
"2025-10-01",94,"CILI MERAH - MINYAK","1kg","Kelantan",596,30,30,14.90,14.90,0,0.00
"2025-11-01",94,"CILI MERAH - MINYAK","1kg","Kelantan",554,29,29,14.90,14.90,0,0.00
"2025-12-01",94,"CILI MERAH - MINYAK","1kg","Kelantan",481,30,26,17.90,17.90,0,0.00
"2023-01-01",94,"CILI MERAH - MINYAK","1kg","Melaka",27,24,2,15.00,15.00,0,0.00
"2023-02-01",94,"CILI MERAH - MINYAK","1kg","Melaka",38,24,5,13.90,13.90,0,0.00
"2023-03-01",94,"CILI MERAH - MINYAK","1kg","Melaka",26,26,2,13.99,13.99,0,0.00
"2023-04-01",94,"CILI MERAH - MINYAK","1kg","Melaka",10,10,1,14.00,14.00,0,0.00
"2023-06-01",94,"CILI MERAH - MINYAK","1kg","Melaka",13,13,1,15.00,15.00,0,0.00
"2023-07-01",94,"CILI MERAH - MINYAK","1kg","Melaka",29,28,2,15.00,15.00,0,0.00
"2023-08-01",94,"CILI MERAH - MINYAK","1kg","Melaka",31,26,3,14.00,14.00,0,0.00
"2023-09-01",94,"CILI MERAH - MINYAK","1kg","Melaka",68,27,4,13.95,13.95,0,0.00
"2023-10-01",94,"CILI MERAH - MINYAK","1kg","Melaka",69,30,4,12.99,12.99,0,0.00
"2023-11-01",94,"CILI MERAH - MINYAK","1kg","Melaka",37,24,3,14.00,14.00,0,0.00
"2023-12-01",94,"CILI MERAH - MINYAK","1kg","Melaka",34,24,3,17.00,17.00,0,0.00
"2024-01-01",94,"CILI MERAH - MINYAK","1kg","Melaka",83,31,6,15.00,15.00,0,0.00
"2024-02-01",94,"CILI MERAH - MINYAK","1kg","Melaka",93,25,4,10.99,10.99,0,0.00
"2024-03-01",94,"CILI MERAH - MINYAK","1kg","Melaka",127,27,8,9.79,9.79,0,0.00
"2024-04-01",94,"CILI MERAH - MINYAK","1kg","Melaka",123,28,8,8.95,8.95,0,0.00
"2024-05-01",94,"CILI MERAH - MINYAK","1kg","Melaka",175,29,8,9.90,9.90,0,0.00
"2024-06-01",94,"CILI MERAH - MINYAK","1kg","Melaka",146,28,8,13.99,13.99,0,0.00
"2024-07-01",94,"CILI MERAH - MINYAK","1kg","Melaka",183,28,8,12.90,12.90,0,0.00
"2024-08-01",94,"CILI MERAH - MINYAK","1kg","Melaka",214,25,11,15.00,15.00,0,0.00
"2024-09-01",94,"CILI MERAH - MINYAK","1kg","Melaka",286,29,12,14.90,14.90,0,0.00
"2024-10-01",94,"CILI MERAH - MINYAK","1kg","Melaka",303,30,15,11.99,11.99,0,0.00
"2024-11-01",94,"CILI MERAH - MINYAK","1kg","Melaka",257,28,14,11.99,11.99,0,0.00
"2024-12-01",94,"CILI MERAH - MINYAK","1kg","Melaka",307,30,14,13.99,13.99,0,0.00
"2025-01-01",94,"CILI MERAH - MINYAK","1kg","Melaka",291,29,16,13.99,13.99,0,0.00
"2025-02-01",94,"CILI MERAH - MINYAK","1kg","Melaka",259,25,17,13.99,13.99,0,0.00
"2025-03-01",94,"CILI MERAH - MINYAK","1kg","Melaka",354,30,19,12.00,12.00,0,0.00
"2025-04-01",94,"CILI MERAH - MINYAK","1kg","Melaka",329,27,18,11.99,11.99,0,0.00
"2025-05-01",94,"CILI MERAH - MINYAK","1kg","Melaka",353,29,18,9.99,9.99,0,0.00
"2025-06-01",94,"CILI MERAH - MINYAK","1kg","Melaka",264,26,21,15.00,15.00,0,0.00
"2025-07-01",94,"CILI MERAH - MINYAK","1kg","Melaka",376,30,32,12.99,12.99,0,0.00
"2025-08-01",94,"CILI MERAH - MINYAK","1kg","Melaka",418,28,31,12.99,12.99,0,0.00
"2025-09-01",94,"CILI MERAH - MINYAK","1kg","Melaka",359,26,28,13.99,13.99,0,0.00
"2025-10-01",94,"CILI MERAH - MINYAK","1kg","Melaka",424,30,31,12.75,12.75,0,0.00
"2025-11-01",94,"CILI MERAH - MINYAK","1kg","Melaka",370,29,25,11.99,11.99,0,0.00
"2025-12-01",94,"CILI MERAH - MINYAK","1kg","Melaka",375,30,27,16.90,16.90,0,0.00
"2023-01-01",94,"CILI MERAH - MINYAK","1kg","Negeri Sembilan",598,26,33,12.99,12.99,0,0.00
"2023-02-01",94,"CILI MERAH - MINYAK","1kg","Negeri Sembilan",625,24,32,13.99,13.99,0,0.00
"2023-03-01",94,"CILI MERAH - MINYAK","1kg","Negeri Sembilan",735,31,31,13.00,13.00,0,0.00
"2023-04-01",94,"CILI MERAH - MINYAK","1kg","Negeri Sembilan",613,26,30,15.00,15.00,0,0.00
"2023-05-01",94,"CILI MERAH - MINYAK","1kg","Negeri Sembilan",559,24,31,12.90,12.90,0,0.00
"2023-06-01",94,"CILI MERAH - MINYAK","1kg","Negeri Sembilan",626,28,32,12.90,12.90,0,0.00
"2023-07-01",94,"CILI MERAH - MINYAK","1kg","Negeri Sembilan",721,30,31,12.99,12.99,0,0.00
"2023-08-01",94,"CILI MERAH - MINYAK","1kg","Negeri Sembilan",644,27,31,12.79,12.79,0,0.00
"2023-09-01",94,"CILI MERAH - MINYAK","1kg","Negeri Sembilan",672,27,32,11.80,11.80,0,0.00
"2023-10-01",94,"CILI MERAH - MINYAK","1kg","Negeri Sembilan",778,30,31,11.99,11.99,0,0.00
"2023-11-01",94,"CILI MERAH - MINYAK","1kg","Negeri Sembilan",622,26,32,15.00,15.00,1,0.00
"2023-12-01",94,"CILI MERAH - MINYAK","1kg","Negeri Sembilan",597,24,30,17.00,17.00,0,0.00
"2024-01-01",94,"CILI MERAH - MINYAK","1kg","Negeri Sembilan",770,28,34,16.99,16.99,0,0.00
"2024-02-01",94,"CILI MERAH - MINYAK","1kg","Negeri Sembilan",706,25,34,15.00,15.00,0,0.00
"2024-03-01",94,"CILI MERAH - MINYAK","1kg","Negeri Sembilan",787,28,34,12.99,12.99,0,0.00
"2024-04-01",94,"CILI MERAH - MINYAK","1kg","Negeri Sembilan",792,28,35,11.29,11.29,0,0.00
"2024-05-01",94,"CILI MERAH - MINYAK","1kg","Negeri Sembilan",820,29,35,10.90,10.90,0,0.00
"2024-06-01",94,"CILI MERAH - MINYAK","1kg","Negeri Sembilan",771,28,34,15.00,15.00,0,0.00
"2024-07-01",94,"CILI MERAH - MINYAK","1kg","Negeri Sembilan",796,28,36,14.99,14.99,0,0.00
"2024-08-01",94,"CILI MERAH - MINYAK","1kg","Negeri Sembilan",736,25,39,15.90,15.90,0,0.00
"2024-09-01",94,"CILI MERAH - MINYAK","1kg","Negeri Sembilan",856,29,37,14.90,14.90,0,0.00
"2024-10-01",94,"CILI MERAH - MINYAK","1kg","Negeri Sembilan",873,30,40,12.99,12.99,0,0.00
"2024-11-01",94,"CILI MERAH - MINYAK","1kg","Negeri Sembilan",821,28,38,13.99,13.99,0,0.00
"2024-12-01",94,"CILI MERAH - MINYAK","1kg","Negeri Sembilan",829,30,36,15.00,15.00,0,0.00
"2025-01-01",94,"CILI MERAH - MINYAK","1kg","Negeri Sembilan",794,27,36,14.99,14.99,0,0.00
"2025-02-01",94,"CILI MERAH - MINYAK","1kg","Negeri Sembilan",708,25,37,15.00,15.00,0,0.00
"2025-03-01",94,"CILI MERAH - MINYAK","1kg","Negeri Sembilan",850,30,39,14.00,14.00,0,0.00
"2025-04-01",94,"CILI MERAH - MINYAK","1kg","Negeri Sembilan",823,28,39,11.99,11.99,0,0.00
"2025-05-01",94,"CILI MERAH - MINYAK","1kg","Negeri Sembilan",873,29,40,11.90,11.90,0,0.00
"2025-06-01",94,"CILI MERAH - MINYAK","1kg","Negeri Sembilan",740,26,39,14.00,14.00,0,0.00
"2025-07-01",94,"CILI MERAH - MINYAK","1kg","Negeri Sembilan",979,30,56,12.00,12.00,1,0.00
"2025-08-01",94,"CILI MERAH - MINYAK","1kg","Negeri Sembilan",1104,30,56,13.00,13.00,0,0.00
"2025-09-01",94,"CILI MERAH - MINYAK","1kg","Negeri Sembilan",980,26,56,12.99,12.99,0,0.00
"2025-10-01",94,"CILI MERAH - MINYAK","1kg","Negeri Sembilan",1113,30,56,12.90,12.90,0,0.00
"2025-11-01",94,"CILI MERAH - MINYAK","1kg","Negeri Sembilan",1088,30,56,12.00,12.00,0,0.00
"2025-12-01",94,"CILI MERAH - MINYAK","1kg","Negeri Sembilan",1087,30,56,16.00,16.00,0,0.00
"2023-01-01",94,"CILI MERAH - MINYAK","1kg","Pahang",1501,27,67,13.90,13.90,0,0.00
"2023-02-01",94,"CILI MERAH - MINYAK","1kg","Pahang",1510,27,67,14.99,14.99,0,0.00
"2023-03-01",94,"CILI MERAH - MINYAK","1kg","Pahang",1682,31,67,14.39,14.39,0,0.00
"2023-04-01",94,"CILI MERAH - MINYAK","1kg","Pahang",1381,25,66,15.00,15.00,0,0.00
"2023-05-01",94,"CILI MERAH - MINYAK","1kg","Pahang",1140,24,63,12.99,12.99,0,0.00
"2023-06-01",94,"CILI MERAH - MINYAK","1kg","Pahang",1443,28,68,12.99,12.99,0,0.00
"2023-07-01",94,"CILI MERAH - MINYAK","1kg","Pahang",1596,30,70,12.99,12.99,0,0.00
"2023-08-01",94,"CILI MERAH - MINYAK","1kg","Pahang",1712,29,71,12.00,12.00,0,0.00
"2023-09-01",94,"CILI MERAH - MINYAK","1kg","Pahang",1625,27,74,11.99,11.99,0,0.00
"2023-10-01",94,"CILI MERAH - MINYAK","1kg","Pahang",1896,30,73,11.99,11.99,0,0.00
"2023-11-01",94,"CILI MERAH - MINYAK","1kg","Pahang",1579,26,73,15.00,15.00,0,0.00
"2023-12-01",94,"CILI MERAH - MINYAK","1kg","Pahang",1469,24,72,18.99,18.99,0,0.00
"2024-01-01",94,"CILI MERAH - MINYAK","1kg","Pahang",1908,31,73,17.99,17.99,0,0.00
"2024-02-01",94,"CILI MERAH - MINYAK","1kg","Pahang",1745,26,78,15.99,15.99,0,0.00
"2024-03-01",94,"CILI MERAH - MINYAK","1kg","Pahang",1886,27,96,13.89,13.89,0,0.00
"2024-04-01",94,"CILI MERAH - MINYAK","1kg","Pahang",2010,28,100,10.99,10.99,0,0.00
"2024-05-01",94,"CILI MERAH - MINYAK","1kg","Pahang",2047,29,101,10.99,10.99,0,0.00
"2024-06-01",94,"CILI MERAH - MINYAK","1kg","Pahang",1913,28,98,15.99,15.99,0,0.00
"2024-07-01",94,"CILI MERAH - MINYAK","1kg","Pahang",1912,29,104,15.00,15.00,0,0.00
"2024-08-01",94,"CILI MERAH - MINYAK","1kg","Pahang",1748,25,98,15.99,15.99,0,0.00
"2024-09-01",94,"CILI MERAH - MINYAK","1kg","Pahang",2077,29,100,13.99,13.99,0,0.00
"2024-10-01",94,"CILI MERAH - MINYAK","1kg","Pahang",2143,30,100,12.99,12.99,0,0.00
"2024-11-01",94,"CILI MERAH - MINYAK","1kg","Pahang",1945,28,100,13.99,13.99,0,0.00
"2024-12-01",94,"CILI MERAH - MINYAK","1kg","Pahang",2104,30,98,14.99,14.99,0,0.00
"2025-01-01",94,"CILI MERAH - MINYAK","1kg","Pahang",2116,29,106,13.99,13.99,0,0.00
"2025-02-01",94,"CILI MERAH - MINYAK","1kg","Pahang",1852,26,105,14.00,14.00,0,0.00
"2025-03-01",94,"CILI MERAH - MINYAK","1kg","Pahang",2099,29,103,13.50,13.50,0,0.00
"2025-04-01",94,"CILI MERAH - MINYAK","1kg","Pahang",2052,28,102,11.99,11.99,0,0.00
"2025-05-01",94,"CILI MERAH - MINYAK","1kg","Pahang",2126,29,101,10.99,10.99,0,0.00
"2025-06-01",94,"CILI MERAH - MINYAK","1kg","Pahang",1768,26,104,14.90,14.90,0,0.00
"2025-07-01",94,"CILI MERAH - MINYAK","1kg","Pahang",2072,30,117,12.30,12.30,0,0.00
"2025-08-01",94,"CILI MERAH - MINYAK","1kg","Pahang",2356,30,115,12.99,12.99,0,0.00
"2025-09-01",94,"CILI MERAH - MINYAK","1kg","Pahang",1971,26,112,12.99,12.99,0,0.00
"2025-10-01",94,"CILI MERAH - MINYAK","1kg","Pahang",2201,30,108,12.99,12.99,0,0.00
"2025-11-01",94,"CILI MERAH - MINYAK","1kg","Pahang",2211,30,110,12.99,12.99,0,0.00
"2025-12-01",94,"CILI MERAH - MINYAK","1kg","Pahang",2179,30,115,17.99,17.99,0,0.00
"2023-01-01",94,"CILI MERAH - MINYAK","1kg","Perak",1047,27,48,13.00,13.00,0,0.00
"2023-02-01",94,"CILI MERAH - MINYAK","1kg","Perak",1004,25,48,14.00,14.00,0,0.00
"2023-03-01",94,"CILI MERAH - MINYAK","1kg","Perak",1222,31,51,13.00,13.00,0,0.00
"2023-04-01",94,"CILI MERAH - MINYAK","1kg","Perak",992,25,47,15.99,15.99,0,0.00
"2023-05-01",94,"CILI MERAH - MINYAK","1kg","Perak",945,24,47,12.99,12.99,0,0.00
"2023-06-01",94,"CILI MERAH - MINYAK","1kg","Perak",1117,28,48,12.99,12.99,0,0.00
"2023-07-01",94,"CILI MERAH - MINYAK","1kg","Perak",1164,30,49,13.99,13.99,0,0.00
"2023-08-01",94,"CILI MERAH - MINYAK","1kg","Perak",1118,29,47,12.99,12.99,0,0.00
"2023-09-01",94,"CILI MERAH - MINYAK","1kg","Perak",1142,27,54,11.99,11.99,0,0.00
"2023-10-01",94,"CILI MERAH - MINYAK","1kg","Perak",1319,30,51,11.99,11.99,0,0.00
"2023-11-01",94,"CILI MERAH - MINYAK","1kg","Perak",972,25,51,15.00,15.00,0,0.00
"2023-12-01",94,"CILI MERAH - MINYAK","1kg","Perak",836,24,48,17.00,17.00,0,0.00
"2024-01-01",94,"CILI MERAH - MINYAK","1kg","Perak",1203,30,49,18.69,18.69,0,0.00
"2024-02-01",94,"CILI MERAH - MINYAK","1kg","Perak",1104,26,54,15.99,15.99,0,0.00
"2024-03-01",94,"CILI MERAH - MINYAK","1kg","Perak",1137,27,55,13.99,13.99,0,0.00
"2024-04-01",94,"CILI MERAH - MINYAK","1kg","Perak",1237,28,52,11.99,11.99,0,0.00
"2024-05-01",94,"CILI MERAH - MINYAK","1kg","Perak",1267,29,55,10.99,10.99,0,0.00
"2024-06-01",94,"CILI MERAH - MINYAK","1kg","Perak",1216,28,57,15.69,15.69,0,0.00
"2024-07-01",94,"CILI MERAH - MINYAK","1kg","Perak",1358,28,60,15.00,15.00,0,0.00
"2024-08-01",94,"CILI MERAH - MINYAK","1kg","Perak",1233,25,61,15.39,15.39,0,0.00
"2024-09-01",94,"CILI MERAH - MINYAK","1kg","Perak",1484,29,69,14.99,14.99,0,0.00
"2024-10-01",94,"CILI MERAH - MINYAK","1kg","Perak",1504,30,64,13.00,13.00,0,0.00
"2024-11-01",94,"CILI MERAH - MINYAK","1kg","Perak",1293,27,66,12.99,12.99,0,0.00
"2024-12-01",94,"CILI MERAH - MINYAK","1kg","Perak",1435,30,65,13.99,13.99,0,0.00
"2025-01-01",94,"CILI MERAH - MINYAK","1kg","Perak",1405,29,70,13.99,13.99,0,0.00
"2025-02-01",94,"CILI MERAH - MINYAK","1kg","Perak",1261,25,74,14.90,14.90,0,0.00
"2025-03-01",94,"CILI MERAH - MINYAK","1kg","Perak",1593,29,70,13.99,13.99,0,0.00
"2025-04-01",94,"CILI MERAH - MINYAK","1kg","Perak",1557,28,75,11.89,11.89,0,0.00
"2025-05-01",94,"CILI MERAH - MINYAK","1kg","Perak",1685,29,76,9.59,9.59,0,0.00
"2025-06-01",94,"CILI MERAH - MINYAK","1kg","Perak",1372,26,71,14.00,14.00,0,0.00
"2025-07-01",94,"CILI MERAH - MINYAK","1kg","Perak",2077,30,116,12.99,12.99,0,0.00
"2025-08-01",94,"CILI MERAH - MINYAK","1kg","Perak",2258,30,115,13.00,13.00,0,0.00
"2025-09-01",94,"CILI MERAH - MINYAK","1kg","Perak",2076,26,115,13.00,13.00,0,0.00
"2025-10-01",94,"CILI MERAH - MINYAK","1kg","Perak",2315,30,110,13.79,13.79,0,0.00
"2025-11-01",94,"CILI MERAH - MINYAK","1kg","Perak",2207,29,113,13.00,13.00,5,0.00
"2025-12-01",94,"CILI MERAH - MINYAK","1kg","Perak",2284,30,118,17.99,17.99,0,0.00
"2023-01-01",94,"CILI MERAH - MINYAK","1kg","Perlis",205,28,17,15.00,15.00,0,0.00
"2023-02-01",94,"CILI MERAH - MINYAK","1kg","Perlis",233,26,17,15.00,15.00,0,0.00
"2023-03-01",94,"CILI MERAH - MINYAK","1kg","Perlis",280,31,16,15.00,15.00,0,0.00
"2023-04-01",94,"CILI MERAH - MINYAK","1kg","Perlis",214,25,18,15.00,15.00,0,0.00
"2023-05-01",94,"CILI MERAH - MINYAK","1kg","Perlis",185,23,15,15.90,15.90,0,0.00
"2023-06-01",94,"CILI MERAH - MINYAK","1kg","Perlis",248,27,16,15.00,15.00,0,0.00
"2023-07-01",94,"CILI MERAH - MINYAK","1kg","Perlis",350,30,21,16.00,16.00,0,0.00
"2023-08-01",94,"CILI MERAH - MINYAK","1kg","Perlis",405,29,22,15.99,15.99,0,0.00
"2023-09-01",94,"CILI MERAH - MINYAK","1kg","Perlis",410,27,22,14.99,14.99,0,0.00
"2023-10-01",94,"CILI MERAH - MINYAK","1kg","Perlis",341,30,20,13.00,13.00,0,0.00
"2023-11-01",94,"CILI MERAH - MINYAK","1kg","Perlis",261,26,18,15.99,15.99,0,0.00
"2023-12-01",94,"CILI MERAH - MINYAK","1kg","Perlis",228,24,16,17.00,17.00,0,0.00
"2024-01-01",94,"CILI MERAH - MINYAK","1kg","Perlis",313,31,18,17.00,17.00,0,0.00
"2024-02-01",94,"CILI MERAH - MINYAK","1kg","Perlis",347,25,20,16.99,16.99,0,0.00
"2024-03-01",94,"CILI MERAH - MINYAK","1kg","Perlis",340,27,20,15.90,15.90,0,0.00
"2024-04-01",94,"CILI MERAH - MINYAK","1kg","Perlis",282,28,18,10.00,10.00,0,0.00
"2024-05-01",94,"CILI MERAH - MINYAK","1kg","Perlis",367,28,20,12.00,12.00,0,0.00
"2024-06-01",94,"CILI MERAH - MINYAK","1kg","Perlis",290,27,20,15.00,15.00,0,0.00
"2024-07-01",94,"CILI MERAH - MINYAK","1kg","Perlis",350,28,19,15.00,15.00,0,0.00
"2024-08-01",94,"CILI MERAH - MINYAK","1kg","Perlis",351,25,20,17.99,17.99,0,0.00
"2024-09-01",94,"CILI MERAH - MINYAK","1kg","Perlis",399,29,21,15.00,15.00,0,0.00
"2024-10-01",94,"CILI MERAH - MINYAK","1kg","Perlis",379,30,20,14.00,14.00,0,0.00
"2024-11-01",94,"CILI MERAH - MINYAK","1kg","Perlis",310,28,20,15.00,15.00,0,0.00
"2024-12-01",94,"CILI MERAH - MINYAK","1kg","Perlis",323,30,21,14.90,14.90,0,0.00
"2025-01-01",94,"CILI MERAH - MINYAK","1kg","Perlis",349,28,22,12.90,12.90,0,0.00
"2025-02-01",94,"CILI MERAH - MINYAK","1kg","Perlis",341,26,25,13.90,13.90,0,0.00
"2025-03-01",94,"CILI MERAH - MINYAK","1kg","Perlis",392,29,23,15.00,15.00,0,0.00
"2025-04-01",94,"CILI MERAH - MINYAK","1kg","Perlis",325,27,24,12.00,12.00,0,0.00
"2025-05-01",94,"CILI MERAH - MINYAK","1kg","Perlis",326,28,20,9.99,9.99,0,0.00
"2025-06-01",94,"CILI MERAH - MINYAK","1kg","Perlis",259,24,24,15.90,15.90,0,0.00
"2025-07-01",94,"CILI MERAH - MINYAK","1kg","Perlis",447,30,26,15.00,15.00,0,0.00
"2025-08-01",94,"CILI MERAH - MINYAK","1kg","Perlis",437,30,23,14.90,14.90,0,0.00
"2025-09-01",94,"CILI MERAH - MINYAK","1kg","Perlis",334,26,24,14.90,14.90,0,0.00
"2025-10-01",94,"CILI MERAH - MINYAK","1kg","Perlis",376,30,22,14.90,14.90,0,0.00
"2025-11-01",94,"CILI MERAH - MINYAK","1kg","Perlis",293,29,23,12.50,12.50,0,0.00
"2025-12-01",94,"CILI MERAH - MINYAK","1kg","Perlis",334,30,20,15.90,15.90,0,0.00
"2023-01-01",94,"CILI MERAH - MINYAK","1kg","Pulau Pinang",858,27,43,13.00,13.00,0,0.00
"2023-02-01",94,"CILI MERAH - MINYAK","1kg","Pulau Pinang",706,25,39,13.49,13.49,0,0.00
"2023-03-01",94,"CILI MERAH - MINYAK","1kg","Pulau Pinang",861,31,38,12.99,12.99,0,0.00
"2023-04-01",94,"CILI MERAH - MINYAK","1kg","Pulau Pinang",728,25,35,15.00,15.00,0,0.00
"2023-05-01",94,"CILI MERAH - MINYAK","1kg","Pulau Pinang",687,24,39,13.00,13.00,0,0.00
"2023-06-01",94,"CILI MERAH - MINYAK","1kg","Pulau Pinang",858,28,42,12.99,12.99,0,0.00
"2023-07-01",94,"CILI MERAH - MINYAK","1kg","Pulau Pinang",969,28,46,13.99,13.99,0,0.00
"2023-08-01",94,"CILI MERAH - MINYAK","1kg","Pulau Pinang",1057,28,46,13.00,13.00,0,0.00
"2023-09-01",94,"CILI MERAH - MINYAK","1kg","Pulau Pinang",937,27,43,11.99,11.99,0,0.00
"2023-10-01",94,"CILI MERAH - MINYAK","1kg","Pulau Pinang",1017,30,45,11.80,11.80,0,0.00
"2023-11-01",94,"CILI MERAH - MINYAK","1kg","Pulau Pinang",735,26,41,14.00,14.00,0,0.00
"2023-12-01",94,"CILI MERAH - MINYAK","1kg","Pulau Pinang",673,24,44,16.99,16.99,0,0.00
"2024-01-01",94,"CILI MERAH - MINYAK","1kg","Pulau Pinang",854,30,38,17.00,17.00,0,0.00
"2024-02-01",94,"CILI MERAH - MINYAK","1kg","Pulau Pinang",787,26,38,13.99,13.99,0,0.00
"2024-03-01",94,"CILI MERAH - MINYAK","1kg","Pulau Pinang",763,27,40,12.00,12.00,0,0.00
"2024-04-01",94,"CILI MERAH - MINYAK","1kg","Pulau Pinang",831,28,39,10.39,10.39,0,0.00
"2024-05-01",94,"CILI MERAH - MINYAK","1kg","Pulau Pinang",917,29,42,9.60,9.60,0,0.00
"2024-06-01",94,"CILI MERAH - MINYAK","1kg","Pulau Pinang",911,28,45,14.99,14.99,0,0.00
"2024-07-01",94,"CILI MERAH - MINYAK","1kg","Pulau Pinang",1055,27,57,14.99,14.99,0,0.00
"2024-08-01",94,"CILI MERAH - MINYAK","1kg","Pulau Pinang",1017,25,59,15.60,15.60,0,0.00
"2024-09-01",94,"CILI MERAH - MINYAK","1kg","Pulau Pinang",1251,29,59,14.00,14.00,0,0.00
"2024-10-01",94,"CILI MERAH - MINYAK","1kg","Pulau Pinang",1088,30,56,12.59,12.59,0,0.00
"2024-11-01",94,"CILI MERAH - MINYAK","1kg","Pulau Pinang",865,28,49,12.00,12.00,0,0.00
"2024-12-01",94,"CILI MERAH - MINYAK","1kg","Pulau Pinang",1036,30,53,13.99,13.99,0,0.00
"2025-01-01",94,"CILI MERAH - MINYAK","1kg","Pulau Pinang",1092,29,52,13.00,13.00,0,0.00
"2025-02-01",94,"CILI MERAH - MINYAK","1kg","Pulau Pinang",829,25,52,12.99,12.99,0,0.00
"2025-03-01",94,"CILI MERAH - MINYAK","1kg","Pulau Pinang",967,29,50,11.99,11.99,0,0.00
"2025-04-01",94,"CILI MERAH - MINYAK","1kg","Pulau Pinang",936,28,48,10.00,10.00,0,0.00
"2025-05-01",94,"CILI MERAH - MINYAK","1kg","Pulau Pinang",1042,29,51,8.99,8.99,0,0.00
"2025-06-01",94,"CILI MERAH - MINYAK","1kg","Pulau Pinang",888,26,57,12.99,12.99,0,0.00
"2025-07-01",94,"CILI MERAH - MINYAK","1kg","Pulau Pinang",1258,28,77,12.90,12.90,0,0.00
"2025-08-01",94,"CILI MERAH - MINYAK","1kg","Pulau Pinang",1525,30,92,12.99,12.99,0,0.00
"2025-09-01",94,"CILI MERAH - MINYAK","1kg","Pulau Pinang",1281,26,78,12.99,12.99,0,0.00
"2025-10-01",94,"CILI MERAH - MINYAK","1kg","Pulau Pinang",1362,30,78,12.90,12.90,0,0.00
"2025-11-01",94,"CILI MERAH - MINYAK","1kg","Pulau Pinang",1323,30,79,12.00,12.00,0,0.00
"2025-12-01",94,"CILI MERAH - MINYAK","1kg","Pulau Pinang",1299,30,79,16.00,16.00,0,0.00
"2023-01-01",94,"CILI MERAH - MINYAK","1kg","Sabah",372,27,27,19.99,19.99,0,0.00
"2023-02-01",94,"CILI MERAH - MINYAK","1kg","Sabah",430,27,26,20.00,20.00,0,0.00
"2023-03-01",94,"CILI MERAH - MINYAK","1kg","Sabah",502,31,31,18.77,18.77,0,0.00
"2023-04-01",94,"CILI MERAH - MINYAK","1kg","Sabah",407,25,30,18.00,18.00,0,0.00
"2023-05-01",94,"CILI MERAH - MINYAK","1kg","Sabah",426,22,31,18.30,18.30,0,0.00
"2023-06-01",94,"CILI MERAH - MINYAK","1kg","Sabah",526,28,26,18.00,18.00,0,0.00
"2023-07-01",94,"CILI MERAH - MINYAK","1kg","Sabah",557,30,30,16.99,16.99,0,0.00
"2023-08-01",94,"CILI MERAH - MINYAK","1kg","Sabah",460,29,33,15.90,15.90,0,0.00
"2023-09-01",94,"CILI MERAH - MINYAK","1kg","Sabah",345,28,29,18.00,18.00,0,0.00
"2023-10-01",94,"CILI MERAH - MINYAK","1kg","Sabah",322,29,20,20.00,20.00,0,0.00
"2023-11-01",94,"CILI MERAH - MINYAK","1kg","Sabah",399,27,30,19.00,19.00,0,0.00
"2023-12-01",94,"CILI MERAH - MINYAK","1kg","Sabah",323,23,30,18.99,18.99,0,0.00
"2024-01-01",94,"CILI MERAH - MINYAK","1kg","Sabah",444,31,27,18.99,18.99,0,0.00
"2024-02-01",94,"CILI MERAH - MINYAK","1kg","Sabah",453,26,30,18.99,18.99,0,0.00
"2024-03-01",94,"CILI MERAH - MINYAK","1kg","Sabah",468,27,36,18.00,18.00,0,0.00
"2024-04-01",94,"CILI MERAH - MINYAK","1kg","Sabah",477,28,30,18.00,18.00,0,0.00
"2024-05-01",94,"CILI MERAH - MINYAK","1kg","Sabah",663,28,41,18.50,18.50,0,0.00
"2024-06-01",94,"CILI MERAH - MINYAK","1kg","Sabah",691,28,39,18.59,18.59,0,0.00
"2024-07-01",94,"CILI MERAH - MINYAK","1kg","Sabah",744,28,41,18.00,18.00,0,0.00
"2024-08-01",94,"CILI MERAH - MINYAK","1kg","Sabah",613,25,37,16.00,16.00,0,0.00
"2024-09-01",94,"CILI MERAH - MINYAK","1kg","Sabah",507,29,33,15.00,15.00,0,0.00
"2024-10-01",94,"CILI MERAH - MINYAK","1kg","Sabah",390,29,28,18.90,18.90,0,0.00
"2024-11-01",94,"CILI MERAH - MINYAK","1kg","Sabah",410,28,30,18.00,18.00,0,0.00
"2024-12-01",94,"CILI MERAH - MINYAK","1kg","Sabah",295,29,23,19.99,19.99,0,0.00
"2025-01-01",94,"CILI MERAH - MINYAK","1kg","Sabah",480,29,32,19.90,19.90,0,0.00
"2025-02-01",94,"CILI MERAH - MINYAK","1kg","Sabah",251,26,25,20.00,20.00,0,0.00
"2025-03-01",94,"CILI MERAH - MINYAK","1kg","Sabah",342,29,25,25.00,25.00,0,0.00
"2025-04-01",94,"CILI MERAH - MINYAK","1kg","Sabah",293,26,27,19.99,19.99,0,0.00
"2025-05-01",94,"CILI MERAH - MINYAK","1kg","Sabah",482,27,36,18.00,18.00,0,0.00
"2025-06-01",94,"CILI MERAH - MINYAK","1kg","Sabah",526,27,36,18.00,18.00,0,0.00
"2025-07-01",94,"CILI MERAH - MINYAK","1kg","Sabah",669,30,60,18.80,18.80,0,0.00
"2025-08-01",94,"CILI MERAH - MINYAK","1kg","Sabah",951,30,58,18.90,18.90,1,0.00
"2025-09-01",94,"CILI MERAH - MINYAK","1kg","Sabah",614,26,44,20.00,20.00,0,0.00
"2025-10-01",94,"CILI MERAH - MINYAK","1kg","Sabah",568,30,54,20.00,20.00,0,0.00
"2025-11-01",94,"CILI MERAH - MINYAK","1kg","Sabah",959,28,79,19.99,19.99,0,0.00
"2025-12-01",94,"CILI MERAH - MINYAK","1kg","Sabah",939,29,69,19.90,19.90,0,0.00
"2023-01-01",94,"CILI MERAH - MINYAK","1kg","Sarawak",1526,28,95,19.99,19.99,0,0.00
"2023-02-01",94,"CILI MERAH - MINYAK","1kg","Sarawak",1511,27,90,22.70,22.70,0,0.00
"2023-03-01",94,"CILI MERAH - MINYAK","1kg","Sarawak",1994,31,95,22.90,22.90,0,0.00
"2023-04-01",94,"CILI MERAH - MINYAK","1kg","Sarawak",1328,25,92,20.00,20.00,0,0.00
"2023-05-01",94,"CILI MERAH - MINYAK","1kg","Sarawak",1498,24,90,23.90,23.90,0,0.00
"2023-06-01",94,"CILI MERAH - MINYAK","1kg","Sarawak",1512,26,90,25.00,25.00,0,0.00
"2023-07-01",94,"CILI MERAH - MINYAK","1kg","Sarawak",2063,29,100,21.99,21.99,0,0.00
"2023-08-01",94,"CILI MERAH - MINYAK","1kg","Sarawak",2044,29,100,17.50,17.50,0,0.00
"2023-09-01",94,"CILI MERAH - MINYAK","1kg","Sarawak",1727,27,95,19.90,19.90,0,0.00
"2023-10-01",94,"CILI MERAH - MINYAK","1kg","Sarawak",1663,29,91,20.99,20.99,0,0.00
"2023-11-01",94,"CILI MERAH - MINYAK","1kg","Sarawak",1824,28,97,18.00,18.00,0,0.00
"2023-12-01",94,"CILI MERAH - MINYAK","1kg","Sarawak",1480,24,94,18.90,18.90,0,0.00
"2024-01-01",94,"CILI MERAH - MINYAK","1kg","Sarawak",2082,31,95,19.90,19.90,0,0.00
"2024-02-01",94,"CILI MERAH - MINYAK","1kg","Sarawak",1629,26,96,20.90,20.90,0,0.00
"2024-03-01",94,"CILI MERAH - MINYAK","1kg","Sarawak",1831,28,98,21.99,21.99,0,0.00
"2024-04-01",94,"CILI MERAH - MINYAK","1kg","Sarawak",1637,28,96,18.00,18.00,0,0.00
"2024-05-01",94,"CILI MERAH - MINYAK","1kg","Sarawak",1940,29,101,20.00,20.00,0,0.00
"2024-06-01",94,"CILI MERAH - MINYAK","1kg","Sarawak",1423,25,93,23.00,23.00,0,0.00
"2024-07-01",94,"CILI MERAH - MINYAK","1kg","Sarawak",1792,28,94,23.90,23.90,0,0.00
"2024-08-01",94,"CILI MERAH - MINYAK","1kg","Sarawak",1823,25,102,20.00,20.00,0,0.00
"2024-09-01",94,"CILI MERAH - MINYAK","1kg","Sarawak",2011,29,100,20.00,20.00,0,0.00
"2024-10-01",94,"CILI MERAH - MINYAK","1kg","Sarawak",2130,30,102,20.00,20.00,0,0.00
"2024-11-01",94,"CILI MERAH - MINYAK","1kg","Sarawak",1522,28,111,21.90,21.90,0,0.00
"2024-12-01",94,"CILI MERAH - MINYAK","1kg","Sarawak",2267,30,114,20.00,20.00,0,0.00
"2025-01-01",94,"CILI MERAH - MINYAK","1kg","Sarawak",2229,29,115,20.00,20.00,0,0.00
"2025-02-01",94,"CILI MERAH - MINYAK","1kg","Sarawak",1856,26,112,20.99,20.99,0,0.00
"2025-03-01",94,"CILI MERAH - MINYAK","1kg","Sarawak",1775,30,108,23.90,23.90,0,0.00
"2025-04-01",94,"CILI MERAH - MINYAK","1kg","Sarawak",1772,27,112,20.00,20.00,0,0.00
"2025-05-01",94,"CILI MERAH - MINYAK","1kg","Sarawak",2431,29,116,22.00,22.00,0,0.00
"2025-06-01",94,"CILI MERAH - MINYAK","1kg","Sarawak",1847,24,119,21.00,21.00,0,0.00
"2025-07-01",94,"CILI MERAH - MINYAK","1kg","Sarawak",2943,30,182,20.99,20.99,0,0.00
"2025-08-01",94,"CILI MERAH - MINYAK","1kg","Sarawak",3544,30,165,18.90,18.90,0,0.00
"2025-09-01",94,"CILI MERAH - MINYAK","1kg","Sarawak",2584,26,160,19.99,19.99,0,0.00
"2025-10-01",94,"CILI MERAH - MINYAK","1kg","Sarawak",3057,30,165,17.90,17.90,0,0.00
"2025-11-01",94,"CILI MERAH - MINYAK","1kg","Sarawak",3145,30,164,19.00,19.00,0,0.00
"2025-12-01",94,"CILI MERAH - MINYAK","1kg","Sarawak",3030,30,167,21.90,21.90,0,0.00
"2023-01-01",94,"CILI MERAH - MINYAK","1kg","Selangor",1667,27,80,12.90,12.90,0,0.00
"2023-02-01",94,"CILI MERAH - MINYAK","1kg","Selangor",1442,25,80,12.99,12.99,0,0.00
"2023-03-01",94,"CILI MERAH - MINYAK","1kg","Selangor",1928,31,78,12.99,12.99,0,0.00
"2023-04-01",94,"CILI MERAH - MINYAK","1kg","Selangor",1501,25,75,15.90,15.90,0,0.00
"2023-05-01",94,"CILI MERAH - MINYAK","1kg","Selangor",1438,24,79,13.49,13.49,0,0.00
"2023-06-01",94,"CILI MERAH - MINYAK","1kg","Selangor",1717,28,77,12.99,12.99,0,0.00
"2023-07-01",94,"CILI MERAH - MINYAK","1kg","Selangor",1833,30,75,12.99,12.99,0,0.00
"2023-08-01",94,"CILI MERAH - MINYAK","1kg","Selangor",1662,27,79,12.00,12.00,0,0.00
"2023-09-01",94,"CILI MERAH - MINYAK","1kg","Selangor",1574,27,72,11.99,11.99,0,0.00
"2023-10-01",94,"CILI MERAH - MINYAK","1kg","Selangor",1662,30,73,11.99,11.99,0,0.00
"2023-11-01",94,"CILI MERAH - MINYAK","1kg","Selangor",1444,26,72,13.99,13.99,0,0.00
"2023-12-01",94,"CILI MERAH - MINYAK","1kg","Selangor",1272,24,75,17.00,17.00,0,0.00
"2024-01-01",94,"CILI MERAH - MINYAK","1kg","Selangor",1749,30,75,16.95,16.95,0,0.00
"2024-02-01",94,"CILI MERAH - MINYAK","1kg","Selangor",1590,26,75,13.90,13.90,0,0.00
"2024-03-01",94,"CILI MERAH - MINYAK","1kg","Selangor",1562,27,75,12.00,12.00,0,0.00
"2024-04-01",94,"CILI MERAH - MINYAK","1kg","Selangor",1677,28,73,10.99,10.99,0,0.00
"2024-05-01",94,"CILI MERAH - MINYAK","1kg","Selangor",1784,29,77,10.00,10.00,0,0.00
"2024-06-01",94,"CILI MERAH - MINYAK","1kg","Selangor",1615,28,75,14.00,14.00,0,0.00
"2024-07-01",94,"CILI MERAH - MINYAK","1kg","Selangor",1636,28,78,13.99,13.99,0,0.00
"2024-08-01",94,"CILI MERAH - MINYAK","1kg","Selangor",1460,25,77,14.00,14.00,0,0.00
"2024-09-01",94,"CILI MERAH - MINYAK","1kg","Selangor",1802,29,76,13.99,13.99,0,0.00
"2024-10-01",94,"CILI MERAH - MINYAK","1kg","Selangor",1889,30,79,12.99,12.99,0,0.00
"2024-11-01",94,"CILI MERAH - MINYAK","1kg","Selangor",1747,28,77,13.00,13.00,0,0.00
"2024-12-01",94,"CILI MERAH - MINYAK","1kg","Selangor",1794,29,79,13.99,13.99,0,0.00
"2025-01-01",94,"CILI MERAH - MINYAK","1kg","Selangor",1779,29,77,13.89,13.89,0,0.00
"2025-02-01",94,"CILI MERAH - MINYAK","1kg","Selangor",1420,25,77,13.90,13.90,0,0.00
"2025-03-01",94,"CILI MERAH - MINYAK","1kg","Selangor",1718,29,75,12.00,12.00,0,0.00
"2025-04-01",94,"CILI MERAH - MINYAK","1kg","Selangor",1633,28,77,11.99,11.99,0,0.00
"2025-05-01",94,"CILI MERAH - MINYAK","1kg","Selangor",1802,29,78,10.99,10.99,0,0.00
"2025-06-01",94,"CILI MERAH - MINYAK","1kg","Selangor",1486,26,77,13.60,13.60,0,0.00
"2025-07-01",94,"CILI MERAH - MINYAK","1kg","Selangor",1946,30,102,12.00,12.00,0,0.00
"2025-08-01",94,"CILI MERAH - MINYAK","1kg","Selangor",2190,30,104,12.99,12.99,0,0.00
"2025-09-01",94,"CILI MERAH - MINYAK","1kg","Selangor",2027,26,108,12.99,12.99,0,0.00
"2025-10-01",94,"CILI MERAH - MINYAK","1kg","Selangor",2344,30,109,12.99,12.99,0,0.00
"2025-11-01",94,"CILI MERAH - MINYAK","1kg","Selangor",2218,29,107,12.99,12.99,0,0.00
"2025-12-01",94,"CILI MERAH - MINYAK","1kg","Selangor",2091,29,106,16.00,16.00,0,0.00
"2023-01-01",94,"CILI MERAH - MINYAK","1kg","Terengganu",824,29,53,12.99,12.99,0,0.00
"2023-02-01",94,"CILI MERAH - MINYAK","1kg","Terengganu",754,25,56,14.19,14.19,0,0.00
"2023-03-01",94,"CILI MERAH - MINYAK","1kg","Terengganu",836,29,54,14.20,14.20,0,0.00
"2023-04-01",94,"CILI MERAH - MINYAK","1kg","Terengganu",592,23,46,15.99,15.99,0,0.00
"2023-05-01",94,"CILI MERAH - MINYAK","1kg","Terengganu",619,24,44,12.99,12.99,0,0.00
"2023-06-01",94,"CILI MERAH - MINYAK","1kg","Terengganu",638,26,41,12.99,12.99,0,0.00
"2023-07-01",94,"CILI MERAH - MINYAK","1kg","Terengganu",696,30,40,14.00,14.00,0,0.00
"2023-08-01",94,"CILI MERAH - MINYAK","1kg","Terengganu",725,27,46,12.99,12.99,0,0.00
"2023-09-01",94,"CILI MERAH - MINYAK","1kg","Terengganu",787,26,50,12.50,12.50,0,0.00
"2023-10-01",94,"CILI MERAH - MINYAK","1kg","Terengganu",889,30,48,11.99,11.99,0,0.00
"2023-11-01",94,"CILI MERAH - MINYAK","1kg","Terengganu",716,27,48,15.99,15.99,0,0.00
"2023-12-01",94,"CILI MERAH - MINYAK","1kg","Terengganu",594,24,44,19.99,19.99,0,0.00
"2024-01-01",94,"CILI MERAH - MINYAK","1kg","Terengganu",903,31,55,17.48,17.48,0,0.00
"2024-02-01",94,"CILI MERAH - MINYAK","1kg","Terengganu",830,25,54,15.99,15.99,0,0.00
"2024-03-01",94,"CILI MERAH - MINYAK","1kg","Terengganu",762,26,52,13.79,13.79,0,0.00
"2024-04-01",94,"CILI MERAH - MINYAK","1kg","Terengganu",757,27,48,10.99,10.99,0,0.00
"2024-05-01",94,"CILI MERAH - MINYAK","1kg","Terengganu",760,29,44,9.99,9.99,0,0.00
"2024-06-01",94,"CILI MERAH - MINYAK","1kg","Terengganu",704,26,46,16.99,16.99,0,0.00
"2024-07-01",94,"CILI MERAH - MINYAK","1kg","Terengganu",813,29,46,15.49,15.49,0,0.00
"2024-08-01",94,"CILI MERAH - MINYAK","1kg","Terengganu",690,25,47,15.99,15.99,0,0.00
"2024-09-01",94,"CILI MERAH - MINYAK","1kg","Terengganu",886,28,48,13.99,13.99,0,0.00
"2024-10-01",94,"CILI MERAH - MINYAK","1kg","Terengganu",914,30,50,12.99,12.99,0,0.00
"2024-11-01",94,"CILI MERAH - MINYAK","1kg","Terengganu",806,28,50,13.20,13.20,0,0.00
"2024-12-01",94,"CILI MERAH - MINYAK","1kg","Terengganu",884,30,51,13.99,13.99,0,0.00
"2025-01-01",94,"CILI MERAH - MINYAK","1kg","Terengganu",900,28,57,13.99,13.99,1,0.00
"2025-02-01",94,"CILI MERAH - MINYAK","1kg","Terengganu",789,26,54,14.00,14.00,0,0.00
"2025-03-01",94,"CILI MERAH - MINYAK","1kg","Terengganu",816,27,53,12.99,12.99,0,0.00
"2025-04-01",94,"CILI MERAH - MINYAK","1kg","Terengganu",851,27,54,11.99,11.99,0,0.00
"2025-05-01",94,"CILI MERAH - MINYAK","1kg","Terengganu",916,29,53,10.00,10.00,0,0.00
"2025-06-01",94,"CILI MERAH - MINYAK","1kg","Terengganu",721,23,53,13.99,13.99,0,0.00
"2025-07-01",94,"CILI MERAH - MINYAK","1kg","Terengganu",928,30,67,11.95,11.95,0,0.00
"2025-08-01",94,"CILI MERAH - MINYAK","1kg","Terengganu",1000,30,66,12.99,12.99,0,0.00
"2025-09-01",94,"CILI MERAH - MINYAK","1kg","Terengganu",936,27,61,12.00,12.00,0,0.00
"2025-10-01",94,"CILI MERAH - MINYAK","1kg","Terengganu",899,30,59,11.99,11.99,0,0.00
"2025-11-01",94,"CILI MERAH - MINYAK","1kg","Terengganu",842,30,55,11.99,11.99,0,0.00
"2025-12-01",94,"CILI MERAH - MINYAK","1kg","Terengganu",837,30,50,16.49,16.49,0,0.00
"2024-02-01",94,"CILI MERAH - MINYAK","1kg","Unknown",3,3,1,16.99,16.99,0,0.00
"2023-01-01",94,"CILI MERAH - MINYAK","1kg","W.P. Kuala Lumpur",1735,27,90,13.00,13.00,0,0.00
"2023-02-01",94,"CILI MERAH - MINYAK","1kg","W.P. Kuala Lumpur",1536,24,88,13.99,13.99,0,0.00
"2023-03-01",94,"CILI MERAH - MINYAK","1kg","W.P. Kuala Lumpur",1848,31,85,13.70,13.70,0,0.00
"2023-04-01",94,"CILI MERAH - MINYAK","1kg","W.P. Kuala Lumpur",1536,25,89,15.99,15.99,0,0.00
"2023-05-01",94,"CILI MERAH - MINYAK","1kg","W.P. Kuala Lumpur",1515,24,92,13.00,13.00,0,0.00
"2023-06-01",94,"CILI MERAH - MINYAK","1kg","W.P. Kuala Lumpur",1781,28,87,12.99,12.99,0,0.00
"2023-07-01",94,"CILI MERAH - MINYAK","1kg","W.P. Kuala Lumpur",1922,30,88,13.49,13.49,0,0.00
"2023-08-01",94,"CILI MERAH - MINYAK","1kg","W.P. Kuala Lumpur",1834,29,84,12.90,12.90,0,0.00
"2023-09-01",94,"CILI MERAH - MINYAK","1kg","W.P. Kuala Lumpur",1752,27,88,12.00,12.00,0,0.00
"2023-10-01",94,"CILI MERAH - MINYAK","1kg","W.P. Kuala Lumpur",1871,30,87,12.00,12.00,0,0.00
"2023-11-01",94,"CILI MERAH - MINYAK","1kg","W.P. Kuala Lumpur",1583,26,88,14.00,14.00,0,0.00
"2023-12-01",94,"CILI MERAH - MINYAK","1kg","W.P. Kuala Lumpur",1349,24,82,17.00,17.00,0,0.00
"2024-01-01",94,"CILI MERAH - MINYAK","1kg","W.P. Kuala Lumpur",1731,30,82,17.00,17.00,0,0.00
"2024-02-01",94,"CILI MERAH - MINYAK","1kg","W.P. Kuala Lumpur",1524,25,83,14.48,14.48,0,0.00
"2024-03-01",94,"CILI MERAH - MINYAK","1kg","W.P. Kuala Lumpur",1589,27,86,13.00,13.00,0,0.00
"2024-04-01",94,"CILI MERAH - MINYAK","1kg","W.P. Kuala Lumpur",1673,28,85,10.99,10.99,0,0.00
"2024-05-01",94,"CILI MERAH - MINYAK","1kg","W.P. Kuala Lumpur",1848,29,94,10.90,10.90,0,0.00
"2024-06-01",94,"CILI MERAH - MINYAK","1kg","W.P. Kuala Lumpur",1805,28,94,14.90,14.90,0,0.00
"2024-07-01",94,"CILI MERAH - MINYAK","1kg","W.P. Kuala Lumpur",2119,28,105,14.99,14.99,0,0.00
"2024-08-01",94,"CILI MERAH - MINYAK","1kg","W.P. Kuala Lumpur",2010,25,106,15.90,15.90,0,0.00
"2024-09-01",94,"CILI MERAH - MINYAK","1kg","W.P. Kuala Lumpur",2435,29,106,15.00,15.00,0,0.00
"2024-10-01",94,"CILI MERAH - MINYAK","1kg","W.P. Kuala Lumpur",2495,30,111,13.99,13.99,0,0.00
"2024-11-01",94,"CILI MERAH - MINYAK","1kg","W.P. Kuala Lumpur",2109,28,108,14.00,14.00,0,0.00
"2024-12-01",94,"CILI MERAH - MINYAK","1kg","W.P. Kuala Lumpur",2231,30,103,15.00,15.00,0,0.00
"2025-01-01",94,"CILI MERAH - MINYAK","1kg","W.P. Kuala Lumpur",2189,29,102,15.00,15.00,0,0.00
"2025-02-01",94,"CILI MERAH - MINYAK","1kg","W.P. Kuala Lumpur",1807,24,107,15.00,15.00,0,0.00
"2025-03-01",94,"CILI MERAH - MINYAK","1kg","W.P. Kuala Lumpur",2238,29,104,14.99,14.99,0,0.00
"2025-04-01",94,"CILI MERAH - MINYAK","1kg","W.P. Kuala Lumpur",2116,28,102,12.69,12.69,0,0.00
"2025-05-01",94,"CILI MERAH - MINYAK","1kg","W.P. Kuala Lumpur",2280,29,103,11.99,11.99,0,0.00
"2025-06-01",94,"CILI MERAH - MINYAK","1kg","W.P. Kuala Lumpur",1991,26,104,14.50,14.50,0,0.00
"2025-07-01",94,"CILI MERAH - MINYAK","1kg","W.P. Kuala Lumpur",2833,30,145,14.00,14.00,0,0.00
"2025-08-01",94,"CILI MERAH - MINYAK","1kg","W.P. Kuala Lumpur",3215,30,134,13.99,13.99,0,0.00
"2025-09-01",94,"CILI MERAH - MINYAK","1kg","W.P. Kuala Lumpur",2864,26,135,14.99,14.99,0,0.00
"2025-10-01",94,"CILI MERAH - MINYAK","1kg","W.P. Kuala Lumpur",3316,30,138,14.90,14.90,0,0.00
"2025-11-01",94,"CILI MERAH - MINYAK","1kg","W.P. Kuala Lumpur",3205,30,137,14.49,14.49,0,0.00
"2025-12-01",94,"CILI MERAH - MINYAK","1kg","W.P. Kuala Lumpur",3143,30,138,16.99,16.99,0,0.00
"2023-01-01",94,"CILI MERAH - MINYAK","1kg","W.P. Labuan",28,27,2,20.00,20.00,0,0.00
"2023-02-01",94,"CILI MERAH - MINYAK","1kg","W.P. Labuan",7,7,1,20.00,20.00,0,0.00
"2023-04-01",94,"CILI MERAH - MINYAK","1kg","W.P. Labuan",3,3,1,27.90,27.90,0,0.00
"2024-02-01",94,"CILI MERAH - MINYAK","1kg","W.P. Labuan",4,4,1,22.90,22.90,0,0.00
"2024-04-01",94,"CILI MERAH - MINYAK","1kg","W.P. Labuan",1,1,1,17.00,17.00,0,0.00
"2025-03-01",94,"CILI MERAH - MINYAK","1kg","W.P. Labuan",3,3,1,36.50,36.50,0,0.00
"2025-09-01",94,"CILI MERAH - MINYAK","1kg","W.P. Labuan",2,2,1,25.00,25.00,0,0.00
"2025-10-01",94,"CILI MERAH - MINYAK","1kg","W.P. Labuan",1,1,1,26.90,26.90,0,0.00
"2025-11-01",94,"CILI MERAH - MINYAK","1kg","W.P. Labuan",2,2,1,25.90,25.90,0,0.00
"2023-01-01",94,"CILI MERAH - MINYAK","1kg","W.P. Putrajaya",88,27,6,12.99,12.99,0,0.00
"2023-02-01",94,"CILI MERAH - MINYAK","1kg","W.P. Putrajaya",76,24,4,13.00,13.00,0,0.00
"2023-03-01",94,"CILI MERAH - MINYAK","1kg","W.P. Putrajaya",110,31,6,12.99,12.99,0,0.00
"2023-04-01",94,"CILI MERAH - MINYAK","1kg","W.P. Putrajaya",104,25,6,15.99,15.99,0,0.00
"2023-05-01",94,"CILI MERAH - MINYAK","1kg","W.P. Putrajaya",50,24,6,15.00,15.00,0,0.00
"2023-06-01",94,"CILI MERAH - MINYAK","1kg","W.P. Putrajaya",42,27,5,13.00,13.00,0,0.00
"2023-07-01",94,"CILI MERAH - MINYAK","1kg","W.P. Putrajaya",14,11,3,11.50,11.50,0,0.00
"2023-08-01",94,"CILI MERAH - MINYAK","1kg","W.P. Putrajaya",15,12,3,17.75,17.75,0,0.00
"2023-09-01",94,"CILI MERAH - MINYAK","1kg","W.P. Putrajaya",3,3,3,17.90,17.90,0,0.00
"2023-10-01",94,"CILI MERAH - MINYAK","1kg","W.P. Putrajaya",1,1,1,12.90,12.90,0,0.00
"2023-11-01",94,"CILI MERAH - MINYAK","1kg","W.P. Putrajaya",1,1,1,14.00,14.00,0,0.00
"2023-12-01",94,"CILI MERAH - MINYAK","1kg","W.P. Putrajaya",27,24,2,17.00,17.00,0,0.00
"2024-01-01",94,"CILI MERAH - MINYAK","1kg","W.P. Putrajaya",5,5,4,15.00,15.00,0,0.00
"2024-02-01",94,"CILI MERAH - MINYAK","1kg","W.P. Putrajaya",2,1,2,14.95,14.95,0,0.00
"2024-03-01",94,"CILI MERAH - MINYAK","1kg","W.P. Putrajaya",11,7,5,10.80,10.80,0,0.00
"2024-04-01",94,"CILI MERAH - MINYAK","1kg","W.P. Putrajaya",20,14,5,9.90,9.90,0,0.00
"2024-05-01",94,"CILI MERAH - MINYAK","1kg","W.P. Putrajaya",5,5,1,12.50,12.50,0,0.00
"2024-06-01",94,"CILI MERAH - MINYAK","1kg","W.P. Putrajaya",5,5,2,17.50,17.50,0,0.00
"2024-07-01",94,"CILI MERAH - MINYAK","1kg","W.P. Putrajaya",7,5,2,15.50,15.50,0,0.00
"2024-08-01",94,"CILI MERAH - MINYAK","1kg","W.P. Putrajaya",2,2,1,12.99,12.99,0,0.00
"2024-10-01",94,"CILI MERAH - MINYAK","1kg","W.P. Putrajaya",3,3,1,17.50,17.50,0,0.00
"2024-11-01",94,"CILI MERAH - MINYAK","1kg","W.P. Putrajaya",1,1,1,17.50,17.50,0,0.00
"2024-12-01",94,"CILI MERAH - MINYAK","1kg","W.P. Putrajaya",8,7,3,16.00,16.00,0,0.00
"2025-01-01",94,"CILI MERAH - MINYAK","1kg","W.P. Putrajaya",12,12,1,15.00,15.00,0,0.00
"2025-02-01",94,"CILI MERAH - MINYAK","1kg","W.P. Putrajaya",1,1,1,14.50,14.50,0,0.00
"2025-06-01",94,"CILI MERAH - MINYAK","1kg","W.P. Putrajaya",12,12,1,11.90,11.90,0,0.00
"2025-07-01",94,"CILI MERAH - MINYAK","1kg","W.P. Putrajaya",6,6,5,14.00,14.00,0,0.00
"2025-08-01",94,"CILI MERAH - MINYAK","1kg","W.P. Putrajaya",3,3,2,9.89,9.89,0,0.00
"2025-09-01",94,"CILI MERAH - MINYAK","1kg","W.P. Putrajaya",2,2,1,8.99,8.99,0,0.00
"2025-10-01",94,"CILI MERAH - MINYAK","1kg","W.P. Putrajaya",1,1,1,17.00,17.00,0,0.00
"2025-11-01",94,"CILI MERAH - MINYAK","1kg","W.P. Putrajaya",3,3,1,13.99,13.99,0,0.00
"2025-12-01",94,"CILI MERAH - MINYAK","1kg","W.P. Putrajaya",9,8,3,13.90,13.90,0,0.00
"2023-01-01",103,"SANTAN KELAPA SEGAR (BIASA)","1kg","Johor",455,29,21,8.59,8.59,0,0.00
"2023-02-01",103,"SANTAN KELAPA SEGAR (BIASA)","1kg","Johor",399,26,20,8.70,8.70,0,0.00
"2023-03-01",103,"SANTAN KELAPA SEGAR (BIASA)","1kg","Johor",398,29,20,8.70,8.70,0,0.00
"2023-04-01",103,"SANTAN KELAPA SEGAR (BIASA)","1kg","Johor",392,26,21,8.59,8.59,0,0.00
"2023-05-01",103,"SANTAN KELAPA SEGAR (BIASA)","1kg","Johor",423,24,24,8.59,8.59,0,0.00
"2023-06-01",103,"SANTAN KELAPA SEGAR (BIASA)","1kg","Johor",478,28,23,8.80,8.80,0,0.00
"2023-07-01",103,"SANTAN KELAPA SEGAR (BIASA)","1kg","Johor",493,29,23,8.59,8.59,0,0.00
"2023-08-01",103,"SANTAN KELAPA SEGAR (BIASA)","1kg","Johor",498,28,22,8.70,8.70,0,0.00
"2023-09-01",103,"SANTAN KELAPA SEGAR (BIASA)","1kg","Johor",525,27,25,8.59,8.59,0,0.00
"2023-10-01",103,"SANTAN KELAPA SEGAR (BIASA)","1kg","Johor",608,30,26,8.59,8.59,0,0.00
"2023-11-01",103,"SANTAN KELAPA SEGAR (BIASA)","1kg","Johor",502,27,24,8.59,8.59,0,0.00
"2023-12-01",103,"SANTAN KELAPA SEGAR (BIASA)","1kg","Johor",407,23,22,8.59,8.59,0,0.00
"2024-01-01",103,"SANTAN KELAPA SEGAR (BIASA)","1kg","Johor",496,30,23,8.85,8.85,0,0.00
"2024-02-01",103,"SANTAN KELAPA SEGAR (BIASA)","1kg","Johor",479,27,27,8.59,8.59,0,0.00
"2024-03-01",103,"SANTAN KELAPA SEGAR (BIASA)","1kg","Johor",496,26,29,8.59,8.59,0,0.00
"2024-04-01",103,"SANTAN KELAPA SEGAR (BIASA)","1kg","Johor",539,28,29,8.59,8.59,0,0.00
"2024-05-01",103,"SANTAN KELAPA SEGAR (BIASA)","1kg","Johor",601,29,30,8.59,8.59,0,0.00
"2024-06-01",103,"SANTAN KELAPA SEGAR (BIASA)","1kg","Johor",529,28,25,8.59,8.59,0,0.00
"2024-07-01",103,"SANTAN KELAPA SEGAR (BIASA)","1kg","Johor",603,29,29,8.50,8.50,0,0.00
"2024-08-01",103,"SANTAN KELAPA SEGAR (BIASA)","1kg","Johor",498,24,29,8.59,8.59,0,0.00
"2024-09-01",103,"SANTAN KELAPA SEGAR (BIASA)","1kg","Johor",605,29,29,8.50,8.50,0,0.00
"2024-10-01",103,"SANTAN KELAPA SEGAR (BIASA)","1kg","Johor",587,30,25,8.50,8.50,0,0.00
"2024-11-01",103,"SANTAN KELAPA SEGAR (BIASA)","1kg","Johor",456,28,24,9.00,9.00,0,0.00
"2024-12-01",103,"SANTAN KELAPA SEGAR (BIASA)","1kg","Johor",450,30,21,10.00,10.00,0,0.00
"2025-01-01",103,"SANTAN KELAPA SEGAR (BIASA)","1kg","Johor",420,28,26,10.00,10.00,0,0.00
"2025-02-01",103,"SANTAN KELAPA SEGAR (BIASA)","1kg","Johor",364,25,20,10.00,10.00,0,0.00
"2025-03-01",103,"SANTAN KELAPA SEGAR (BIASA)","1kg","Johor",595,26,41,10.00,10.00,0,0.00
"2025-04-01",103,"SANTAN KELAPA SEGAR (BIASA)","1kg","Johor",636,27,45,10.00,10.00,0,0.00
"2025-05-01",103,"SANTAN KELAPA SEGAR (BIASA)","1kg","Johor",907,29,46,10.00,10.00,1,0.00
"2025-06-01",103,"SANTAN KELAPA SEGAR (BIASA)","1kg","Johor",890,26,43,10.25,10.25,0,0.00
"2025-07-01",103,"SANTAN KELAPA SEGAR (BIASA)","1kg","Johor",695,21,51,10.99,10.99,0,0.00
"2025-08-01",103,"SANTAN KELAPA SEGAR (BIASA)","1kg","Johor",195,9,47,10.90,10.90,0,0.00
"2025-09-01",103,"SANTAN KELAPA SEGAR (BIASA)","1kg","Johor",149,7,44,10.98,10.98,0,0.00
"2025-10-01",103,"SANTAN KELAPA SEGAR (BIASA)","1kg","Johor",141,7,44,10.00,10.00,0,0.00
"2025-11-01",103,"SANTAN KELAPA SEGAR (BIASA)","1kg","Johor",153,9,43,10.99,10.99,0,0.00
"2025-12-01",103,"SANTAN KELAPA SEGAR (BIASA)","1kg","Johor",134,8,41,10.99,10.99,0,0.00
"2023-01-01",103,"SANTAN KELAPA SEGAR (BIASA)","1kg","Kedah",252,29,9,12.00,12.00,0,0.00
"2023-02-01",103,"SANTAN KELAPA SEGAR (BIASA)","1kg","Kedah",227,25,10,12.00,12.00,0,0.00
"2023-03-01",103,"SANTAN KELAPA SEGAR (BIASA)","1kg","Kedah",259,30,10,12.00,12.00,0,0.00
"2023-04-01",103,"SANTAN KELAPA SEGAR (BIASA)","1kg","Kedah",214,26,10,12.00,12.00,0,0.00
"2023-05-01",103,"SANTAN KELAPA SEGAR (BIASA)","1kg","Kedah",208,24,10,12.00,12.00,0,0.00
"2023-06-01",103,"SANTAN KELAPA SEGAR (BIASA)","1kg","Kedah",216,26,10,12.00,12.00,0,0.00
"2023-07-01",103,"SANTAN KELAPA SEGAR (BIASA)","1kg","Kedah",253,29,10,12.00,12.00,0,0.00
"2023-08-01",103,"SANTAN KELAPA SEGAR (BIASA)","1kg","Kedah",238,27,10,12.00,12.00,0,0.00
"2023-09-01",103,"SANTAN KELAPA SEGAR (BIASA)","1kg","Kedah",244,27,10,12.00,12.00,0,0.00
"2023-10-01",103,"SANTAN KELAPA SEGAR (BIASA)","1kg","Kedah",271,30,11,12.00,12.00,0,0.00
"2023-11-01",103,"SANTAN KELAPA SEGAR (BIASA)","1kg","Kedah",267,27,11,12.00,12.00,0,0.00
"2023-12-01",103,"SANTAN KELAPA SEGAR (BIASA)","1kg","Kedah",220,24,12,12.00,12.00,0,0.00
"2024-01-01",103,"SANTAN KELAPA SEGAR (BIASA)","1kg","Kedah",301,30,13,12.00,12.00,0,0.00
"2024-02-01",103,"SANTAN KELAPA SEGAR (BIASA)","1kg","Kedah",252,26,11,12.00,12.00,0,0.00
"2024-03-01",103,"SANTAN KELAPA SEGAR (BIASA)","1kg","Kedah",243,27,11,12.00,12.00,0,0.00
"2024-04-01",103,"SANTAN KELAPA SEGAR (BIASA)","1kg","Kedah",249,28,12,12.00,12.00,0,0.00
"2024-05-01",103,"SANTAN KELAPA SEGAR (BIASA)","1kg","Kedah",279,29,11,12.00,12.00,0,0.00
"2024-06-01",103,"SANTAN KELAPA SEGAR (BIASA)","1kg","Kedah",292,26,13,12.00,12.00,0,0.00
"2024-07-01",103,"SANTAN KELAPA SEGAR (BIASA)","1kg","Kedah",376,29,15,12.00,12.00,0,0.00
"2024-08-01",103,"SANTAN KELAPA SEGAR (BIASA)","1kg","Kedah",300,25,13,12.50,12.50,0,0.00
"2024-09-01",103,"SANTAN KELAPA SEGAR (BIASA)","1kg","Kedah",362,29,16,12.00,12.00,0,0.00
"2024-10-01",103,"SANTAN KELAPA SEGAR (BIASA)","1kg","Kedah",394,30,15,12.00,12.00,0,0.00
"2024-11-01",103,"SANTAN KELAPA SEGAR (BIASA)","1kg","Kedah",302,28,14,13.00,13.00,0,0.00
"2024-12-01",103,"SANTAN KELAPA SEGAR (BIASA)","1kg","Kedah",264,30,11,14.00,14.00,0,0.00
"2025-01-01",103,"SANTAN KELAPA SEGAR (BIASA)","1kg","Kedah",218,28,9,15.00,15.00,0,0.00
"2025-02-01",103,"SANTAN KELAPA SEGAR (BIASA)","1kg","Kedah",172,25,8,16.00,16.00,0,0.00
"2025-03-01",103,"SANTAN KELAPA SEGAR (BIASA)","1kg","Kedah",264,28,12,17.50,17.50,0,0.00
"2025-04-01",103,"SANTAN KELAPA SEGAR (BIASA)","1kg","Kedah",207,28,12,18.00,18.00,0,0.00
"2025-05-01",103,"SANTAN KELAPA SEGAR (BIASA)","1kg","Kedah",302,29,13,9.80,9.80,0,0.00
"2025-06-01",103,"SANTAN KELAPA SEGAR (BIASA)","1kg","Kedah",244,23,14,9.90,9.90,0,0.00
"2025-07-01",103,"SANTAN KELAPA SEGAR (BIASA)","1kg","Kedah",223,19,14,10.98,10.98,0,0.00
"2025-08-01",103,"SANTAN KELAPA SEGAR (BIASA)","1kg","Kedah",53,5,15,15.00,15.00,0,0.00
"2025-09-01",103,"SANTAN KELAPA SEGAR (BIASA)","1kg","Kedah",49,4,13,10.98,10.98,0,0.00
"2025-10-01",103,"SANTAN KELAPA SEGAR (BIASA)","1kg","Kedah",45,4,13,15.80,15.80,0,0.00
"2025-11-01",103,"SANTAN KELAPA SEGAR (BIASA)","1kg","Kedah",50,4,14,12.99,12.99,0,0.00
"2025-12-01",103,"SANTAN KELAPA SEGAR (BIASA)","1kg","Kedah",52,4,16,10.98,10.98,0,0.00
"2023-01-01",103,"SANTAN KELAPA SEGAR (BIASA)","1kg","Kelantan",296,29,17,8.50,8.50,0,0.00
"2023-02-01",103,"SANTAN KELAPA SEGAR (BIASA)","1kg","Kelantan",313,27,17,8.90,8.90,0,0.00
"2023-03-01",103,"SANTAN KELAPA SEGAR (BIASA)","1kg","Kelantan",436,31,21,8.90,8.90,0,0.00
"2023-04-01",103,"SANTAN KELAPA SEGAR (BIASA)","1kg","Kelantan",355,23,24,8.90,8.90,0,0.00
"2023-05-01",103,"SANTAN KELAPA SEGAR (BIASA)","1kg","Kelantan",315,24,21,8.90,8.90,0,0.00
"2023-06-01",103,"SANTAN KELAPA SEGAR (BIASA)","1kg","Kelantan",361,26,21,8.90,8.90,0,0.00
"2023-07-01",103,"SANTAN KELAPA SEGAR (BIASA)","1kg","Kelantan",435,30,22,8.90,8.90,0,0.00
"2023-08-01",103,"SANTAN KELAPA SEGAR (BIASA)","1kg","Kelantan",474,27,23,8.90,8.90,0,0.00
"2023-09-01",103,"SANTAN KELAPA SEGAR (BIASA)","1kg","Kelantan",448,24,23,8.90,8.90,0,0.00
"2023-10-01",103,"SANTAN KELAPA SEGAR (BIASA)","1kg","Kelantan",403,29,22,8.90,8.90,0,0.00
"2023-11-01",103,"SANTAN KELAPA SEGAR (BIASA)","1kg","Kelantan",241,27,18,8.00,8.00,0,0.00
"2023-12-01",103,"SANTAN KELAPA SEGAR (BIASA)","1kg","Kelantan",316,24,18,8.90,8.90,0,0.00
"2024-01-01",103,"SANTAN KELAPA SEGAR (BIASA)","1kg","Kelantan",457,31,22,8.90,8.90,0,0.00
"2024-02-01",103,"SANTAN KELAPA SEGAR (BIASA)","1kg","Kelantan",276,26,18,8.00,8.00,0,0.00
"2024-03-01",103,"SANTAN KELAPA SEGAR (BIASA)","1kg","Kelantan",393,26,19,8.90,8.90,0,0.00
"2024-04-01",103,"SANTAN KELAPA SEGAR (BIASA)","1kg","Kelantan",320,27,20,8.50,8.50,0,0.00
"2024-05-01",103,"SANTAN KELAPA SEGAR (BIASA)","1kg","Kelantan",388,29,25,8.50,8.50,0,0.00
"2024-06-01",103,"SANTAN KELAPA SEGAR (BIASA)","1kg","Kelantan",353,26,20,8.90,8.90,0,0.00
"2024-07-01",103,"SANTAN KELAPA SEGAR (BIASA)","1kg","Kelantan",424,29,26,8.90,8.90,0,0.00
"2024-08-01",103,"SANTAN KELAPA SEGAR (BIASA)","1kg","Kelantan",450,25,27,8.90,8.90,0,0.00
"2024-09-01",103,"SANTAN KELAPA SEGAR (BIASA)","1kg","Kelantan",450,26,24,8.90,8.90,0,0.00
"2024-10-01",103,"SANTAN KELAPA SEGAR (BIASA)","1kg","Kelantan",431,30,22,8.90,8.90,0,0.00
"2024-11-01",103,"SANTAN KELAPA SEGAR (BIASA)","1kg","Kelantan",116,28,14,10.00,10.00,1,0.00
"2024-12-01",103,"SANTAN KELAPA SEGAR (BIASA)","1kg","Kelantan",167,30,15,12.00,12.00,0,0.00
"2025-01-01",103,"SANTAN KELAPA SEGAR (BIASA)","1kg","Kelantan",195,29,16,12.00,12.00,0,0.00
"2025-02-01",103,"SANTAN KELAPA SEGAR (BIASA)","1kg","Kelantan",134,26,7,12.00,12.00,0,0.00
"2025-03-01",103,"SANTAN KELAPA SEGAR (BIASA)","1kg","Kelantan",143,28,7,13.00,13.00,0,0.00
"2025-04-01",103,"SANTAN KELAPA SEGAR (BIASA)","1kg","Kelantan",116,28,6,14.00,14.00,0,0.00
"2025-05-01",103,"SANTAN KELAPA SEGAR (BIASA)","1kg","Kelantan",147,29,8,16.00,16.00,0,0.00
"2025-06-01",103,"SANTAN KELAPA SEGAR (BIASA)","1kg","Kelantan",124,23,7,14.00,14.00,0,0.00
"2025-07-01",103,"SANTAN KELAPA SEGAR (BIASA)","1kg","Kelantan",136,19,10,12.80,12.80,0,0.00
"2025-08-01",103,"SANTAN KELAPA SEGAR (BIASA)","1kg","Kelantan",31,5,8,13.60,13.60,0,0.00
"2025-09-01",103,"SANTAN KELAPA SEGAR (BIASA)","1kg","Kelantan",26,4,9,13.60,13.60,0,0.00
"2025-10-01",103,"SANTAN KELAPA SEGAR (BIASA)","1kg","Kelantan",27,4,8,13.60,13.60,0,0.00
"2025-11-01",103,"SANTAN KELAPA SEGAR (BIASA)","1kg","Kelantan",28,4,9,12.00,12.00,0,0.00
"2025-12-01",103,"SANTAN KELAPA SEGAR (BIASA)","1kg","Kelantan",24,4,6,13.00,13.00,0,0.00
"2023-01-01",103,"SANTAN KELAPA SEGAR (BIASA)","1kg","Melaka",14,12,2,5.99,5.99,0,0.00
"2023-02-01",103,"SANTAN KELAPA SEGAR (BIASA)","1kg","Melaka",4,4,1,7.00,7.00,0,0.00
"2023-03-01",103,"SANTAN KELAPA SEGAR (BIASA)","1kg","Melaka",4,4,1,7.00,7.00,0,0.00
"2023-04-01",103,"SANTAN KELAPA SEGAR (BIASA)","1kg","Melaka",3,3,1,7.00,7.00,0,0.00
"2023-07-01",103,"SANTAN KELAPA SEGAR (BIASA)","1kg","Melaka",28,28,1,6.20,6.20,0,0.00
"2023-08-01",103,"SANTAN KELAPA SEGAR (BIASA)","1kg","Melaka",37,28,2,6.20,6.20,0,0.00
"2023-09-01",103,"SANTAN KELAPA SEGAR (BIASA)","1kg","Melaka",20,20,1,6.20,6.20,0,0.00
"2024-10-01",103,"SANTAN KELAPA SEGAR (BIASA)","1kg","Melaka",2,2,1,13.00,13.00,0,0.00
"2024-11-01",103,"SANTAN KELAPA SEGAR (BIASA)","1kg","Melaka",13,13,1,13.00,13.00,0,0.00
"2025-01-01",103,"SANTAN KELAPA SEGAR (BIASA)","1kg","Melaka",1,1,1,16.00,16.00,0,0.00
"2025-02-01",103,"SANTAN KELAPA SEGAR (BIASA)","1kg","Melaka",1,1,1,15.00,15.00,0,0.00
"2025-03-01",103,"SANTAN KELAPA SEGAR (BIASA)","1kg","Melaka",5,5,2,8.65,8.65,0,0.00
"2025-04-01",103,"SANTAN KELAPA SEGAR (BIASA)","1kg","Melaka",3,3,1,9.90,9.90,0,0.00
"2025-05-01",103,"SANTAN KELAPA SEGAR (BIASA)","1kg","Melaka",6,6,1,9.90,9.90,0,0.00
"2025-07-01",103,"SANTAN KELAPA SEGAR (BIASA)","1kg","Melaka",6,2,3,10.00,10.00,0,0.00
"2025-08-01",103,"SANTAN KELAPA SEGAR (BIASA)","1kg","Melaka",23,5,6,10.00,10.00,0,0.00
"2025-09-01",103,"SANTAN KELAPA SEGAR (BIASA)","1kg","Melaka",17,4,5,9.50,9.50,0,0.00
"2025-10-01",103,"SANTAN KELAPA SEGAR (BIASA)","1kg","Melaka",17,4,5,10.30,10.30,0,0.00
"2025-11-01",103,"SANTAN KELAPA SEGAR (BIASA)","1kg","Melaka",16,4,4,10.75,10.75,0,0.00
"2025-12-01",103,"SANTAN KELAPA SEGAR (BIASA)","1kg","Melaka",17,4,5,10.30,10.30,0,0.00
"2023-01-01",103,"SANTAN KELAPA SEGAR (BIASA)","1kg","Negeri Sembilan",426,26,20,8.70,8.70,0,0.00
"2023-02-01",103,"SANTAN KELAPA SEGAR (BIASA)","1kg","Negeri Sembilan",408,24,21,9.00,9.00,0,0.00
"2023-03-01",103,"SANTAN KELAPA SEGAR (BIASA)","1kg","Negeri Sembilan",465,31,20,9.00,9.00,0,0.00
"2023-04-01",103,"SANTAN KELAPA SEGAR (BIASA)","1kg","Negeri Sembilan",392,26,20,9.00,9.00,0,0.00
"2023-05-01",103,"SANTAN KELAPA SEGAR (BIASA)","1kg","Negeri Sembilan",341,24,18,9.00,9.00,0,0.00
"2023-06-01",103,"SANTAN KELAPA SEGAR (BIASA)","1kg","Negeri Sembilan",426,28,19,8.50,8.50,0,0.00
"2023-07-01",103,"SANTAN KELAPA SEGAR (BIASA)","1kg","Negeri Sembilan",439,30,18,8.00,8.00,0,0.00
"2023-08-01",103,"SANTAN KELAPA SEGAR (BIASA)","1kg","Negeri Sembilan",405,27,18,8.00,8.00,0,0.00
"2023-09-01",103,"SANTAN KELAPA SEGAR (BIASA)","1kg","Negeri Sembilan",402,27,18,8.00,8.00,0,0.00
"2023-10-01",103,"SANTAN KELAPA SEGAR (BIASA)","1kg","Negeri Sembilan",439,30,18,8.00,8.00,0,0.00
"2023-11-01",103,"SANTAN KELAPA SEGAR (BIASA)","1kg","Negeri Sembilan",426,26,19,8.00,8.00,0,0.00
"2023-12-01",103,"SANTAN KELAPA SEGAR (BIASA)","1kg","Negeri Sembilan",383,24,17,8.00,8.00,0,0.00
"2024-01-01",103,"SANTAN KELAPA SEGAR (BIASA)","1kg","Negeri Sembilan",451,28,18,8.00,8.00,0,0.00
"2024-02-01",103,"SANTAN KELAPA SEGAR (BIASA)","1kg","Negeri Sembilan",386,25,18,8.00,8.00,0,0.00
"2024-03-01",103,"SANTAN KELAPA SEGAR (BIASA)","1kg","Negeri Sembilan",419,28,18,8.00,8.00,0,0.00
"2024-04-01",103,"SANTAN KELAPA SEGAR (BIASA)","1kg","Negeri Sembilan",369,28,18,8.00,8.00,0,0.00
"2024-05-01",103,"SANTAN KELAPA SEGAR (BIASA)","1kg","Negeri Sembilan",406,29,17,8.00,8.00,0,0.00
"2024-06-01",103,"SANTAN KELAPA SEGAR (BIASA)","1kg","Negeri Sembilan",409,28,17,8.00,8.00,0,0.00
"2024-07-01",103,"SANTAN KELAPA SEGAR (BIASA)","1kg","Negeri Sembilan",417,28,18,8.00,8.00,0,0.00
"2024-08-01",103,"SANTAN KELAPA SEGAR (BIASA)","1kg","Negeri Sembilan",377,25,18,8.00,8.00,0,0.00
"2024-09-01",103,"SANTAN KELAPA SEGAR (BIASA)","1kg","Negeri Sembilan",444,29,18,8.00,8.00,0,0.00
"2024-10-01",103,"SANTAN KELAPA SEGAR (BIASA)","1kg","Negeri Sembilan",425,30,19,9.00,9.00,0,0.00
"2024-11-01",103,"SANTAN KELAPA SEGAR (BIASA)","1kg","Negeri Sembilan",411,28,19,9.80,9.80,0,0.00
"2024-12-01",103,"SANTAN KELAPA SEGAR (BIASA)","1kg","Negeri Sembilan",444,30,19,10.00,10.00,0,0.00
"2025-01-01",103,"SANTAN KELAPA SEGAR (BIASA)","1kg","Negeri Sembilan",396,27,19,10.00,10.00,0,0.00
"2025-02-01",103,"SANTAN KELAPA SEGAR (BIASA)","1kg","Negeri Sembilan",395,25,19,11.60,11.60,0,0.00
"2025-03-01",103,"SANTAN KELAPA SEGAR (BIASA)","1kg","Negeri Sembilan",426,30,20,12.00,12.00,0,0.00
"2025-04-01",103,"SANTAN KELAPA SEGAR (BIASA)","1kg","Negeri Sembilan",373,28,21,13.00,13.00,0,0.00
"2025-05-01",103,"SANTAN KELAPA SEGAR (BIASA)","1kg","Negeri Sembilan",420,29,21,12.00,12.00,0,0.00
"2025-06-01",103,"SANTAN KELAPA SEGAR (BIASA)","1kg","Negeri Sembilan",408,26,20,12.00,12.00,0,0.00
"2025-07-01",103,"SANTAN KELAPA SEGAR (BIASA)","1kg","Negeri Sembilan",308,19,23,12.00,12.00,0,0.00
"2025-08-01",103,"SANTAN KELAPA SEGAR (BIASA)","1kg","Negeri Sembilan",103,5,27,12.00,12.00,0,0.00
"2025-09-01",103,"SANTAN KELAPA SEGAR (BIASA)","1kg","Negeri Sembilan",79,4,23,12.00,12.00,0,0.00
"2025-10-01",103,"SANTAN KELAPA SEGAR (BIASA)","1kg","Negeri Sembilan",76,4,23,12.00,12.00,0,0.00
"2025-11-01",103,"SANTAN KELAPA SEGAR (BIASA)","1kg","Negeri Sembilan",80,4,25,12.00,12.00,0,0.00
"2025-12-01",103,"SANTAN KELAPA SEGAR (BIASA)","1kg","Negeri Sembilan",83,4,23,12.00,12.00,0,0.00
"2023-01-01",103,"SANTAN KELAPA SEGAR (BIASA)","1kg","Pahang",773,27,30,6.90,6.90,0,0.00
"2023-02-01",103,"SANTAN KELAPA SEGAR (BIASA)","1kg","Pahang",763,27,30,6.90,6.90,0,0.00
"2023-03-01",103,"SANTAN KELAPA SEGAR (BIASA)","1kg","Pahang",850,31,32,6.90,6.90,0,0.00
"2023-04-01",103,"SANTAN KELAPA SEGAR (BIASA)","1kg","Pahang",711,25,32,6.90,6.90,0,0.00
"2023-05-01",103,"SANTAN KELAPA SEGAR (BIASA)","1kg","Pahang",635,23,34,6.99,6.99,0,0.00
"2023-06-01",103,"SANTAN KELAPA SEGAR (BIASA)","1kg","Pahang",847,28,33,6.99,6.99,0,0.00
"2023-07-01",103,"SANTAN KELAPA SEGAR (BIASA)","1kg","Pahang",758,28,33,6.90,6.90,0,0.00
"2023-08-01",103,"SANTAN KELAPA SEGAR (BIASA)","1kg","Pahang",873,29,33,6.90,6.90,0,0.00
"2023-09-01",103,"SANTAN KELAPA SEGAR (BIASA)","1kg","Pahang",858,27,35,6.90,6.90,0,0.00
"2023-10-01",103,"SANTAN KELAPA SEGAR (BIASA)","1kg","Pahang",964,30,36,6.90,6.90,0,0.00
"2023-11-01",103,"SANTAN KELAPA SEGAR (BIASA)","1kg","Pahang",844,26,34,6.90,6.90,0,0.00
"2023-12-01",103,"SANTAN KELAPA SEGAR (BIASA)","1kg","Pahang",758,24,34,6.90,6.90,0,0.00
"2024-01-01",103,"SANTAN KELAPA SEGAR (BIASA)","1kg","Pahang",1026,31,36,6.90,6.90,0,0.00
"2024-02-01",103,"SANTAN KELAPA SEGAR (BIASA)","1kg","Pahang",866,26,36,6.90,6.90,0,0.00
"2024-03-01",103,"SANTAN KELAPA SEGAR (BIASA)","1kg","Pahang",856,27,37,6.90,6.90,0,0.00
"2024-04-01",103,"SANTAN KELAPA SEGAR (BIASA)","1kg","Pahang",860,28,39,6.90,6.90,0,0.00
"2024-05-01",103,"SANTAN KELAPA SEGAR (BIASA)","1kg","Pahang",861,29,38,6.90,6.90,0,0.00
"2024-06-01",103,"SANTAN KELAPA SEGAR (BIASA)","1kg","Pahang",857,28,37,6.90,6.90,0,0.00
"2024-07-01",103,"SANTAN KELAPA SEGAR (BIASA)","1kg","Pahang",875,27,39,6.90,6.90,0,0.00
"2024-08-01",103,"SANTAN KELAPA SEGAR (BIASA)","1kg","Pahang",804,25,39,6.90,6.90,0,0.00
"2024-09-01",103,"SANTAN KELAPA SEGAR (BIASA)","1kg","Pahang",913,29,39,6.90,6.90,0,0.00
"2024-10-01",103,"SANTAN KELAPA SEGAR (BIASA)","1kg","Pahang",841,30,35,6.90,6.90,0,0.00
"2024-11-01",103,"SANTAN KELAPA SEGAR (BIASA)","1kg","Pahang",688,28,34,6.99,6.99,0,0.00
"2024-12-01",103,"SANTAN KELAPA SEGAR (BIASA)","1kg","Pahang",771,30,34,7.30,7.30,0,0.00
"2025-01-01",103,"SANTAN KELAPA SEGAR (BIASA)","1kg","Pahang",774,29,35,8.00,8.00,0,0.00
"2025-02-01",103,"SANTAN KELAPA SEGAR (BIASA)","1kg","Pahang",643,26,38,8.00,8.00,0,0.00
"2025-03-01",103,"SANTAN KELAPA SEGAR (BIASA)","1kg","Pahang",762,29,38,9.20,9.20,0,0.00
"2025-04-01",103,"SANTAN KELAPA SEGAR (BIASA)","1kg","Pahang",560,28,32,9.80,9.80,0,0.00
"2025-05-01",103,"SANTAN KELAPA SEGAR (BIASA)","1kg","Pahang",734,28,34,9.80,9.80,0,0.00
"2025-06-01",103,"SANTAN KELAPA SEGAR (BIASA)","1kg","Pahang",677,26,36,9.70,9.70,0,0.00
"2025-07-01",103,"SANTAN KELAPA SEGAR (BIASA)","1kg","Pahang",576,21,39,9.80,9.80,0,0.00
"2025-08-01",103,"SANTAN KELAPA SEGAR (BIASA)","1kg","Pahang",157,8,37,9.90,9.90,0,0.00
"2025-09-01",103,"SANTAN KELAPA SEGAR (BIASA)","1kg","Pahang",124,7,35,9.90,9.90,0,0.00
"2025-10-01",103,"SANTAN KELAPA SEGAR (BIASA)","1kg","Pahang",138,7,37,9.90,9.90,0,0.00
"2025-11-01",103,"SANTAN KELAPA SEGAR (BIASA)","1kg","Pahang",134,8,36,9.90,9.90,0,0.00
"2025-12-01",103,"SANTAN KELAPA SEGAR (BIASA)","1kg","Pahang",132,6,36,10.00,10.00,0,0.00
"2023-01-01",103,"SANTAN KELAPA SEGAR (BIASA)","1kg","Perak",1047,27,41,9.80,9.80,0,0.00
"2023-02-01",103,"SANTAN KELAPA SEGAR (BIASA)","1kg","Perak",982,25,43,9.00,9.00,0,0.00
"2023-03-01",103,"SANTAN KELAPA SEGAR (BIASA)","1kg","Perak",1268,31,46,9.00,9.00,0,0.00
"2023-04-01",103,"SANTAN KELAPA SEGAR (BIASA)","1kg","Perak",984,25,44,9.00,9.00,0,0.00
"2023-05-01",103,"SANTAN KELAPA SEGAR (BIASA)","1kg","Perak",947,24,45,9.80,9.80,0,0.00
"2023-06-01",103,"SANTAN KELAPA SEGAR (BIASA)","1kg","Perak",1169,28,46,9.00,9.00,0,0.00
"2023-07-01",103,"SANTAN KELAPA SEGAR (BIASA)","1kg","Perak",1188,30,45,9.00,9.00,0,0.00
"2023-08-01",103,"SANTAN KELAPA SEGAR (BIASA)","1kg","Perak",1176,29,44,9.00,9.00,0,0.00
"2023-09-01",103,"SANTAN KELAPA SEGAR (BIASA)","1kg","Perak",1157,27,47,9.00,9.00,0,0.00
"2023-10-01",103,"SANTAN KELAPA SEGAR (BIASA)","1kg","Perak",1210,30,46,9.00,9.00,0,0.00
"2023-11-01",103,"SANTAN KELAPA SEGAR (BIASA)","1kg","Perak",1029,25,44,9.00,9.00,0,0.00
"2023-12-01",103,"SANTAN KELAPA SEGAR (BIASA)","1kg","Perak",922,24,45,9.00,9.00,0,0.00
"2024-01-01",103,"SANTAN KELAPA SEGAR (BIASA)","1kg","Perak",1171,30,44,9.00,9.00,0,0.00
"2024-02-01",103,"SANTAN KELAPA SEGAR (BIASA)","1kg","Perak",992,26,46,9.80,9.80,0,0.00
"2024-03-01",103,"SANTAN KELAPA SEGAR (BIASA)","1kg","Perak",964,27,43,9.80,9.80,0,0.00
"2024-04-01",103,"SANTAN KELAPA SEGAR (BIASA)","1kg","Perak",1031,28,44,9.80,9.80,0,0.00
"2024-05-01",103,"SANTAN KELAPA SEGAR (BIASA)","1kg","Perak",1155,29,46,9.00,9.00,0,0.00
"2024-06-01",103,"SANTAN KELAPA SEGAR (BIASA)","1kg","Perak",1122,28,47,9.00,9.00,0,0.00
"2024-07-01",103,"SANTAN KELAPA SEGAR (BIASA)","1kg","Perak",1112,28,46,9.80,9.80,0,0.00
"2024-08-01",103,"SANTAN KELAPA SEGAR (BIASA)","1kg","Perak",1015,25,45,9.80,9.80,0,0.00
"2024-09-01",103,"SANTAN KELAPA SEGAR (BIASA)","1kg","Perak",1155,29,45,9.80,9.80,0,0.00
"2024-10-01",103,"SANTAN KELAPA SEGAR (BIASA)","1kg","Perak",1203,30,43,9.80,9.80,1,0.00
"2024-11-01",103,"SANTAN KELAPA SEGAR (BIASA)","1kg","Perak",949,27,43,10.00,10.00,0,0.00
"2024-12-01",103,"SANTAN KELAPA SEGAR (BIASA)","1kg","Perak",1136,30,45,10.00,10.00,0,0.00
"2025-01-01",103,"SANTAN KELAPA SEGAR (BIASA)","1kg","Perak",1150,29,50,9.80,9.80,0,0.00
"2025-02-01",103,"SANTAN KELAPA SEGAR (BIASA)","1kg","Perak",995,25,51,10.00,10.00,0,0.00
"2025-03-01",103,"SANTAN KELAPA SEGAR (BIASA)","1kg","Perak",1290,29,56,10.00,10.00,0,0.00
"2025-04-01",103,"SANTAN KELAPA SEGAR (BIASA)","1kg","Perak",1158,28,55,11.00,11.00,0,0.00
"2025-05-01",103,"SANTAN KELAPA SEGAR (BIASA)","1kg","Perak",1399,29,57,11.00,11.00,0,0.00
"2025-06-01",103,"SANTAN KELAPA SEGAR (BIASA)","1kg","Perak",1273,26,58,11.60,11.60,0,0.00
"2025-07-01",103,"SANTAN KELAPA SEGAR (BIASA)","1kg","Perak",982,19,73,11.60,11.60,0,0.00
"2025-08-01",103,"SANTAN KELAPA SEGAR (BIASA)","1kg","Perak",296,5,67,10.98,10.98,0,0.00
"2025-09-01",103,"SANTAN KELAPA SEGAR (BIASA)","1kg","Perak",234,4,65,10.43,10.43,0,0.00
"2025-10-01",103,"SANTAN KELAPA SEGAR (BIASA)","1kg","Perak",225,4,63,10.36,10.36,0,0.00
"2025-11-01",103,"SANTAN KELAPA SEGAR (BIASA)","1kg","Perak",221,4,62,10.80,10.80,0,0.00
"2025-12-01",103,"SANTAN KELAPA SEGAR (BIASA)","1kg","Perak",253,4,69,10.36,10.36,0,0.00
"2023-11-01",103,"SANTAN KELAPA SEGAR (BIASA)","1kg","Perlis",1,1,1,13.00,13.00,0,0.00
"2023-01-01",103,"SANTAN KELAPA SEGAR (BIASA)","1kg","Pulau Pinang",659,27,26,11.00,11.00,0,0.00
"2023-02-01",103,"SANTAN KELAPA SEGAR (BIASA)","1kg","Pulau Pinang",573,25,25,11.00,11.00,0,0.00
"2023-03-01",103,"SANTAN KELAPA SEGAR (BIASA)","1kg","Pulau Pinang",692,31,25,11.00,11.00,0,0.00
"2023-04-01",103,"SANTAN KELAPA SEGAR (BIASA)","1kg","Pulau Pinang",557,25,24,11.00,11.00,0,0.00
"2023-05-01",103,"SANTAN KELAPA SEGAR (BIASA)","1kg","Pulau Pinang",532,24,23,11.00,11.00,0,0.00
"2023-06-01",103,"SANTAN KELAPA SEGAR (BIASA)","1kg","Pulau Pinang",633,28,23,11.00,11.00,0,0.00
"2023-07-01",103,"SANTAN KELAPA SEGAR (BIASA)","1kg","Pulau Pinang",603,28,23,12.00,12.00,0,0.00
"2023-08-01",103,"SANTAN KELAPA SEGAR (BIASA)","1kg","Pulau Pinang",621,28,24,12.00,12.00,0,0.00
"2023-09-01",103,"SANTAN KELAPA SEGAR (BIASA)","1kg","Pulau Pinang",614,27,24,12.00,12.00,0,0.00
"2023-10-01",103,"SANTAN KELAPA SEGAR (BIASA)","1kg","Pulau Pinang",674,30,24,12.00,12.00,0,0.00
"2023-11-01",103,"SANTAN KELAPA SEGAR (BIASA)","1kg","Pulau Pinang",586,26,23,12.00,12.00,0,0.00
"2023-12-01",103,"SANTAN KELAPA SEGAR (BIASA)","1kg","Pulau Pinang",535,24,23,12.00,12.00,0,0.00
"2024-01-01",103,"SANTAN KELAPA SEGAR (BIASA)","1kg","Pulau Pinang",642,30,22,12.00,12.00,0,0.00
"2024-02-01",103,"SANTAN KELAPA SEGAR (BIASA)","1kg","Pulau Pinang",558,26,23,12.00,12.00,0,0.00
"2024-03-01",103,"SANTAN KELAPA SEGAR (BIASA)","1kg","Pulau Pinang",576,27,22,12.00,12.00,0,0.00
"2024-04-01",103,"SANTAN KELAPA SEGAR (BIASA)","1kg","Pulau Pinang",650,28,27,12.00,12.00,0,0.00
"2024-05-01",103,"SANTAN KELAPA SEGAR (BIASA)","1kg","Pulau Pinang",732,29,30,12.00,12.00,0,0.00
"2024-06-01",103,"SANTAN KELAPA SEGAR (BIASA)","1kg","Pulau Pinang",685,28,28,12.00,12.00,0,0.00
"2024-07-01",103,"SANTAN KELAPA SEGAR (BIASA)","1kg","Pulau Pinang",708,27,31,12.00,12.00,0,0.00
"2024-08-01",103,"SANTAN KELAPA SEGAR (BIASA)","1kg","Pulau Pinang",647,25,30,12.00,12.00,0,0.00
"2024-09-01",103,"SANTAN KELAPA SEGAR (BIASA)","1kg","Pulau Pinang",693,29,27,12.00,12.00,0,0.00
"2024-10-01",103,"SANTAN KELAPA SEGAR (BIASA)","1kg","Pulau Pinang",695,30,26,12.00,12.00,0,0.00
"2024-11-01",103,"SANTAN KELAPA SEGAR (BIASA)","1kg","Pulau Pinang",635,28,28,13.00,13.00,0,0.00
"2024-12-01",103,"SANTAN KELAPA SEGAR (BIASA)","1kg","Pulau Pinang",595,30,22,15.00,15.00,0,0.00
"2025-01-01",103,"SANTAN KELAPA SEGAR (BIASA)","1kg","Pulau Pinang",603,29,25,15.00,15.00,0,0.00
"2025-02-01",103,"SANTAN KELAPA SEGAR (BIASA)","1kg","Pulau Pinang",496,25,22,16.00,16.00,0,0.00
"2025-03-01",103,"SANTAN KELAPA SEGAR (BIASA)","1kg","Pulau Pinang",591,29,23,16.00,16.00,0,0.00
"2025-04-01",103,"SANTAN KELAPA SEGAR (BIASA)","1kg","Pulau Pinang",556,28,23,17.00,17.00,0,0.00
"2025-05-01",103,"SANTAN KELAPA SEGAR (BIASA)","1kg","Pulau Pinang",630,29,24,17.00,17.00,0,0.00
"2025-06-01",103,"SANTAN KELAPA SEGAR (BIASA)","1kg","Pulau Pinang",584,26,27,17.00,17.00,0,0.00
"2025-07-01",103,"SANTAN KELAPA SEGAR (BIASA)","1kg","Pulau Pinang",403,17,27,17.00,17.00,0,0.00
"2025-08-01",103,"SANTAN KELAPA SEGAR (BIASA)","1kg","Pulau Pinang",113,5,26,17.00,17.00,0,0.00
"2025-09-01",103,"SANTAN KELAPA SEGAR (BIASA)","1kg","Pulau Pinang",90,4,24,17.00,17.00,0,0.00
"2025-10-01",103,"SANTAN KELAPA SEGAR (BIASA)","1kg","Pulau Pinang",87,4,24,17.00,17.00,0,0.00
"2025-11-01",103,"SANTAN KELAPA SEGAR (BIASA)","1kg","Pulau Pinang",87,4,24,17.00,17.00,0,0.00
"2025-12-01",103,"SANTAN KELAPA SEGAR (BIASA)","1kg","Pulau Pinang",91,4,24,17.00,17.00,0,0.00
"2023-01-01",103,"SANTAN KELAPA SEGAR (BIASA)","1kg","Sabah",54,27,2,10.50,10.50,0,0.00
"2023-02-01",103,"SANTAN KELAPA SEGAR (BIASA)","1kg","Sabah",54,27,2,10.50,10.50,0,0.00
"2023-03-01",103,"SANTAN KELAPA SEGAR (BIASA)","1kg","Sabah",62,31,2,10.50,10.50,0,0.00
"2023-04-01",103,"SANTAN KELAPA SEGAR (BIASA)","1kg","Sabah",50,25,2,10.50,10.50,0,0.00
"2023-05-01",103,"SANTAN KELAPA SEGAR (BIASA)","1kg","Sabah",50,22,3,10.50,10.50,0,0.00
"2023-06-01",103,"SANTAN KELAPA SEGAR (BIASA)","1kg","Sabah",90,28,5,10.50,10.50,0,0.00
"2023-07-01",103,"SANTAN KELAPA SEGAR (BIASA)","1kg","Sabah",62,30,3,10.50,10.50,0,0.00
"2023-08-01",103,"SANTAN KELAPA SEGAR (BIASA)","1kg","Sabah",57,29,2,10.00,10.00,0,0.00
"2023-09-01",103,"SANTAN KELAPA SEGAR (BIASA)","1kg","Sabah",57,27,3,10.90,10.90,0,0.00
"2023-10-01",103,"SANTAN KELAPA SEGAR (BIASA)","1kg","Sabah",58,29,2,10.50,10.50,0,0.00
"2023-11-01",103,"SANTAN KELAPA SEGAR (BIASA)","1kg","Sabah",66,26,3,10.50,10.50,0,0.00
"2023-12-01",103,"SANTAN KELAPA SEGAR (BIASA)","1kg","Sabah",43,22,2,10.00,10.00,0,0.00
"2024-01-01",103,"SANTAN KELAPA SEGAR (BIASA)","1kg","Sabah",61,31,2,10.00,10.00,0,0.00
"2024-02-01",103,"SANTAN KELAPA SEGAR (BIASA)","1kg","Sabah",50,26,2,11.00,11.00,0,0.00
"2024-03-01",103,"SANTAN KELAPA SEGAR (BIASA)","1kg","Sabah",40,26,2,11.00,11.00,0,0.00
"2024-04-01",103,"SANTAN KELAPA SEGAR (BIASA)","1kg","Sabah",27,27,1,13.00,13.00,0,0.00
"2024-05-01",103,"SANTAN KELAPA SEGAR (BIASA)","1kg","Sabah",26,26,1,13.00,13.00,0,0.00
"2024-06-01",103,"SANTAN KELAPA SEGAR (BIASA)","1kg","Sabah",28,28,1,13.00,13.00,0,0.00
"2024-07-01",103,"SANTAN KELAPA SEGAR (BIASA)","1kg","Sabah",44,28,2,13.00,13.00,0,0.00
"2024-08-01",103,"SANTAN KELAPA SEGAR (BIASA)","1kg","Sabah",55,26,3,12.00,12.00,0,0.00
"2024-09-01",103,"SANTAN KELAPA SEGAR (BIASA)","1kg","Sabah",86,29,3,12.00,12.00,0,0.00
"2024-10-01",103,"SANTAN KELAPA SEGAR (BIASA)","1kg","Sabah",85,30,3,12.00,12.00,0,0.00
"2024-11-01",103,"SANTAN KELAPA SEGAR (BIASA)","1kg","Sabah",62,28,3,12.00,12.00,0,0.00
"2024-12-01",103,"SANTAN KELAPA SEGAR (BIASA)","1kg","Sabah",35,27,2,13.00,13.00,0,0.00
"2025-01-01",103,"SANTAN KELAPA SEGAR (BIASA)","1kg","Sabah",43,29,2,13.00,13.00,0,0.00
"2025-02-01",103,"SANTAN KELAPA SEGAR (BIASA)","1kg","Sabah",26,26,1,13.00,13.00,0,0.00
"2025-03-01",103,"SANTAN KELAPA SEGAR (BIASA)","1kg","Sabah",19,19,2,13.00,13.00,0,0.00
"2025-04-01",103,"SANTAN KELAPA SEGAR (BIASA)","1kg","Sabah",7,7,1,12.00,12.00,0,0.00
"2025-05-01",103,"SANTAN KELAPA SEGAR (BIASA)","1kg","Sabah",22,22,1,17.00,17.00,0,0.00
"2025-06-01",103,"SANTAN KELAPA SEGAR (BIASA)","1kg","Sabah",16,16,2,17.00,17.00,0,0.00
"2025-07-01",103,"SANTAN KELAPA SEGAR (BIASA)","1kg","Sabah",16,16,1,17.00,17.00,0,0.00
"2025-08-01",103,"SANTAN KELAPA SEGAR (BIASA)","1kg","Sabah",1,1,1,13.50,13.50,0,0.00
"2023-01-01",103,"SANTAN KELAPA SEGAR (BIASA)","1kg","Sarawak",31,27,2,11.00,11.00,0,0.00
"2023-02-01",103,"SANTAN KELAPA SEGAR (BIASA)","1kg","Sarawak",53,27,2,11.00,11.00,0,0.00
"2023-03-01",103,"SANTAN KELAPA SEGAR (BIASA)","1kg","Sarawak",58,31,2,11.00,11.00,0,0.00
"2023-04-01",103,"SANTAN KELAPA SEGAR (BIASA)","1kg","Sarawak",25,25,1,11.00,11.00,0,0.00
"2023-05-01",103,"SANTAN KELAPA SEGAR (BIASA)","1kg","Sarawak",48,24,2,9.50,9.50,0,0.00
"2023-06-01",103,"SANTAN KELAPA SEGAR (BIASA)","1kg","Sarawak",41,26,2,11.00,11.00,0,0.00
"2023-07-01",103,"SANTAN KELAPA SEGAR (BIASA)","1kg","Sarawak",29,29,1,11.00,11.00,0,0.00
"2023-08-01",103,"SANTAN KELAPA SEGAR (BIASA)","1kg","Sarawak",29,29,1,11.00,11.00,0,0.00
"2023-09-01",103,"SANTAN KELAPA SEGAR (BIASA)","1kg","Sarawak",27,27,1,11.00,11.00,0,0.00
"2023-10-01",103,"SANTAN KELAPA SEGAR (BIASA)","1kg","Sarawak",29,29,1,11.00,11.00,0,0.00
"2023-11-01",103,"SANTAN KELAPA SEGAR (BIASA)","1kg","Sarawak",28,28,1,11.50,11.50,0,0.00
"2023-12-01",103,"SANTAN KELAPA SEGAR (BIASA)","1kg","Sarawak",23,23,1,12.00,12.00,0,0.00
"2024-01-01",103,"SANTAN KELAPA SEGAR (BIASA)","1kg","Sarawak",31,31,1,12.00,12.00,0,0.00
"2024-02-01",103,"SANTAN KELAPA SEGAR (BIASA)","1kg","Sarawak",26,26,1,12.00,12.00,0,0.00
"2024-03-01",103,"SANTAN KELAPA SEGAR (BIASA)","1kg","Sarawak",26,26,1,12.00,12.00,0,0.00
"2024-04-01",103,"SANTAN KELAPA SEGAR (BIASA)","1kg","Sarawak",28,28,1,12.00,12.00,0,0.00
"2024-05-01",103,"SANTAN KELAPA SEGAR (BIASA)","1kg","Sarawak",29,29,1,12.00,12.00,0,0.00
"2024-06-01",103,"SANTAN KELAPA SEGAR (BIASA)","1kg","Sarawak",25,25,1,12.00,12.00,0,0.00
"2024-07-01",103,"SANTAN KELAPA SEGAR (BIASA)","1kg","Sarawak",27,27,1,12.00,12.00,0,0.00
"2024-08-01",103,"SANTAN KELAPA SEGAR (BIASA)","1kg","Sarawak",25,25,1,12.00,12.00,0,0.00
"2024-09-01",103,"SANTAN KELAPA SEGAR (BIASA)","1kg","Sarawak",29,29,1,12.00,12.00,0,0.00
"2024-10-01",103,"SANTAN KELAPA SEGAR (BIASA)","1kg","Sarawak",30,30,1,12.00,12.00,0,0.00
"2024-11-01",103,"SANTAN KELAPA SEGAR (BIASA)","1kg","Sarawak",28,28,1,12.00,12.00,0,0.00
"2024-12-01",103,"SANTAN KELAPA SEGAR (BIASA)","1kg","Sarawak",25,24,2,12.00,12.00,1,0.00
"2025-01-01",103,"SANTAN KELAPA SEGAR (BIASA)","1kg","Sarawak",29,29,1,12.00,12.00,0,0.00
"2025-02-01",103,"SANTAN KELAPA SEGAR (BIASA)","1kg","Sarawak",31,26,2,12.00,12.00,0,0.00
"2025-03-01",103,"SANTAN KELAPA SEGAR (BIASA)","1kg","Sarawak",7,5,2,10.00,10.00,0,0.00
"2025-08-01",103,"SANTAN KELAPA SEGAR (BIASA)","1kg","Sarawak",1,1,1,11.00,11.00,0,0.00
"2023-01-01",103,"SANTAN KELAPA SEGAR (BIASA)","1kg","Selangor",858,27,37,7.00,7.00,0,0.00
"2023-02-01",103,"SANTAN KELAPA SEGAR (BIASA)","1kg","Selangor",741,25,37,7.00,7.00,0,0.00
"2023-03-01",103,"SANTAN KELAPA SEGAR (BIASA)","1kg","Selangor",1000,31,41,7.00,7.00,0,0.00
"2023-04-01",103,"SANTAN KELAPA SEGAR (BIASA)","1kg","Selangor",789,25,43,6.90,6.90,0,0.00
"2023-05-01",103,"SANTAN KELAPA SEGAR (BIASA)","1kg","Selangor",659,24,42,6.90,6.90,0,0.00
"2023-06-01",103,"SANTAN KELAPA SEGAR (BIASA)","1kg","Selangor",850,28,40,6.90,6.90,0,0.00
"2023-07-01",103,"SANTAN KELAPA SEGAR (BIASA)","1kg","Selangor",865,30,40,6.99,6.99,0,0.00
"2023-08-01",103,"SANTAN KELAPA SEGAR (BIASA)","1kg","Selangor",830,27,38,6.99,6.99,0,0.00
"2023-09-01",103,"SANTAN KELAPA SEGAR (BIASA)","1kg","Selangor",848,27,38,6.99,6.99,0,0.00
"2023-10-01",103,"SANTAN KELAPA SEGAR (BIASA)","1kg","Selangor",877,30,38,6.99,6.99,0,0.00
"2023-11-01",103,"SANTAN KELAPA SEGAR (BIASA)","1kg","Selangor",828,26,38,6.99,6.99,0,0.00
"2023-12-01",103,"SANTAN KELAPA SEGAR (BIASA)","1kg","Selangor",765,23,39,6.99,6.99,0,0.00
"2024-01-01",103,"SANTAN KELAPA SEGAR (BIASA)","1kg","Selangor",899,30,36,7.00,7.00,0,0.00
"2024-02-01",103,"SANTAN KELAPA SEGAR (BIASA)","1kg","Selangor",776,26,36,6.99,6.99,0,0.00
"2024-03-01",103,"SANTAN KELAPA SEGAR (BIASA)","1kg","Selangor",850,27,40,7.00,7.00,0,0.00
"2024-04-01",103,"SANTAN KELAPA SEGAR (BIASA)","1kg","Selangor",863,28,39,6.99,6.99,0,0.00
"2024-05-01",103,"SANTAN KELAPA SEGAR (BIASA)","1kg","Selangor",891,29,38,6.90,6.90,0,0.00
"2024-06-01",103,"SANTAN KELAPA SEGAR (BIASA)","1kg","Selangor",867,28,37,7.00,7.00,0,0.00
"2024-07-01",103,"SANTAN KELAPA SEGAR (BIASA)","1kg","Selangor",918,28,41,7.00,7.00,0,0.00
"2024-08-01",103,"SANTAN KELAPA SEGAR (BIASA)","1kg","Selangor",825,25,41,7.29,7.29,0,0.00
"2024-09-01",103,"SANTAN KELAPA SEGAR (BIASA)","1kg","Selangor",955,29,42,7.00,7.00,0,0.00
"2024-10-01",103,"SANTAN KELAPA SEGAR (BIASA)","1kg","Selangor",980,30,40,7.29,7.29,0,0.00
"2024-11-01",103,"SANTAN KELAPA SEGAR (BIASA)","1kg","Selangor",774,28,41,7.29,7.29,0,0.00
"2024-12-01",103,"SANTAN KELAPA SEGAR (BIASA)","1kg","Selangor",780,30,37,7.29,7.29,0,0.00
"2025-01-01",103,"SANTAN KELAPA SEGAR (BIASA)","1kg","Selangor",832,29,36,7.29,7.29,0,0.00
"2025-02-01",103,"SANTAN KELAPA SEGAR (BIASA)","1kg","Selangor",680,25,39,7.60,7.60,0,0.00
"2025-03-01",103,"SANTAN KELAPA SEGAR (BIASA)","1kg","Selangor",742,29,36,8.00,8.00,0,0.00
"2025-04-01",103,"SANTAN KELAPA SEGAR (BIASA)","1kg","Selangor",694,28,34,9.00,9.00,0,0.00
"2025-05-01",103,"SANTAN KELAPA SEGAR (BIASA)","1kg","Selangor",828,29,39,8.69,8.69,0,0.00
"2025-06-01",103,"SANTAN KELAPA SEGAR (BIASA)","1kg","Selangor",751,26,39,8.50,8.50,0,0.00
"2025-07-01",103,"SANTAN KELAPA SEGAR (BIASA)","1kg","Selangor",603,19,49,8.65,8.65,0,0.00
"2025-08-01",103,"SANTAN KELAPA SEGAR (BIASA)","1kg","Selangor",184,5,44,8.00,8.00,0,0.00
"2025-09-01",103,"SANTAN KELAPA SEGAR (BIASA)","1kg","Selangor",153,4,45,8.00,8.00,0,0.00
"2025-10-01",103,"SANTAN KELAPA SEGAR (BIASA)","1kg","Selangor",146,4,45,8.00,8.00,0,0.00
"2025-11-01",103,"SANTAN KELAPA SEGAR (BIASA)","1kg","Selangor",137,4,41,8.00,8.00,0,0.00
"2025-12-01",103,"SANTAN KELAPA SEGAR (BIASA)","1kg","Selangor",133,4,37,7.99,7.99,0,0.00
"2023-01-01",103,"SANTAN KELAPA SEGAR (BIASA)","1kg","Terengganu",261,29,11,10.00,10.00,1,0.00
"2023-02-01",103,"SANTAN KELAPA SEGAR (BIASA)","1kg","Terengganu",230,25,11,10.00,10.00,1,0.00
"2023-03-01",103,"SANTAN KELAPA SEGAR (BIASA)","1kg","Terengganu",285,29,11,10.00,10.00,0,0.00
"2023-04-01",103,"SANTAN KELAPA SEGAR (BIASA)","1kg","Terengganu",236,23,12,10.00,10.00,0,0.00
"2023-05-01",103,"SANTAN KELAPA SEGAR (BIASA)","1kg","Terengganu",237,24,12,10.00,10.00,0,0.00
"2023-06-01",103,"SANTAN KELAPA SEGAR (BIASA)","1kg","Terengganu",264,26,12,10.00,10.00,0,0.00
"2023-07-01",103,"SANTAN KELAPA SEGAR (BIASA)","1kg","Terengganu",301,30,13,10.00,10.00,0,0.00
"2023-08-01",103,"SANTAN KELAPA SEGAR (BIASA)","1kg","Terengganu",335,27,15,10.00,10.00,0,0.00
"2023-09-01",103,"SANTAN KELAPA SEGAR (BIASA)","1kg","Terengganu",324,26,16,10.00,10.00,0,0.00
"2023-10-01",103,"SANTAN KELAPA SEGAR (BIASA)","1kg","Terengganu",321,30,12,10.00,10.00,0,0.00
"2023-11-01",103,"SANTAN KELAPA SEGAR (BIASA)","1kg","Terengganu",237,27,11,10.00,10.00,0,0.00
"2023-12-01",103,"SANTAN KELAPA SEGAR (BIASA)","1kg","Terengganu",193,24,9,10.00,10.00,0,0.00
"2024-01-01",103,"SANTAN KELAPA SEGAR (BIASA)","1kg","Terengganu",247,31,10,10.00,10.00,0,0.00
"2024-02-01",103,"SANTAN KELAPA SEGAR (BIASA)","1kg","Terengganu",190,25,12,10.00,10.00,0,0.00
"2024-03-01",103,"SANTAN KELAPA SEGAR (BIASA)","1kg","Terengganu",266,26,14,10.00,10.00,0,0.00
"2024-04-01",103,"SANTAN KELAPA SEGAR (BIASA)","1kg","Terengganu",272,27,16,11.00,11.00,0,0.00
"2024-05-01",103,"SANTAN KELAPA SEGAR (BIASA)","1kg","Terengganu",357,29,18,11.00,11.00,0,0.00
"2024-06-01",103,"SANTAN KELAPA SEGAR (BIASA)","1kg","Terengganu",360,26,20,11.00,11.00,0,0.00
"2024-07-01",103,"SANTAN KELAPA SEGAR (BIASA)","1kg","Terengganu",421,29,22,10.00,10.00,0,0.00
"2024-08-01",103,"SANTAN KELAPA SEGAR (BIASA)","1kg","Terengganu",391,25,23,10.00,10.00,0,0.00
"2024-09-01",103,"SANTAN KELAPA SEGAR (BIASA)","1kg","Terengganu",477,28,22,10.00,10.00,0,0.00
"2024-10-01",103,"SANTAN KELAPA SEGAR (BIASA)","1kg","Terengganu",488,30,21,10.00,10.00,0,0.00
"2024-11-01",103,"SANTAN KELAPA SEGAR (BIASA)","1kg","Terengganu",254,28,15,12.00,12.00,0,0.00
"2024-12-01",103,"SANTAN KELAPA SEGAR (BIASA)","1kg","Terengganu",210,30,10,15.00,15.00,0,0.00
"2025-01-01",103,"SANTAN KELAPA SEGAR (BIASA)","1kg","Terengganu",204,28,10,16.00,16.00,0,0.00
"2025-02-01",103,"SANTAN KELAPA SEGAR (BIASA)","1kg","Terengganu",181,26,9,16.00,16.00,0,0.00
"2025-03-01",103,"SANTAN KELAPA SEGAR (BIASA)","1kg","Terengganu",153,27,9,16.00,16.00,0,0.00
"2025-04-01",103,"SANTAN KELAPA SEGAR (BIASA)","1kg","Terengganu",162,27,10,17.00,17.00,0,0.00
"2025-05-01",103,"SANTAN KELAPA SEGAR (BIASA)","1kg","Terengganu",202,29,12,17.00,17.00,0,0.00
"2025-06-01",103,"SANTAN KELAPA SEGAR (BIASA)","1kg","Terengganu",131,23,7,17.00,17.00,0,0.00
"2025-07-01",103,"SANTAN KELAPA SEGAR (BIASA)","1kg","Terengganu",99,19,7,16.00,16.00,0,0.00
"2025-08-01",103,"SANTAN KELAPA SEGAR (BIASA)","1kg","Terengganu",30,5,6,16.00,16.00,0,0.00
"2025-09-01",103,"SANTAN KELAPA SEGAR (BIASA)","1kg","Terengganu",22,4,7,16.00,16.00,0,0.00
"2025-10-01",103,"SANTAN KELAPA SEGAR (BIASA)","1kg","Terengganu",23,4,6,16.00,16.00,0,0.00
"2025-11-01",103,"SANTAN KELAPA SEGAR (BIASA)","1kg","Terengganu",20,4,5,16.00,16.00,0,0.00
"2025-12-01",103,"SANTAN KELAPA SEGAR (BIASA)","1kg","Terengganu",24,4,6,16.00,16.00,0,0.00
"2023-01-01",103,"SANTAN KELAPA SEGAR (BIASA)","1kg","W.P. Kuala Lumpur",886,27,40,6.20,6.20,0,0.00
"2023-02-01",103,"SANTAN KELAPA SEGAR (BIASA)","1kg","W.P. Kuala Lumpur",781,24,39,6.50,6.50,0,0.00
"2023-03-01",103,"SANTAN KELAPA SEGAR (BIASA)","1kg","W.P. Kuala Lumpur",972,31,39,6.20,6.20,0,0.00
"2023-04-01",103,"SANTAN KELAPA SEGAR (BIASA)","1kg","W.P. Kuala Lumpur",859,25,44,6.20,6.20,0,0.00
"2023-05-01",103,"SANTAN KELAPA SEGAR (BIASA)","1kg","W.P. Kuala Lumpur",824,24,44,6.60,6.60,0,0.00
"2023-06-01",103,"SANTAN KELAPA SEGAR (BIASA)","1kg","W.P. Kuala Lumpur",926,28,41,6.20,6.20,0,0.00
"2023-07-01",103,"SANTAN KELAPA SEGAR (BIASA)","1kg","W.P. Kuala Lumpur",1015,30,42,6.20,6.20,0,0.00
"2023-08-01",103,"SANTAN KELAPA SEGAR (BIASA)","1kg","W.P. Kuala Lumpur",945,29,40,6.20,6.20,0,0.00
"2023-09-01",103,"SANTAN KELAPA SEGAR (BIASA)","1kg","W.P. Kuala Lumpur",893,27,41,6.20,6.20,0,0.00
"2023-10-01",103,"SANTAN KELAPA SEGAR (BIASA)","1kg","W.P. Kuala Lumpur",1035,30,41,6.20,6.20,0,0.00
"2023-11-01",103,"SANTAN KELAPA SEGAR (BIASA)","1kg","W.P. Kuala Lumpur",891,26,40,6.20,6.20,0,0.00
"2023-12-01",103,"SANTAN KELAPA SEGAR (BIASA)","1kg","W.P. Kuala Lumpur",830,24,42,6.20,6.20,0,0.00
"2024-01-01",103,"SANTAN KELAPA SEGAR (BIASA)","1kg","W.P. Kuala Lumpur",1036,30,40,6.20,6.20,0,0.00
"2024-02-01",103,"SANTAN KELAPA SEGAR (BIASA)","1kg","W.P. Kuala Lumpur",863,25,43,6.60,6.60,0,0.00
"2024-03-01",103,"SANTAN KELAPA SEGAR (BIASA)","1kg","W.P. Kuala Lumpur",856,27,42,6.60,6.60,0,0.00
"2024-04-01",103,"SANTAN KELAPA SEGAR (BIASA)","1kg","W.P. Kuala Lumpur",834,28,40,6.40,6.40,0,0.00
"2024-05-01",103,"SANTAN KELAPA SEGAR (BIASA)","1kg","W.P. Kuala Lumpur",925,29,39,6.60,6.60,0,0.00
"2024-06-01",103,"SANTAN KELAPA SEGAR (BIASA)","1kg","W.P. Kuala Lumpur",902,28,38,6.60,6.60,0,0.00
"2024-07-01",103,"SANTAN KELAPA SEGAR (BIASA)","1kg","W.P. Kuala Lumpur",1069,28,53,6.90,6.90,0,0.00
"2024-08-01",103,"SANTAN KELAPA SEGAR (BIASA)","1kg","W.P. Kuala Lumpur",1160,25,56,7.00,7.00,0,0.00
"2024-09-01",103,"SANTAN KELAPA SEGAR (BIASA)","1kg","W.P. Kuala Lumpur",1377,29,56,7.00,7.00,0,0.00
"2024-10-01",103,"SANTAN KELAPA SEGAR (BIASA)","1kg","W.P. Kuala Lumpur",1389,30,58,7.00,7.00,0,0.00
"2024-11-01",103,"SANTAN KELAPA SEGAR (BIASA)","1kg","W.P. Kuala Lumpur",1092,28,51,7.00,7.00,0,0.00
"2024-12-01",103,"SANTAN KELAPA SEGAR (BIASA)","1kg","W.P. Kuala Lumpur",1068,30,46,7.00,7.00,0,0.00
"2025-01-01",103,"SANTAN KELAPA SEGAR (BIASA)","1kg","W.P. Kuala Lumpur",1043,29,43,7.18,7.18,0,0.00
"2025-02-01",103,"SANTAN KELAPA SEGAR (BIASA)","1kg","W.P. Kuala Lumpur",808,24,49,7.40,7.40,0,0.00
"2025-03-01",103,"SANTAN KELAPA SEGAR (BIASA)","1kg","W.P. Kuala Lumpur",1061,29,52,7.50,7.50,0,0.00
"2025-04-01",103,"SANTAN KELAPA SEGAR (BIASA)","1kg","W.P. Kuala Lumpur",1018,28,52,8.00,8.00,0,0.00
"2025-05-01",103,"SANTAN KELAPA SEGAR (BIASA)","1kg","W.P. Kuala Lumpur",1199,29,58,9.00,9.00,0,0.00
"2025-06-01",103,"SANTAN KELAPA SEGAR (BIASA)","1kg","W.P. Kuala Lumpur",1206,26,57,9.00,9.00,0,0.00
"2025-07-01",103,"SANTAN KELAPA SEGAR (BIASA)","1kg","W.P. Kuala Lumpur",954,19,69,9.00,9.00,0,0.00
"2025-08-01",103,"SANTAN KELAPA SEGAR (BIASA)","1kg","W.P. Kuala Lumpur",262,5,65,9.00,9.00,0,0.00
"2025-09-01",103,"SANTAN KELAPA SEGAR (BIASA)","1kg","W.P. Kuala Lumpur",209,4,59,9.00,9.00,0,0.00
"2025-10-01",103,"SANTAN KELAPA SEGAR (BIASA)","1kg","W.P. Kuala Lumpur",212,4,59,9.00,9.00,0,0.00
"2025-11-01",103,"SANTAN KELAPA SEGAR (BIASA)","1kg","W.P. Kuala Lumpur",197,4,53,9.00,9.00,0,0.00
"2025-12-01",103,"SANTAN KELAPA SEGAR (BIASA)","1kg","W.P. Kuala Lumpur",210,4,55,9.00,9.00,0,0.00
"2025-07-01",103,"SANTAN KELAPA SEGAR (BIASA)","1kg","W.P. Labuan",1,1,1,16.00,16.00,0,0.00
"2025-08-01",103,"SANTAN KELAPA SEGAR (BIASA)","1kg","W.P. Labuan",3,3,1,16.00,16.00,0,0.00
"2025-09-01",103,"SANTAN KELAPA SEGAR (BIASA)","1kg","W.P. Labuan",2,2,1,16.00,16.00,0,0.00
"2025-10-01",103,"SANTAN KELAPA SEGAR (BIASA)","1kg","W.P. Labuan",4,4,1,16.00,16.00,0,0.00
"2023-01-01",103,"SANTAN KELAPA SEGAR (BIASA)","1kg","W.P. Putrajaya",104,27,6,7.00,7.00,0,0.00
"2023-02-01",103,"SANTAN KELAPA SEGAR (BIASA)","1kg","W.P. Putrajaya",93,24,6,7.99,7.99,0,0.00
"2023-03-01",103,"SANTAN KELAPA SEGAR (BIASA)","1kg","W.P. Putrajaya",110,31,6,7.00,7.00,0,0.00
"2023-04-01",103,"SANTAN KELAPA SEGAR (BIASA)","1kg","W.P. Putrajaya",93,25,8,7.00,7.00,0,0.00
"2023-05-01",103,"SANTAN KELAPA SEGAR (BIASA)","1kg","W.P. Putrajaya",89,24,7,7.00,7.00,0,0.00
"2023-06-01",103,"SANTAN KELAPA SEGAR (BIASA)","1kg","W.P. Putrajaya",76,28,6,7.00,7.00,0,0.00
"2023-07-01",103,"SANTAN KELAPA SEGAR (BIASA)","1kg","W.P. Putrajaya",117,30,7,7.00,7.00,0,0.00
"2023-08-01",103,"SANTAN KELAPA SEGAR (BIASA)","1kg","W.P. Putrajaya",109,29,6,7.00,7.00,0,0.00
"2023-09-01",103,"SANTAN KELAPA SEGAR (BIASA)","1kg","W.P. Putrajaya",111,27,5,7.49,7.49,0,0.00
"2023-10-01",103,"SANTAN KELAPA SEGAR (BIASA)","1kg","W.P. Putrajaya",150,30,7,7.99,7.99,0,0.00
"2023-11-01",103,"SANTAN KELAPA SEGAR (BIASA)","1kg","W.P. Putrajaya",124,26,8,7.99,7.99,1,0.00
"2023-12-01",103,"SANTAN KELAPA SEGAR (BIASA)","1kg","W.P. Putrajaya",112,24,7,7.75,7.75,0,0.00
"2024-01-01",103,"SANTAN KELAPA SEGAR (BIASA)","1kg","W.P. Putrajaya",148,30,6,7.75,7.75,0,0.00
"2024-02-01",103,"SANTAN KELAPA SEGAR (BIASA)","1kg","W.P. Putrajaya",125,25,9,7.00,7.00,0,0.00
"2024-03-01",103,"SANTAN KELAPA SEGAR (BIASA)","1kg","W.P. Putrajaya",117,27,8,7.00,7.00,0,0.00
"2024-04-01",103,"SANTAN KELAPA SEGAR (BIASA)","1kg","W.P. Putrajaya",130,28,7,7.00,7.00,0,0.00
"2024-05-01",103,"SANTAN KELAPA SEGAR (BIASA)","1kg","W.P. Putrajaya",123,29,7,7.75,7.75,0,0.00
"2024-06-01",103,"SANTAN KELAPA SEGAR (BIASA)","1kg","W.P. Putrajaya",103,28,7,7.99,7.99,0,0.00
"2024-07-01",103,"SANTAN KELAPA SEGAR (BIASA)","1kg","W.P. Putrajaya",134,28,9,7.00,7.00,0,0.00
"2024-08-01",103,"SANTAN KELAPA SEGAR (BIASA)","1kg","W.P. Putrajaya",92,25,8,7.00,7.00,0,0.00
"2024-09-01",103,"SANTAN KELAPA SEGAR (BIASA)","1kg","W.P. Putrajaya",129,29,8,7.00,7.00,0,0.00
"2024-10-01",103,"SANTAN KELAPA SEGAR (BIASA)","1kg","W.P. Putrajaya",104,30,7,7.00,7.00,0,0.00
"2024-11-01",103,"SANTAN KELAPA SEGAR (BIASA)","1kg","W.P. Putrajaya",94,28,7,7.00,7.00,0,0.00
"2024-12-01",103,"SANTAN KELAPA SEGAR (BIASA)","1kg","W.P. Putrajaya",85,30,5,8.00,8.00,0,0.00
"2025-01-01",103,"SANTAN KELAPA SEGAR (BIASA)","1kg","W.P. Putrajaya",105,29,8,8.00,8.00,1,0.00
"2025-02-01",103,"SANTAN KELAPA SEGAR (BIASA)","1kg","W.P. Putrajaya",129,24,6,8.00,8.00,0,0.00
"2025-03-01",103,"SANTAN KELAPA SEGAR (BIASA)","1kg","W.P. Putrajaya",138,29,6,8.00,8.00,0,0.00
"2025-04-01",103,"SANTAN KELAPA SEGAR (BIASA)","1kg","W.P. Putrajaya",118,28,7,8.00,8.00,0,0.00
"2025-05-01",103,"SANTAN KELAPA SEGAR (BIASA)","1kg","W.P. Putrajaya",167,29,9,9.20,9.20,0,0.00
"2025-06-01",103,"SANTAN KELAPA SEGAR (BIASA)","1kg","W.P. Putrajaya",162,26,8,9.80,9.80,0,0.00
"2025-07-01",103,"SANTAN KELAPA SEGAR (BIASA)","1kg","W.P. Putrajaya",119,19,10,9.80,9.80,0,0.00
"2025-08-01",103,"SANTAN KELAPA SEGAR (BIASA)","1kg","W.P. Putrajaya",36,5,10,9.20,9.20,0,0.00
"2025-09-01",103,"SANTAN KELAPA SEGAR (BIASA)","1kg","W.P. Putrajaya",27,4,10,9.20,9.20,0,0.00
"2025-10-01",103,"SANTAN KELAPA SEGAR (BIASA)","1kg","W.P. Putrajaya",29,4,10,9.20,9.20,0,0.00
"2025-11-01",103,"SANTAN KELAPA SEGAR (BIASA)","1kg","W.P. Putrajaya",31,4,8,7.00,7.00,0,0.00
"2025-12-01",103,"SANTAN KELAPA SEGAR (BIASA)","1kg","W.P. Putrajaya",31,4,10,7.00,7.00,0,0.00
"2023-01-01",114,"TOMATO","1kg","Johor",2482,29,127,7.99,7.99,0,0.00
"2023-02-01",114,"TOMATO","1kg","Johor",2213,26,124,8.50,8.50,0,0.00
"2023-03-01",114,"TOMATO","1kg","Johor",2511,30,125,8.50,8.50,0,0.00
"2023-04-01",114,"TOMATO","1kg","Johor",2315,26,125,5.99,5.99,0,0.00
"2023-05-01",114,"TOMATO","1kg","Johor",2139,24,126,3.30,3.30,0,0.00
"2023-06-01",114,"TOMATO","1kg","Johor",2474,28,126,3.99,3.99,0,0.00
"2023-07-01",114,"TOMATO","1kg","Johor",2618,29,128,6.50,6.50,0,0.00
"2023-08-01",114,"TOMATO","1kg","Johor",2497,28,128,5.99,5.99,0,0.00
"2023-09-01",114,"TOMATO","1kg","Johor",2421,27,127,6.00,6.00,0,0.00
"2023-10-01",114,"TOMATO","1kg","Johor",2715,30,129,5.00,5.00,0,0.00
"2023-11-01",114,"TOMATO","1kg","Johor",2420,27,127,5.00,5.00,1,0.00
"2023-12-01",114,"TOMATO","1kg","Johor",2094,23,127,5.79,5.80,5,0.17
"2024-01-01",114,"TOMATO","1kg","Johor",2689,30,128,7.49,7.49,0,0.00
"2024-02-01",114,"TOMATO","1kg","Johor",2844,27,160,7.88,7.88,0,0.00
"2024-03-01",114,"TOMATO","1kg","Johor",2717,26,163,4.90,4.90,5,0.00
"2024-04-01",114,"TOMATO","1kg","Johor",3057,28,160,2.99,2.99,0,0.00
"2024-05-01",114,"TOMATO","1kg","Johor",3186,29,167,3.00,3.00,2,0.00
"2024-06-01",114,"TOMATO","1kg","Johor",2939,28,163,6.99,6.99,0,0.00
"2024-07-01",114,"TOMATO","1kg","Johor",3179,29,163,6.90,6.90,0,0.00
"2024-08-01",114,"TOMATO","1kg","Johor",2594,24,164,3.90,3.90,0,0.00
"2024-09-01",114,"TOMATO","1kg","Johor",3223,29,165,3.50,3.50,0,0.00
"2024-10-01",114,"TOMATO","1kg","Johor",3279,30,166,3.99,3.99,0,0.00
"2024-11-01",114,"TOMATO","1kg","Johor",3025,28,163,3.99,3.99,3,0.00
"2024-12-01",114,"TOMATO","1kg","Johor",3246,30,164,5.00,5.00,0,0.00
"2025-01-01",114,"TOMATO","1kg","Johor",3067,28,164,7.99,7.99,0,0.00
"2025-02-01",114,"TOMATO","1kg","Johor",2785,25,164,6.99,6.99,0,0.00
"2025-03-01",114,"TOMATO","1kg","Johor",2858,26,164,6.49,6.49,0,0.00
"2025-04-01",114,"TOMATO","1kg","Johor",2911,27,163,4.49,4.49,0,0.00
"2025-05-01",114,"TOMATO","1kg","Johor",3240,29,165,3.99,3.99,0,0.00
"2025-06-01",114,"TOMATO","1kg","Johor",2862,26,165,3.49,3.49,0,0.00
"2025-07-01",114,"TOMATO","1kg","Johor",3470,29,232,3.99,3.99,0,0.00
"2025-08-01",114,"TOMATO","1kg","Johor",3743,30,199,3.99,3.99,0,0.00
"2025-09-01",114,"TOMATO","1kg","Johor",3239,26,199,3.99,3.99,0,0.00
"2025-10-01",114,"TOMATO","1kg","Johor",3677,30,198,4.29,4.29,4,0.00
"2025-11-01",114,"TOMATO","1kg","Johor",3597,30,199,3.99,3.99,0,0.00
"2025-12-01",114,"TOMATO","1kg","Johor",3586,29,199,5.99,5.99,0,0.00
"2023-01-01",114,"TOMATO","1kg","Kedah",1465,29,65,8.00,8.00,0,0.00
"2023-02-01",114,"TOMATO","1kg","Kedah",1215,25,65,8.89,8.89,0,0.00
"2023-03-01",114,"TOMATO","1kg","Kedah",1484,30,64,8.49,8.49,0,0.00
"2023-04-01",114,"TOMATO","1kg","Kedah",1315,26,65,6.00,6.00,0,0.00
"2023-05-01",114,"TOMATO","1kg","Kedah",1242,24,65,4.00,4.00,0,0.00
"2023-06-01",114,"TOMATO","1kg","Kedah",1325,26,65,4.69,4.69,0,0.00
"2023-07-01",114,"TOMATO","1kg","Kedah",1493,29,64,6.50,6.50,0,0.00
"2023-08-01",114,"TOMATO","1kg","Kedah",1414,27,64,6.00,6.00,0,0.00
"2023-09-01",114,"TOMATO","1kg","Kedah",1397,27,64,6.89,6.89,0,0.00
"2023-10-01",114,"TOMATO","1kg","Kedah",1535,30,64,5.99,5.99,0,0.00
"2023-11-01",114,"TOMATO","1kg","Kedah",1385,27,63,5.99,5.99,0,0.00
"2023-12-01",114,"TOMATO","1kg","Kedah",1224,24,64,6.00,6.00,0,0.00
"2024-01-01",114,"TOMATO","1kg","Kedah",1517,30,64,7.50,7.50,0,0.00
"2024-02-01",114,"TOMATO","1kg","Kedah",1312,26,63,7.99,7.99,0,0.00
"2024-03-01",114,"TOMATO","1kg","Kedah",1341,27,63,5.49,5.49,0,0.00
"2024-04-01",114,"TOMATO","1kg","Kedah",1406,28,63,4.00,4.00,0,0.00
"2024-05-01",114,"TOMATO","1kg","Kedah",1442,29,63,3.99,3.99,0,0.00
"2024-06-01",114,"TOMATO","1kg","Kedah",1392,26,68,6.99,6.99,0,0.00
"2024-07-01",114,"TOMATO","1kg","Kedah",1606,29,68,7.00,7.00,0,0.00
"2024-08-01",114,"TOMATO","1kg","Kedah",1388,25,70,4.00,4.00,0,0.00
"2024-09-01",114,"TOMATO","1kg","Kedah",1610,29,71,3.99,3.99,8,0.00
"2024-10-01",114,"TOMATO","1kg","Kedah",1682,30,71,4.09,4.09,0,0.00
"2024-11-01",114,"TOMATO","1kg","Kedah",1579,28,71,4.50,4.50,0,0.00
"2024-12-01",114,"TOMATO","1kg","Kedah",1669,30,71,5.45,5.45,0,0.00
"2025-01-01",114,"TOMATO","1kg","Kedah",1556,28,72,7.90,7.90,0,0.00
"2025-02-01",114,"TOMATO","1kg","Kedah",1401,25,72,6.99,6.99,0,0.00
"2025-03-01",114,"TOMATO","1kg","Kedah",1550,28,72,6.50,6.50,2,0.00
"2025-04-01",114,"TOMATO","1kg","Kedah",1534,28,72,4.99,4.99,0,0.00
"2025-05-01",114,"TOMATO","1kg","Kedah",1636,29,72,4.00,4.00,0,0.00
"2025-06-01",114,"TOMATO","1kg","Kedah",1266,23,71,3.99,3.99,0,0.00
"2025-07-01",114,"TOMATO","1kg","Kedah",1810,30,92,4.50,4.50,0,0.00
"2025-08-01",114,"TOMATO","1kg","Kedah",1976,30,87,4.29,4.29,0,0.00
"2025-09-01",114,"TOMATO","1kg","Kedah",1690,26,86,4.29,4.29,0,0.00
"2025-10-01",114,"TOMATO","1kg","Kedah",1939,30,86,4.60,4.60,0,0.00
"2025-11-01",114,"TOMATO","1kg","Kedah",1858,29,86,4.49,4.49,0,0.00
"2025-12-01",114,"TOMATO","1kg","Kedah",1919,30,86,5.99,5.99,0,0.00
"2023-01-01",114,"TOMATO","1kg","Kelantan",1975,29,83,7.99,7.99,0,0.00
"2023-02-01",114,"TOMATO","1kg","Kelantan",1815,27,84,8.00,8.00,0,0.00
"2023-03-01",114,"TOMATO","1kg","Kelantan",2122,31,85,8.00,8.00,0,0.00
"2023-04-01",114,"TOMATO","1kg","Kelantan",1607,23,85,6.00,6.00,8,0.00
"2023-05-01",114,"TOMATO","1kg","Kelantan",1661,24,85,3.39,3.39,1,0.00
"2023-06-01",114,"TOMATO","1kg","Kelantan",1773,26,85,4.00,4.00,0,0.00
"2023-07-01",114,"TOMATO","1kg","Kelantan",2054,30,84,6.00,6.00,0,0.00
"2023-08-01",114,"TOMATO","1kg","Kelantan",1849,27,86,5.99,5.99,0,0.00
"2023-09-01",114,"TOMATO","1kg","Kelantan",1674,24,85,6.00,6.00,0,0.00
"2023-10-01",114,"TOMATO","1kg","Kelantan",1988,29,85,5.50,5.50,0,0.00
"2023-11-01",114,"TOMATO","1kg","Kelantan",1831,27,85,5.00,5.00,0,0.00
"2023-12-01",114,"TOMATO","1kg","Kelantan",1630,24,85,5.99,5.99,0,0.00
"2024-01-01",114,"TOMATO","1kg","Kelantan",2105,31,85,7.00,7.00,0,0.00
"2024-02-01",114,"TOMATO","1kg","Kelantan",1758,26,83,7.00,7.00,0,0.00
"2024-03-01",114,"TOMATO","1kg","Kelantan",1775,27,82,5.00,5.00,4,0.00
"2024-04-01",114,"TOMATO","1kg","Kelantan",1813,27,84,3.29,3.39,12,3.04
"2024-05-01",114,"TOMATO","1kg","Kelantan",1919,29,84,3.49,3.49,6,0.00
"2024-06-01",114,"TOMATO","1kg","Kelantan",1713,26,86,6.50,6.50,0,0.00
"2024-07-01",114,"TOMATO","1kg","Kelantan",2002,29,87,6.99,6.99,0,0.00
"2024-08-01",114,"TOMATO","1kg","Kelantan",1692,25,86,3.99,3.99,0,0.00
"2024-09-01",114,"TOMATO","1kg","Kelantan",1782,26,85,3.89,3.89,0,0.00
"2024-10-01",114,"TOMATO","1kg","Kelantan",2035,30,86,3.99,3.99,0,0.00
"2024-11-01",114,"TOMATO","1kg","Kelantan",1805,28,85,4.00,4.00,0,0.00
"2024-12-01",114,"TOMATO","1kg","Kelantan",1998,30,87,5.00,5.00,0,0.00
"2025-01-01",114,"TOMATO","1kg","Kelantan",1997,29,86,7.50,7.50,0,0.00
"2025-02-01",114,"TOMATO","1kg","Kelantan",1792,26,89,6.90,6.90,0,0.00
"2025-03-01",114,"TOMATO","1kg","Kelantan",1982,28,91,6.00,6.00,0,0.00
"2025-04-01",114,"TOMATO","1kg","Kelantan",1967,28,90,4.90,4.90,1,0.00
"2025-05-01",114,"TOMATO","1kg","Kelantan",2078,29,92,3.90,3.90,0,0.00
"2025-06-01",114,"TOMATO","1kg","Kelantan",1679,24,92,3.90,3.90,0,0.00
"2025-07-01",114,"TOMATO","1kg","Kelantan",2263,30,110,4.20,4.20,0,0.00
"2025-08-01",114,"TOMATO","1kg","Kelantan",2398,30,111,3.99,3.99,0,0.00
"2025-09-01",114,"TOMATO","1kg","Kelantan",1991,25,108,4.00,4.00,0,0.00
"2025-10-01",114,"TOMATO","1kg","Kelantan",2361,30,113,4.50,4.50,4,0.00
"2025-11-01",114,"TOMATO","1kg","Kelantan",2297,29,111,4.50,4.50,0,0.00
"2025-12-01",114,"TOMATO","1kg","Kelantan",2387,30,110,5.99,5.99,0,0.00
"2023-01-01",114,"TOMATO","1kg","Melaka",493,27,25,8.00,8.00,0,0.00
"2023-02-01",114,"TOMATO","1kg","Melaka",486,27,25,8.00,8.00,0,0.00
"2023-03-01",114,"TOMATO","1kg","Melaka",548,30,25,8.49,8.49,0,0.00
"2023-04-01",114,"TOMATO","1kg","Melaka",472,25,25,5.99,5.99,0,0.00
"2023-05-01",114,"TOMATO","1kg","Melaka",449,24,25,3.90,3.90,0,0.00
"2023-06-01",114,"TOMATO","1kg","Melaka",522,28,25,4.00,4.00,0,0.00
"2023-07-01",114,"TOMATO","1kg","Melaka",556,30,25,6.30,6.30,0,0.00
"2023-08-01",114,"TOMATO","1kg","Melaka",519,28,25,5.99,5.99,0,0.00
"2023-09-01",114,"TOMATO","1kg","Melaka",493,27,24,6.00,6.00,0,0.00
"2023-10-01",114,"TOMATO","1kg","Melaka",557,30,25,5.50,5.50,0,0.00
"2023-11-01",114,"TOMATO","1kg","Melaka",482,26,25,5.50,5.50,0,0.00
"2023-12-01",114,"TOMATO","1kg","Melaka",446,24,25,6.00,6.00,0,0.00
"2024-01-01",114,"TOMATO","1kg","Melaka",577,31,26,7.49,7.49,0,0.00
"2024-02-01",114,"TOMATO","1kg","Melaka",461,25,25,7.90,7.90,0,0.00
"2024-03-01",114,"TOMATO","1kg","Melaka",489,27,24,5.00,5.00,0,0.00
"2024-04-01",114,"TOMATO","1kg","Melaka",521,28,25,3.90,3.90,0,0.00
"2024-05-01",114,"TOMATO","1kg","Melaka",534,29,25,3.90,3.90,0,0.00
"2024-06-01",114,"TOMATO","1kg","Melaka",503,28,25,6.99,6.99,0,0.00
"2024-07-01",114,"TOMATO","1kg","Melaka",520,28,25,6.90,6.90,0,0.00
"2024-08-01",114,"TOMATO","1kg","Melaka",466,25,25,3.99,3.99,0,0.00
"2024-09-01",114,"TOMATO","1kg","Melaka",537,29,25,3.99,3.99,0,0.00
"2024-10-01",114,"TOMATO","1kg","Melaka",550,30,25,4.20,4.20,0,0.00
"2024-11-01",114,"TOMATO","1kg","Melaka",513,28,25,4.00,4.00,0,0.00
"2024-12-01",114,"TOMATO","1kg","Melaka",551,30,25,5.00,5.00,0,0.00
"2025-01-01",114,"TOMATO","1kg","Melaka",541,29,25,7.99,7.99,0,0.00
"2025-02-01",114,"TOMATO","1kg","Melaka",459,25,25,6.99,6.99,0,0.00
"2025-03-01",114,"TOMATO","1kg","Melaka",554,30,25,6.50,6.50,0,0.00
"2025-04-01",114,"TOMATO","1kg","Melaka",499,27,25,4.90,4.90,0,0.00
"2025-05-01",114,"TOMATO","1kg","Melaka",532,29,25,3.99,3.99,0,0.00
"2025-06-01",114,"TOMATO","1kg","Melaka",488,26,28,3.90,3.90,0,0.00
"2025-07-01",114,"TOMATO","1kg","Melaka",675,30,49,4.49,4.49,0,0.00
"2025-08-01",114,"TOMATO","1kg","Melaka",736,28,45,4.00,4.00,0,0.00
"2025-09-01",114,"TOMATO","1kg","Melaka",671,26,46,4.00,4.00,0,0.00
"2025-10-01",114,"TOMATO","1kg","Melaka",754,30,46,4.50,4.50,5,0.00
"2025-11-01",114,"TOMATO","1kg","Melaka",723,29,45,4.50,4.50,0,0.00
"2025-12-01",114,"TOMATO","1kg","Melaka",738,30,45,5.99,5.99,0,0.00
"2023-01-01",114,"TOMATO","1kg","Negeri Sembilan",768,26,37,7.99,7.99,0,0.00
"2023-02-01",114,"TOMATO","1kg","Negeri Sembilan",709,24,37,8.00,8.00,0,0.00
"2023-03-01",114,"TOMATO","1kg","Negeri Sembilan",922,31,36,7.99,7.99,0,0.00
"2023-04-01",114,"TOMATO","1kg","Negeri Sembilan",798,26,36,5.99,5.99,0,0.00
"2023-05-01",114,"TOMATO","1kg","Negeri Sembilan",724,24,36,3.00,3.00,0,0.00
"2023-06-01",114,"TOMATO","1kg","Negeri Sembilan",852,28,36,4.00,4.00,0,0.00
"2023-07-01",114,"TOMATO","1kg","Negeri Sembilan",909,30,36,6.00,6.00,0,0.00
"2023-08-01",114,"TOMATO","1kg","Negeri Sembilan",818,27,36,5.79,5.79,0,0.00
"2023-09-01",114,"TOMATO","1kg","Negeri Sembilan",825,27,36,6.00,6.00,0,0.00
"2023-10-01",114,"TOMATO","1kg","Negeri Sembilan",906,30,37,4.99,4.99,0,0.00
"2023-11-01",114,"TOMATO","1kg","Negeri Sembilan",794,26,37,5.00,5.00,0,0.00
"2023-12-01",114,"TOMATO","1kg","Negeri Sembilan",720,24,35,5.59,5.59,0,0.00
"2024-01-01",114,"TOMATO","1kg","Negeri Sembilan",846,28,37,6.99,6.99,0,0.00
"2024-02-01",114,"TOMATO","1kg","Negeri Sembilan",760,25,36,7.00,7.00,0,0.00
"2024-03-01",114,"TOMATO","1kg","Negeri Sembilan",840,28,37,4.50,4.50,0,0.00
"2024-04-01",114,"TOMATO","1kg","Negeri Sembilan",842,28,37,2.99,2.99,0,0.00
"2024-05-01",114,"TOMATO","1kg","Negeri Sembilan",882,29,37,3.00,3.00,1,0.00
"2024-06-01",114,"TOMATO","1kg","Negeri Sembilan",846,28,37,6.79,6.79,0,0.00
"2024-07-01",114,"TOMATO","1kg","Negeri Sembilan",871,28,41,6.50,6.50,0,0.00
"2024-08-01",114,"TOMATO","1kg","Negeri Sembilan",757,25,40,3.90,3.90,0,0.00
"2024-09-01",114,"TOMATO","1kg","Negeri Sembilan",882,29,40,3.50,3.50,0,0.00
"2024-10-01",114,"TOMATO","1kg","Negeri Sembilan",907,30,41,3.99,3.99,0,0.00
"2024-11-01",114,"TOMATO","1kg","Negeri Sembilan",853,28,40,3.99,3.99,0,0.00
"2024-12-01",114,"TOMATO","1kg","Negeri Sembilan",873,30,41,5.00,5.00,0,0.00
"2025-01-01",114,"TOMATO","1kg","Negeri Sembilan",798,27,39,7.50,7.50,0,0.00
"2025-02-01",114,"TOMATO","1kg","Negeri Sembilan",746,25,39,6.20,6.20,0,0.00
"2025-03-01",114,"TOMATO","1kg","Negeri Sembilan",908,30,41,6.00,6.00,0,0.00
"2025-04-01",114,"TOMATO","1kg","Negeri Sembilan",864,28,41,4.00,4.00,0,0.00
"2025-05-01",114,"TOMATO","1kg","Negeri Sembilan",901,29,42,3.90,3.90,0,0.00
"2025-06-01",114,"TOMATO","1kg","Negeri Sembilan",803,26,41,3.50,3.50,0,0.00
"2025-07-01",114,"TOMATO","1kg","Negeri Sembilan",1023,30,61,4.00,4.00,0,0.00
"2025-08-01",114,"TOMATO","1kg","Negeri Sembilan",1154,30,59,4.00,4.00,0,0.00
"2025-09-01",114,"TOMATO","1kg","Negeri Sembilan",998,26,59,3.99,3.99,0,0.00
"2025-10-01",114,"TOMATO","1kg","Negeri Sembilan",1123,30,57,4.20,4.29,4,2.14
"2025-11-01",114,"TOMATO","1kg","Negeri Sembilan",1113,30,58,4.00,4.00,0,0.00
"2025-12-01",114,"TOMATO","1kg","Negeri Sembilan",1129,30,58,5.89,5.89,0,0.00
"2023-01-01",114,"TOMATO","1kg","Pahang",1929,27,80,8.00,8.00,0,0.00
"2023-02-01",114,"TOMATO","1kg","Pahang",1899,27,80,8.49,8.49,0,0.00
"2023-03-01",114,"TOMATO","1kg","Pahang",2221,31,80,8.29,8.29,0,0.00
"2023-04-01",114,"TOMATO","1kg","Pahang",1790,25,80,5.99,5.99,0,0.00
"2023-05-01",114,"TOMATO","1kg","Pahang",1665,24,80,2.99,2.99,0,0.00
"2023-06-01",114,"TOMATO","1kg","Pahang",1990,28,79,4.00,4.00,0,0.00
"2023-07-01",114,"TOMATO","1kg","Pahang",2007,30,80,6.49,6.49,0,0.00
"2023-08-01",114,"TOMATO","1kg","Pahang",2087,29,79,5.99,5.99,0,0.00
"2023-09-01",114,"TOMATO","1kg","Pahang",1905,27,79,6.00,6.00,0,0.00
"2023-10-01",114,"TOMATO","1kg","Pahang",2133,30,79,5.00,5.00,0,0.00
"2023-11-01",114,"TOMATO","1kg","Pahang",1860,26,79,4.99,4.99,0,0.00
"2023-12-01",114,"TOMATO","1kg","Pahang",1719,24,79,5.50,5.50,0,0.00
"2024-01-01",114,"TOMATO","1kg","Pahang",2216,31,79,7.89,7.89,0,0.00
"2024-02-01",114,"TOMATO","1kg","Pahang",1894,26,82,7.99,7.99,0,0.00
"2024-03-01",114,"TOMATO","1kg","Pahang",2071,27,100,4.79,4.79,0,0.00
"2024-04-01",114,"TOMATO","1kg","Pahang",2284,28,113,2.99,2.99,0,0.00
"2024-05-01",114,"TOMATO","1kg","Pahang",2417,29,113,2.99,2.99,0,0.00
"2024-06-01",114,"TOMATO","1kg","Pahang",2265,28,113,6.99,6.99,0,0.00
"2024-07-01",114,"TOMATO","1kg","Pahang",2265,29,112,6.99,6.99,0,0.00
"2024-08-01",114,"TOMATO","1kg","Pahang",2050,25,113,3.80,3.80,0,0.00
"2024-09-01",114,"TOMATO","1kg","Pahang",2412,29,114,3.49,3.49,0,0.00
"2024-10-01",114,"TOMATO","1kg","Pahang",2456,30,114,3.99,3.99,0,0.00
"2024-11-01",114,"TOMATO","1kg","Pahang",2282,28,114,3.90,3.90,0,0.00
"2024-12-01",114,"TOMATO","1kg","Pahang",2451,30,114,5.00,5.00,0,0.00
"2025-01-01",114,"TOMATO","1kg","Pahang",2398,29,113,8.00,8.00,0,0.00
"2025-02-01",114,"TOMATO","1kg","Pahang",2141,26,113,6.99,6.99,0,0.00
"2025-03-01",114,"TOMATO","1kg","Pahang",2404,29,113,6.50,6.50,0,0.00
"2025-04-01",114,"TOMATO","1kg","Pahang",2259,28,113,4.00,4.00,0,0.00
"2025-05-01",114,"TOMATO","1kg","Pahang",2348,29,113,3.99,3.99,0,0.00
"2025-06-01",114,"TOMATO","1kg","Pahang",2139,26,114,3.49,3.49,0,0.00
"2025-07-01",114,"TOMATO","1kg","Pahang",2432,30,133,4.00,4.00,0,0.00
"2025-08-01",114,"TOMATO","1kg","Pahang",2564,30,125,3.99,3.99,0,0.00
"2025-09-01",114,"TOMATO","1kg","Pahang",2182,26,126,3.99,3.99,0,0.00
"2025-10-01",114,"TOMATO","1kg","Pahang",2508,30,125,4.39,4.39,4,0.00
"2025-11-01",114,"TOMATO","1kg","Pahang",2417,30,124,4.00,4.00,0,0.00
"2025-12-01",114,"TOMATO","1kg","Pahang",2465,30,123,5.99,5.99,1,0.00
"2023-01-01",114,"TOMATO","1kg","Perak",2129,27,85,8.00,8.00,0,0.00
"2023-02-01",114,"TOMATO","1kg","Perak",1961,25,85,8.00,8.00,0,0.00
"2023-03-01",114,"TOMATO","1kg","Perak",2468,31,86,8.00,8.00,1,0.00
"2023-04-01",114,"TOMATO","1kg","Perak",2001,25,86,6.00,6.00,0,0.00
"2023-05-01",114,"TOMATO","1kg","Perak",1919,24,86,3.99,3.99,0,0.00
"2023-06-01",114,"TOMATO","1kg","Perak",2229,28,86,4.00,4.00,0,0.00
"2023-07-01",114,"TOMATO","1kg","Perak",2373,30,86,6.00,6.00,0,0.00
"2023-08-01",114,"TOMATO","1kg","Perak",2297,29,86,6.00,6.00,0,0.00
"2023-09-01",114,"TOMATO","1kg","Perak",2148,27,86,6.00,6.00,0,0.00
"2023-10-01",114,"TOMATO","1kg","Perak",2389,30,86,5.90,5.90,0,0.00
"2023-11-01",114,"TOMATO","1kg","Perak",1987,25,85,5.49,5.49,0,0.00
"2023-12-01",114,"TOMATO","1kg","Perak",1909,24,86,6.00,6.00,0,0.00
"2024-01-01",114,"TOMATO","1kg","Perak",2323,30,86,7.49,7.49,0,0.00
"2024-02-01",114,"TOMATO","1kg","Perak",2050,26,95,7.99,7.99,0,0.00
"2024-03-01",114,"TOMATO","1kg","Perak",2105,27,95,5.00,5.00,0,0.00
"2024-04-01",114,"TOMATO","1kg","Perak",2273,28,94,3.50,3.50,0,0.00
"2024-05-01",114,"TOMATO","1kg","Perak",2350,29,93,3.50,3.50,0,0.00
"2024-06-01",114,"TOMATO","1kg","Perak",2241,28,93,6.99,6.99,0,0.00
"2024-07-01",114,"TOMATO","1kg","Perak",2279,28,98,6.99,6.99,0,0.00
"2024-08-01",114,"TOMATO","1kg","Perak",2041,25,98,4.00,4.00,0,0.00
"2024-09-01",114,"TOMATO","1kg","Perak",2358,29,99,3.99,3.99,2,0.00
"2024-10-01",114,"TOMATO","1kg","Perak",2470,30,100,4.00,4.00,0,0.00
"2024-11-01",114,"TOMATO","1kg","Perak",2219,27,100,4.00,4.00,0,0.00
"2024-12-01",114,"TOMATO","1kg","Perak",2444,30,102,5.00,5.00,0,0.00
"2025-01-01",114,"TOMATO","1kg","Perak",2198,29,94,7.99,7.99,0,0.00
"2025-02-01",114,"TOMATO","1kg","Perak",1989,25,101,6.59,6.59,0,0.00
"2025-03-01",114,"TOMATO","1kg","Perak",2442,29,102,6.20,6.20,0,0.00
"2025-04-01",114,"TOMATO","1kg","Perak",2331,28,103,4.99,4.99,0,0.00
"2025-05-01",114,"TOMATO","1kg","Perak",2469,29,103,4.00,4.00,0,0.00
"2025-06-01",114,"TOMATO","1kg","Perak",2189,26,101,3.99,3.99,0,0.00
"2025-07-01",114,"TOMATO","1kg","Perak",2870,30,144,4.00,4.00,0,0.00
"2025-08-01",114,"TOMATO","1kg","Perak",3079,30,132,4.00,4.00,0,0.00
"2025-09-01",114,"TOMATO","1kg","Perak",2643,26,132,4.00,4.00,0,0.00
"2025-10-01",114,"TOMATO","1kg","Perak",3031,30,133,4.49,4.49,0,0.00
"2025-11-01",114,"TOMATO","1kg","Perak",2861,29,131,4.20,4.20,0,0.00
"2025-12-01",114,"TOMATO","1kg","Perak",3014,30,130,5.99,5.99,0,0.00
"2023-01-01",114,"TOMATO","1kg","Perlis",452,28,21,8.00,8.00,0,0.00
"2023-02-01",114,"TOMATO","1kg","Perlis",390,26,20,8.00,8.00,0,0.00
"2023-03-01",114,"TOMATO","1kg","Perlis",475,31,20,8.00,8.00,0,0.00
"2023-04-01",114,"TOMATO","1kg","Perlis",374,25,20,6.00,6.00,0,0.00
"2023-05-01",114,"TOMATO","1kg","Perlis",343,23,20,5.00,5.00,0,0.00
"2023-06-01",114,"TOMATO","1kg","Perlis",410,27,20,5.49,5.49,0,0.00
"2023-07-01",114,"TOMATO","1kg","Perlis",435,30,22,7.00,7.00,0,0.00
"2023-08-01",114,"TOMATO","1kg","Perlis",440,29,22,6.49,6.49,0,0.00
"2023-09-01",114,"TOMATO","1kg","Perlis",412,27,22,7.00,7.00,0,0.00
"2023-10-01",114,"TOMATO","1kg","Perlis",457,30,21,6.00,6.00,0,0.00
"2023-11-01",114,"TOMATO","1kg","Perlis",398,26,22,6.00,6.00,0,0.00
"2023-12-01",114,"TOMATO","1kg","Perlis",398,24,23,6.00,6.00,0,0.00
"2024-01-01",114,"TOMATO","1kg","Perlis",518,31,23,8.00,8.00,0,0.00
"2024-02-01",114,"TOMATO","1kg","Perlis",408,25,23,7.50,7.50,0,0.00
"2024-03-01",114,"TOMATO","1kg","Perlis",439,27,23,6.00,6.00,0,0.00
"2024-04-01",114,"TOMATO","1kg","Perlis",474,28,24,4.00,4.00,0,0.00
"2024-05-01",114,"TOMATO","1kg","Perlis",468,28,23,4.50,4.50,0,0.00
"2024-06-01",114,"TOMATO","1kg","Perlis",442,27,23,7.49,7.49,0,0.00
"2024-07-01",114,"TOMATO","1kg","Perlis",475,28,23,8.00,8.00,0,0.00
"2024-08-01",114,"TOMATO","1kg","Perlis",409,25,22,5.00,5.00,0,0.00
"2024-09-01",114,"TOMATO","1kg","Perlis",477,29,23,4.00,4.00,0,0.00
"2024-10-01",114,"TOMATO","1kg","Perlis",498,30,25,5.00,5.00,0,0.00
"2024-11-01",114,"TOMATO","1kg","Perlis",472,28,25,5.50,5.50,0,0.00
"2024-12-01",114,"TOMATO","1kg","Perlis",498,30,25,5.90,5.90,0,0.00
"2025-01-01",114,"TOMATO","1kg","Perlis",466,28,25,7.49,7.49,0,0.00
"2025-02-01",114,"TOMATO","1kg","Perlis",428,26,26,6.89,6.89,0,0.00
"2025-03-01",114,"TOMATO","1kg","Perlis",514,29,26,6.50,6.50,0,0.00
"2025-04-01",114,"TOMATO","1kg","Perlis",476,27,26,5.50,5.50,0,0.00
"2025-05-01",114,"TOMATO","1kg","Perlis",511,28,26,4.99,4.99,1,0.00
"2025-06-01",114,"TOMATO","1kg","Perlis",430,24,26,4.50,4.50,0,0.00
"2025-07-01",114,"TOMATO","1kg","Perlis",546,30,27,4.99,4.99,0,0.00
"2025-08-01",114,"TOMATO","1kg","Perlis",562,30,24,5.00,5.00,0,0.00
"2025-09-01",114,"TOMATO","1kg","Perlis",490,26,25,4.99,4.99,0,0.00
"2025-10-01",114,"TOMATO","1kg","Perlis",560,30,25,5.20,5.20,0,0.00
"2025-11-01",114,"TOMATO","1kg","Perlis",522,29,25,5.50,5.50,0,0.00
"2025-12-01",114,"TOMATO","1kg","Perlis",552,30,24,6.00,6.00,0,0.00
"2023-01-01",114,"TOMATO","1kg","Pulau Pinang",1910,27,78,8.00,8.00,0,0.00
"2023-02-01",114,"TOMATO","1kg","Pulau Pinang",1716,25,78,8.00,8.00,0,0.00
"2023-03-01",114,"TOMATO","1kg","Pulau Pinang",2175,31,77,8.00,8.00,0,0.00
"2023-04-01",114,"TOMATO","1kg","Pulau Pinang",1766,25,77,6.00,6.00,0,0.00
"2023-05-01",114,"TOMATO","1kg","Pulau Pinang",1687,24,78,4.00,4.00,0,0.00
"2023-06-01",114,"TOMATO","1kg","Pulau Pinang",1963,28,77,4.80,4.80,0,0.00
"2023-07-01",114,"TOMATO","1kg","Pulau Pinang",1950,28,76,6.00,6.00,0,0.00
"2023-08-01",114,"TOMATO","1kg","Pulau Pinang",1959,28,76,6.00,6.00,0,0.00
"2023-09-01",114,"TOMATO","1kg","Pulau Pinang",1879,27,76,6.50,6.50,0,0.00
"2023-10-01",114,"TOMATO","1kg","Pulau Pinang",2106,30,76,5.99,5.99,0,0.00
"2023-11-01",114,"TOMATO","1kg","Pulau Pinang",1827,26,76,5.90,5.90,0,0.00
"2023-12-01",114,"TOMATO","1kg","Pulau Pinang",1689,24,76,6.00,6.00,0,0.00
"2024-01-01",114,"TOMATO","1kg","Pulau Pinang",2081,30,76,7.50,7.50,0,0.00
"2024-02-01",114,"TOMATO","1kg","Pulau Pinang",1799,26,77,8.00,8.00,0,0.00
"2024-03-01",114,"TOMATO","1kg","Pulau Pinang",1866,27,78,5.00,5.00,0,0.00
"2024-04-01",114,"TOMATO","1kg","Pulau Pinang",2005,28,81,4.00,4.00,0,0.00
"2024-05-01",114,"TOMATO","1kg","Pulau Pinang",2080,29,81,3.95,3.95,0,0.00
"2024-06-01",114,"TOMATO","1kg","Pulau Pinang",1981,28,82,6.99,6.99,0,0.00
"2024-07-01",114,"TOMATO","1kg","Pulau Pinang",1955,27,83,6.99,6.99,0,0.00
"2024-08-01",114,"TOMATO","1kg","Pulau Pinang",1826,25,86,4.00,4.00,0,0.00
"2024-09-01",114,"TOMATO","1kg","Pulau Pinang",2129,29,86,4.00,4.00,0,0.00
"2024-10-01",114,"TOMATO","1kg","Pulau Pinang",2189,30,87,4.50,4.50,0,0.00
"2024-11-01",114,"TOMATO","1kg","Pulau Pinang",2060,28,87,4.50,4.50,0,0.00
"2024-12-01",114,"TOMATO","1kg","Pulau Pinang",2189,30,87,5.00,5.00,1,0.00
"2025-01-01",114,"TOMATO","1kg","Pulau Pinang",2120,29,89,8.00,8.00,0,0.00
"2025-02-01",114,"TOMATO","1kg","Pulau Pinang",1819,25,86,6.99,6.99,0,0.00
"2025-03-01",114,"TOMATO","1kg","Pulau Pinang",2115,29,86,6.50,6.50,0,0.00
"2025-04-01",114,"TOMATO","1kg","Pulau Pinang",2033,28,86,5.00,5.00,1,0.00
"2025-05-01",114,"TOMATO","1kg","Pulau Pinang",2145,29,86,4.00,4.00,0,0.00
"2025-06-01",114,"TOMATO","1kg","Pulau Pinang",1908,26,86,4.00,4.00,0,0.00
"2025-07-01",114,"TOMATO","1kg","Pulau Pinang",2111,28,104,4.50,4.50,1,0.00
"2025-08-01",114,"TOMATO","1kg","Pulau Pinang",2449,30,117,4.50,4.50,0,0.00
"2025-09-01",114,"TOMATO","1kg","Pulau Pinang",2103,26,117,4.50,4.50,0,0.00
"2025-10-01",114,"TOMATO","1kg","Pulau Pinang",2398,30,117,4.99,4.99,4,0.00
"2025-11-01",114,"TOMATO","1kg","Pulau Pinang",2337,30,118,4.99,4.99,3,0.00
"2025-12-01",114,"TOMATO","1kg","Pulau Pinang",2394,30,118,6.00,6.00,0,0.00
"2023-01-01",114,"TOMATO","1kg","Sabah",1719,27,90,6.99,6.99,0,0.00
"2023-02-01",114,"TOMATO","1kg","Sabah",1553,27,85,7.00,7.00,0,0.00
"2023-03-01",114,"TOMATO","1kg","Sabah",1608,31,78,8.00,8.00,0,0.00
"2023-04-01",114,"TOMATO","1kg","Sabah",1530,25,90,8.00,8.00,0,0.00
"2023-05-01",114,"TOMATO","1kg","Sabah",1380,22,92,7.90,7.90,0,0.00
"2023-06-01",114,"TOMATO","1kg","Sabah",1936,28,95,6.00,6.00,0,0.00
"2023-07-01",114,"TOMATO","1kg","Sabah",1953,30,96,5.29,5.29,0,0.00
"2023-08-01",114,"TOMATO","1kg","Sabah",1680,29,92,6.00,6.00,0,0.00
"2023-09-01",114,"TOMATO","1kg","Sabah",1439,28,82,7.39,7.39,0,0.00
"2023-10-01",114,"TOMATO","1kg","Sabah",1582,29,83,7.90,7.90,0,0.00
"2023-11-01",114,"TOMATO","1kg","Sabah",1538,27,88,7.99,7.99,0,0.00
"2023-12-01",114,"TOMATO","1kg","Sabah",1424,23,89,7.99,7.99,0,0.00
"2024-01-01",114,"TOMATO","1kg","Sabah",2098,31,92,7.50,7.50,0,0.00
"2024-02-01",114,"TOMATO","1kg","Sabah",1917,27,95,6.70,6.70,0,0.00
"2024-03-01",114,"TOMATO","1kg","Sabah",1738,27,88,6.00,6.00,0,0.00
"2024-04-01",114,"TOMATO","1kg","Sabah",2042,28,97,6.00,6.00,0,0.00
"2024-05-01",114,"TOMATO","1kg","Sabah",1989,28,98,6.00,6.00,0,0.00
"2024-06-01",114,"TOMATO","1kg","Sabah",1906,28,97,6.00,6.00,0,0.00
"2024-07-01",114,"TOMATO","1kg","Sabah",1719,29,89,7.00,7.00,0,0.00
"2024-08-01",114,"TOMATO","1kg","Sabah",1816,26,96,7.50,7.50,0,0.00
"2024-09-01",114,"TOMATO","1kg","Sabah",1996,29,95,7.49,7.49,0,0.00
"2024-10-01",114,"TOMATO","1kg","Sabah",2033,29,97,6.99,6.99,0,0.00
"2024-11-01",114,"TOMATO","1kg","Sabah",1424,28,89,6.99,6.99,0,0.00
"2024-12-01",114,"TOMATO","1kg","Sabah",1295,29,80,8.00,8.00,0,0.00
"2025-01-01",114,"TOMATO","1kg","Sabah",1446,29,80,8.50,8.50,0,0.00
"2025-02-01",114,"TOMATO","1kg","Sabah",1474,26,87,8.90,8.90,0,0.00
"2025-03-01",114,"TOMATO","1kg","Sabah",1911,30,102,8.89,8.89,0,0.00
"2025-04-01",114,"TOMATO","1kg","Sabah",1716,27,99,7.00,7.00,0,0.00
"2025-05-01",114,"TOMATO","1kg","Sabah",1912,27,100,7.00,7.00,0,0.00
"2025-06-01",114,"TOMATO","1kg","Sabah",2019,27,110,7.00,7.00,0,0.00
"2025-07-01",114,"TOMATO","1kg","Sabah",2670,30,149,6.90,6.90,1,0.00
"2025-08-01",114,"TOMATO","1kg","Sabah",2813,30,152,6.99,6.99,0,0.00
"2025-09-01",114,"TOMATO","1kg","Sabah",2298,27,135,7.19,7.19,0,0.00
"2025-10-01",114,"TOMATO","1kg","Sabah",2516,30,135,6.99,6.99,0,0.00
"2025-11-01",114,"TOMATO","1kg","Sabah",2506,28,137,7.49,7.49,0,0.00
"2025-12-01",114,"TOMATO","1kg","Sabah",2736,29,137,6.90,6.90,0,0.00
"2023-01-01",114,"TOMATO","1kg","Sarawak",1525,28,93,9.99,9.99,0,0.00
"2023-02-01",114,"TOMATO","1kg","Sarawak",1394,27,91,10.50,10.50,0,0.00
"2023-03-01",114,"TOMATO","1kg","Sarawak",1949,31,105,10.50,10.50,0,0.00
"2023-04-01",114,"TOMATO","1kg","Sarawak",1533,25,99,8.50,8.50,0,0.00
"2023-05-01",114,"TOMATO","1kg","Sarawak",1789,24,100,8.00,8.00,0,0.00
"2023-06-01",114,"TOMATO","1kg","Sarawak",1860,26,108,8.00,8.00,0,0.00
"2023-07-01",114,"TOMATO","1kg","Sarawak",2031,29,103,8.50,8.50,0,0.00
"2023-08-01",114,"TOMATO","1kg","Sarawak",2047,29,101,8.90,8.90,0,0.00
"2023-09-01",114,"TOMATO","1kg","Sarawak",1908,28,98,8.99,8.99,0,0.00
"2023-10-01",114,"TOMATO","1kg","Sarawak",1906,29,100,9.40,9.40,0,0.00
"2023-11-01",114,"TOMATO","1kg","Sarawak",1755,28,98,8.00,8.00,0,0.00
"2023-12-01",114,"TOMATO","1kg","Sarawak",1416,24,91,8.99,8.99,0,0.00
"2024-01-01",114,"TOMATO","1kg","Sarawak",1927,31,98,9.90,9.90,0,0.00
"2024-02-01",114,"TOMATO","1kg","Sarawak",1494,26,102,10.00,10.00,0,0.00
"2024-03-01",114,"TOMATO","1kg","Sarawak",1929,28,103,10.00,10.00,0,0.00
"2024-04-01",114,"TOMATO","1kg","Sarawak",1812,28,104,8.00,8.00,0,0.00
"2024-05-01",114,"TOMATO","1kg","Sarawak",2160,29,105,7.99,7.99,0,0.00
"2024-06-01",114,"TOMATO","1kg","Sarawak",1565,25,101,9.90,9.90,0,0.00
"2024-07-01",114,"TOMATO","1kg","Sarawak",1739,28,101,10.50,10.50,0,0.00
"2024-08-01",114,"TOMATO","1kg","Sarawak",1824,25,101,9.90,9.90,0,0.00
"2024-09-01",114,"TOMATO","1kg","Sarawak",2199,29,108,8.00,8.00,0,0.00
"2024-10-01",114,"TOMATO","1kg","Sarawak",2106,30,102,7.69,7.69,0,0.00
"2024-11-01",114,"TOMATO","1kg","Sarawak",2096,28,121,7.50,7.50,0,0.00
"2024-12-01",114,"TOMATO","1kg","Sarawak",2141,30,123,8.00,8.00,0,0.00
"2025-01-01",114,"TOMATO","1kg","Sarawak",2170,29,123,8.99,8.99,0,0.00
"2025-02-01",114,"TOMATO","1kg","Sarawak",1639,26,117,11.90,11.90,0,0.00
"2025-03-01",114,"TOMATO","1kg","Sarawak",2305,30,120,10.00,10.00,0,0.00
"2025-04-01",114,"TOMATO","1kg","Sarawak",1924,27,120,8.00,8.00,0,0.00
"2025-05-01",114,"TOMATO","1kg","Sarawak",2408,29,122,8.00,8.00,0,0.00
"2025-06-01",114,"TOMATO","1kg","Sarawak",2003,24,125,8.00,8.00,0,0.00
"2025-07-01",114,"TOMATO","1kg","Sarawak",3089,30,194,7.99,7.99,0,0.00
"2025-08-01",114,"TOMATO","1kg","Sarawak",3686,30,181,7.99,7.99,1,0.00
"2025-09-01",114,"TOMATO","1kg","Sarawak",3036,26,176,8.00,8.00,0,0.00
"2025-10-01",114,"TOMATO","1kg","Sarawak",3565,30,177,7.00,7.00,0,0.00
"2025-11-01",114,"TOMATO","1kg","Sarawak",3592,30,175,7.99,7.99,0,0.00
"2025-12-01",114,"TOMATO","1kg","Sarawak",3314,30,177,7.90,7.90,0,0.00
"2023-01-01",114,"TOMATO","1kg","Selangor",2073,27,90,7.99,7.99,0,0.00
"2023-02-01",114,"TOMATO","1kg","Selangor",1887,25,90,8.00,8.00,0,0.00
"2023-03-01",114,"TOMATO","1kg","Selangor",2358,31,90,8.00,8.00,0,0.00
"2023-04-01",114,"TOMATO","1kg","Selangor",1924,25,90,5.99,5.99,0,0.00
"2023-05-01",114,"TOMATO","1kg","Selangor",1830,24,90,3.50,3.50,0,0.00
"2023-06-01",114,"TOMATO","1kg","Selangor",2126,28,88,3.99,3.99,0,0.00
"2023-07-01",114,"TOMATO","1kg","Selangor",2262,30,87,6.00,6.00,0,0.00
"2023-08-01",114,"TOMATO","1kg","Selangor",2042,29,88,5.70,5.70,0,0.00
"2023-09-01",114,"TOMATO","1kg","Selangor",1963,27,85,6.00,6.00,0,0.00
"2023-10-01",114,"TOMATO","1kg","Selangor",2161,30,85,5.00,5.00,0,0.00
"2023-11-01",114,"TOMATO","1kg","Selangor",1867,26,84,4.99,4.99,0,0.00
"2023-12-01",114,"TOMATO","1kg","Selangor",1650,24,84,5.50,5.50,0,0.00
"2024-01-01",114,"TOMATO","1kg","Selangor",2153,30,85,7.00,7.00,0,0.00
"2024-02-01",114,"TOMATO","1kg","Selangor",1865,26,84,7.50,7.50,0,0.00
"2024-03-01",114,"TOMATO","1kg","Selangor",1890,27,84,4.90,4.90,0,0.00
"2024-04-01",114,"TOMATO","1kg","Selangor",2001,28,83,2.99,2.99,0,0.00
"2024-05-01",114,"TOMATO","1kg","Selangor",2101,29,86,3.00,3.00,0,0.00
"2024-06-01",114,"TOMATO","1kg","Selangor",2012,28,85,6.95,6.95,0,0.00
"2024-07-01",114,"TOMATO","1kg","Selangor",2038,28,86,6.79,6.79,0,0.00
"2024-08-01",114,"TOMATO","1kg","Selangor",1825,25,85,3.99,3.99,0,0.00
"2024-09-01",114,"TOMATO","1kg","Selangor",2120,29,85,3.50,3.50,0,0.00
"2024-10-01",114,"TOMATO","1kg","Selangor",2181,30,85,3.99,3.99,0,0.00
"2024-11-01",114,"TOMATO","1kg","Selangor",2017,28,85,3.80,3.80,0,0.00
"2024-12-01",114,"TOMATO","1kg","Selangor",2076,30,85,5.00,5.00,1,0.00
"2025-01-01",114,"TOMATO","1kg","Selangor",2086,29,86,7.90,7.90,0,0.00
"2025-02-01",114,"TOMATO","1kg","Selangor",1803,25,84,6.50,6.50,0,0.00
"2025-03-01",114,"TOMATO","1kg","Selangor",2108,29,85,6.40,6.40,0,0.00
"2025-04-01",114,"TOMATO","1kg","Selangor",2002,28,85,4.49,4.49,0,0.00
"2025-05-01",114,"TOMATO","1kg","Selangor",2122,29,86,3.89,3.89,0,0.00
"2025-06-01",114,"TOMATO","1kg","Selangor",1874,26,86,3.50,3.50,0,0.00
"2025-07-01",114,"TOMATO","1kg","Selangor",2358,30,122,4.00,4.00,0,0.00
"2025-08-01",114,"TOMATO","1kg","Selangor",2603,30,119,4.00,4.00,0,0.00
"2025-09-01",114,"TOMATO","1kg","Selangor",2236,26,116,3.99,3.99,0,0.00
"2025-10-01",114,"TOMATO","1kg","Selangor",2566,30,116,4.00,4.10,4,2.38
"2025-11-01",114,"TOMATO","1kg","Selangor",2444,29,115,4.00,4.00,2,0.00
"2025-12-01",114,"TOMATO","1kg","Selangor",2435,30,117,5.99,5.99,1,0.00
"2023-01-01",114,"TOMATO","1kg","Terengganu",1101,29,73,8.59,8.59,0,0.00
"2023-02-01",114,"TOMATO","1kg","Terengganu",910,25,72,9.00,9.00,0,0.00
"2023-03-01",114,"TOMATO","1kg","Terengganu",1146,29,75,8.50,8.50,0,0.00
"2023-04-01",114,"TOMATO","1kg","Terengganu",1034,24,81,6.00,6.00,0,0.00
"2023-05-01",114,"TOMATO","1kg","Terengganu",1235,24,84,3.49,3.49,0,0.00
"2023-06-01",114,"TOMATO","1kg","Terengganu",1347,26,90,4.99,4.99,0,0.00
"2023-07-01",114,"TOMATO","1kg","Terengganu",1379,30,86,6.90,6.90,0,0.00
"2023-08-01",114,"TOMATO","1kg","Terengganu",1313,27,80,6.00,6.00,0,0.00
"2023-09-01",114,"TOMATO","1kg","Terengganu",1226,26,90,6.99,6.99,0,0.00
"2023-10-01",114,"TOMATO","1kg","Terengganu",1535,30,89,5.99,5.99,0,0.00
"2023-11-01",114,"TOMATO","1kg","Terengganu",1375,27,92,5.99,5.99,0,0.00
"2023-12-01",114,"TOMATO","1kg","Terengganu",1127,24,80,6.00,6.00,0,0.00
"2024-01-01",114,"TOMATO","1kg","Terengganu",1308,31,84,7.99,7.99,0,0.00
"2024-02-01",114,"TOMATO","1kg","Terengganu",1117,25,85,8.00,8.00,0,0.00
"2024-03-01",114,"TOMATO","1kg","Terengganu",1159,26,88,5.00,5.00,0,0.00
"2024-04-01",114,"TOMATO","1kg","Terengganu",1348,27,88,3.49,3.49,0,0.00
"2024-05-01",114,"TOMATO","1kg","Terengganu",1557,29,92,3.50,3.50,0,0.00
"2024-06-01",114,"TOMATO","1kg","Terengganu",1293,26,84,7.00,7.00,0,0.00
"2024-07-01",114,"TOMATO","1kg","Terengganu",1443,29,89,7.00,7.00,0,0.00
"2024-08-01",114,"TOMATO","1kg","Terengganu",1298,25,88,4.00,4.00,0,0.00
"2024-09-01",114,"TOMATO","1kg","Terengganu",1541,28,95,3.99,3.99,0,0.00
"2024-10-01",114,"TOMATO","1kg","Terengganu",1652,30,93,4.00,4.00,0,0.00
"2024-11-01",114,"TOMATO","1kg","Terengganu",1511,28,91,4.50,4.50,1,0.00
"2024-12-01",114,"TOMATO","1kg","Terengganu",1599,30,91,5.12,5.39,12,5.27
"2025-01-01",114,"TOMATO","1kg","Terengganu",1521,28,95,8.00,8.00,2,0.00
"2025-02-01",114,"TOMATO","1kg","Terengganu",1422,26,91,7.19,7.19,0,0.00
"2025-03-01",114,"TOMATO","1kg","Terengganu",1575,27,93,6.50,6.50,0,0.00
"2025-04-01",114,"TOMATO","1kg","Terengganu",1534,27,95,5.00,5.00,0,0.00
"2025-05-01",114,"TOMATO","1kg","Terengganu",1745,29,95,4.00,4.00,0,0.00
"2025-06-01",114,"TOMATO","1kg","Terengganu",1404,23,95,3.99,3.99,0,0.00
"2025-07-01",114,"TOMATO","1kg","Terengganu",1853,30,123,4.90,4.90,0,0.00
"2025-08-01",114,"TOMATO","1kg","Terengganu",1933,30,109,4.50,4.50,0,0.00
"2025-09-01",114,"TOMATO","1kg","Terengganu",1708,27,107,4.40,4.40,0,0.00
"2025-10-01",114,"TOMATO","1kg","Terengganu",1879,30,105,4.69,4.69,0,0.00
"2025-11-01",114,"TOMATO","1kg","Terengganu",1841,30,105,4.50,4.50,0,0.00
"2025-12-01",114,"TOMATO","1kg","Terengganu",1864,30,104,6.19,6.19,0,0.00
"2024-02-01",114,"TOMATO","1kg","Unknown",3,3,1,5.99,5.99,0,0.00
"2023-01-01",114,"TOMATO","1kg","W.P. Kuala Lumpur",2381,27,113,7.90,7.90,0,0.00
"2023-02-01",114,"TOMATO","1kg","W.P. Kuala Lumpur",2081,24,113,8.10,8.10,0,0.00
"2023-03-01",114,"TOMATO","1kg","W.P. Kuala Lumpur",2659,31,112,8.00,8.00,0,0.00
"2023-04-01",114,"TOMATO","1kg","W.P. Kuala Lumpur",2208,25,113,5.99,5.99,0,0.00
"2023-05-01",114,"TOMATO","1kg","W.P. Kuala Lumpur",2113,24,114,3.50,3.50,0,0.00
"2023-06-01",114,"TOMATO","1kg","W.P. Kuala Lumpur",2444,28,114,3.99,3.99,0,0.00
"2023-07-01",114,"TOMATO","1kg","W.P. Kuala Lumpur",2603,30,114,6.00,6.00,0,0.00
"2023-08-01",114,"TOMATO","1kg","W.P. Kuala Lumpur",2518,29,113,5.90,5.90,0,0.00
"2023-09-01",114,"TOMATO","1kg","W.P. Kuala Lumpur",2344,27,111,6.00,6.00,0,0.00
"2023-10-01",114,"TOMATO","1kg","W.P. Kuala Lumpur",2600,30,112,5.40,5.40,0,0.00
"2023-11-01",114,"TOMATO","1kg","W.P. Kuala Lumpur",2264,26,111,5.00,5.00,0,0.00
"2023-12-01",114,"TOMATO","1kg","W.P. Kuala Lumpur",2097,24,111,5.99,5.99,0,0.00
"2024-01-01",114,"TOMATO","1kg","W.P. Kuala Lumpur",2614,30,111,6.99,6.99,0,0.00
"2024-02-01",114,"TOMATO","1kg","W.P. Kuala Lumpur",2185,25,113,7.50,7.50,0,0.00
"2024-03-01",114,"TOMATO","1kg","W.P. Kuala Lumpur",2273,27,113,4.99,4.99,0,0.00
"2024-04-01",114,"TOMATO","1kg","W.P. Kuala Lumpur",2420,28,113,3.00,3.00,0,0.00
"2024-05-01",114,"TOMATO","1kg","W.P. Kuala Lumpur",2729,29,124,3.20,3.20,0,0.00
"2024-06-01",114,"TOMATO","1kg","W.P. Kuala Lumpur",2712,28,124,6.70,6.70,0,0.00
"2024-07-01",114,"TOMATO","1kg","W.P. Kuala Lumpur",2778,28,126,6.80,6.80,0,0.00
"2024-08-01",114,"TOMATO","1kg","W.P. Kuala Lumpur",2463,25,126,4.00,4.00,0,0.00
"2024-09-01",114,"TOMATO","1kg","W.P. Kuala Lumpur",2898,29,126,3.99,3.99,0,0.00
"2024-10-01",114,"TOMATO","1kg","W.P. Kuala Lumpur",2963,30,125,4.29,4.29,0,0.00
"2024-11-01",114,"TOMATO","1kg","W.P. Kuala Lumpur",2754,28,125,3.99,3.99,0,0.00
"2024-12-01",114,"TOMATO","1kg","W.P. Kuala Lumpur",2936,30,125,5.00,5.00,0,0.00
"2025-01-01",114,"TOMATO","1kg","W.P. Kuala Lumpur",2838,29,125,7.00,7.00,0,0.00
"2025-02-01",114,"TOMATO","1kg","W.P. Kuala Lumpur",2343,24,124,6.20,6.20,0,0.00
"2025-03-01",114,"TOMATO","1kg","W.P. Kuala Lumpur",2859,29,125,6.20,6.20,0,0.00
"2025-04-01",114,"TOMATO","1kg","W.P. Kuala Lumpur",2695,28,125,4.99,4.99,0,0.00
"2025-05-01",114,"TOMATO","1kg","W.P. Kuala Lumpur",2896,29,123,4.00,4.00,0,0.00
"2025-06-01",114,"TOMATO","1kg","W.P. Kuala Lumpur",2531,26,123,3.90,3.90,0,0.00
"2025-07-01",114,"TOMATO","1kg","W.P. Kuala Lumpur",3465,30,180,4.00,4.00,0,0.00
"2025-08-01",114,"TOMATO","1kg","W.P. Kuala Lumpur",3896,30,161,3.99,3.99,0,0.00
"2025-09-01",114,"TOMATO","1kg","W.P. Kuala Lumpur",3369,26,159,4.00,4.00,2,0.00
"2025-10-01",114,"TOMATO","1kg","W.P. Kuala Lumpur",3873,30,161,4.50,4.50,0,0.00
"2025-11-01",114,"TOMATO","1kg","W.P. Kuala Lumpur",3766,30,162,4.20,4.20,3,0.00
"2025-12-01",114,"TOMATO","1kg","W.P. Kuala Lumpur",3846,30,159,5.99,5.99,1,0.00
"2023-01-01",114,"TOMATO","1kg","W.P. Labuan",201,27,12,7.50,7.50,0,0.00
"2023-02-01",114,"TOMATO","1kg","W.P. Labuan",83,26,7,7.00,7.00,0,0.00
"2023-03-01",114,"TOMATO","1kg","W.P. Labuan",74,28,8,8.90,8.90,0,0.00
"2023-04-01",114,"TOMATO","1kg","W.P. Labuan",97,25,12,8.00,8.00,0,0.00
"2023-05-01",114,"TOMATO","1kg","W.P. Labuan",165,22,11,7.50,7.50,0,0.00
"2023-06-01",114,"TOMATO","1kg","W.P. Labuan",192,28,10,5.00,5.00,0,0.00
"2023-07-01",114,"TOMATO","1kg","W.P. Labuan",202,30,12,5.00,5.00,0,0.00
"2023-08-01",114,"TOMATO","1kg","W.P. Labuan",170,29,11,6.50,6.50,0,0.00
"2023-09-01",114,"TOMATO","1kg","W.P. Labuan",117,27,9,7.90,7.90,0,0.00
"2023-10-01",114,"TOMATO","1kg","W.P. Labuan",126,30,11,7.75,7.75,0,0.00
"2023-11-01",114,"TOMATO","1kg","W.P. Labuan",119,26,10,8.00,8.00,0,0.00
"2023-12-01",114,"TOMATO","1kg","W.P. Labuan",162,24,11,7.40,7.40,0,0.00
"2024-01-01",114,"TOMATO","1kg","W.P. Labuan",189,31,9,6.90,6.90,0,0.00
"2024-02-01",114,"TOMATO","1kg","W.P. Labuan",177,25,13,6.30,6.30,0,0.00
"2024-03-01",114,"TOMATO","1kg","W.P. Labuan",179,27,13,6.30,6.30,0,0.00
"2024-04-01",114,"TOMATO","1kg","W.P. Labuan",175,28,10,6.00,6.00,0,0.00
"2024-05-01",114,"TOMATO","1kg","W.P. Labuan",193,27,10,6.00,6.00,0,0.00
"2024-06-01",114,"TOMATO","1kg","W.P. Labuan",132,28,8,6.25,6.25,0,0.00
"2024-07-01",114,"TOMATO","1kg","W.P. Labuan",95,28,8,6.90,6.90,0,0.00
"2024-08-01",114,"TOMATO","1kg","W.P. Labuan",66,25,5,8.00,8.00,0,0.00
"2024-09-01",114,"TOMATO","1kg","W.P. Labuan",164,29,8,7.00,7.00,0,0.00
"2024-10-01",114,"TOMATO","1kg","W.P. Labuan",138,30,8,6.90,6.90,0,0.00
"2024-11-01",114,"TOMATO","1kg","W.P. Labuan",65,28,7,7.00,7.00,0,0.00
"2024-12-01",114,"TOMATO","1kg","W.P. Labuan",44,25,5,8.00,8.00,0,0.00
"2025-01-01",114,"TOMATO","1kg","W.P. Labuan",100,29,9,9.00,9.00,0,0.00
"2025-02-01",114,"TOMATO","1kg","W.P. Labuan",103,25,10,10.90,10.90,0,0.00
"2025-03-01",114,"TOMATO","1kg","W.P. Labuan",121,29,10,9.00,9.00,0,0.00
"2025-04-01",114,"TOMATO","1kg","W.P. Labuan",108,28,8,7.00,7.00,0,0.00
"2025-05-01",114,"TOMATO","1kg","W.P. Labuan",130,27,8,7.50,7.50,0,0.00
"2025-06-01",114,"TOMATO","1kg","W.P. Labuan",136,26,9,7.00,7.00,0,0.00
"2025-07-01",114,"TOMATO","1kg","W.P. Labuan",111,30,9,6.98,6.98,0,0.00
"2025-08-01",114,"TOMATO","1kg","W.P. Labuan",178,30,9,6.90,6.90,0,0.00
"2025-09-01",114,"TOMATO","1kg","W.P. Labuan",98,26,9,7.48,7.48,0,0.00
"2025-10-01",114,"TOMATO","1kg","W.P. Labuan",146,30,10,7.70,7.70,0,0.00
"2025-11-01",114,"TOMATO","1kg","W.P. Labuan",179,29,10,8.90,8.90,0,0.00
"2025-12-01",114,"TOMATO","1kg","W.P. Labuan",197,30,11,7.00,7.00,0,0.00
"2023-01-01",114,"TOMATO","1kg","W.P. Putrajaya",282,27,19,8.90,8.90,0,0.00
"2023-02-01",114,"TOMATO","1kg","W.P. Putrajaya",244,24,19,8.99,8.99,0,0.00
"2023-03-01",114,"TOMATO","1kg","W.P. Putrajaya",311,31,19,8.90,8.90,0,0.00
"2023-04-01",114,"TOMATO","1kg","W.P. Putrajaya",265,25,19,6.00,6.00,0,0.00
"2023-05-01",114,"TOMATO","1kg","W.P. Putrajaya",255,24,19,4.00,4.00,0,0.00
"2023-06-01",114,"TOMATO","1kg","W.P. Putrajaya",283,28,19,4.90,4.90,0,0.00
"2023-07-01",114,"TOMATO","1kg","W.P. Putrajaya",317,30,19,6.90,6.90,0,0.00
"2023-08-01",114,"TOMATO","1kg","W.P. Putrajaya",291,29,19,6.29,6.29,0,0.00
"2023-09-01",114,"TOMATO","1kg","W.P. Putrajaya",279,27,19,6.50,6.50,0,0.00
"2023-10-01",114,"TOMATO","1kg","W.P. Putrajaya",317,30,19,5.49,5.49,0,0.00
"2023-11-01",114,"TOMATO","1kg","W.P. Putrajaya",270,26,19,4.99,4.99,0,0.00
"2023-12-01",114,"TOMATO","1kg","W.P. Putrajaya",255,24,19,6.00,6.00,0,0.00
"2024-01-01",114,"TOMATO","1kg","W.P. Putrajaya",317,30,19,7.90,7.90,0,0.00
"2024-02-01",114,"TOMATO","1kg","W.P. Putrajaya",271,25,21,7.99,7.99,0,0.00
"2024-03-01",114,"TOMATO","1kg","W.P. Putrajaya",283,27,21,5.00,5.00,0,0.00
"2024-04-01",114,"TOMATO","1kg","W.P. Putrajaya",304,28,21,3.49,3.49,0,0.00
"2024-05-01",114,"TOMATO","1kg","W.P. Putrajaya",314,29,21,3.60,3.60,0,0.00
"2024-06-01",114,"TOMATO","1kg","W.P. Putrajaya",279,28,21,7.00,7.00,0,0.00
"2024-07-01",114,"TOMATO","1kg","W.P. Putrajaya",304,28,21,7.90,7.90,0,0.00
"2024-08-01",114,"TOMATO","1kg","W.P. Putrajaya",258,25,20,3.99,3.99,0,0.00
"2024-09-01",114,"TOMATO","1kg","W.P. Putrajaya",312,29,20,3.90,3.90,0,0.00
"2024-10-01",114,"TOMATO","1kg","W.P. Putrajaya",306,30,20,3.99,3.99,0,0.00
"2024-11-01",114,"TOMATO","1kg","W.P. Putrajaya",291,28,20,3.99,3.99,0,0.00
"2024-12-01",114,"TOMATO","1kg","W.P. Putrajaya",271,30,21,5.90,5.90,0,0.00
"2025-01-01",114,"TOMATO","1kg","W.P. Putrajaya",262,29,21,7.90,7.90,0,0.00
"2025-02-01",114,"TOMATO","1kg","W.P. Putrajaya",238,24,20,6.95,6.95,0,0.00
"2025-03-01",114,"TOMATO","1kg","W.P. Putrajaya",285,29,20,6.50,6.50,0,0.00
"2025-04-01",114,"TOMATO","1kg","W.P. Putrajaya",274,28,20,4.50,4.50,0,0.00
"2025-05-01",114,"TOMATO","1kg","W.P. Putrajaya",289,29,20,3.99,3.99,0,0.00
"2025-06-01",114,"TOMATO","1kg","W.P. Putrajaya",275,26,20,3.50,3.50,0,0.00
"2025-07-01",114,"TOMATO","1kg","W.P. Putrajaya",364,30,25,4.39,4.39,0,0.00
"2025-08-01",114,"TOMATO","1kg","W.P. Putrajaya",442,30,25,3.99,3.99,0,0.00
"2025-09-01",114,"TOMATO","1kg","W.P. Putrajaya",378,26,25,4.29,4.29,0,0.00
"2025-10-01",114,"TOMATO","1kg","W.P. Putrajaya",494,30,27,4.49,4.49,0,0.00
"2025-11-01",114,"TOMATO","1kg","W.P. Putrajaya",478,29,27,4.29,4.29,0,0.00
"2025-12-01",114,"TOMATO","1kg","W.P. Putrajaya",484,30,27,6.29,6.29,0,0.00
"2023-01-01",129,"BAWANG BESAR KUNING/HOLLAND","1kg","Johor",2451,29,124,4.49,4.49,0,0.00
"2023-02-01",129,"BAWANG BESAR KUNING/HOLLAND","1kg","Johor",2247,26,124,4.49,4.49,0,0.00
"2023-03-01",129,"BAWANG BESAR KUNING/HOLLAND","1kg","Johor",2467,29,125,4.50,4.50,0,0.00
"2023-04-01",129,"BAWANG BESAR KUNING/HOLLAND","1kg","Johor",2236,26,122,4.80,4.80,0,0.00
"2023-05-01",129,"BAWANG BESAR KUNING/HOLLAND","1kg","Johor",1862,24,122,4.99,4.99,0,0.00
"2023-06-01",129,"BAWANG BESAR KUNING/HOLLAND","1kg","Johor",2328,28,123,5.00,5.00,0,0.00
"2023-07-01",129,"BAWANG BESAR KUNING/HOLLAND","1kg","Johor",2509,29,122,5.00,5.00,0,0.00
"2023-08-01",129,"BAWANG BESAR KUNING/HOLLAND","1kg","Johor",2393,28,125,4.49,4.49,0,0.00
"2023-09-01",129,"BAWANG BESAR KUNING/HOLLAND","1kg","Johor",2195,27,127,4.50,4.50,0,0.00
"2023-10-01",129,"BAWANG BESAR KUNING/HOLLAND","1kg","Johor",2599,30,125,3.99,3.99,0,0.00
"2023-11-01",129,"BAWANG BESAR KUNING/HOLLAND","1kg","Johor",2300,27,124,4.00,4.00,0,0.00
"2023-12-01",129,"BAWANG BESAR KUNING/HOLLAND","1kg","Johor",1952,23,124,4.00,4.00,0,0.00
"2024-01-01",129,"BAWANG BESAR KUNING/HOLLAND","1kg","Johor",2455,30,123,4.49,4.49,0,0.00
"2024-02-01",129,"BAWANG BESAR KUNING/HOLLAND","1kg","Johor",2581,27,156,4.49,4.49,0,0.00
"2024-03-01",129,"BAWANG BESAR KUNING/HOLLAND","1kg","Johor",2445,26,160,4.59,4.59,0,0.00
"2024-04-01",129,"BAWANG BESAR KUNING/HOLLAND","1kg","Johor",2962,28,158,4.89,4.89,0,0.00
"2024-05-01",129,"BAWANG BESAR KUNING/HOLLAND","1kg","Johor",3104,29,163,4.79,4.79,24,0.00
"2024-06-01",129,"BAWANG BESAR KUNING/HOLLAND","1kg","Johor",2659,28,161,4.90,4.90,6,0.00
"2024-07-01",129,"BAWANG BESAR KUNING/HOLLAND","1kg","Johor",3018,29,159,4.70,4.70,0,0.00
"2024-08-01",129,"BAWANG BESAR KUNING/HOLLAND","1kg","Johor",2437,24,157,4.19,4.19,0,0.00
"2024-09-01",129,"BAWANG BESAR KUNING/HOLLAND","1kg","Johor",3010,29,158,3.99,3.99,0,0.00
"2024-10-01",129,"BAWANG BESAR KUNING/HOLLAND","1kg","Johor",3045,30,162,3.99,3.99,0,0.00
"2024-11-01",129,"BAWANG BESAR KUNING/HOLLAND","1kg","Johor",2932,28,160,3.69,3.69,0,0.00
"2024-12-01",129,"BAWANG BESAR KUNING/HOLLAND","1kg","Johor",3077,30,160,3.59,3.59,0,0.00
"2025-01-01",129,"BAWANG BESAR KUNING/HOLLAND","1kg","Johor",2941,28,162,3.59,3.59,0,0.00
"2025-02-01",129,"BAWANG BESAR KUNING/HOLLAND","1kg","Johor",2630,25,163,3.80,3.80,0,0.00
"2025-03-01",129,"BAWANG BESAR KUNING/HOLLAND","1kg","Johor",2727,26,162,3.50,3.50,0,0.00
"2025-04-01",129,"BAWANG BESAR KUNING/HOLLAND","1kg","Johor",2797,27,160,3.50,3.50,0,0.00
"2025-05-01",129,"BAWANG BESAR KUNING/HOLLAND","1kg","Johor",3126,29,161,3.29,3.29,0,0.00
"2025-06-01",129,"BAWANG BESAR KUNING/HOLLAND","1kg","Johor",2740,26,159,3.50,3.50,0,0.00
"2025-07-01",129,"BAWANG BESAR KUNING/HOLLAND","1kg","Johor",3338,29,229,3.59,3.59,0,0.00
"2025-08-01",129,"BAWANG BESAR KUNING/HOLLAND","1kg","Johor",3714,30,201,3.49,3.49,0,0.00
"2025-09-01",129,"BAWANG BESAR KUNING/HOLLAND","1kg","Johor",3153,26,197,3.49,3.49,0,0.00
"2025-10-01",129,"BAWANG BESAR KUNING/HOLLAND","1kg","Johor",3639,30,197,2.99,2.99,0,0.00
"2025-11-01",129,"BAWANG BESAR KUNING/HOLLAND","1kg","Johor",3493,30,197,2.99,2.99,0,0.00
"2025-12-01",129,"BAWANG BESAR KUNING/HOLLAND","1kg","Johor",3497,29,199,2.99,2.99,1,0.00
"2023-01-01",129,"BAWANG BESAR KUNING/HOLLAND","1kg","Kedah",1511,29,82,4.59,4.59,0,0.00
"2023-02-01",129,"BAWANG BESAR KUNING/HOLLAND","1kg","Kedah",1258,25,77,4.90,4.90,0,0.00
"2023-03-01",129,"BAWANG BESAR KUNING/HOLLAND","1kg","Kedah",1499,30,77,4.95,4.95,0,0.00
"2023-04-01",129,"BAWANG BESAR KUNING/HOLLAND","1kg","Kedah",1334,26,76,5.00,5.00,0,0.00
"2023-05-01",129,"BAWANG BESAR KUNING/HOLLAND","1kg","Kedah",1163,24,76,5.00,5.00,0,0.00
"2023-06-01",129,"BAWANG BESAR KUNING/HOLLAND","1kg","Kedah",1288,26,76,5.60,5.60,0,0.00
"2023-07-01",129,"BAWANG BESAR KUNING/HOLLAND","1kg","Kedah",1456,29,76,5.90,5.90,0,0.00
"2023-08-01",129,"BAWANG BESAR KUNING/HOLLAND","1kg","Kedah",1355,27,76,5.50,5.50,0,0.00
"2023-09-01",129,"BAWANG BESAR KUNING/HOLLAND","1kg","Kedah",1300,27,75,5.79,5.79,0,0.00
"2023-10-01",129,"BAWANG BESAR KUNING/HOLLAND","1kg","Kedah",1430,30,75,5.00,5.00,0,0.00
"2023-11-01",129,"BAWANG BESAR KUNING/HOLLAND","1kg","Kedah",1353,27,74,5.00,5.00,0,0.00
"2023-12-01",129,"BAWANG BESAR KUNING/HOLLAND","1kg","Kedah",1183,24,77,5.00,5.00,0,0.00
"2024-01-01",129,"BAWANG BESAR KUNING/HOLLAND","1kg","Kedah",1501,30,78,5.00,5.00,0,0.00
"2024-02-01",129,"BAWANG BESAR KUNING/HOLLAND","1kg","Kedah",1312,26,76,5.49,5.49,0,0.00
"2024-03-01",129,"BAWANG BESAR KUNING/HOLLAND","1kg","Kedah",1300,27,77,5.50,5.50,0,0.00
"2024-04-01",129,"BAWANG BESAR KUNING/HOLLAND","1kg","Kedah",1403,28,77,5.00,5.00,0,0.00
"2024-05-01",129,"BAWANG BESAR KUNING/HOLLAND","1kg","Kedah",1524,29,79,5.00,5.00,0,0.00
"2024-06-01",129,"BAWANG BESAR KUNING/HOLLAND","1kg","Kedah",1463,26,89,5.00,5.00,0,0.00
"2024-07-01",129,"BAWANG BESAR KUNING/HOLLAND","1kg","Kedah",1660,29,87,4.99,4.99,0,0.00
"2024-08-01",129,"BAWANG BESAR KUNING/HOLLAND","1kg","Kedah",1426,25,89,4.99,4.99,0,0.00
"2024-09-01",129,"BAWANG BESAR KUNING/HOLLAND","1kg","Kedah",1723,29,88,4.99,4.99,0,0.00
"2024-10-01",129,"BAWANG BESAR KUNING/HOLLAND","1kg","Kedah",1725,30,87,4.99,4.99,0,0.00
"2024-11-01",129,"BAWANG BESAR KUNING/HOLLAND","1kg","Kedah",1623,28,88,4.99,4.99,0,0.00
"2024-12-01",129,"BAWANG BESAR KUNING/HOLLAND","1kg","Kedah",1776,30,88,4.50,4.50,0,0.00
"2025-01-01",129,"BAWANG BESAR KUNING/HOLLAND","1kg","Kedah",1694,28,90,4.00,4.00,0,0.00
"2025-02-01",129,"BAWANG BESAR KUNING/HOLLAND","1kg","Kedah",1484,25,88,4.00,4.00,0,0.00
"2025-03-01",129,"BAWANG BESAR KUNING/HOLLAND","1kg","Kedah",1680,28,87,3.99,3.99,0,0.00
"2025-04-01",129,"BAWANG BESAR KUNING/HOLLAND","1kg","Kedah",1579,28,87,3.90,3.90,0,0.00
"2025-05-01",129,"BAWANG BESAR KUNING/HOLLAND","1kg","Kedah",1712,29,88,3.90,3.90,0,0.00
"2025-06-01",129,"BAWANG BESAR KUNING/HOLLAND","1kg","Kedah",1356,23,86,3.99,3.99,0,0.00
"2025-07-01",129,"BAWANG BESAR KUNING/HOLLAND","1kg","Kedah",1867,30,108,3.99,3.99,0,0.00
"2025-08-01",129,"BAWANG BESAR KUNING/HOLLAND","1kg","Kedah",1987,30,102,3.90,3.90,0,0.00
"2025-09-01",129,"BAWANG BESAR KUNING/HOLLAND","1kg","Kedah",1667,26,100,3.99,3.99,0,0.00
"2025-10-01",129,"BAWANG BESAR KUNING/HOLLAND","1kg","Kedah",1920,30,99,3.90,3.90,0,0.00
"2025-11-01",129,"BAWANG BESAR KUNING/HOLLAND","1kg","Kedah",1882,29,102,3.50,3.50,0,0.00
"2025-12-01",129,"BAWANG BESAR KUNING/HOLLAND","1kg","Kedah",1937,30,101,3.49,3.49,0,0.00
"2023-01-01",129,"BAWANG BESAR KUNING/HOLLAND","1kg","Kelantan",2099,29,132,4.50,4.50,2,0.00
"2023-02-01",129,"BAWANG BESAR KUNING/HOLLAND","1kg","Kelantan",1908,27,130,4.50,4.50,1,0.00
"2023-03-01",129,"BAWANG BESAR KUNING/HOLLAND","1kg","Kelantan",2174,31,129,4.97,4.97,0,0.00
"2023-04-01",129,"BAWANG BESAR KUNING/HOLLAND","1kg","Kelantan",1723,23,130,5.00,5.00,0,0.00
"2023-05-01",129,"BAWANG BESAR KUNING/HOLLAND","1kg","Kelantan",1704,24,130,5.63,5.63,0,0.00
"2023-06-01",129,"BAWANG BESAR KUNING/HOLLAND","1kg","Kelantan",1869,26,131,5.99,5.99,0,0.00
"2023-07-01",129,"BAWANG BESAR KUNING/HOLLAND","1kg","Kelantan",2200,30,133,5.99,5.99,0,0.00
"2023-08-01",129,"BAWANG BESAR KUNING/HOLLAND","1kg","Kelantan",1938,27,131,5.99,5.99,0,0.00
"2023-09-01",129,"BAWANG BESAR KUNING/HOLLAND","1kg","Kelantan",1743,24,126,5.99,5.99,0,0.00
"2023-10-01",129,"BAWANG BESAR KUNING/HOLLAND","1kg","Kelantan",2118,29,129,5.80,5.80,0,0.00
"2023-11-01",129,"BAWANG BESAR KUNING/HOLLAND","1kg","Kelantan",1943,27,129,5.00,5.00,0,0.00
"2023-12-01",129,"BAWANG BESAR KUNING/HOLLAND","1kg","Kelantan",1731,24,129,5.00,5.00,0,0.00
"2024-01-01",129,"BAWANG BESAR KUNING/HOLLAND","1kg","Kelantan",2162,31,129,5.00,5.00,0,0.00
"2024-02-01",129,"BAWANG BESAR KUNING/HOLLAND","1kg","Kelantan",1800,26,130,5.20,5.20,0,0.00
"2024-03-01",129,"BAWANG BESAR KUNING/HOLLAND","1kg","Kelantan",1784,27,128,5.59,5.59,0,0.00
"2024-04-01",129,"BAWANG BESAR KUNING/HOLLAND","1kg","Kelantan",1877,27,127,5.00,5.00,0,0.00
"2024-05-01",129,"BAWANG BESAR KUNING/HOLLAND","1kg","Kelantan",2019,29,126,5.00,5.00,15,0.00
"2024-06-01",129,"BAWANG BESAR KUNING/HOLLAND","1kg","Kelantan",1679,26,123,5.00,5.00,4,0.00
"2024-07-01",129,"BAWANG BESAR KUNING/HOLLAND","1kg","Kelantan",2036,29,128,5.00,5.00,0,0.00
"2024-08-01",129,"BAWANG BESAR KUNING/HOLLAND","1kg","Kelantan",1713,25,126,4.99,4.99,0,0.00
"2024-09-01",129,"BAWANG BESAR KUNING/HOLLAND","1kg","Kelantan",1900,26,128,4.90,4.90,0,0.00
"2024-10-01",129,"BAWANG BESAR KUNING/HOLLAND","1kg","Kelantan",2054,30,128,4.50,4.50,0,0.00
"2024-11-01",129,"BAWANG BESAR KUNING/HOLLAND","1kg","Kelantan",1859,28,128,4.30,4.30,0,0.00
"2024-12-01",129,"BAWANG BESAR KUNING/HOLLAND","1kg","Kelantan",2076,30,127,4.00,4.00,0,0.00
"2025-01-01",129,"BAWANG BESAR KUNING/HOLLAND","1kg","Kelantan",2128,29,130,3.99,3.99,0,0.00
"2025-02-01",129,"BAWANG BESAR KUNING/HOLLAND","1kg","Kelantan",1895,26,128,3.99,3.99,0,0.00
"2025-03-01",129,"BAWANG BESAR KUNING/HOLLAND","1kg","Kelantan",2117,28,129,3.90,3.90,0,0.00
"2025-04-01",129,"BAWANG BESAR KUNING/HOLLAND","1kg","Kelantan",2043,28,128,3.90,3.90,0,0.00
"2025-05-01",129,"BAWANG BESAR KUNING/HOLLAND","1kg","Kelantan",2164,29,127,3.90,3.90,0,0.00
"2025-06-01",129,"BAWANG BESAR KUNING/HOLLAND","1kg","Kelantan",1781,24,129,3.90,3.90,0,0.00
"2025-07-01",129,"BAWANG BESAR KUNING/HOLLAND","1kg","Kelantan",2423,30,178,3.99,3.99,0,0.00
"2025-08-01",129,"BAWANG BESAR KUNING/HOLLAND","1kg","Kelantan",2677,30,174,3.90,3.90,0,0.00
"2025-09-01",129,"BAWANG BESAR KUNING/HOLLAND","1kg","Kelantan",2167,25,171,3.90,3.90,0,0.00
"2025-10-01",129,"BAWANG BESAR KUNING/HOLLAND","1kg","Kelantan",2519,30,169,3.80,3.80,0,0.00
"2025-11-01",129,"BAWANG BESAR KUNING/HOLLAND","1kg","Kelantan",2445,29,166,3.60,3.60,0,0.00
"2025-12-01",129,"BAWANG BESAR KUNING/HOLLAND","1kg","Kelantan",2536,30,170,3.50,3.50,0,0.00
"2023-01-01",129,"BAWANG BESAR KUNING/HOLLAND","1kg","Melaka",480,27,25,4.50,4.50,0,0.00
"2023-02-01",129,"BAWANG BESAR KUNING/HOLLAND","1kg","Melaka",471,27,25,4.50,4.50,0,0.00
"2023-03-01",129,"BAWANG BESAR KUNING/HOLLAND","1kg","Melaka",526,30,24,4.85,4.85,0,0.00
"2023-04-01",129,"BAWANG BESAR KUNING/HOLLAND","1kg","Melaka",444,25,25,4.90,4.90,0,0.00
"2023-05-01",129,"BAWANG BESAR KUNING/HOLLAND","1kg","Melaka",398,24,25,5.00,5.00,0,0.00
"2023-06-01",129,"BAWANG BESAR KUNING/HOLLAND","1kg","Melaka",469,28,24,5.50,5.50,0,0.00
"2023-07-01",129,"BAWANG BESAR KUNING/HOLLAND","1kg","Melaka",517,30,25,5.99,5.99,0,0.00
"2023-08-01",129,"BAWANG BESAR KUNING/HOLLAND","1kg","Melaka",490,28,25,5.80,5.80,0,0.00
"2023-09-01",129,"BAWANG BESAR KUNING/HOLLAND","1kg","Melaka",445,27,24,5.50,5.50,0,0.00
"2023-10-01",129,"BAWANG BESAR KUNING/HOLLAND","1kg","Melaka",497,30,25,5.00,5.00,0,0.00
"2023-11-01",129,"BAWANG BESAR KUNING/HOLLAND","1kg","Melaka",476,26,26,5.00,5.00,0,0.00
"2023-12-01",129,"BAWANG BESAR KUNING/HOLLAND","1kg","Melaka",431,24,26,5.00,5.00,0,0.00
"2024-01-01",129,"BAWANG BESAR KUNING/HOLLAND","1kg","Melaka",556,31,26,5.00,5.00,0,0.00
"2024-02-01",129,"BAWANG BESAR KUNING/HOLLAND","1kg","Melaka",448,25,26,5.00,5.00,0,0.00
"2024-03-01",129,"BAWANG BESAR KUNING/HOLLAND","1kg","Melaka",462,27,26,5.00,5.00,0,0.00
"2024-04-01",129,"BAWANG BESAR KUNING/HOLLAND","1kg","Melaka",520,28,26,5.00,5.00,0,0.00
"2024-05-01",129,"BAWANG BESAR KUNING/HOLLAND","1kg","Melaka",548,29,26,5.00,5.00,8,0.00
"2024-06-01",129,"BAWANG BESAR KUNING/HOLLAND","1kg","Melaka",506,28,26,5.00,5.00,2,0.00
"2024-07-01",129,"BAWANG BESAR KUNING/HOLLAND","1kg","Melaka",534,28,26,4.99,4.99,0,0.00
"2024-08-01",129,"BAWANG BESAR KUNING/HOLLAND","1kg","Melaka",466,25,26,4.99,4.99,0,0.00
"2024-09-01",129,"BAWANG BESAR KUNING/HOLLAND","1kg","Melaka",537,29,26,4.99,4.99,0,0.00
"2024-10-01",129,"BAWANG BESAR KUNING/HOLLAND","1kg","Melaka",539,30,26,4.99,4.99,0,0.00
"2024-11-01",129,"BAWANG BESAR KUNING/HOLLAND","1kg","Melaka",510,28,26,4.99,4.99,0,0.00
"2024-12-01",129,"BAWANG BESAR KUNING/HOLLAND","1kg","Melaka",537,30,26,4.30,4.30,0,0.00
"2025-01-01",129,"BAWANG BESAR KUNING/HOLLAND","1kg","Melaka",541,29,26,4.50,4.50,0,0.00
"2025-02-01",129,"BAWANG BESAR KUNING/HOLLAND","1kg","Melaka",461,25,26,4.50,4.50,0,0.00
"2025-03-01",129,"BAWANG BESAR KUNING/HOLLAND","1kg","Melaka",555,30,26,4.50,4.50,0,0.00
"2025-04-01",129,"BAWANG BESAR KUNING/HOLLAND","1kg","Melaka",500,27,26,4.50,4.50,0,0.00
"2025-05-01",129,"BAWANG BESAR KUNING/HOLLAND","1kg","Melaka",547,29,26,4.60,4.60,0,0.00
"2025-06-01",129,"BAWANG BESAR KUNING/HOLLAND","1kg","Melaka",486,26,30,4.50,4.50,0,0.00
"2025-07-01",129,"BAWANG BESAR KUNING/HOLLAND","1kg","Melaka",675,30,56,4.20,4.20,0,0.00
"2025-08-01",129,"BAWANG BESAR KUNING/HOLLAND","1kg","Melaka",743,28,51,3.99,3.99,0,0.00
"2025-09-01",129,"BAWANG BESAR KUNING/HOLLAND","1kg","Melaka",681,26,52,3.99,3.99,0,0.00
"2025-10-01",129,"BAWANG BESAR KUNING/HOLLAND","1kg","Melaka",774,30,51,3.99,3.99,0,0.00
"2025-11-01",129,"BAWANG BESAR KUNING/HOLLAND","1kg","Melaka",747,29,51,3.99,3.99,0,0.00
"2025-12-01",129,"BAWANG BESAR KUNING/HOLLAND","1kg","Melaka",775,30,51,3.99,3.99,0,0.00
"2023-01-01",129,"BAWANG BESAR KUNING/HOLLAND","1kg","Negeri Sembilan",725,26,37,4.50,4.50,0,0.00
"2023-02-01",129,"BAWANG BESAR KUNING/HOLLAND","1kg","Negeri Sembilan",666,24,35,4.59,4.59,0,0.00
"2023-03-01",129,"BAWANG BESAR KUNING/HOLLAND","1kg","Negeri Sembilan",854,31,35,4.89,4.89,0,0.00
"2023-04-01",129,"BAWANG BESAR KUNING/HOLLAND","1kg","Negeri Sembilan",736,26,35,4.95,4.95,0,0.00
"2023-05-01",129,"BAWANG BESAR KUNING/HOLLAND","1kg","Negeri Sembilan",637,24,36,5.00,5.00,0,0.00
"2023-06-01",129,"BAWANG BESAR KUNING/HOLLAND","1kg","Negeri Sembilan",791,28,35,5.90,5.90,0,0.00
"2023-07-01",129,"BAWANG BESAR KUNING/HOLLAND","1kg","Negeri Sembilan",849,30,35,5.80,5.80,0,0.00
"2023-08-01",129,"BAWANG BESAR KUNING/HOLLAND","1kg","Negeri Sembilan",762,27,34,5.00,5.00,0,0.00
"2023-09-01",129,"BAWANG BESAR KUNING/HOLLAND","1kg","Negeri Sembilan",716,27,34,5.50,5.50,0,0.00
"2023-10-01",129,"BAWANG BESAR KUNING/HOLLAND","1kg","Negeri Sembilan",826,30,34,5.00,5.00,0,0.00
"2023-11-01",129,"BAWANG BESAR KUNING/HOLLAND","1kg","Negeri Sembilan",719,26,36,5.00,5.00,0,0.00
"2023-12-01",129,"BAWANG BESAR KUNING/HOLLAND","1kg","Negeri Sembilan",644,24,36,4.99,4.99,0,0.00
"2024-01-01",129,"BAWANG BESAR KUNING/HOLLAND","1kg","Negeri Sembilan",708,28,34,5.00,5.00,0,0.00
"2024-02-01",129,"BAWANG BESAR KUNING/HOLLAND","1kg","Negeri Sembilan",646,25,36,5.00,5.00,0,0.00
"2024-03-01",129,"BAWANG BESAR KUNING/HOLLAND","1kg","Negeri Sembilan",743,28,38,5.00,5.00,0,0.00
"2024-04-01",129,"BAWANG BESAR KUNING/HOLLAND","1kg","Negeri Sembilan",826,28,38,5.00,5.00,0,0.00
"2024-05-01",129,"BAWANG BESAR KUNING/HOLLAND","1kg","Negeri Sembilan",856,29,38,5.00,5.00,5,0.00
"2024-06-01",129,"BAWANG BESAR KUNING/HOLLAND","1kg","Negeri Sembilan",754,28,38,5.00,5.00,1,0.00
"2024-07-01",129,"BAWANG BESAR KUNING/HOLLAND","1kg","Negeri Sembilan",807,28,36,5.00,5.00,0,0.00
"2024-08-01",129,"BAWANG BESAR KUNING/HOLLAND","1kg","Negeri Sembilan",728,25,37,4.99,4.99,0,0.00
"2024-09-01",129,"BAWANG BESAR KUNING/HOLLAND","1kg","Negeri Sembilan",855,29,37,4.90,4.90,0,0.00
"2024-10-01",129,"BAWANG BESAR KUNING/HOLLAND","1kg","Negeri Sembilan",865,30,37,4.90,4.90,0,0.00
"2024-11-01",129,"BAWANG BESAR KUNING/HOLLAND","1kg","Negeri Sembilan",814,28,38,4.50,4.50,0,0.00
"2024-12-01",129,"BAWANG BESAR KUNING/HOLLAND","1kg","Negeri Sembilan",858,30,38,4.00,4.00,0,0.00
"2025-01-01",129,"BAWANG BESAR KUNING/HOLLAND","1kg","Negeri Sembilan",797,27,38,4.00,4.00,0,0.00
"2025-02-01",129,"BAWANG BESAR KUNING/HOLLAND","1kg","Negeri Sembilan",699,25,37,3.99,3.99,0,0.00
"2025-03-01",129,"BAWANG BESAR KUNING/HOLLAND","1kg","Negeri Sembilan",851,30,39,3.99,3.99,0,0.00
"2025-04-01",129,"BAWANG BESAR KUNING/HOLLAND","1kg","Negeri Sembilan",817,28,39,3.99,3.99,0,0.00
"2025-05-01",129,"BAWANG BESAR KUNING/HOLLAND","1kg","Negeri Sembilan",884,29,41,3.99,3.99,0,0.00
"2025-06-01",129,"BAWANG BESAR KUNING/HOLLAND","1kg","Negeri Sembilan",780,26,39,3.99,3.99,0,0.00
"2025-07-01",129,"BAWANG BESAR KUNING/HOLLAND","1kg","Negeri Sembilan",984,30,62,3.99,3.99,0,0.00
"2025-08-01",129,"BAWANG BESAR KUNING/HOLLAND","1kg","Negeri Sembilan",1153,30,64,3.90,3.90,0,0.00
"2025-09-01",129,"BAWANG BESAR KUNING/HOLLAND","1kg","Negeri Sembilan",1011,26,63,3.90,3.90,0,0.00
"2025-10-01",129,"BAWANG BESAR KUNING/HOLLAND","1kg","Negeri Sembilan",1138,30,62,3.90,3.90,0,0.00
"2025-11-01",129,"BAWANG BESAR KUNING/HOLLAND","1kg","Negeri Sembilan",1105,30,63,3.50,3.50,0,0.00
"2025-12-01",129,"BAWANG BESAR KUNING/HOLLAND","1kg","Negeri Sembilan",1117,30,62,3.50,3.50,0,0.00
"2023-01-01",129,"BAWANG BESAR KUNING/HOLLAND","1kg","Pahang",1815,27,78,4.50,4.50,0,0.00
"2023-02-01",129,"BAWANG BESAR KUNING/HOLLAND","1kg","Pahang",1827,27,79,4.50,4.50,0,0.00
"2023-03-01",129,"BAWANG BESAR KUNING/HOLLAND","1kg","Pahang",2059,31,78,4.99,4.99,0,0.00
"2023-04-01",129,"BAWANG BESAR KUNING/HOLLAND","1kg","Pahang",1634,25,78,4.99,4.99,0,0.00
"2023-05-01",129,"BAWANG BESAR KUNING/HOLLAND","1kg","Pahang",1443,24,77,4.99,4.99,0,0.00
"2023-06-01",129,"BAWANG BESAR KUNING/HOLLAND","1kg","Pahang",1825,28,75,5.50,5.50,0,0.00
"2023-07-01",129,"BAWANG BESAR KUNING/HOLLAND","1kg","Pahang",1881,30,76,5.49,5.49,0,0.00
"2023-08-01",129,"BAWANG BESAR KUNING/HOLLAND","1kg","Pahang",1931,29,76,4.99,4.99,0,0.00
"2023-09-01",129,"BAWANG BESAR KUNING/HOLLAND","1kg","Pahang",1726,27,77,4.90,4.90,0,0.00
"2023-10-01",129,"BAWANG BESAR KUNING/HOLLAND","1kg","Pahang",1937,30,75,4.89,4.89,0,0.00
"2023-11-01",129,"BAWANG BESAR KUNING/HOLLAND","1kg","Pahang",1612,26,74,4.99,4.99,0,0.00
"2023-12-01",129,"BAWANG BESAR KUNING/HOLLAND","1kg","Pahang",1480,24,78,4.99,4.99,0,0.00
"2024-01-01",129,"BAWANG BESAR KUNING/HOLLAND","1kg","Pahang",1880,31,76,4.99,4.99,0,0.00
"2024-02-01",129,"BAWANG BESAR KUNING/HOLLAND","1kg","Pahang",1631,26,78,4.99,4.99,0,0.00
"2024-03-01",129,"BAWANG BESAR KUNING/HOLLAND","1kg","Pahang",1810,27,101,5.00,5.00,0,0.00
"2024-04-01",129,"BAWANG BESAR KUNING/HOLLAND","1kg","Pahang",2022,28,109,4.99,4.99,0,0.00
"2024-05-01",129,"BAWANG BESAR KUNING/HOLLAND","1kg","Pahang",2210,29,113,4.99,4.99,0,0.00
"2024-06-01",129,"BAWANG BESAR KUNING/HOLLAND","1kg","Pahang",2046,28,114,4.99,4.99,0,0.00
"2024-07-01",129,"BAWANG BESAR KUNING/HOLLAND","1kg","Pahang",2101,29,113,4.99,4.99,0,0.00
"2024-08-01",129,"BAWANG BESAR KUNING/HOLLAND","1kg","Pahang",1883,25,114,4.99,4.99,0,0.00
"2024-09-01",129,"BAWANG BESAR KUNING/HOLLAND","1kg","Pahang",2272,29,112,4.49,4.49,0,0.00
"2024-10-01",129,"BAWANG BESAR KUNING/HOLLAND","1kg","Pahang",2270,30,111,3.99,3.99,0,0.00
"2024-11-01",129,"BAWANG BESAR KUNING/HOLLAND","1kg","Pahang",2149,28,112,3.99,3.99,0,0.00
"2024-12-01",129,"BAWANG BESAR KUNING/HOLLAND","1kg","Pahang",2320,30,111,3.99,3.99,0,0.00
"2025-01-01",129,"BAWANG BESAR KUNING/HOLLAND","1kg","Pahang",2222,29,110,3.99,3.99,0,0.00
"2025-02-01",129,"BAWANG BESAR KUNING/HOLLAND","1kg","Pahang",1955,26,112,3.99,3.99,0,0.00
"2025-03-01",129,"BAWANG BESAR KUNING/HOLLAND","1kg","Pahang",2297,29,114,3.99,3.99,0,0.00
"2025-04-01",129,"BAWANG BESAR KUNING/HOLLAND","1kg","Pahang",2153,28,114,3.99,3.99,0,0.00
"2025-05-01",129,"BAWANG BESAR KUNING/HOLLAND","1kg","Pahang",2204,29,111,3.90,3.90,0,0.00
"2025-06-01",129,"BAWANG BESAR KUNING/HOLLAND","1kg","Pahang",2039,26,112,3.99,3.99,1,0.00
"2025-07-01",129,"BAWANG BESAR KUNING/HOLLAND","1kg","Pahang",2312,30,138,3.99,3.99,0,0.00
"2025-08-01",129,"BAWANG BESAR KUNING/HOLLAND","1kg","Pahang",2485,30,140,3.59,3.59,0,0.00
"2025-09-01",129,"BAWANG BESAR KUNING/HOLLAND","1kg","Pahang",2130,26,139,3.50,3.50,0,0.00
"2025-10-01",129,"BAWANG BESAR KUNING/HOLLAND","1kg","Pahang",2465,30,141,3.00,3.00,0,0.00
"2025-11-01",129,"BAWANG BESAR KUNING/HOLLAND","1kg","Pahang",2371,30,145,3.29,3.29,0,0.00
"2025-12-01",129,"BAWANG BESAR KUNING/HOLLAND","1kg","Pahang",2387,30,141,3.00,3.00,1,0.00
"2023-01-01",129,"BAWANG BESAR KUNING/HOLLAND","1kg","Perak",2021,27,81,4.50,4.50,0,0.00
"2023-02-01",129,"BAWANG BESAR KUNING/HOLLAND","1kg","Perak",1880,25,81,4.59,4.59,0,0.00
"2023-03-01",129,"BAWANG BESAR KUNING/HOLLAND","1kg","Perak",2326,31,81,4.89,4.89,0,0.00
"2023-04-01",129,"BAWANG BESAR KUNING/HOLLAND","1kg","Perak",1847,25,82,4.90,4.90,0,0.00
"2023-05-01",129,"BAWANG BESAR KUNING/HOLLAND","1kg","Perak",1563,24,81,5.00,5.00,0,0.00
"2023-06-01",129,"BAWANG BESAR KUNING/HOLLAND","1kg","Perak",2060,28,80,5.99,5.99,0,0.00
"2023-07-01",129,"BAWANG BESAR KUNING/HOLLAND","1kg","Perak",2234,30,81,5.99,5.99,0,0.00
"2023-08-01",129,"BAWANG BESAR KUNING/HOLLAND","1kg","Perak",2166,29,80,5.00,5.00,0,0.00
"2023-09-01",129,"BAWANG BESAR KUNING/HOLLAND","1kg","Perak",1875,27,81,5.00,5.00,0,0.00
"2023-10-01",129,"BAWANG BESAR KUNING/HOLLAND","1kg","Perak",2218,30,80,4.99,4.99,0,0.00
"2023-11-01",129,"BAWANG BESAR KUNING/HOLLAND","1kg","Perak",1800,25,81,4.99,4.99,0,0.00
"2023-12-01",129,"BAWANG BESAR KUNING/HOLLAND","1kg","Perak",1722,24,81,4.99,4.99,0,0.00
"2024-01-01",129,"BAWANG BESAR KUNING/HOLLAND","1kg","Perak",2146,30,82,5.00,5.00,0,0.00
"2024-02-01",129,"BAWANG BESAR KUNING/HOLLAND","1kg","Perak",1862,26,97,4.80,4.80,0,0.00
"2024-03-01",129,"BAWANG BESAR KUNING/HOLLAND","1kg","Perak",1884,27,100,5.00,5.00,0,0.00
"2024-04-01",129,"BAWANG BESAR KUNING/HOLLAND","1kg","Perak",2187,28,100,5.00,5.00,0,0.00
"2024-05-01",129,"BAWANG BESAR KUNING/HOLLAND","1kg","Perak",2283,29,99,5.00,5.00,13,0.00
"2024-06-01",129,"BAWANG BESAR KUNING/HOLLAND","1kg","Perak",2085,28,99,5.00,5.00,4,0.00
"2024-07-01",129,"BAWANG BESAR KUNING/HOLLAND","1kg","Perak",2165,28,109,4.99,4.99,0,0.00
"2024-08-01",129,"BAWANG BESAR KUNING/HOLLAND","1kg","Perak",1958,25,107,4.99,4.99,0,0.00
"2024-09-01",129,"BAWANG BESAR KUNING/HOLLAND","1kg","Perak",2360,29,106,4.99,4.99,0,0.00
"2024-10-01",129,"BAWANG BESAR KUNING/HOLLAND","1kg","Perak",2343,30,111,4.60,4.60,0,0.00
"2024-11-01",129,"BAWANG BESAR KUNING/HOLLAND","1kg","Perak",2136,27,110,4.20,4.20,0,0.00
"2024-12-01",129,"BAWANG BESAR KUNING/HOLLAND","1kg","Perak",2417,30,109,4.00,4.00,0,0.00
"2025-01-01",129,"BAWANG BESAR KUNING/HOLLAND","1kg","Perak",2208,29,107,4.00,4.00,0,0.00
"2025-02-01",129,"BAWANG BESAR KUNING/HOLLAND","1kg","Perak",1923,25,116,4.00,4.00,0,0.00
"2025-03-01",129,"BAWANG BESAR KUNING/HOLLAND","1kg","Perak",2413,29,118,3.99,3.99,0,0.00
"2025-04-01",129,"BAWANG BESAR KUNING/HOLLAND","1kg","Perak",2330,28,117,3.50,3.50,0,0.00
"2025-05-01",129,"BAWANG BESAR KUNING/HOLLAND","1kg","Perak",2441,29,116,3.50,3.50,0,0.00
"2025-06-01",129,"BAWANG BESAR KUNING/HOLLAND","1kg","Perak",2166,26,119,3.99,3.99,0,0.00
"2025-07-01",129,"BAWANG BESAR KUNING/HOLLAND","1kg","Perak",2870,30,166,3.99,3.99,0,0.00
"2025-08-01",129,"BAWANG BESAR KUNING/HOLLAND","1kg","Perak",3088,30,155,3.59,3.59,0,0.00
"2025-09-01",129,"BAWANG BESAR KUNING/HOLLAND","1kg","Perak",2635,26,145,3.50,3.50,0,0.00
"2025-10-01",129,"BAWANG BESAR KUNING/HOLLAND","1kg","Perak",3031,30,150,3.00,3.00,0,0.00
"2025-11-01",129,"BAWANG BESAR KUNING/HOLLAND","1kg","Perak",2895,29,153,3.29,3.29,0,0.00
"2025-12-01",129,"BAWANG BESAR KUNING/HOLLAND","1kg","Perak",3024,30,151,3.50,3.50,1,0.14
"2023-01-01",129,"BAWANG BESAR KUNING/HOLLAND","1kg","Perlis",431,28,34,4.95,4.95,0,0.00
"2023-02-01",129,"BAWANG BESAR KUNING/HOLLAND","1kg","Perlis",397,26,35,4.90,4.90,0,0.00
"2023-03-01",129,"BAWANG BESAR KUNING/HOLLAND","1kg","Perlis",501,31,35,4.95,4.95,0,0.00
"2023-04-01",129,"BAWANG BESAR KUNING/HOLLAND","1kg","Perlis",414,25,34,5.00,5.00,0,0.00
"2023-05-01",129,"BAWANG BESAR KUNING/HOLLAND","1kg","Perlis",371,23,33,5.00,5.00,0,0.00
"2023-06-01",129,"BAWANG BESAR KUNING/HOLLAND","1kg","Perlis",425,27,33,5.00,5.00,0,0.00
"2023-07-01",129,"BAWANG BESAR KUNING/HOLLAND","1kg","Perlis",504,30,36,5.00,5.00,0,0.00
"2023-08-01",129,"BAWANG BESAR KUNING/HOLLAND","1kg","Perlis",506,29,36,5.00,5.00,0,0.00
"2023-09-01",129,"BAWANG BESAR KUNING/HOLLAND","1kg","Perlis",460,27,36,5.00,5.00,0,0.00
"2023-10-01",129,"BAWANG BESAR KUNING/HOLLAND","1kg","Perlis",536,30,37,4.90,4.90,0,0.00
"2023-11-01",129,"BAWANG BESAR KUNING/HOLLAND","1kg","Perlis",480,26,36,4.90,4.90,0,0.00
"2023-12-01",129,"BAWANG BESAR KUNING/HOLLAND","1kg","Perlis",433,24,37,4.99,4.99,0,0.00
"2024-01-01",129,"BAWANG BESAR KUNING/HOLLAND","1kg","Perlis",537,31,37,4.99,4.99,0,0.00
"2024-02-01",129,"BAWANG BESAR KUNING/HOLLAND","1kg","Perlis",457,25,35,4.99,4.99,0,0.00
"2024-03-01",129,"BAWANG BESAR KUNING/HOLLAND","1kg","Perlis",485,27,36,5.00,5.00,0,0.00
"2024-04-01",129,"BAWANG BESAR KUNING/HOLLAND","1kg","Perlis",507,28,37,5.00,5.00,0,0.00
"2024-05-01",129,"BAWANG BESAR KUNING/HOLLAND","1kg","Perlis",561,28,38,5.00,5.00,0,0.00
"2024-06-01",129,"BAWANG BESAR KUNING/HOLLAND","1kg","Perlis",499,27,37,5.00,5.00,0,0.00
"2024-07-01",129,"BAWANG BESAR KUNING/HOLLAND","1kg","Perlis",550,28,35,5.00,5.00,0,0.00
"2024-08-01",129,"BAWANG BESAR KUNING/HOLLAND","1kg","Perlis",441,25,35,5.00,5.00,0,0.00
"2024-09-01",129,"BAWANG BESAR KUNING/HOLLAND","1kg","Perlis",510,29,33,5.00,5.00,0,0.00
"2024-10-01",129,"BAWANG BESAR KUNING/HOLLAND","1kg","Perlis",534,30,36,5.00,5.00,0,0.00
"2024-11-01",129,"BAWANG BESAR KUNING/HOLLAND","1kg","Perlis",494,28,34,4.70,4.70,0,0.00
"2024-12-01",129,"BAWANG BESAR KUNING/HOLLAND","1kg","Perlis",495,30,35,4.50,4.50,0,0.00
"2025-01-01",129,"BAWANG BESAR KUNING/HOLLAND","1kg","Perlis",478,28,35,4.50,4.50,0,0.00
"2025-02-01",129,"BAWANG BESAR KUNING/HOLLAND","1kg","Perlis",442,26,34,4.50,4.50,0,0.00
"2025-03-01",129,"BAWANG BESAR KUNING/HOLLAND","1kg","Perlis",514,29,34,4.50,4.50,0,0.00
"2025-04-01",129,"BAWANG BESAR KUNING/HOLLAND","1kg","Perlis",471,27,34,4.50,4.50,0,0.00
"2025-05-01",129,"BAWANG BESAR KUNING/HOLLAND","1kg","Perlis",509,28,34,4.50,4.50,0,0.00
"2025-06-01",129,"BAWANG BESAR KUNING/HOLLAND","1kg","Perlis",439,24,34,4.00,4.00,0,0.00
"2025-07-01",129,"BAWANG BESAR KUNING/HOLLAND","1kg","Perlis",514,30,34,4.00,4.00,0,0.00
"2025-08-01",129,"BAWANG BESAR KUNING/HOLLAND","1kg","Perlis",515,30,30,3.99,3.99,0,0.00
"2025-09-01",129,"BAWANG BESAR KUNING/HOLLAND","1kg","Perlis",453,26,30,3.99,3.99,0,0.00
"2025-10-01",129,"BAWANG BESAR KUNING/HOLLAND","1kg","Perlis",508,30,30,3.99,3.99,0,0.00
"2025-11-01",129,"BAWANG BESAR KUNING/HOLLAND","1kg","Perlis",483,29,31,3.50,3.50,0,0.00
"2025-12-01",129,"BAWANG BESAR KUNING/HOLLAND","1kg","Perlis",490,30,29,3.50,3.50,0,0.00
"2023-01-01",129,"BAWANG BESAR KUNING/HOLLAND","1kg","Pulau Pinang",1849,27,77,4.95,4.95,0,0.00
"2023-02-01",129,"BAWANG BESAR KUNING/HOLLAND","1kg","Pulau Pinang",1730,25,77,5.00,5.00,0,0.00
"2023-03-01",129,"BAWANG BESAR KUNING/HOLLAND","1kg","Pulau Pinang",2070,31,74,5.00,5.00,0,0.00
"2023-04-01",129,"BAWANG BESAR KUNING/HOLLAND","1kg","Pulau Pinang",1620,25,73,5.00,5.00,0,0.00
"2023-05-01",129,"BAWANG BESAR KUNING/HOLLAND","1kg","Pulau Pinang",1531,24,74,5.00,5.00,0,0.00
"2023-06-01",129,"BAWANG BESAR KUNING/HOLLAND","1kg","Pulau Pinang",1920,28,76,5.80,5.80,0,0.00
"2023-07-01",129,"BAWANG BESAR KUNING/HOLLAND","1kg","Pulau Pinang",1879,28,76,5.99,5.99,0,0.00
"2023-08-01",129,"BAWANG BESAR KUNING/HOLLAND","1kg","Pulau Pinang",1851,28,74,5.99,5.99,0,0.00
"2023-09-01",129,"BAWANG BESAR KUNING/HOLLAND","1kg","Pulau Pinang",1731,27,73,5.90,5.90,0,0.00
"2023-10-01",129,"BAWANG BESAR KUNING/HOLLAND","1kg","Pulau Pinang",1921,30,75,5.90,5.90,0,0.00
"2023-11-01",129,"BAWANG BESAR KUNING/HOLLAND","1kg","Pulau Pinang",1733,26,76,5.59,5.59,0,0.00
"2023-12-01",129,"BAWANG BESAR KUNING/HOLLAND","1kg","Pulau Pinang",1568,24,77,5.00,5.00,0,0.00
"2024-01-01",129,"BAWANG BESAR KUNING/HOLLAND","1kg","Pulau Pinang",1966,30,77,5.49,5.49,0,0.00
"2024-02-01",129,"BAWANG BESAR KUNING/HOLLAND","1kg","Pulau Pinang",1688,26,77,5.49,5.49,0,0.00
"2024-03-01",129,"BAWANG BESAR KUNING/HOLLAND","1kg","Pulau Pinang",1670,27,75,5.50,5.50,0,0.00
"2024-04-01",129,"BAWANG BESAR KUNING/HOLLAND","1kg","Pulau Pinang",1868,28,82,5.00,5.00,0,0.00
"2024-05-01",129,"BAWANG BESAR KUNING/HOLLAND","1kg","Pulau Pinang",1980,29,80,5.90,5.90,8,0.00
"2024-06-01",129,"BAWANG BESAR KUNING/HOLLAND","1kg","Pulau Pinang",1873,28,79,5.99,5.99,2,0.00
"2024-07-01",129,"BAWANG BESAR KUNING/HOLLAND","1kg","Pulau Pinang",1857,27,84,5.00,5.00,0,0.00
"2024-08-01",129,"BAWANG BESAR KUNING/HOLLAND","1kg","Pulau Pinang",1758,25,87,5.00,5.00,0,0.00
"2024-09-01",129,"BAWANG BESAR KUNING/HOLLAND","1kg","Pulau Pinang",2068,29,85,5.00,5.00,0,0.00
"2024-10-01",129,"BAWANG BESAR KUNING/HOLLAND","1kg","Pulau Pinang",2064,30,85,5.00,5.00,0,0.00
"2024-11-01",129,"BAWANG BESAR KUNING/HOLLAND","1kg","Pulau Pinang",1954,28,85,5.00,5.00,0,0.00
"2024-12-01",129,"BAWANG BESAR KUNING/HOLLAND","1kg","Pulau Pinang",2102,30,85,4.50,4.50,0,0.00
"2025-01-01",129,"BAWANG BESAR KUNING/HOLLAND","1kg","Pulau Pinang",2030,29,88,4.50,4.50,0,0.00
"2025-02-01",129,"BAWANG BESAR KUNING/HOLLAND","1kg","Pulau Pinang",1702,25,86,4.50,4.50,0,0.00
"2025-03-01",129,"BAWANG BESAR KUNING/HOLLAND","1kg","Pulau Pinang",2021,29,86,4.49,4.49,0,0.00
"2025-04-01",129,"BAWANG BESAR KUNING/HOLLAND","1kg","Pulau Pinang",1953,28,86,4.00,4.00,0,0.00
"2025-05-01",129,"BAWANG BESAR KUNING/HOLLAND","1kg","Pulau Pinang",2026,29,84,4.00,4.00,0,0.00
"2025-06-01",129,"BAWANG BESAR KUNING/HOLLAND","1kg","Pulau Pinang",1863,26,84,4.30,4.30,0,0.00
"2025-07-01",129,"BAWANG BESAR KUNING/HOLLAND","1kg","Pulau Pinang",2043,28,103,4.00,4.00,0,0.00
"2025-08-01",129,"BAWANG BESAR KUNING/HOLLAND","1kg","Pulau Pinang",2392,30,123,4.00,4.00,0,0.00
"2025-09-01",129,"BAWANG BESAR KUNING/HOLLAND","1kg","Pulau Pinang",2049,26,126,4.00,4.00,0,0.00
"2025-10-01",129,"BAWANG BESAR KUNING/HOLLAND","1kg","Pulau Pinang",2355,30,127,4.00,4.00,0,0.00
"2025-11-01",129,"BAWANG BESAR KUNING/HOLLAND","1kg","Pulau Pinang",2305,30,125,4.00,4.00,0,0.00
"2025-12-01",129,"BAWANG BESAR KUNING/HOLLAND","1kg","Pulau Pinang",2372,30,129,4.00,4.00,0,0.00
"2023-01-01",129,"BAWANG BESAR KUNING/HOLLAND","1kg","Sabah",2490,27,134,5.00,5.00,0,0.00
"2023-02-01",129,"BAWANG BESAR KUNING/HOLLAND","1kg","Sabah",2453,27,133,5.50,5.50,0,0.00
"2023-03-01",129,"BAWANG BESAR KUNING/HOLLAND","1kg","Sabah",2808,31,134,5.99,5.99,0,0.00
"2023-04-01",129,"BAWANG BESAR KUNING/HOLLAND","1kg","Sabah",2206,25,133,6.00,6.00,0,0.00
"2023-05-01",129,"BAWANG BESAR KUNING/HOLLAND","1kg","Sabah",1808,22,131,6.00,6.00,0,0.00
"2023-06-01",129,"BAWANG BESAR KUNING/HOLLAND","1kg","Sabah",2313,28,122,7.50,7.50,0,0.00
"2023-07-01",129,"BAWANG BESAR KUNING/HOLLAND","1kg","Sabah",2483,30,126,7.50,7.50,0,0.00
"2023-08-01",129,"BAWANG BESAR KUNING/HOLLAND","1kg","Sabah",2469,29,129,7.00,7.00,0,0.00
"2023-09-01",129,"BAWANG BESAR KUNING/HOLLAND","1kg","Sabah",2404,28,131,7.00,7.00,0,0.00
"2023-10-01",129,"BAWANG BESAR KUNING/HOLLAND","1kg","Sabah",2645,30,130,6.99,6.99,1,0.00
"2023-11-01",129,"BAWANG BESAR KUNING/HOLLAND","1kg","Sabah",2392,27,131,6.50,6.50,0,0.00
"2023-12-01",129,"BAWANG BESAR KUNING/HOLLAND","1kg","Sabah",1956,23,132,6.00,6.00,0,0.00
"2024-01-01",129,"BAWANG BESAR KUNING/HOLLAND","1kg","Sabah",2631,31,132,5.90,5.90,0,0.00
"2024-02-01",129,"BAWANG BESAR KUNING/HOLLAND","1kg","Sabah",2408,27,133,5.90,5.90,0,0.00
"2024-03-01",129,"BAWANG BESAR KUNING/HOLLAND","1kg","Sabah",2403,27,134,5.99,5.99,0,0.00
"2024-04-01",129,"BAWANG BESAR KUNING/HOLLAND","1kg","Sabah",2554,28,135,5.99,5.99,0,0.00
"2024-05-01",129,"BAWANG BESAR KUNING/HOLLAND","1kg","Sabah",2515,28,133,5.99,5.99,0,0.00
"2024-06-01",129,"BAWANG BESAR KUNING/HOLLAND","1kg","Sabah",2406,28,128,5.99,5.99,0,0.00
"2024-07-01",129,"BAWANG BESAR KUNING/HOLLAND","1kg","Sabah",2579,29,130,5.99,5.99,0,0.00
"2024-08-01",129,"BAWANG BESAR KUNING/HOLLAND","1kg","Sabah",2251,26,131,5.99,5.99,0,0.00
"2024-09-01",129,"BAWANG BESAR KUNING/HOLLAND","1kg","Sabah",2740,29,133,5.99,5.99,0,0.00
"2024-10-01",129,"BAWANG BESAR KUNING/HOLLAND","1kg","Sabah",2694,30,135,5.99,5.99,0,0.00
"2024-11-01",129,"BAWANG BESAR KUNING/HOLLAND","1kg","Sabah",2436,28,135,5.95,5.95,0,0.00
"2024-12-01",129,"BAWANG BESAR KUNING/HOLLAND","1kg","Sabah",2513,29,130,5.50,5.50,0,0.00
"2025-01-01",129,"BAWANG BESAR KUNING/HOLLAND","1kg","Sabah",2589,29,129,5.50,5.50,0,0.00
"2025-02-01",129,"BAWANG BESAR KUNING/HOLLAND","1kg","Sabah",2276,26,129,5.50,5.50,0,0.00
"2025-03-01",129,"BAWANG BESAR KUNING/HOLLAND","1kg","Sabah",2801,30,142,4.99,4.99,0,0.00
"2025-04-01",129,"BAWANG BESAR KUNING/HOLLAND","1kg","Sabah",2401,27,135,4.99,4.99,0,0.00
"2025-05-01",129,"BAWANG BESAR KUNING/HOLLAND","1kg","Sabah",2691,27,139,4.90,4.90,0,0.00
"2025-06-01",129,"BAWANG BESAR KUNING/HOLLAND","1kg","Sabah",2451,27,143,4.90,4.90,0,0.00
"2025-07-01",129,"BAWANG BESAR KUNING/HOLLAND","1kg","Sabah",3334,30,192,4.99,4.99,0,0.00
"2025-08-01",129,"BAWANG BESAR KUNING/HOLLAND","1kg","Sabah",3571,31,200,4.99,4.99,0,0.00
"2025-09-01",129,"BAWANG BESAR KUNING/HOLLAND","1kg","Sabah",2912,27,174,4.99,4.99,1,0.00
"2025-10-01",129,"BAWANG BESAR KUNING/HOLLAND","1kg","Sabah",3340,30,176,4.90,4.90,0,0.00
"2025-11-01",129,"BAWANG BESAR KUNING/HOLLAND","1kg","Sabah",3195,28,174,4.90,4.90,1,0.00
"2025-12-01",129,"BAWANG BESAR KUNING/HOLLAND","1kg","Sabah",3101,29,175,4.40,4.40,1,0.00
"2023-01-01",129,"BAWANG BESAR KUNING/HOLLAND","1kg","Sarawak",2500,28,145,5.00,5.00,0,0.00
"2023-02-01",129,"BAWANG BESAR KUNING/HOLLAND","1kg","Sarawak",2478,27,140,5.00,5.00,0,0.00
"2023-03-01",129,"BAWANG BESAR KUNING/HOLLAND","1kg","Sarawak",2823,31,144,5.50,5.50,0,0.00
"2023-04-01",129,"BAWANG BESAR KUNING/HOLLAND","1kg","Sarawak",2290,25,142,5.50,5.50,0,0.00
"2023-05-01",129,"BAWANG BESAR KUNING/HOLLAND","1kg","Sarawak",1996,24,140,5.90,5.90,0,0.00
"2023-06-01",129,"BAWANG BESAR KUNING/HOLLAND","1kg","Sarawak",2174,26,140,6.50,6.50,0,0.00
"2023-07-01",129,"BAWANG BESAR KUNING/HOLLAND","1kg","Sarawak",2663,29,141,6.50,6.50,0,0.00
"2023-08-01",129,"BAWANG BESAR KUNING/HOLLAND","1kg","Sarawak",2526,29,137,6.50,6.50,0,0.00
"2023-09-01",129,"BAWANG BESAR KUNING/HOLLAND","1kg","Sarawak",2415,28,137,6.00,6.00,0,0.00
"2023-10-01",129,"BAWANG BESAR KUNING/HOLLAND","1kg","Sarawak",2630,29,142,5.99,5.99,0,0.00
"2023-11-01",129,"BAWANG BESAR KUNING/HOLLAND","1kg","Sarawak",2594,28,141,5.70,5.70,0,0.00
"2023-12-01",129,"BAWANG BESAR KUNING/HOLLAND","1kg","Sarawak",2128,24,140,5.20,5.20,2,0.00
"2024-01-01",129,"BAWANG BESAR KUNING/HOLLAND","1kg","Sarawak",2826,31,140,5.00,5.00,0,0.00
"2024-02-01",129,"BAWANG BESAR KUNING/HOLLAND","1kg","Sarawak",2352,26,144,5.00,5.00,0,0.00
"2024-03-01",129,"BAWANG BESAR KUNING/HOLLAND","1kg","Sarawak",2370,28,143,5.19,5.19,0,0.00
"2024-04-01",129,"BAWANG BESAR KUNING/HOLLAND","1kg","Sarawak",2423,28,143,5.49,5.49,0,0.00
"2024-05-01",129,"BAWANG BESAR KUNING/HOLLAND","1kg","Sarawak",2612,29,147,5.50,5.50,0,0.00
"2024-06-01",129,"BAWANG BESAR KUNING/HOLLAND","1kg","Sarawak",2259,25,146,5.50,5.50,0,0.00
"2024-07-01",129,"BAWANG BESAR KUNING/HOLLAND","1kg","Sarawak",2553,28,147,5.50,5.50,0,0.00
"2024-08-01",129,"BAWANG BESAR KUNING/HOLLAND","1kg","Sarawak",2244,26,143,5.00,5.00,2,0.00
"2024-09-01",129,"BAWANG BESAR KUNING/HOLLAND","1kg","Sarawak",2730,29,146,4.99,4.99,0,0.00
"2024-10-01",129,"BAWANG BESAR KUNING/HOLLAND","1kg","Sarawak",2691,30,143,4.99,4.99,0,0.00
"2024-11-01",129,"BAWANG BESAR KUNING/HOLLAND","1kg","Sarawak",2757,28,166,4.40,4.40,0,0.00
"2024-12-01",129,"BAWANG BESAR KUNING/HOLLAND","1kg","Sarawak",2981,30,163,3.99,3.99,1,0.00
"2025-01-01",129,"BAWANG BESAR KUNING/HOLLAND","1kg","Sarawak",2966,29,162,4.00,4.00,0,0.00
"2025-02-01",129,"BAWANG BESAR KUNING/HOLLAND","1kg","Sarawak",2680,26,165,3.99,3.99,0,0.00
"2025-03-01",129,"BAWANG BESAR KUNING/HOLLAND","1kg","Sarawak",3112,30,170,3.99,3.99,0,0.00
"2025-04-01",129,"BAWANG BESAR KUNING/HOLLAND","1kg","Sarawak",2712,27,169,3.99,3.99,0,0.00
"2025-05-01",129,"BAWANG BESAR KUNING/HOLLAND","1kg","Sarawak",2983,29,167,4.00,4.00,0,0.00
"2025-06-01",129,"BAWANG BESAR KUNING/HOLLAND","1kg","Sarawak",2418,24,165,4.20,4.20,0,0.00
"2025-07-01",129,"BAWANG BESAR KUNING/HOLLAND","1kg","Sarawak",3710,30,266,4.20,4.20,1,0.00
"2025-08-01",129,"BAWANG BESAR KUNING/HOLLAND","1kg","Sarawak",4362,30,222,4.50,4.50,0,0.00
"2025-09-01",129,"BAWANG BESAR KUNING/HOLLAND","1kg","Sarawak",3735,26,222,4.20,4.20,0,0.00
"2025-10-01",129,"BAWANG BESAR KUNING/HOLLAND","1kg","Sarawak",4325,31,223,3.99,3.99,0,0.00
"2025-11-01",129,"BAWANG BESAR KUNING/HOLLAND","1kg","Sarawak",4259,30,222,3.99,3.99,0,0.00
"2025-12-01",129,"BAWANG BESAR KUNING/HOLLAND","1kg","Sarawak",4268,30,222,3.90,3.90,0,0.00
"2023-01-01",129,"BAWANG BESAR KUNING/HOLLAND","1kg","Selangor",1980,27,84,4.59,4.59,0,0.00
"2023-02-01",129,"BAWANG BESAR KUNING/HOLLAND","1kg","Selangor",1811,25,84,4.89,4.89,0,0.00
"2023-03-01",129,"BAWANG BESAR KUNING/HOLLAND","1kg","Selangor",2262,31,84,4.90,4.90,0,0.00
"2023-04-01",129,"BAWANG BESAR KUNING/HOLLAND","1kg","Selangor",1805,25,84,4.95,4.95,0,0.00
"2023-05-01",129,"BAWANG BESAR KUNING/HOLLAND","1kg","Selangor",1617,24,84,4.99,4.99,0,0.00
"2023-06-01",129,"BAWANG BESAR KUNING/HOLLAND","1kg","Selangor",2010,28,85,5.89,5.89,0,0.00
"2023-07-01",129,"BAWANG BESAR KUNING/HOLLAND","1kg","Selangor",2190,30,83,5.90,5.90,0,0.00
"2023-08-01",129,"BAWANG BESAR KUNING/HOLLAND","1kg","Selangor",1972,29,84,5.90,5.90,0,0.00
"2023-09-01",129,"BAWANG BESAR KUNING/HOLLAND","1kg","Selangor",1818,27,80,5.79,5.79,0,0.00
"2023-10-01",129,"BAWANG BESAR KUNING/HOLLAND","1kg","Selangor",2057,30,81,4.89,4.89,0,0.00
"2023-11-01",129,"BAWANG BESAR KUNING/HOLLAND","1kg","Selangor",1779,26,80,4.49,4.49,0,0.00
"2023-12-01",129,"BAWANG BESAR KUNING/HOLLAND","1kg","Selangor",1554,24,80,4.49,4.49,0,0.00
"2024-01-01",129,"BAWANG BESAR KUNING/HOLLAND","1kg","Selangor",2007,30,82,4.69,4.69,0,0.00
"2024-02-01",129,"BAWANG BESAR KUNING/HOLLAND","1kg","Selangor",1762,26,81,4.50,4.50,0,0.00
"2024-03-01",129,"BAWANG BESAR KUNING/HOLLAND","1kg","Selangor",1745,27,80,4.99,4.99,0,0.00
"2024-04-01",129,"BAWANG BESAR KUNING/HOLLAND","1kg","Selangor",1909,28,80,4.99,4.99,0,0.00
"2024-05-01",129,"BAWANG BESAR KUNING/HOLLAND","1kg","Selangor",2034,29,80,4.99,4.99,12,0.00
"2024-06-01",129,"BAWANG BESAR KUNING/HOLLAND","1kg","Selangor",1883,28,80,5.00,5.00,7,0.00
"2024-07-01",129,"BAWANG BESAR KUNING/HOLLAND","1kg","Selangor",1923,28,81,4.99,4.99,0,0.00
"2024-08-01",129,"BAWANG BESAR KUNING/HOLLAND","1kg","Selangor",1712,25,79,4.50,4.50,0,0.00
"2024-09-01",129,"BAWANG BESAR KUNING/HOLLAND","1kg","Selangor",2003,29,79,4.10,4.10,0,0.00
"2024-10-01",129,"BAWANG BESAR KUNING/HOLLAND","1kg","Selangor",2032,30,79,3.99,3.99,0,0.00
"2024-11-01",129,"BAWANG BESAR KUNING/HOLLAND","1kg","Selangor",1912,28,81,3.99,3.99,0,0.00
"2024-12-01",129,"BAWANG BESAR KUNING/HOLLAND","1kg","Selangor",1986,30,81,3.99,3.99,0,0.00
"2025-01-01",129,"BAWANG BESAR KUNING/HOLLAND","1kg","Selangor",1976,29,82,3.50,3.50,0,0.00
"2025-02-01",129,"BAWANG BESAR KUNING/HOLLAND","1kg","Selangor",1688,25,82,3.69,3.69,1,0.00
"2025-03-01",129,"BAWANG BESAR KUNING/HOLLAND","1kg","Selangor",2002,29,82,3.50,3.50,0,0.00
"2025-04-01",129,"BAWANG BESAR KUNING/HOLLAND","1kg","Selangor",1878,28,81,3.99,3.99,0,0.00
"2025-05-01",129,"BAWANG BESAR KUNING/HOLLAND","1kg","Selangor",2037,29,84,3.50,3.50,0,0.00
"2025-06-01",129,"BAWANG BESAR KUNING/HOLLAND","1kg","Selangor",1789,26,85,3.99,3.99,0,0.00
"2025-07-01",129,"BAWANG BESAR KUNING/HOLLAND","1kg","Selangor",2268,30,121,3.80,3.80,0,0.00
"2025-08-01",129,"BAWANG BESAR KUNING/HOLLAND","1kg","Selangor",2564,30,122,3.50,3.50,0,0.00
"2025-09-01",129,"BAWANG BESAR KUNING/HOLLAND","1kg","Selangor",2228,26,123,3.00,3.00,0,0.00
"2025-10-01",129,"BAWANG BESAR KUNING/HOLLAND","1kg","Selangor",2529,30,123,3.00,3.00,1,0.00
"2025-11-01",129,"BAWANG BESAR KUNING/HOLLAND","1kg","Selangor",2363,29,120,3.50,3.50,0,0.00
"2025-12-01",129,"BAWANG BESAR KUNING/HOLLAND","1kg","Selangor",2362,30,119,3.50,3.50,0,0.00
"2023-01-01",129,"BAWANG BESAR KUNING/HOLLAND","1kg","Terengganu",1771,29,106,4.90,4.90,0,0.00
"2023-02-01",129,"BAWANG BESAR KUNING/HOLLAND","1kg","Terengganu",1500,25,106,4.95,4.95,0,0.00
"2023-03-01",129,"BAWANG BESAR KUNING/HOLLAND","1kg","Terengganu",1720,29,106,4.99,4.99,0,0.00
"2023-04-01",129,"BAWANG BESAR KUNING/HOLLAND","1kg","Terengganu",1407,24,105,4.99,4.99,0,0.00
"2023-05-01",129,"BAWANG BESAR KUNING/HOLLAND","1kg","Terengganu",1350,24,104,5.00,5.00,0,0.00
"2023-06-01",129,"BAWANG BESAR KUNING/HOLLAND","1kg","Terengganu",1525,26,105,5.00,5.00,0,0.00
"2023-07-01",129,"BAWANG BESAR KUNING/HOLLAND","1kg","Terengganu",1769,30,105,5.00,5.00,0,0.00
"2023-08-01",129,"BAWANG BESAR KUNING/HOLLAND","1kg","Terengganu",1594,27,105,5.00,5.00,0,0.00
"2023-09-01",129,"BAWANG BESAR KUNING/HOLLAND","1kg","Terengganu",1558,26,105,5.19,5.19,0,0.00
"2023-10-01",129,"BAWANG BESAR KUNING/HOLLAND","1kg","Terengganu",1761,30,106,5.00,5.00,0,0.00
"2023-11-01",129,"BAWANG BESAR KUNING/HOLLAND","1kg","Terengganu",1605,27,106,5.00,5.00,0,0.00
"2023-12-01",129,"BAWANG BESAR KUNING/HOLLAND","1kg","Terengganu",1423,24,107,5.00,5.00,0,0.00
"2024-01-01",129,"BAWANG BESAR KUNING/HOLLAND","1kg","Terengganu",1769,31,104,5.00,5.00,0,0.00
"2024-02-01",129,"BAWANG BESAR KUNING/HOLLAND","1kg","Terengganu",1453,25,104,5.00,5.00,0,0.00
"2024-03-01",129,"BAWANG BESAR KUNING/HOLLAND","1kg","Terengganu",1449,26,103,5.00,5.00,0,0.00
"2024-04-01",129,"BAWANG BESAR KUNING/HOLLAND","1kg","Terengganu",1638,27,107,5.00,5.00,0,0.00
"2024-05-01",129,"BAWANG BESAR KUNING/HOLLAND","1kg","Terengganu",1800,29,106,5.00,5.00,15,0.00
"2024-06-01",129,"BAWANG BESAR KUNING/HOLLAND","1kg","Terengganu",1530,26,107,5.00,5.00,4,0.00
"2024-07-01",129,"BAWANG BESAR KUNING/HOLLAND","1kg","Terengganu",1836,29,107,5.00,5.00,0,0.00
"2024-08-01",129,"BAWANG BESAR KUNING/HOLLAND","1kg","Terengganu",1494,25,110,4.99,4.99,0,0.00
"2024-09-01",129,"BAWANG BESAR KUNING/HOLLAND","1kg","Terengganu",1753,28,111,4.99,4.99,0,0.00
"2024-10-01",129,"BAWANG BESAR KUNING/HOLLAND","1kg","Terengganu",1811,30,106,4.50,4.50,0,0.00
"2024-11-01",129,"BAWANG BESAR KUNING/HOLLAND","1kg","Terengganu",1663,28,107,4.69,4.69,0,0.00
"2024-12-01",129,"BAWANG BESAR KUNING/HOLLAND","1kg","Terengganu",1775,30,109,4.00,4.00,0,0.00
"2025-01-01",129,"BAWANG BESAR KUNING/HOLLAND","1kg","Terengganu",1737,28,108,3.99,3.99,0,0.00
"2025-02-01",129,"BAWANG BESAR KUNING/HOLLAND","1kg","Terengganu",1593,26,109,3.99,3.99,0,0.00
"2025-03-01",129,"BAWANG BESAR KUNING/HOLLAND","1kg","Terengganu",1706,27,110,3.99,3.99,0,0.00
"2025-04-01",129,"BAWANG BESAR KUNING/HOLLAND","1kg","Terengganu",1631,27,110,3.99,3.99,0,0.00
"2025-05-01",129,"BAWANG BESAR KUNING/HOLLAND","1kg","Terengganu",1801,29,110,3.99,3.99,0,0.00
"2025-06-01",129,"BAWANG BESAR KUNING/HOLLAND","1kg","Terengganu",1444,23,111,3.99,3.99,0,0.00
"2025-07-01",129,"BAWANG BESAR KUNING/HOLLAND","1kg","Terengganu",1895,30,151,3.99,3.99,0,0.00
"2025-08-01",129,"BAWANG BESAR KUNING/HOLLAND","1kg","Terengganu",2009,30,132,3.75,3.75,0,0.00
"2025-09-01",129,"BAWANG BESAR KUNING/HOLLAND","1kg","Terengganu",1781,27,131,3.50,3.50,0,0.00
"2025-10-01",129,"BAWANG BESAR KUNING/HOLLAND","1kg","Terengganu",1939,30,133,3.50,3.50,0,0.00
"2025-11-01",129,"BAWANG BESAR KUNING/HOLLAND","1kg","Terengganu",1885,30,133,3.50,3.50,0,0.00
"2025-12-01",129,"BAWANG BESAR KUNING/HOLLAND","1kg","Terengganu",1931,30,134,3.50,3.50,0,0.00
"2024-02-01",129,"BAWANG BESAR KUNING/HOLLAND","1kg","Unknown",3,3,1,4.80,4.80,0,0.00
"2023-01-01",129,"BAWANG BESAR KUNING/HOLLAND","1kg","W.P. Kuala Lumpur",2129,27,102,4.90,4.90,0,0.00
"2023-02-01",129,"BAWANG BESAR KUNING/HOLLAND","1kg","W.P. Kuala Lumpur",1853,24,100,4.95,4.95,0,0.00
"2023-03-01",129,"BAWANG BESAR KUNING/HOLLAND","1kg","W.P. Kuala Lumpur",2386,31,101,4.99,4.99,0,0.00
"2023-04-01",129,"BAWANG BESAR KUNING/HOLLAND","1kg","W.P. Kuala Lumpur",1948,25,101,5.00,5.00,0,0.00
"2023-05-01",129,"BAWANG BESAR KUNING/HOLLAND","1kg","W.P. Kuala Lumpur",1751,24,100,5.70,5.70,0,0.00
"2023-06-01",129,"BAWANG BESAR KUNING/HOLLAND","1kg","W.P. Kuala Lumpur",2150,28,103,5.90,5.90,0,0.00
"2023-07-01",129,"BAWANG BESAR KUNING/HOLLAND","1kg","W.P. Kuala Lumpur",2301,30,100,5.99,5.99,0,0.00
"2023-08-01",129,"BAWANG BESAR KUNING/HOLLAND","1kg","W.P. Kuala Lumpur",2212,29,100,5.99,5.99,0,0.00
"2023-09-01",129,"BAWANG BESAR KUNING/HOLLAND","1kg","W.P. Kuala Lumpur",2028,27,99,5.89,5.89,0,0.00
"2023-10-01",129,"BAWANG BESAR KUNING/HOLLAND","1kg","W.P. Kuala Lumpur",2228,30,100,5.69,5.69,0,0.00
"2023-11-01",129,"BAWANG BESAR KUNING/HOLLAND","1kg","W.P. Kuala Lumpur",2013,26,100,5.00,5.00,0,0.00
"2023-12-01",129,"BAWANG BESAR KUNING/HOLLAND","1kg","W.P. Kuala Lumpur",1864,24,102,4.99,4.99,0,0.00
"2024-01-01",129,"BAWANG BESAR KUNING/HOLLAND","1kg","W.P. Kuala Lumpur",2306,30,100,5.00,5.00,0,0.00
"2024-02-01",129,"BAWANG BESAR KUNING/HOLLAND","1kg","W.P. Kuala Lumpur",1907,25,102,4.99,4.99,0,0.00
"2024-03-01",129,"BAWANG BESAR KUNING/HOLLAND","1kg","W.P. Kuala Lumpur",1930,27,102,4.99,4.99,0,0.00
"2024-04-01",129,"BAWANG BESAR KUNING/HOLLAND","1kg","W.P. Kuala Lumpur",2156,28,108,5.00,5.00,0,0.00
"2024-05-01",129,"BAWANG BESAR KUNING/HOLLAND","1kg","W.P. Kuala Lumpur",2507,29,116,5.49,5.49,0,0.00
"2024-06-01",129,"BAWANG BESAR KUNING/HOLLAND","1kg","W.P. Kuala Lumpur",2495,28,116,5.50,5.50,0,0.00
"2024-07-01",129,"BAWANG BESAR KUNING/HOLLAND","1kg","W.P. Kuala Lumpur",2590,28,119,5.00,5.00,0,0.00
"2024-08-01",129,"BAWANG BESAR KUNING/HOLLAND","1kg","W.P. Kuala Lumpur",2319,25,119,4.99,4.99,0,0.00
"2024-09-01",129,"BAWANG BESAR KUNING/HOLLAND","1kg","W.P. Kuala Lumpur",2720,29,119,4.70,4.70,0,0.00
"2024-10-01",129,"BAWANG BESAR KUNING/HOLLAND","1kg","W.P. Kuala Lumpur",2755,30,119,4.50,4.50,0,0.00
"2024-11-01",129,"BAWANG BESAR KUNING/HOLLAND","1kg","W.P. Kuala Lumpur",2602,28,118,4.00,4.00,0,0.00
"2024-12-01",129,"BAWANG BESAR KUNING/HOLLAND","1kg","W.P. Kuala Lumpur",2791,30,121,3.99,3.99,0,0.00
"2025-01-01",129,"BAWANG BESAR KUNING/HOLLAND","1kg","W.P. Kuala Lumpur",2738,29,122,3.75,3.75,0,0.00
"2025-02-01",129,"BAWANG BESAR KUNING/HOLLAND","1kg","W.P. Kuala Lumpur",2275,24,123,3.75,3.75,0,0.00
"2025-03-01",129,"BAWANG BESAR KUNING/HOLLAND","1kg","W.P. Kuala Lumpur",2753,29,124,3.55,3.55,0,0.00
"2025-04-01",129,"BAWANG BESAR KUNING/HOLLAND","1kg","W.P. Kuala Lumpur",2607,28,124,3.99,3.99,0,0.00
"2025-05-01",129,"BAWANG BESAR KUNING/HOLLAND","1kg","W.P. Kuala Lumpur",2757,29,119,4.00,4.00,0,0.00
"2025-06-01",129,"BAWANG BESAR KUNING/HOLLAND","1kg","W.P. Kuala Lumpur",2422,26,119,4.00,4.00,0,0.00
"2025-07-01",129,"BAWANG BESAR KUNING/HOLLAND","1kg","W.P. Kuala Lumpur",3399,30,181,4.00,4.00,0,0.00
"2025-08-01",129,"BAWANG BESAR KUNING/HOLLAND","1kg","W.P. Kuala Lumpur",3937,30,162,3.99,3.99,0,0.00
"2025-09-01",129,"BAWANG BESAR KUNING/HOLLAND","1kg","W.P. Kuala Lumpur",3382,26,160,3.50,3.50,0,0.00
"2025-10-01",129,"BAWANG BESAR KUNING/HOLLAND","1kg","W.P. Kuala Lumpur",3864,30,161,3.39,3.39,1,0.00
"2025-11-01",129,"BAWANG BESAR KUNING/HOLLAND","1kg","W.P. Kuala Lumpur",3774,30,165,3.50,3.50,1,0.00
"2025-12-01",129,"BAWANG BESAR KUNING/HOLLAND","1kg","W.P. Kuala Lumpur",3924,30,165,3.50,3.50,1,0.00
"2023-01-01",129,"BAWANG BESAR KUNING/HOLLAND","1kg","W.P. Labuan",303,27,14,5.60,5.60,0,0.00
"2023-02-01",129,"BAWANG BESAR KUNING/HOLLAND","1kg","W.P. Labuan",301,26,14,5.60,5.60,0,0.00
"2023-03-01",129,"BAWANG BESAR KUNING/HOLLAND","1kg","W.P. Labuan",348,31,14,5.90,5.90,0,0.00
"2023-04-01",129,"BAWANG BESAR KUNING/HOLLAND","1kg","W.P. Labuan",268,25,14,6.00,6.00,0,0.00
"2023-05-01",129,"BAWANG BESAR KUNING/HOLLAND","1kg","W.P. Labuan",236,22,14,7.60,7.60,0,0.00
"2023-06-01",129,"BAWANG BESAR KUNING/HOLLAND","1kg","W.P. Labuan",309,28,14,8.20,8.20,0,0.00
"2023-07-01",129,"BAWANG BESAR KUNING/HOLLAND","1kg","W.P. Labuan",353,30,14,7.50,7.50,0,0.00
"2023-08-01",129,"BAWANG BESAR KUNING/HOLLAND","1kg","W.P. Labuan",339,29,14,7.50,7.50,0,0.00
"2023-09-01",129,"BAWANG BESAR KUNING/HOLLAND","1kg","W.P. Labuan",314,27,14,7.50,7.50,0,0.00
"2023-10-01",129,"BAWANG BESAR KUNING/HOLLAND","1kg","W.P. Labuan",360,30,14,7.00,7.00,0,0.00
"2023-11-01",129,"BAWANG BESAR KUNING/HOLLAND","1kg","W.P. Labuan",294,26,14,6.90,6.90,0,0.00
"2023-12-01",129,"BAWANG BESAR KUNING/HOLLAND","1kg","W.P. Labuan",288,24,14,6.00,6.00,0,0.00
"2024-01-01",129,"BAWANG BESAR KUNING/HOLLAND","1kg","W.P. Labuan",361,31,14,6.00,6.00,0,0.00
"2024-02-01",129,"BAWANG BESAR KUNING/HOLLAND","1kg","W.P. Labuan",269,25,14,6.10,6.10,0,0.00
"2024-03-01",129,"BAWANG BESAR KUNING/HOLLAND","1kg","W.P. Labuan",296,27,14,6.00,6.00,0,0.00
"2024-04-01",129,"BAWANG BESAR KUNING/HOLLAND","1kg","W.P. Labuan",335,28,14,6.00,6.00,0,0.00
"2024-05-01",129,"BAWANG BESAR KUNING/HOLLAND","1kg","W.P. Labuan",308,27,14,6.00,6.00,0,0.00
"2024-06-01",129,"BAWANG BESAR KUNING/HOLLAND","1kg","W.P. Labuan",330,28,14,6.20,6.20,0,0.00
"2024-07-01",129,"BAWANG BESAR KUNING/HOLLAND","1kg","W.P. Labuan",329,28,14,5.90,5.90,0,0.00
"2024-08-01",129,"BAWANG BESAR KUNING/HOLLAND","1kg","W.P. Labuan",299,25,14,5.90,5.90,0,0.00
"2024-09-01",129,"BAWANG BESAR KUNING/HOLLAND","1kg","W.P. Labuan",349,29,14,5.90,5.90,0,0.00
"2024-10-01",129,"BAWANG BESAR KUNING/HOLLAND","1kg","W.P. Labuan",334,30,14,4.90,4.90,0,0.00
"2024-11-01",129,"BAWANG BESAR KUNING/HOLLAND","1kg","W.P. Labuan",326,28,14,4.90,4.90,0,0.00
"2024-12-01",129,"BAWANG BESAR KUNING/HOLLAND","1kg","W.P. Labuan",334,30,14,4.90,4.90,0,0.00
"2025-01-01",129,"BAWANG BESAR KUNING/HOLLAND","1kg","W.P. Labuan",303,29,14,4.50,4.50,0,0.00
"2025-02-01",129,"BAWANG BESAR KUNING/HOLLAND","1kg","W.P. Labuan",265,25,13,4.00,4.00,0,0.00
"2025-03-01",129,"BAWANG BESAR KUNING/HOLLAND","1kg","W.P. Labuan",313,29,13,4.50,4.50,0,0.00
"2025-04-01",129,"BAWANG BESAR KUNING/HOLLAND","1kg","W.P. Labuan",294,28,13,4.00,4.00,0,0.00
"2025-05-01",129,"BAWANG BESAR KUNING/HOLLAND","1kg","W.P. Labuan",293,27,13,4.50,4.50,0,0.00
"2025-06-01",129,"BAWANG BESAR KUNING/HOLLAND","1kg","W.P. Labuan",275,26,13,4.50,4.50,0,0.00
"2025-07-01",129,"BAWANG BESAR KUNING/HOLLAND","1kg","W.P. Labuan",345,30,14,5.00,5.00,0,0.00
"2025-08-01",129,"BAWANG BESAR KUNING/HOLLAND","1kg","W.P. Labuan",362,30,14,5.00,5.00,0,0.00
"2025-09-01",129,"BAWANG BESAR KUNING/HOLLAND","1kg","W.P. Labuan",309,26,14,4.50,4.50,0,0.00
"2025-10-01",129,"BAWANG BESAR KUNING/HOLLAND","1kg","W.P. Labuan",343,30,14,4.50,4.50,0,0.00
"2025-11-01",129,"BAWANG BESAR KUNING/HOLLAND","1kg","W.P. Labuan",331,29,14,4.00,4.00,0,0.00
"2025-12-01",129,"BAWANG BESAR KUNING/HOLLAND","1kg","W.P. Labuan",322,30,14,3.90,3.90,0,0.00
"2023-01-01",129,"BAWANG BESAR KUNING/HOLLAND","1kg","W.P. Putrajaya",242,27,18,4.50,4.50,0,0.00
"2023-02-01",129,"BAWANG BESAR KUNING/HOLLAND","1kg","W.P. Putrajaya",211,24,19,4.59,4.59,0,0.00
"2023-03-01",129,"BAWANG BESAR KUNING/HOLLAND","1kg","W.P. Putrajaya",257,31,18,4.50,4.50,0,0.00
"2023-04-01",129,"BAWANG BESAR KUNING/HOLLAND","1kg","W.P. Putrajaya",226,25,19,4.90,4.90,0,0.00
"2023-05-01",129,"BAWANG BESAR KUNING/HOLLAND","1kg","W.P. Putrajaya",199,24,18,4.99,4.99,0,0.00
"2023-06-01",129,"BAWANG BESAR KUNING/HOLLAND","1kg","W.P. Putrajaya",244,28,19,5.69,5.69,0,0.00
"2023-07-01",129,"BAWANG BESAR KUNING/HOLLAND","1kg","W.P. Putrajaya",278,30,19,5.90,5.90,0,0.00
"2023-08-01",129,"BAWANG BESAR KUNING/HOLLAND","1kg","W.P. Putrajaya",271,29,19,5.89,5.89,0,0.00
"2023-09-01",129,"BAWANG BESAR KUNING/HOLLAND","1kg","W.P. Putrajaya",247,27,19,5.89,5.89,0,0.00
"2023-10-01",129,"BAWANG BESAR KUNING/HOLLAND","1kg","W.P. Putrajaya",295,30,19,5.89,5.89,0,0.00
"2023-11-01",129,"BAWANG BESAR KUNING/HOLLAND","1kg","W.P. Putrajaya",229,26,19,4.99,4.99,0,0.00
"2023-12-01",129,"BAWANG BESAR KUNING/HOLLAND","1kg","W.P. Putrajaya",202,24,18,4.59,4.59,0,0.00
"2024-01-01",129,"BAWANG BESAR KUNING/HOLLAND","1kg","W.P. Putrajaya",274,30,18,5.00,5.00,0,0.00
"2024-02-01",129,"BAWANG BESAR KUNING/HOLLAND","1kg","W.P. Putrajaya",229,25,19,4.99,4.99,0,0.00
"2024-03-01",129,"BAWANG BESAR KUNING/HOLLAND","1kg","W.P. Putrajaya",256,27,21,5.00,5.00,0,0.00
"2024-04-01",129,"BAWANG BESAR KUNING/HOLLAND","1kg","W.P. Putrajaya",281,28,21,5.00,5.00,0,0.00
"2024-05-01",129,"BAWANG BESAR KUNING/HOLLAND","1kg","W.P. Putrajaya",306,29,21,5.00,5.00,8,0.00
"2024-06-01",129,"BAWANG BESAR KUNING/HOLLAND","1kg","W.P. Putrajaya",282,28,21,5.00,5.00,1,0.00
"2024-07-01",129,"BAWANG BESAR KUNING/HOLLAND","1kg","W.P. Putrajaya",300,28,20,5.00,5.00,0,0.00
"2024-08-01",129,"BAWANG BESAR KUNING/HOLLAND","1kg","W.P. Putrajaya",259,25,20,4.99,4.99,0,0.00
"2024-09-01",129,"BAWANG BESAR KUNING/HOLLAND","1kg","W.P. Putrajaya",311,29,21,4.99,4.99,0,0.00
"2024-10-01",129,"BAWANG BESAR KUNING/HOLLAND","1kg","W.P. Putrajaya",309,30,20,4.00,4.00,0,0.00
"2024-11-01",129,"BAWANG BESAR KUNING/HOLLAND","1kg","W.P. Putrajaya",294,28,20,4.00,4.00,0,0.00
"2024-12-01",129,"BAWANG BESAR KUNING/HOLLAND","1kg","W.P. Putrajaya",280,30,20,3.99,3.99,0,0.00
"2025-01-01",129,"BAWANG BESAR KUNING/HOLLAND","1kg","W.P. Putrajaya",287,29,20,3.99,3.99,0,0.00
"2025-02-01",129,"BAWANG BESAR KUNING/HOLLAND","1kg","W.P. Putrajaya",255,24,20,4.45,4.45,0,0.00
"2025-03-01",129,"BAWANG BESAR KUNING/HOLLAND","1kg","W.P. Putrajaya",312,29,21,3.65,3.65,0,0.00
"2025-04-01",129,"BAWANG BESAR KUNING/HOLLAND","1kg","W.P. Putrajaya",281,28,20,3.90,3.90,0,0.00
"2025-05-01",129,"BAWANG BESAR KUNING/HOLLAND","1kg","W.P. Putrajaya",312,29,21,3.90,3.90,0,0.00
"2025-06-01",129,"BAWANG BESAR KUNING/HOLLAND","1kg","W.P. Putrajaya",275,26,21,3.99,3.99,0,0.00
"2025-07-01",129,"BAWANG BESAR KUNING/HOLLAND","1kg","W.P. Putrajaya",364,30,27,3.99,3.99,0,0.00
"2025-08-01",129,"BAWANG BESAR KUNING/HOLLAND","1kg","W.P. Putrajaya",445,30,27,3.99,3.99,0,0.00
"2025-09-01",129,"BAWANG BESAR KUNING/HOLLAND","1kg","W.P. Putrajaya",387,26,27,3.99,3.99,0,0.00
"2025-10-01",129,"BAWANG BESAR KUNING/HOLLAND","1kg","W.P. Putrajaya",489,30,27,3.99,3.99,0,0.00
"2025-11-01",129,"BAWANG BESAR KUNING/HOLLAND","1kg","W.P. Putrajaya",474,29,28,3.70,3.70,0,0.00
"2025-12-01",129,"BAWANG BESAR KUNING/HOLLAND","1kg","W.P. Putrajaya",498,30,28,3.50,3.50,0,0.00
"2023-01-01",193,"SARDIN CAP KING CUP (SOS TOMATO)","425 g","Johor",143,5,31,8.30,8.30,0,0.00
"2023-02-01",193,"SARDIN CAP KING CUP (SOS TOMATO)","425 g","Johor",113,5,30,8.35,8.35,0,0.00
"2023-03-01",193,"SARDIN CAP KING CUP (SOS TOMATO)","425 g","Johor",106,4,31,8.56,8.56,0,0.00
"2023-04-01",193,"SARDIN CAP KING CUP (SOS TOMATO)","425 g","Johor",145,6,32,8.56,8.56,0,0.00
"2023-05-01",193,"SARDIN CAP KING CUP (SOS TOMATO)","425 g","Johor",115,5,29,8.35,8.35,0,0.00
"2023-06-01",193,"SARDIN CAP KING CUP (SOS TOMATO)","425 g","Johor",122,4,31,8.35,8.35,0,0.00
"2023-07-01",193,"SARDIN CAP KING CUP (SOS TOMATO)","425 g","Johor",154,6,32,8.30,8.30,0,0.00
"2023-08-01",193,"SARDIN CAP KING CUP (SOS TOMATO)","425 g","Johor",121,5,32,8.30,8.30,0,0.00
"2023-09-01",193,"SARDIN CAP KING CUP (SOS TOMATO)","425 g","Johor",118,4,33,8.30,8.30,0,0.00
"2023-10-01",193,"SARDIN CAP KING CUP (SOS TOMATO)","425 g","Johor",143,5,31,8.30,8.30,0,0.00
"2023-11-01",193,"SARDIN CAP KING CUP (SOS TOMATO)","425 g","Johor",123,4,32,8.30,8.30,0,0.00
"2023-12-01",193,"SARDIN CAP KING CUP (SOS TOMATO)","425 g","Johor",123,4,32,8.30,8.30,0,0.00
"2024-01-01",193,"SARDIN CAP KING CUP (SOS TOMATO)","425 g","Johor",160,6,34,8.30,8.30,0,0.00
"2024-02-01",193,"SARDIN CAP KING CUP (SOS TOMATO)","425 g","Johor",147,4,39,8.30,8.30,0,0.00
"2024-03-01",193,"SARDIN CAP KING CUP (SOS TOMATO)","425 g","Johor",138,5,41,8.40,8.40,0,0.00
"2024-04-01",193,"SARDIN CAP KING CUP (SOS TOMATO)","425 g","Johor",190,8,40,8.40,8.40,0,0.00
"2024-05-01",193,"SARDIN CAP KING CUP (SOS TOMATO)","425 g","Johor",191,7,43,8.39,8.39,0,0.00
"2024-06-01",193,"SARDIN CAP KING CUP (SOS TOMATO)","425 g","Johor",115,3,40,8.40,8.40,0,0.00
"2024-07-01",193,"SARDIN CAP KING CUP (SOS TOMATO)","425 g","Johor",193,5,41,8.39,8.39,0,0.00
"2024-08-01",193,"SARDIN CAP KING CUP (SOS TOMATO)","425 g","Johor",128,3,46,8.40,8.40,0,0.00
"2024-09-01",193,"SARDIN CAP KING CUP (SOS TOMATO)","425 g","Johor",222,5,47,8.40,8.40,0,0.00
"2024-10-01",193,"SARDIN CAP KING CUP (SOS TOMATO)","425 g","Johor",184,4,47,8.59,8.59,0,0.00
"2024-11-01",193,"SARDIN CAP KING CUP (SOS TOMATO)","425 g","Johor",180,4,49,8.40,8.40,0,0.00
"2024-12-01",193,"SARDIN CAP KING CUP (SOS TOMATO)","425 g","Johor",187,4,49,8.40,8.40,0,0.00
"2025-01-01",193,"SARDIN CAP KING CUP (SOS TOMATO)","425 g","Johor",234,5,49,8.40,8.40,0,0.00
"2025-02-01",193,"SARDIN CAP KING CUP (SOS TOMATO)","425 g","Johor",228,5,47,8.90,8.90,0,0.00
"2025-03-01",193,"SARDIN CAP KING CUP (SOS TOMATO)","425 g","Johor",180,4,48,8.80,8.80,0,0.00
"2025-04-01",193,"SARDIN CAP KING CUP (SOS TOMATO)","425 g","Johor",162,4,44,8.88,8.88,0,0.00
"2025-05-01",193,"SARDIN CAP KING CUP (SOS TOMATO)","425 g","Johor",193,7,47,8.90,8.90,0,0.00
"2025-06-01",193,"SARDIN CAP KING CUP (SOS TOMATO)","425 g","Johor",173,7,47,8.90,8.90,0,0.00
"2025-07-01",193,"SARDIN CAP KING CUP (SOS TOMATO)","425 g","Johor",187,7,60,8.85,8.85,0,0.00
"2025-08-01",193,"SARDIN CAP KING CUP (SOS TOMATO)","425 g","Johor",243,5,52,8.85,8.85,0,0.00
"2025-09-01",193,"SARDIN CAP KING CUP (SOS TOMATO)","425 g","Johor",188,4,52,8.95,8.95,0,0.00
"2025-10-01",193,"SARDIN CAP KING CUP (SOS TOMATO)","425 g","Johor",202,4,54,8.95,8.95,0,0.00
"2025-11-01",193,"SARDIN CAP KING CUP (SOS TOMATO)","425 g","Johor",200,4,56,8.95,8.95,0,0.00
"2025-12-01",193,"SARDIN CAP KING CUP (SOS TOMATO)","425 g","Johor",205,4,53,8.95,8.95,0,0.00
"2023-01-01",193,"SARDIN CAP KING CUP (SOS TOMATO)","425 g","Kedah",405,5,86,8.50,8.50,0,0.00
"2023-02-01",193,"SARDIN CAP KING CUP (SOS TOMATO)","425 g","Kedah",320,4,87,8.50,8.50,0,0.00
"2023-03-01",193,"SARDIN CAP KING CUP (SOS TOMATO)","425 g","Kedah",313,4,85,8.50,8.50,0,0.00
"2023-04-01",193,"SARDIN CAP KING CUP (SOS TOMATO)","425 g","Kedah",393,6,81,8.50,8.50,0,0.00
"2023-05-01",193,"SARDIN CAP KING CUP (SOS TOMATO)","425 g","Kedah",306,4,80,8.50,8.50,0,0.00
"2023-06-01",193,"SARDIN CAP KING CUP (SOS TOMATO)","425 g","Kedah",305,5,81,8.50,8.50,0,0.00
"2023-07-01",193,"SARDIN CAP KING CUP (SOS TOMATO)","425 g","Kedah",383,5,82,8.50,8.50,0,0.00
"2023-08-01",193,"SARDIN CAP KING CUP (SOS TOMATO)","425 g","Kedah",316,4,83,8.50,8.50,0,0.00
"2023-09-01",193,"SARDIN CAP KING CUP (SOS TOMATO)","425 g","Kedah",324,5,86,8.50,8.50,0,0.00
"2023-10-01",193,"SARDIN CAP KING CUP (SOS TOMATO)","425 g","Kedah",405,5,85,8.50,8.50,0,0.00
"2023-11-01",193,"SARDIN CAP KING CUP (SOS TOMATO)","425 g","Kedah",319,4,83,8.50,8.50,0,0.00
"2023-12-01",193,"SARDIN CAP KING CUP (SOS TOMATO)","425 g","Kedah",330,5,86,8.50,8.50,0,0.00
"2024-01-01",193,"SARDIN CAP KING CUP (SOS TOMATO)","425 g","Kedah",406,6,86,8.50,8.50,0,0.00
"2024-02-01",193,"SARDIN CAP KING CUP (SOS TOMATO)","425 g","Kedah",321,4,86,8.50,8.50,0,0.00
"2024-03-01",193,"SARDIN CAP KING CUP (SOS TOMATO)","425 g","Kedah",326,5,85,8.50,8.50,0,0.00
"2024-04-01",193,"SARDIN CAP KING CUP (SOS TOMATO)","425 g","Kedah",403,5,85,8.50,8.50,0,0.00
"2024-05-01",193,"SARDIN CAP KING CUP (SOS TOMATO)","425 g","Kedah",405,6,85,8.50,8.50,0,0.00
"2024-06-01",193,"SARDIN CAP KING CUP (SOS TOMATO)","425 g","Kedah",244,3,85,8.50,8.50,0,0.00
"2024-07-01",193,"SARDIN CAP KING CUP (SOS TOMATO)","425 g","Kedah",421,5,87,8.50,8.50,0,0.00
"2024-08-01",193,"SARDIN CAP KING CUP (SOS TOMATO)","425 g","Kedah",257,5,88,8.50,8.50,0,0.00
"2024-09-01",193,"SARDIN CAP KING CUP (SOS TOMATO)","425 g","Kedah",413,5,89,8.50,8.50,0,0.00
"2024-10-01",193,"SARDIN CAP KING CUP (SOS TOMATO)","425 g","Kedah",336,4,88,8.50,8.50,0,0.00
"2024-11-01",193,"SARDIN CAP KING CUP (SOS TOMATO)","425 g","Kedah",330,4,87,8.50,8.50,0,0.00
"2024-12-01",193,"SARDIN CAP KING CUP (SOS TOMATO)","425 g","Kedah",322,4,85,8.50,8.50,0,0.00
"2025-01-01",193,"SARDIN CAP KING CUP (SOS TOMATO)","425 g","Kedah",399,5,84,8.50,8.50,0,0.00
"2025-02-01",193,"SARDIN CAP KING CUP (SOS TOMATO)","425 g","Kedah",317,4,82,8.50,8.50,0,0.00
"2025-03-01",193,"SARDIN CAP KING CUP (SOS TOMATO)","425 g","Kedah",404,5,85,8.50,8.50,0,0.00
"2025-04-01",193,"SARDIN CAP KING CUP (SOS TOMATO)","425 g","Kedah",308,4,84,8.70,8.70,0,0.00
"2025-05-01",193,"SARDIN CAP KING CUP (SOS TOMATO)","425 g","Kedah",386,5,84,8.80,8.80,0,0.00
"2025-06-01",193,"SARDIN CAP KING CUP (SOS TOMATO)","425 g","Kedah",320,4,86,8.80,8.80,0,0.00
"2025-07-01",193,"SARDIN CAP KING CUP (SOS TOMATO)","425 g","Kedah",362,4,111,8.80,8.80,0,0.00
"2025-08-01",193,"SARDIN CAP KING CUP (SOS TOMATO)","425 g","Kedah",474,5,100,8.80,8.80,0,0.00
"2025-09-01",193,"SARDIN CAP KING CUP (SOS TOMATO)","425 g","Kedah",385,4,105,8.80,8.80,0,0.00
"2025-10-01",193,"SARDIN CAP KING CUP (SOS TOMATO)","425 g","Kedah",398,4,105,8.80,8.80,0,0.00
"2025-11-01",193,"SARDIN CAP KING CUP (SOS TOMATO)","425 g","Kedah",392,4,104,8.80,8.80,0,0.00
"2025-12-01",193,"SARDIN CAP KING CUP (SOS TOMATO)","425 g","Kedah",396,4,103,8.80,8.80,0,0.00
"2023-01-01",193,"SARDIN CAP KING CUP (SOS TOMATO)","425 g","Kelantan",35,5,9,9.30,9.30,0,0.00
"2023-02-01",193,"SARDIN CAP KING CUP (SOS TOMATO)","425 g","Kelantan",29,4,9,9.30,9.30,0,0.00
"2023-03-01",193,"SARDIN CAP KING CUP (SOS TOMATO)","425 g","Kelantan",36,4,10,9.20,9.20,0,0.00
"2023-04-01",193,"SARDIN CAP KING CUP (SOS TOMATO)","425 g","Kelantan",33,5,9,8.70,8.70,0,0.00
"2023-05-01",193,"SARDIN CAP KING CUP (SOS TOMATO)","425 g","Kelantan",35,4,10,8.70,8.70,0,0.00
"2023-06-01",193,"SARDIN CAP KING CUP (SOS TOMATO)","425 g","Kelantan",38,4,10,9.00,9.00,0,0.00
"2023-07-01",193,"SARDIN CAP KING CUP (SOS TOMATO)","425 g","Kelantan",44,5,10,9.00,9.00,0,0.00
"2023-08-01",193,"SARDIN CAP KING CUP (SOS TOMATO)","425 g","Kelantan",39,4,10,9.00,9.00,0,0.00
"2023-09-01",193,"SARDIN CAP KING CUP (SOS TOMATO)","425 g","Kelantan",35,4,10,9.00,9.00,0,0.00
"2023-10-01",193,"SARDIN CAP KING CUP (SOS TOMATO)","425 g","Kelantan",44,5,10,8.85,8.85,0,0.00
"2023-11-01",193,"SARDIN CAP KING CUP (SOS TOMATO)","425 g","Kelantan",37,4,10,9.00,9.00,0,0.00
"2023-12-01",193,"SARDIN CAP KING CUP (SOS TOMATO)","425 g","Kelantan",33,4,9,9.00,9.00,0,0.00
"2024-01-01",193,"SARDIN CAP KING CUP (SOS TOMATO)","425 g","Kelantan",45,5,9,8.88,8.88,0,0.00
"2024-02-01",193,"SARDIN CAP KING CUP (SOS TOMATO)","425 g","Kelantan",32,4,9,8.94,8.94,0,0.00
"2024-03-01",193,"SARDIN CAP KING CUP (SOS TOMATO)","425 g","Kelantan",32,4,9,9.00,9.00,0,0.00
"2024-04-01",193,"SARDIN CAP KING CUP (SOS TOMATO)","425 g","Kelantan",41,5,9,9.00,9.00,0,0.00
"2024-05-01",193,"SARDIN CAP KING CUP (SOS TOMATO)","425 g","Kelantan",48,6,10,9.00,9.00,0,0.00
"2024-06-01",193,"SARDIN CAP KING CUP (SOS TOMATO)","425 g","Kelantan",22,3,8,8.90,8.90,0,0.00
"2024-07-01",193,"SARDIN CAP KING CUP (SOS TOMATO)","425 g","Kelantan",46,5,12,8.90,8.90,0,0.00
"2024-08-01",193,"SARDIN CAP KING CUP (SOS TOMATO)","425 g","Kelantan",29,3,11,8.90,8.90,0,0.00
"2024-09-01",193,"SARDIN CAP KING CUP (SOS TOMATO)","425 g","Kelantan",45,5,11,8.90,8.90,0,0.00
"2024-10-01",193,"SARDIN CAP KING CUP (SOS TOMATO)","425 g","Kelantan",40,4,11,8.90,8.90,0,0.00
"2024-11-01",193,"SARDIN CAP KING CUP (SOS TOMATO)","425 g","Kelantan",39,4,11,8.99,8.99,0,0.00
"2024-12-01",193,"SARDIN CAP KING CUP (SOS TOMATO)","425 g","Kelantan",38,4,14,8.80,8.80,0,0.00
"2025-01-01",193,"SARDIN CAP KING CUP (SOS TOMATO)","425 g","Kelantan",49,5,12,9.00,9.00,0,0.00
"2025-02-01",193,"SARDIN CAP KING CUP (SOS TOMATO)","425 g","Kelantan",37,4,11,9.00,9.00,0,0.00
"2025-03-01",193,"SARDIN CAP KING CUP (SOS TOMATO)","425 g","Kelantan",39,5,9,9.30,9.30,0,0.00
"2025-04-01",193,"SARDIN CAP KING CUP (SOS TOMATO)","425 g","Kelantan",41,4,11,8.90,8.90,0,0.00
"2025-05-01",193,"SARDIN CAP KING CUP (SOS TOMATO)","425 g","Kelantan",42,5,10,9.50,9.50,0,0.00
"2025-06-01",193,"SARDIN CAP KING CUP (SOS TOMATO)","425 g","Kelantan",34,4,9,9.34,9.34,0,0.00
"2025-07-01",193,"SARDIN CAP KING CUP (SOS TOMATO)","425 g","Kelantan",31,4,9,9.65,9.65,0,0.00
"2025-08-01",193,"SARDIN CAP KING CUP (SOS TOMATO)","425 g","Kelantan",47,5,11,9.38,9.38,0,0.00
"2025-09-01",193,"SARDIN CAP KING CUP (SOS TOMATO)","425 g","Kelantan",36,4,10,9.65,9.65,0,0.00
"2025-10-01",193,"SARDIN CAP KING CUP (SOS TOMATO)","425 g","Kelantan",41,4,11,9.65,9.65,0,0.00
"2025-11-01",193,"SARDIN CAP KING CUP (SOS TOMATO)","425 g","Kelantan",38,4,12,9.38,9.38,0,0.00
"2025-12-01",193,"SARDIN CAP KING CUP (SOS TOMATO)","425 g","Kelantan",41,4,12,9.38,9.38,0,0.00
"2023-01-01",193,"SARDIN CAP KING CUP (SOS TOMATO)","425 g","Melaka",21,5,5,8.00,8.00,0,0.00
"2023-02-01",193,"SARDIN CAP KING CUP (SOS TOMATO)","425 g","Melaka",19,4,5,8.25,8.25,0,0.00
"2023-03-01",193,"SARDIN CAP KING CUP (SOS TOMATO)","425 g","Melaka",19,4,5,8.30,8.30,0,0.00
"2023-04-01",193,"SARDIN CAP KING CUP (SOS TOMATO)","425 g","Melaka",24,5,5,8.35,8.35,0,0.00
"2023-05-01",193,"SARDIN CAP KING CUP (SOS TOMATO)","425 g","Melaka",20,4,5,8.35,8.35,0,0.00
"2023-06-01",193,"SARDIN CAP KING CUP (SOS TOMATO)","425 g","Melaka",19,4,5,8.35,8.35,0,0.00
"2023-07-01",193,"SARDIN CAP KING CUP (SOS TOMATO)","425 g","Melaka",25,5,5,8.35,8.35,0,0.00
"2023-08-01",193,"SARDIN CAP KING CUP (SOS TOMATO)","425 g","Melaka",20,4,5,8.35,8.35,0,0.00
"2023-09-01",193,"SARDIN CAP KING CUP (SOS TOMATO)","425 g","Melaka",21,4,6,8.30,8.30,0,0.00
"2023-10-01",193,"SARDIN CAP KING CUP (SOS TOMATO)","425 g","Melaka",28,5,6,8.30,8.30,0,0.00
"2023-11-01",193,"SARDIN CAP KING CUP (SOS TOMATO)","425 g","Melaka",24,4,6,8.25,8.25,0,0.00
"2023-12-01",193,"SARDIN CAP KING CUP (SOS TOMATO)","425 g","Melaka",22,4,6,8.00,8.00,0,0.00
"2024-01-01",193,"SARDIN CAP KING CUP (SOS TOMATO)","425 g","Melaka",30,5,6,8.15,8.15,0,0.00
"2024-02-01",193,"SARDIN CAP KING CUP (SOS TOMATO)","425 g","Melaka",24,4,6,8.15,8.15,0,0.00
"2024-03-01",193,"SARDIN CAP KING CUP (SOS TOMATO)","425 g","Melaka",24,4,6,8.15,8.15,0,0.00
"2024-04-01",193,"SARDIN CAP KING CUP (SOS TOMATO)","425 g","Melaka",25,5,6,8.30,8.30,0,0.00
"2024-05-01",193,"SARDIN CAP KING CUP (SOS TOMATO)","425 g","Melaka",30,5,6,8.15,8.15,0,0.00
"2024-06-01",193,"SARDIN CAP KING CUP (SOS TOMATO)","425 g","Melaka",17,3,6,8.30,8.30,0,0.00
"2024-07-01",193,"SARDIN CAP KING CUP (SOS TOMATO)","425 g","Melaka",31,5,7,8.30,8.30,0,0.00
"2024-08-01",193,"SARDIN CAP KING CUP (SOS TOMATO)","425 g","Melaka",25,4,7,8.30,8.30,0,0.00
"2024-09-01",193,"SARDIN CAP KING CUP (SOS TOMATO)","425 g","Melaka",32,5,7,8.30,8.30,0,0.00
"2024-10-01",193,"SARDIN CAP KING CUP (SOS TOMATO)","425 g","Melaka",24,4,6,8.60,8.60,0,0.00
"2024-11-01",193,"SARDIN CAP KING CUP (SOS TOMATO)","425 g","Melaka",24,4,6,8.60,8.60,0,0.00
"2024-12-01",193,"SARDIN CAP KING CUP (SOS TOMATO)","425 g","Melaka",24,4,6,8.60,8.60,0,0.00
"2025-01-01",193,"SARDIN CAP KING CUP (SOS TOMATO)","425 g","Melaka",29,5,6,8.90,8.90,0,0.00
"2025-02-01",193,"SARDIN CAP KING CUP (SOS TOMATO)","425 g","Melaka",24,4,6,8.85,8.85,0,0.00
"2025-03-01",193,"SARDIN CAP KING CUP (SOS TOMATO)","425 g","Melaka",30,5,6,8.85,8.85,0,0.00
"2025-04-01",193,"SARDIN CAP KING CUP (SOS TOMATO)","425 g","Melaka",27,4,7,8.80,8.80,0,0.00
"2025-05-01",193,"SARDIN CAP KING CUP (SOS TOMATO)","425 g","Melaka",34,5,7,8.80,8.80,0,0.00
"2025-06-01",193,"SARDIN CAP KING CUP (SOS TOMATO)","425 g","Melaka",27,4,7,8.80,8.80,0,0.00
"2025-07-01",193,"SARDIN CAP KING CUP (SOS TOMATO)","425 g","Melaka",37,4,12,8.90,8.90,0,0.00
"2025-08-01",193,"SARDIN CAP KING CUP (SOS TOMATO)","425 g","Melaka",55,5,11,8.95,8.95,0,0.00
"2025-09-01",193,"SARDIN CAP KING CUP (SOS TOMATO)","425 g","Melaka",48,4,12,8.90,8.90,0,0.00
"2025-10-01",193,"SARDIN CAP KING CUP (SOS TOMATO)","425 g","Melaka",49,4,14,8.90,8.90,0,0.00
"2025-11-01",193,"SARDIN CAP KING CUP (SOS TOMATO)","425 g","Melaka",60,4,18,8.90,8.90,0,0.00
"2025-12-01",193,"SARDIN CAP KING CUP (SOS TOMATO)","425 g","Melaka",71,4,19,8.90,8.90,0,0.00
"2023-01-01",193,"SARDIN CAP KING CUP (SOS TOMATO)","425 g","Negeri Sembilan",105,5,23,8.50,8.50,0,0.00
"2023-02-01",193,"SARDIN CAP KING CUP (SOS TOMATO)","425 g","Negeri Sembilan",92,5,25,8.50,8.50,0,0.00
"2023-03-01",193,"SARDIN CAP KING CUP (SOS TOMATO)","425 g","Negeri Sembilan",88,4,23,8.50,8.50,0,0.00
"2023-04-01",193,"SARDIN CAP KING CUP (SOS TOMATO)","425 g","Negeri Sembilan",119,5,26,8.60,8.60,0,0.00
"2023-05-01",193,"SARDIN CAP KING CUP (SOS TOMATO)","425 g","Negeri Sembilan",94,4,25,8.50,8.50,0,0.00
"2023-06-01",193,"SARDIN CAP KING CUP (SOS TOMATO)","425 g","Negeri Sembilan",95,4,27,8.50,8.50,0,0.00
"2023-07-01",193,"SARDIN CAP KING CUP (SOS TOMATO)","425 g","Negeri Sembilan",109,5,24,8.55,8.55,0,0.00
"2023-08-01",193,"SARDIN CAP KING CUP (SOS TOMATO)","425 g","Negeri Sembilan",97,4,25,8.55,8.55,0,0.00
"2023-09-01",193,"SARDIN CAP KING CUP (SOS TOMATO)","425 g","Negeri Sembilan",87,4,23,8.50,8.50,0,0.00
"2023-10-01",193,"SARDIN CAP KING CUP (SOS TOMATO)","425 g","Negeri Sembilan",108,5,25,8.50,8.50,0,0.00
"2023-11-01",193,"SARDIN CAP KING CUP (SOS TOMATO)","425 g","Negeri Sembilan",83,4,24,8.55,8.55,0,0.00
"2023-12-01",193,"SARDIN CAP KING CUP (SOS TOMATO)","425 g","Negeri Sembilan",91,4,24,8.50,8.50,0,0.00
"2024-01-01",193,"SARDIN CAP KING CUP (SOS TOMATO)","425 g","Negeri Sembilan",119,5,26,8.50,8.50,0,0.00
"2024-02-01",193,"SARDIN CAP KING CUP (SOS TOMATO)","425 g","Negeri Sembilan",88,4,26,8.50,8.50,0,0.00
"2024-03-01",193,"SARDIN CAP KING CUP (SOS TOMATO)","425 g","Negeri Sembilan",88,5,24,8.50,8.50,0,0.00
"2024-04-01",193,"SARDIN CAP KING CUP (SOS TOMATO)","425 g","Negeri Sembilan",113,5,25,8.50,8.50,0,0.00
"2024-05-01",193,"SARDIN CAP KING CUP (SOS TOMATO)","425 g","Negeri Sembilan",114,5,24,8.50,8.50,0,0.00
"2024-06-01",193,"SARDIN CAP KING CUP (SOS TOMATO)","425 g","Negeri Sembilan",67,3,24,8.55,8.55,0,0.00
"2024-07-01",193,"SARDIN CAP KING CUP (SOS TOMATO)","425 g","Negeri Sembilan",100,5,24,8.55,8.55,0,0.00
"2024-08-01",193,"SARDIN CAP KING CUP (SOS TOMATO)","425 g","Negeri Sembilan",69,3,25,8.55,8.55,0,0.00
"2024-09-01",193,"SARDIN CAP KING CUP (SOS TOMATO)","425 g","Negeri Sembilan",113,5,25,8.60,8.60,0,0.00
"2024-10-01",193,"SARDIN CAP KING CUP (SOS TOMATO)","425 g","Negeri Sembilan",84,4,23,8.53,8.53,0,0.00
"2024-11-01",193,"SARDIN CAP KING CUP (SOS TOMATO)","425 g","Negeri Sembilan",82,4,23,8.55,8.55,0,0.00
"2024-12-01",193,"SARDIN CAP KING CUP (SOS TOMATO)","425 g","Negeri Sembilan",82,4,24,8.60,8.60,0,0.00
"2025-01-01",193,"SARDIN CAP KING CUP (SOS TOMATO)","425 g","Negeri Sembilan",93,5,23,8.60,8.60,0,0.00
"2025-02-01",193,"SARDIN CAP KING CUP (SOS TOMATO)","425 g","Negeri Sembilan",69,4,20,8.55,8.55,0,0.00
"2025-03-01",193,"SARDIN CAP KING CUP (SOS TOMATO)","425 g","Negeri Sembilan",108,5,24,8.55,8.55,0,0.00
"2025-04-01",193,"SARDIN CAP KING CUP (SOS TOMATO)","425 g","Negeri Sembilan",73,4,21,8.90,8.90,0,0.00
"2025-05-01",193,"SARDIN CAP KING CUP (SOS TOMATO)","425 g","Negeri Sembilan",99,5,24,8.90,8.90,0,0.00
"2025-06-01",193,"SARDIN CAP KING CUP (SOS TOMATO)","425 g","Negeri Sembilan",85,4,22,8.99,8.99,0,0.00
"2025-07-01",193,"SARDIN CAP KING CUP (SOS TOMATO)","425 g","Negeri Sembilan",112,4,37,8.99,8.99,0,0.00
"2025-08-01",193,"SARDIN CAP KING CUP (SOS TOMATO)","425 g","Negeri Sembilan",181,5,39,8.95,8.95,0,0.00
"2025-09-01",193,"SARDIN CAP KING CUP (SOS TOMATO)","425 g","Negeri Sembilan",129,4,38,8.90,8.90,0,0.00
"2025-10-01",193,"SARDIN CAP KING CUP (SOS TOMATO)","425 g","Negeri Sembilan",128,4,35,8.97,8.97,0,0.00
"2025-11-01",193,"SARDIN CAP KING CUP (SOS TOMATO)","425 g","Negeri Sembilan",140,4,35,8.99,8.99,0,0.00
"2025-12-01",193,"SARDIN CAP KING CUP (SOS TOMATO)","425 g","Negeri Sembilan",142,5,37,8.99,8.99,0,0.00
"2023-01-01",193,"SARDIN CAP KING CUP (SOS TOMATO)","425 g","Pahang",238,5,52,9.30,9.30,0,0.00
"2023-02-01",193,"SARDIN CAP KING CUP (SOS TOMATO)","425 g","Pahang",191,4,50,9.30,9.30,0,0.00
"2023-03-01",193,"SARDIN CAP KING CUP (SOS TOMATO)","425 g","Pahang",185,4,48,9.30,9.30,0,0.00
"2023-04-01",193,"SARDIN CAP KING CUP (SOS TOMATO)","425 g","Pahang",233,5,51,9.30,9.30,0,0.00
"2023-05-01",193,"SARDIN CAP KING CUP (SOS TOMATO)","425 g","Pahang",193,5,50,9.30,9.30,0,0.00
"2023-06-01",193,"SARDIN CAP KING CUP (SOS TOMATO)","425 g","Pahang",189,4,50,9.30,9.30,0,0.00
"2023-07-01",193,"SARDIN CAP KING CUP (SOS TOMATO)","425 g","Pahang",238,6,50,9.46,9.46,0,0.00
"2023-08-01",193,"SARDIN CAP KING CUP (SOS TOMATO)","425 g","Pahang",188,4,48,9.48,9.48,0,0.00
"2023-09-01",193,"SARDIN CAP KING CUP (SOS TOMATO)","425 g","Pahang",182,4,47,9.50,9.50,0,0.00
"2023-10-01",193,"SARDIN CAP KING CUP (SOS TOMATO)","425 g","Pahang",220,5,46,9.50,9.50,0,0.00
"2023-11-01",193,"SARDIN CAP KING CUP (SOS TOMATO)","425 g","Pahang",183,4,47,9.50,9.50,0,0.00
"2023-12-01",193,"SARDIN CAP KING CUP (SOS TOMATO)","425 g","Pahang",191,4,48,9.50,9.50,0,0.00
"2024-01-01",193,"SARDIN CAP KING CUP (SOS TOMATO)","425 g","Pahang",235,6,50,9.49,9.49,0,0.00
"2024-02-01",193,"SARDIN CAP KING CUP (SOS TOMATO)","425 g","Pahang",194,4,50,9.49,9.49,0,0.00
"2024-03-01",193,"SARDIN CAP KING CUP (SOS TOMATO)","425 g","Pahang",232,5,62,9.50,9.50,0,0.00
"2024-04-01",193,"SARDIN CAP KING CUP (SOS TOMATO)","425 g","Pahang",299,5,65,9.50,9.50,0,0.00
"2024-05-01",193,"SARDIN CAP KING CUP (SOS TOMATO)","425 g","Pahang",299,7,63,9.50,9.50,0,0.00
"2024-06-01",193,"SARDIN CAP KING CUP (SOS TOMATO)","425 g","Pahang",180,3,63,9.50,9.50,0,0.00
"2024-07-01",193,"SARDIN CAP KING CUP (SOS TOMATO)","425 g","Pahang",301,5,63,9.50,9.50,0,0.00
"2024-08-01",193,"SARDIN CAP KING CUP (SOS TOMATO)","425 g","Pahang",176,3,63,9.50,9.50,0,0.00
"2024-09-01",193,"SARDIN CAP KING CUP (SOS TOMATO)","425 g","Pahang",289,6,62,9.50,9.50,0,0.00
"2024-10-01",193,"SARDIN CAP KING CUP (SOS TOMATO)","425 g","Pahang",232,4,61,9.50,9.50,0,0.00
"2024-11-01",193,"SARDIN CAP KING CUP (SOS TOMATO)","425 g","Pahang",240,4,65,9.50,9.50,0,0.00
"2024-12-01",193,"SARDIN CAP KING CUP (SOS TOMATO)","425 g","Pahang",235,5,64,9.50,9.50,0,0.00
"2025-01-01",193,"SARDIN CAP KING CUP (SOS TOMATO)","425 g","Pahang",275,5,59,9.50,9.50,0,0.00
"2025-02-01",193,"SARDIN CAP KING CUP (SOS TOMATO)","425 g","Pahang",230,4,62,9.50,9.50,0,0.00
"2025-03-01",193,"SARDIN CAP KING CUP (SOS TOMATO)","425 g","Pahang",288,5,62,9.50,9.50,0,0.00
"2025-04-01",193,"SARDIN CAP KING CUP (SOS TOMATO)","425 g","Pahang",227,4,61,9.50,9.50,0,0.00
"2025-05-01",193,"SARDIN CAP KING CUP (SOS TOMATO)","425 g","Pahang",247,5,56,9.50,9.50,0,0.00
"2025-06-01",193,"SARDIN CAP KING CUP (SOS TOMATO)","425 g","Pahang",190,4,52,9.50,9.50,0,0.00
"2025-07-01",193,"SARDIN CAP KING CUP (SOS TOMATO)","425 g","Pahang",211,5,59,9.50,9.50,0,0.00
"2025-08-01",193,"SARDIN CAP KING CUP (SOS TOMATO)","425 g","Pahang",281,5,59,9.50,9.50,0,0.00
"2025-09-01",193,"SARDIN CAP KING CUP (SOS TOMATO)","425 g","Pahang",223,4,62,9.50,9.50,0,0.00
"2025-10-01",193,"SARDIN CAP KING CUP (SOS TOMATO)","425 g","Pahang",205,4,59,9.50,9.50,0,0.00
"2025-11-01",193,"SARDIN CAP KING CUP (SOS TOMATO)","425 g","Pahang",218,4,59,9.70,9.70,0,0.00
"2025-12-01",193,"SARDIN CAP KING CUP (SOS TOMATO)","425 g","Pahang",219,4,59,9.90,9.90,0,0.00
"2023-01-01",193,"SARDIN CAP KING CUP (SOS TOMATO)","425 g","Perak",361,5,83,8.79,8.79,0,0.00
"2023-02-01",193,"SARDIN CAP KING CUP (SOS TOMATO)","425 g","Perak",289,4,82,8.79,8.79,0,0.00
"2023-03-01",193,"SARDIN CAP KING CUP (SOS TOMATO)","425 g","Perak",293,4,81,8.79,8.79,0,0.00
"2023-04-01",193,"SARDIN CAP KING CUP (SOS TOMATO)","425 g","Perak",368,5,80,8.79,8.79,0,0.00
"2023-05-01",193,"SARDIN CAP KING CUP (SOS TOMATO)","425 g","Perak",296,5,82,8.79,8.79,0,0.00
"2023-06-01",193,"SARDIN CAP KING CUP (SOS TOMATO)","425 g","Perak",310,6,86,8.79,8.79,0,0.00
"2023-07-01",193,"SARDIN CAP KING CUP (SOS TOMATO)","425 g","Perak",394,5,85,8.79,8.79,0,0.00
"2023-08-01",193,"SARDIN CAP KING CUP (SOS TOMATO)","425 g","Perak",323,5,85,8.79,8.79,0,0.00
"2023-09-01",193,"SARDIN CAP KING CUP (SOS TOMATO)","425 g","Perak",311,5,86,8.80,8.80,0,0.00
"2023-10-01",193,"SARDIN CAP KING CUP (SOS TOMATO)","425 g","Perak",398,5,87,8.80,8.80,0,0.00
"2023-11-01",193,"SARDIN CAP KING CUP (SOS TOMATO)","425 g","Perak",319,4,86,8.79,8.79,0,0.00
"2023-12-01",193,"SARDIN CAP KING CUP (SOS TOMATO)","425 g","Perak",318,4,84,8.80,8.80,0,0.00
"2024-01-01",193,"SARDIN CAP KING CUP (SOS TOMATO)","425 g","Perak",410,5,88,8.80,8.80,0,0.00
"2024-02-01",193,"SARDIN CAP KING CUP (SOS TOMATO)","425 g","Perak",375,6,107,8.80,8.80,0,0.00
"2024-03-01",193,"SARDIN CAP KING CUP (SOS TOMATO)","425 g","Perak",407,5,111,8.80,8.80,0,0.00
"2024-04-01",193,"SARDIN CAP KING CUP (SOS TOMATO)","425 g","Perak",497,6,111,8.80,8.80,0,0.00
"2024-05-01",193,"SARDIN CAP KING CUP (SOS TOMATO)","425 g","Perak",491,6,110,8.79,8.79,0,0.00
"2024-06-01",193,"SARDIN CAP KING CUP (SOS TOMATO)","425 g","Perak",311,4,106,8.80,8.80,0,0.00
"2024-07-01",193,"SARDIN CAP KING CUP (SOS TOMATO)","425 g","Perak",524,5,113,8.80,8.80,0,0.00
"2024-08-01",193,"SARDIN CAP KING CUP (SOS TOMATO)","425 g","Perak",330,3,114,8.79,8.79,0,0.00
"2024-09-01",193,"SARDIN CAP KING CUP (SOS TOMATO)","425 g","Perak",522,5,113,8.80,8.80,0,0.00
"2024-10-01",193,"SARDIN CAP KING CUP (SOS TOMATO)","425 g","Perak",412,4,111,8.80,8.80,0,0.00
"2024-11-01",193,"SARDIN CAP KING CUP (SOS TOMATO)","425 g","Perak",409,4,110,8.80,8.80,1,0.00
"2024-12-01",193,"SARDIN CAP KING CUP (SOS TOMATO)","425 g","Perak",415,5,110,8.80,8.80,0,0.00
"2025-01-01",193,"SARDIN CAP KING CUP (SOS TOMATO)","425 g","Perak",464,5,103,8.80,8.80,0,0.00
"2025-02-01",193,"SARDIN CAP KING CUP (SOS TOMATO)","425 g","Perak",377,4,110,8.80,8.80,0,0.00
"2025-03-01",193,"SARDIN CAP KING CUP (SOS TOMATO)","425 g","Perak",510,5,111,8.80,8.80,0,0.00
"2025-04-01",193,"SARDIN CAP KING CUP (SOS TOMATO)","425 g","Perak",371,4,107,8.90,8.90,1,0.00
"2025-05-01",193,"SARDIN CAP KING CUP (SOS TOMATO)","425 g","Perak",483,5,107,8.90,8.90,0,0.00
"2025-06-01",193,"SARDIN CAP KING CUP (SOS TOMATO)","425 g","Perak",392,4,107,8.90,8.90,0,0.00
"2025-07-01",193,"SARDIN CAP KING CUP (SOS TOMATO)","425 g","Perak",485,4,151,8.90,8.90,0,0.00
"2025-08-01",193,"SARDIN CAP KING CUP (SOS TOMATO)","425 g","Perak",638,5,135,8.99,8.99,0,0.00
"2025-09-01",193,"SARDIN CAP KING CUP (SOS TOMATO)","425 g","Perak",494,4,135,8.99,8.99,0,0.00
"2025-10-01",193,"SARDIN CAP KING CUP (SOS TOMATO)","425 g","Perak",500,4,130,8.99,8.99,0,0.00
"2025-11-01",193,"SARDIN CAP KING CUP (SOS TOMATO)","425 g","Perak",521,4,137,8.99,8.99,0,0.00
"2025-12-01",193,"SARDIN CAP KING CUP (SOS TOMATO)","425 g","Perak",528,4,138,8.99,8.99,0,0.00
"2023-01-01",193,"SARDIN CAP KING CUP (SOS TOMATO)","425 g","Perlis",164,5,36,8.70,8.70,0,0.00
"2023-02-01",193,"SARDIN CAP KING CUP (SOS TOMATO)","425 g","Perlis",130,4,34,8.70,8.70,0,0.00
"2023-03-01",193,"SARDIN CAP KING CUP (SOS TOMATO)","425 g","Perlis",126,4,34,8.75,8.75,0,0.00
"2023-04-01",193,"SARDIN CAP KING CUP (SOS TOMATO)","425 g","Perlis",165,5,34,8.79,8.79,0,0.00
"2023-05-01",193,"SARDIN CAP KING CUP (SOS TOMATO)","425 g","Perlis",128,4,35,8.70,8.70,0,0.00
"2023-06-01",193,"SARDIN CAP KING CUP (SOS TOMATO)","425 g","Perlis",138,4,36,8.70,8.70,0,0.00
"2023-07-01",193,"SARDIN CAP KING CUP (SOS TOMATO)","425 g","Perlis",165,5,39,8.80,8.80,0,0.00
"2023-08-01",193,"SARDIN CAP KING CUP (SOS TOMATO)","425 g","Perlis",128,4,36,8.80,8.80,0,0.00
"2023-09-01",193,"SARDIN CAP KING CUP (SOS TOMATO)","425 g","Perlis",136,5,37,8.79,8.79,0,0.00
"2023-10-01",193,"SARDIN CAP KING CUP (SOS TOMATO)","425 g","Perlis",181,5,39,8.80,8.80,0,0.00
"2023-11-01",193,"SARDIN CAP KING CUP (SOS TOMATO)","425 g","Perlis",140,4,39,8.80,8.80,0,0.00
"2023-12-01",193,"SARDIN CAP KING CUP (SOS TOMATO)","425 g","Perlis",144,4,39,8.80,8.80,0,0.00
"2024-01-01",193,"SARDIN CAP KING CUP (SOS TOMATO)","425 g","Perlis",175,6,37,8.80,8.80,0,0.00
"2024-02-01",193,"SARDIN CAP KING CUP (SOS TOMATO)","425 g","Perlis",128,4,37,8.80,8.80,0,0.00
"2024-03-01",193,"SARDIN CAP KING CUP (SOS TOMATO)","425 g","Perlis",132,4,34,8.80,8.80,0,0.00
"2024-04-01",193,"SARDIN CAP KING CUP (SOS TOMATO)","425 g","Perlis",156,5,34,8.80,8.80,0,0.00
"2024-05-01",193,"SARDIN CAP KING CUP (SOS TOMATO)","425 g","Perlis",173,5,37,8.80,8.80,0,0.00
"2024-06-01",193,"SARDIN CAP KING CUP (SOS TOMATO)","425 g","Perlis",105,3,36,8.90,8.90,0,0.00
"2024-07-01",193,"SARDIN CAP KING CUP (SOS TOMATO)","425 g","Perlis",179,5,38,8.80,8.80,0,0.00
"2024-08-01",193,"SARDIN CAP KING CUP (SOS TOMATO)","425 g","Perlis",106,3,36,8.90,8.90,0,0.00
"2024-09-01",193,"SARDIN CAP KING CUP (SOS TOMATO)","425 g","Perlis",176,5,38,8.90,8.90,0,0.00
"2024-10-01",193,"SARDIN CAP KING CUP (SOS TOMATO)","425 g","Perlis",138,4,37,8.80,8.80,0,0.00
"2024-11-01",193,"SARDIN CAP KING CUP (SOS TOMATO)","425 g","Perlis",139,4,37,8.90,8.90,0,0.00
"2024-12-01",193,"SARDIN CAP KING CUP (SOS TOMATO)","425 g","Perlis",139,4,36,8.80,8.80,0,0.00
"2025-01-01",193,"SARDIN CAP KING CUP (SOS TOMATO)","425 g","Perlis",157,5,35,8.80,8.80,0,0.00
"2025-02-01",193,"SARDIN CAP KING CUP (SOS TOMATO)","425 g","Perlis",136,4,36,8.80,8.80,0,0.00
"2025-03-01",193,"SARDIN CAP KING CUP (SOS TOMATO)","425 g","Perlis",171,5,38,8.80,8.80,0,0.00
"2025-04-01",193,"SARDIN CAP KING CUP (SOS TOMATO)","425 g","Perlis",130,4,37,8.90,8.90,0,0.00
"2025-05-01",193,"SARDIN CAP KING CUP (SOS TOMATO)","425 g","Perlis",168,5,37,8.90,8.90,0,0.00
"2025-06-01",193,"SARDIN CAP KING CUP (SOS TOMATO)","425 g","Perlis",137,4,36,9.20,9.20,0,0.00
"2025-07-01",193,"SARDIN CAP KING CUP (SOS TOMATO)","425 g","Perlis",125,4,37,8.98,8.98,0,0.00
"2025-08-01",193,"SARDIN CAP KING CUP (SOS TOMATO)","425 g","Perlis",142,5,30,8.90,8.90,0,0.00
"2025-09-01",193,"SARDIN CAP KING CUP (SOS TOMATO)","425 g","Perlis",109,4,30,8.98,8.98,0,0.00
"2025-10-01",193,"SARDIN CAP KING CUP (SOS TOMATO)","425 g","Perlis",113,4,31,8.90,8.90,0,0.00
"2025-11-01",193,"SARDIN CAP KING CUP (SOS TOMATO)","425 g","Perlis",115,4,30,8.90,8.90,0,0.00
"2025-12-01",193,"SARDIN CAP KING CUP (SOS TOMATO)","425 g","Perlis",109,4,29,8.90,8.90,0,0.00
"2023-01-01",193,"SARDIN CAP KING CUP (SOS TOMATO)","425 g","Pulau Pinang",261,5,62,8.70,8.70,0,0.00
"2023-02-01",193,"SARDIN CAP KING CUP (SOS TOMATO)","425 g","Pulau Pinang",223,5,64,8.70,8.70,0,0.00
"2023-03-01",193,"SARDIN CAP KING CUP (SOS TOMATO)","425 g","Pulau Pinang",238,6,62,8.70,8.70,0,0.00
"2023-04-01",193,"SARDIN CAP KING CUP (SOS TOMATO)","425 g","Pulau Pinang",299,8,62,8.70,8.70,0,0.00
"2023-05-01",193,"SARDIN CAP KING CUP (SOS TOMATO)","425 g","Pulau Pinang",233,6,62,8.70,8.70,0,0.00
"2023-06-01",193,"SARDIN CAP KING CUP (SOS TOMATO)","425 g","Pulau Pinang",232,5,62,8.70,8.70,0,0.00
"2023-07-01",193,"SARDIN CAP KING CUP (SOS TOMATO)","425 g","Pulau Pinang",296,7,64,8.70,8.70,0,0.00
"2023-08-01",193,"SARDIN CAP KING CUP (SOS TOMATO)","425 g","Pulau Pinang",244,4,64,8.70,8.70,0,0.00
"2023-09-01",193,"SARDIN CAP KING CUP (SOS TOMATO)","425 g","Pulau Pinang",232,7,61,8.70,8.70,0,0.00
"2023-10-01",193,"SARDIN CAP KING CUP (SOS TOMATO)","425 g","Pulau Pinang",296,5,64,8.70,8.70,0,0.00
"2023-11-01",193,"SARDIN CAP KING CUP (SOS TOMATO)","425 g","Pulau Pinang",255,5,66,8.70,8.70,0,0.00
"2023-12-01",193,"SARDIN CAP KING CUP (SOS TOMATO)","425 g","Pulau Pinang",252,4,65,8.70,8.70,0,0.00
"2024-01-01",193,"SARDIN CAP KING CUP (SOS TOMATO)","425 g","Pulau Pinang",302,6,65,8.70,8.70,0,0.00
"2024-02-01",193,"SARDIN CAP KING CUP (SOS TOMATO)","425 g","Pulau Pinang",231,4,62,8.70,8.70,0,0.00
"2024-03-01",193,"SARDIN CAP KING CUP (SOS TOMATO)","425 g","Pulau Pinang",243,4,66,8.79,8.79,0,0.00
"2024-04-01",193,"SARDIN CAP KING CUP (SOS TOMATO)","425 g","Pulau Pinang",312,5,66,8.79,8.79,0,0.00
"2024-05-01",193,"SARDIN CAP KING CUP (SOS TOMATO)","425 g","Pulau Pinang",337,7,70,8.80,8.80,0,0.00
"2024-06-01",193,"SARDIN CAP KING CUP (SOS TOMATO)","425 g","Pulau Pinang",203,4,69,8.90,8.90,0,0.00
"2024-07-01",193,"SARDIN CAP KING CUP (SOS TOMATO)","425 g","Pulau Pinang",335,7,71,8.80,8.80,0,0.00
"2024-08-01",193,"SARDIN CAP KING CUP (SOS TOMATO)","425 g","Pulau Pinang",195,3,66,8.80,8.80,0,0.00
"2024-09-01",193,"SARDIN CAP KING CUP (SOS TOMATO)","425 g","Pulau Pinang",313,5,65,8.80,8.80,0,0.00
"2024-10-01",193,"SARDIN CAP KING CUP (SOS TOMATO)","425 g","Pulau Pinang",244,4,65,8.80,8.80,0,0.00
"2024-11-01",193,"SARDIN CAP KING CUP (SOS TOMATO)","425 g","Pulau Pinang",253,4,67,8.80,8.80,0,0.00
"2024-12-01",193,"SARDIN CAP KING CUP (SOS TOMATO)","425 g","Pulau Pinang",259,4,68,8.90,8.90,0,0.00
"2025-01-01",193,"SARDIN CAP KING CUP (SOS TOMATO)","425 g","Pulau Pinang",325,5,70,8.80,8.80,0,0.00
"2025-02-01",193,"SARDIN CAP KING CUP (SOS TOMATO)","425 g","Pulau Pinang",242,4,66,8.90,8.90,0,0.00
"2025-03-01",193,"SARDIN CAP KING CUP (SOS TOMATO)","425 g","Pulau Pinang",307,5,67,8.90,8.90,0,0.00
"2025-04-01",193,"SARDIN CAP KING CUP (SOS TOMATO)","425 g","Pulau Pinang",255,4,69,8.90,8.90,0,0.00
"2025-05-01",193,"SARDIN CAP KING CUP (SOS TOMATO)","425 g","Pulau Pinang",320,6,70,8.99,8.99,0,0.00
"2025-06-01",193,"SARDIN CAP KING CUP (SOS TOMATO)","425 g","Pulau Pinang",271,4,73,9.00,9.00,0,0.00
"2025-07-01",193,"SARDIN CAP KING CUP (SOS TOMATO)","425 g","Pulau Pinang",292,4,85,9.00,9.00,0,0.00
"2025-08-01",193,"SARDIN CAP KING CUP (SOS TOMATO)","425 g","Pulau Pinang",447,5,96,9.00,9.00,0,0.00
"2025-09-01",193,"SARDIN CAP KING CUP (SOS TOMATO)","425 g","Pulau Pinang",350,4,97,9.00,9.00,0,0.00
"2025-10-01",193,"SARDIN CAP KING CUP (SOS TOMATO)","425 g","Pulau Pinang",371,4,100,9.00,9.00,0,0.00
"2025-11-01",193,"SARDIN CAP KING CUP (SOS TOMATO)","425 g","Pulau Pinang",367,4,98,9.00,9.00,0,0.00
"2025-12-01",193,"SARDIN CAP KING CUP (SOS TOMATO)","425 g","Pulau Pinang",381,5,99,9.00,9.00,0,0.00
"2023-01-01",193,"SARDIN CAP KING CUP (SOS TOMATO)","425 g","Sabah",266,5,62,8.90,8.90,0,0.00
"2023-02-01",193,"SARDIN CAP KING CUP (SOS TOMATO)","425 g","Sabah",234,5,62,8.99,8.99,0,0.00
"2023-03-01",193,"SARDIN CAP KING CUP (SOS TOMATO)","425 g","Sabah",229,5,62,9.20,9.20,0,0.00
"2023-04-01",193,"SARDIN CAP KING CUP (SOS TOMATO)","425 g","Sabah",289,6,63,9.39,9.39,0,0.00
"2023-05-01",193,"SARDIN CAP KING CUP (SOS TOMATO)","425 g","Sabah",234,5,64,9.39,9.39,0,0.00
"2023-06-01",193,"SARDIN CAP KING CUP (SOS TOMATO)","425 g","Sabah",220,4,63,9.39,9.39,0,0.00
"2023-07-01",193,"SARDIN CAP KING CUP (SOS TOMATO)","425 g","Sabah",263,6,62,9.39,9.39,0,0.00
"2023-08-01",193,"SARDIN CAP KING CUP (SOS TOMATO)","425 g","Sabah",206,5,57,9.39,9.39,0,0.00
"2023-09-01",193,"SARDIN CAP KING CUP (SOS TOMATO)","425 g","Sabah",214,5,64,9.39,9.39,0,0.00
"2023-10-01",193,"SARDIN CAP KING CUP (SOS TOMATO)","425 g","Sabah",267,6,60,9.39,9.39,0,0.00
"2023-11-01",193,"SARDIN CAP KING CUP (SOS TOMATO)","425 g","Sabah",207,5,59,9.39,9.39,0,0.00
"2023-12-01",193,"SARDIN CAP KING CUP (SOS TOMATO)","425 g","Sabah",207,5,62,9.39,9.39,0,0.00
"2024-01-01",193,"SARDIN CAP KING CUP (SOS TOMATO)","425 g","Sabah",259,6,61,9.39,9.39,0,0.00
"2024-02-01",193,"SARDIN CAP KING CUP (SOS TOMATO)","425 g","Sabah",236,5,64,9.35,9.35,0,0.00
"2024-03-01",193,"SARDIN CAP KING CUP (SOS TOMATO)","425 g","Sabah",241,4,66,9.39,9.39,0,0.00
"2024-04-01",193,"SARDIN CAP KING CUP (SOS TOMATO)","425 g","Sabah",277,6,67,9.39,9.39,0,0.00
"2024-05-01",193,"SARDIN CAP KING CUP (SOS TOMATO)","425 g","Sabah",305,5,69,9.30,9.30,0,0.00
"2024-06-01",193,"SARDIN CAP KING CUP (SOS TOMATO)","425 g","Sabah",173,4,63,9.20,9.20,0,0.00
"2024-07-01",193,"SARDIN CAP KING CUP (SOS TOMATO)","425 g","Sabah",273,5,65,9.35,9.35,0,0.00
"2024-08-01",193,"SARDIN CAP KING CUP (SOS TOMATO)","425 g","Sabah",182,3,65,9.39,9.39,0,0.00
"2024-09-01",193,"SARDIN CAP KING CUP (SOS TOMATO)","425 g","Sabah",315,7,70,9.39,9.39,0,0.00
"2024-10-01",193,"SARDIN CAP KING CUP (SOS TOMATO)","425 g","Sabah",251,5,68,9.35,9.35,0,0.00
"2024-11-01",193,"SARDIN CAP KING CUP (SOS TOMATO)","425 g","Sabah",231,4,64,9.35,9.35,0,0.00
"2024-12-01",193,"SARDIN CAP KING CUP (SOS TOMATO)","425 g","Sabah",219,5,58,9.39,9.39,0,0.00
"2025-01-01",193,"SARDIN CAP KING CUP (SOS TOMATO)","425 g","Sabah",250,5,58,9.39,9.39,0,0.00
"2025-02-01",193,"SARDIN CAP KING CUP (SOS TOMATO)","425 g","Sabah",209,4,58,9.39,9.39,0,0.00
"2025-03-01",193,"SARDIN CAP KING CUP (SOS TOMATO)","425 g","Sabah",263,5,62,9.39,9.39,0,0.00
"2025-04-01",193,"SARDIN CAP KING CUP (SOS TOMATO)","425 g","Sabah",196,4,55,9.39,9.39,0,0.00
"2025-05-01",193,"SARDIN CAP KING CUP (SOS TOMATO)","425 g","Sabah",228,5,61,9.40,9.40,0,0.00
"2025-06-01",193,"SARDIN CAP KING CUP (SOS TOMATO)","425 g","Sabah",197,4,58,9.50,9.50,0,0.00
"2025-07-01",193,"SARDIN CAP KING CUP (SOS TOMATO)","425 g","Sabah",234,4,80,9.50,9.50,0,0.00
"2025-08-01",193,"SARDIN CAP KING CUP (SOS TOMATO)","425 g","Sabah",359,5,87,9.50,9.50,0,0.00
"2025-09-01",193,"SARDIN CAP KING CUP (SOS TOMATO)","425 g","Sabah",265,5,75,9.50,9.50,0,0.00
"2025-10-01",193,"SARDIN CAP KING CUP (SOS TOMATO)","425 g","Sabah",279,4,81,9.70,9.70,0,0.00
"2025-11-01",193,"SARDIN CAP KING CUP (SOS TOMATO)","425 g","Sabah",280,4,81,9.60,9.60,0,0.00
"2025-12-01",193,"SARDIN CAP KING CUP (SOS TOMATO)","425 g","Sabah",292,5,80,9.70,9.70,0,0.00
"2023-01-01",193,"SARDIN CAP KING CUP (SOS TOMATO)","425 g","Sarawak",330,6,81,9.00,9.00,0,0.00
"2023-02-01",193,"SARDIN CAP KING CUP (SOS TOMATO)","425 g","Sarawak",285,4,80,9.20,9.20,0,0.00
"2023-03-01",193,"SARDIN CAP KING CUP (SOS TOMATO)","425 g","Sarawak",292,5,78,9.20,9.20,0,0.00
"2023-04-01",193,"SARDIN CAP KING CUP (SOS TOMATO)","425 g","Sarawak",389,6,86,9.20,9.20,0,0.00
"2023-05-01",193,"SARDIN CAP KING CUP (SOS TOMATO)","425 g","Sarawak",388,7,86,9.20,9.20,0,0.00
"2023-06-01",193,"SARDIN CAP KING CUP (SOS TOMATO)","425 g","Sarawak",234,4,84,9.20,9.20,0,0.00
"2023-07-01",193,"SARDIN CAP KING CUP (SOS TOMATO)","425 g","Sarawak",388,5,87,9.20,9.20,0,0.00
"2023-08-01",193,"SARDIN CAP KING CUP (SOS TOMATO)","425 g","Sarawak",319,4,85,9.30,9.30,0,0.00
"2023-09-01",193,"SARDIN CAP KING CUP (SOS TOMATO)","425 g","Sarawak",319,4,87,9.20,9.20,0,0.00
"2023-10-01",193,"SARDIN CAP KING CUP (SOS TOMATO)","425 g","Sarawak",387,11,86,9.30,9.30,0,0.00
"2023-11-01",193,"SARDIN CAP KING CUP (SOS TOMATO)","425 g","Sarawak",334,9,89,9.20,9.20,0,0.00
"2023-12-01",193,"SARDIN CAP KING CUP (SOS TOMATO)","425 g","Sarawak",342,9,90,9.20,9.20,0,0.00
"2024-01-01",193,"SARDIN CAP KING CUP (SOS TOMATO)","425 g","Sarawak",421,11,90,9.20,9.20,0,0.00
"2024-02-01",193,"SARDIN CAP KING CUP (SOS TOMATO)","425 g","Sarawak",314,6,88,9.20,9.20,0,0.00
"2024-03-01",193,"SARDIN CAP KING CUP (SOS TOMATO)","425 g","Sarawak",316,5,87,9.25,9.25,0,0.00
"2024-04-01",193,"SARDIN CAP KING CUP (SOS TOMATO)","425 g","Sarawak",383,6,86,9.20,9.20,0,0.00
"2024-05-01",193,"SARDIN CAP KING CUP (SOS TOMATO)","425 g","Sarawak",422,6,89,9.20,9.20,0,0.00
"2024-06-01",193,"SARDIN CAP KING CUP (SOS TOMATO)","425 g","Sarawak",252,3,90,9.20,9.20,0,0.00
"2024-07-01",193,"SARDIN CAP KING CUP (SOS TOMATO)","425 g","Sarawak",396,5,89,9.20,9.20,0,0.00
"2024-08-01",193,"SARDIN CAP KING CUP (SOS TOMATO)","425 g","Sarawak",246,3,84,9.20,9.20,0,0.00
"2024-09-01",193,"SARDIN CAP KING CUP (SOS TOMATO)","425 g","Sarawak",416,5,93,9.20,9.20,0,0.00
"2024-10-01",193,"SARDIN CAP KING CUP (SOS TOMATO)","425 g","Sarawak",332,4,90,9.20,9.20,0,0.00
"2024-11-01",193,"SARDIN CAP KING CUP (SOS TOMATO)","425 g","Sarawak",367,4,106,9.20,9.20,0,0.00
"2024-12-01",193,"SARDIN CAP KING CUP (SOS TOMATO)","425 g","Sarawak",384,5,105,9.20,9.20,0,0.00
"2025-01-01",193,"SARDIN CAP KING CUP (SOS TOMATO)","425 g","Sarawak",473,6,105,9.20,9.20,0,0.00
"2025-02-01",193,"SARDIN CAP KING CUP (SOS TOMATO)","425 g","Sarawak",364,4,101,9.20,9.20,0,0.00
"2025-03-01",193,"SARDIN CAP KING CUP (SOS TOMATO)","425 g","Sarawak",454,5,104,9.30,9.30,0,0.00
"2025-04-01",193,"SARDIN CAP KING CUP (SOS TOMATO)","425 g","Sarawak",350,4,103,9.40,9.40,0,0.00
"2025-05-01",193,"SARDIN CAP KING CUP (SOS TOMATO)","425 g","Sarawak",454,5,104,9.50,9.50,0,0.00
"2025-06-01",193,"SARDIN CAP KING CUP (SOS TOMATO)","425 g","Sarawak",357,4,99,9.50,9.50,0,0.00
"2025-07-01",193,"SARDIN CAP KING CUP (SOS TOMATO)","425 g","Sarawak",378,4,132,9.60,9.60,0,0.00
"2025-08-01",193,"SARDIN CAP KING CUP (SOS TOMATO)","425 g","Sarawak",518,5,118,9.60,9.60,0,0.00
"2025-09-01",193,"SARDIN CAP KING CUP (SOS TOMATO)","425 g","Sarawak",396,4,116,9.60,9.60,0,0.00
"2025-10-01",193,"SARDIN CAP KING CUP (SOS TOMATO)","425 g","Sarawak",400,4,113,9.60,9.60,0,0.00
"2025-11-01",193,"SARDIN CAP KING CUP (SOS TOMATO)","425 g","Sarawak",441,4,125,9.60,9.60,0,0.00
"2025-12-01",193,"SARDIN CAP KING CUP (SOS TOMATO)","425 g","Sarawak",449,4,124,9.60,9.60,0,0.00
"2023-01-01",193,"SARDIN CAP KING CUP (SOS TOMATO)","425 g","Selangor",289,7,67,8.80,8.80,0,0.00
"2023-02-01",193,"SARDIN CAP KING CUP (SOS TOMATO)","425 g","Selangor",239,5,67,8.79,8.79,0,0.00
"2023-03-01",193,"SARDIN CAP KING CUP (SOS TOMATO)","425 g","Selangor",220,4,62,8.79,8.79,0,0.00
"2023-04-01",193,"SARDIN CAP KING CUP (SOS TOMATO)","425 g","Selangor",286,6,66,8.90,8.90,0,0.00
"2023-05-01",193,"SARDIN CAP KING CUP (SOS TOMATO)","425 g","Selangor",234,5,63,8.85,8.85,0,0.00
"2023-06-01",193,"SARDIN CAP KING CUP (SOS TOMATO)","425 g","Selangor",227,4,64,8.80,8.80,0,0.00
"2023-07-01",193,"SARDIN CAP KING CUP (SOS TOMATO)","425 g","Selangor",279,5,61,8.80,8.80,0,0.00
"2023-08-01",193,"SARDIN CAP KING CUP (SOS TOMATO)","425 g","Selangor",228,5,62,8.90,8.90,0,0.00
"2023-09-01",193,"SARDIN CAP KING CUP (SOS TOMATO)","425 g","Selangor",214,4,59,8.90,8.90,0,0.00
"2023-10-01",193,"SARDIN CAP KING CUP (SOS TOMATO)","425 g","Selangor",281,5,61,8.80,8.80,0,0.00
"2023-11-01",193,"SARDIN CAP KING CUP (SOS TOMATO)","425 g","Selangor",222,5,58,8.70,8.70,0,0.00
"2023-12-01",193,"SARDIN CAP KING CUP (SOS TOMATO)","425 g","Selangor",220,6,62,8.69,8.69,0,0.00
"2024-01-01",193,"SARDIN CAP KING CUP (SOS TOMATO)","425 g","Selangor",257,5,60,8.50,8.50,0,0.00
"2024-02-01",193,"SARDIN CAP KING CUP (SOS TOMATO)","425 g","Selangor",216,5,59,8.75,8.75,0,0.00
"2024-03-01",193,"SARDIN CAP KING CUP (SOS TOMATO)","425 g","Selangor",210,4,58,8.70,8.70,0,0.00
"2024-04-01",193,"SARDIN CAP KING CUP (SOS TOMATO)","425 g","Selangor",267,7,61,8.50,8.50,0,0.00
"2024-05-01",193,"SARDIN CAP KING CUP (SOS TOMATO)","425 g","Selangor",266,6,58,8.50,8.50,0,0.00
"2024-06-01",193,"SARDIN CAP KING CUP (SOS TOMATO)","425 g","Selangor",159,3,57,8.50,8.50,0,0.00
"2024-07-01",193,"SARDIN CAP KING CUP (SOS TOMATO)","425 g","Selangor",289,6,63,8.50,8.50,0,0.00
"2024-08-01",193,"SARDIN CAP KING CUP (SOS TOMATO)","425 g","Selangor",162,3,56,8.50,8.50,0,0.00
"2024-09-01",193,"SARDIN CAP KING CUP (SOS TOMATO)","425 g","Selangor",285,5,61,8.40,8.40,0,0.00
"2024-10-01",193,"SARDIN CAP KING CUP (SOS TOMATO)","425 g","Selangor",220,5,61,8.60,8.60,0,0.00
"2024-11-01",193,"SARDIN CAP KING CUP (SOS TOMATO)","425 g","Selangor",214,4,59,8.50,8.50,0,0.00
"2024-12-01",193,"SARDIN CAP KING CUP (SOS TOMATO)","425 g","Selangor",207,4,59,8.40,8.40,0,0.00
"2025-01-01",193,"SARDIN CAP KING CUP (SOS TOMATO)","425 g","Selangor",259,5,60,8.50,8.50,0,0.00
"2025-02-01",193,"SARDIN CAP KING CUP (SOS TOMATO)","425 g","Selangor",201,4,52,8.65,8.65,0,0.00
"2025-03-01",193,"SARDIN CAP KING CUP (SOS TOMATO)","425 g","Selangor",245,5,59,8.90,8.90,0,0.00
"2025-04-01",193,"SARDIN CAP KING CUP (SOS TOMATO)","425 g","Selangor",210,4,59,8.90,8.90,0,0.00
"2025-05-01",193,"SARDIN CAP KING CUP (SOS TOMATO)","425 g","Selangor",258,5,63,8.99,8.99,0,0.00
"2025-06-01",193,"SARDIN CAP KING CUP (SOS TOMATO)","425 g","Selangor",211,4,60,8.99,8.99,0,0.00
"2025-07-01",193,"SARDIN CAP KING CUP (SOS TOMATO)","425 g","Selangor",276,4,90,8.99,8.99,0,0.00
"2025-08-01",193,"SARDIN CAP KING CUP (SOS TOMATO)","425 g","Selangor",426,5,93,9.00,9.00,0,0.00
"2025-09-01",193,"SARDIN CAP KING CUP (SOS TOMATO)","425 g","Selangor",346,4,98,8.99,8.99,0,0.00
"2025-10-01",193,"SARDIN CAP KING CUP (SOS TOMATO)","425 g","Selangor",354,4,95,8.99,8.99,0,0.00
"2025-11-01",193,"SARDIN CAP KING CUP (SOS TOMATO)","425 g","Selangor",332,4,94,8.99,8.99,0,0.00
"2025-12-01",193,"SARDIN CAP KING CUP (SOS TOMATO)","425 g","Selangor",351,4,95,8.99,8.99,0,0.00
"2023-01-01",193,"SARDIN CAP KING CUP (SOS TOMATO)","425 g","Terengganu",56,5,12,9.79,9.79,0,0.00
"2023-02-01",193,"SARDIN CAP KING CUP (SOS TOMATO)","425 g","Terengganu",43,4,11,9.79,9.79,0,0.00
"2023-03-01",193,"SARDIN CAP KING CUP (SOS TOMATO)","425 g","Terengganu",43,4,12,9.55,9.55,0,0.00
"2023-04-01",193,"SARDIN CAP KING CUP (SOS TOMATO)","425 g","Terengganu",60,5,13,9.55,9.55,0,0.00
"2023-05-01",193,"SARDIN CAP KING CUP (SOS TOMATO)","425 g","Terengganu",45,4,12,9.55,9.55,0,0.00
"2023-06-01",193,"SARDIN CAP KING CUP (SOS TOMATO)","425 g","Terengganu",44,4,12,9.79,9.79,0,0.00
"2023-07-01",193,"SARDIN CAP KING CUP (SOS TOMATO)","425 g","Terengganu",65,5,14,9.55,9.55,0,0.00
"2023-08-01",193,"SARDIN CAP KING CUP (SOS TOMATO)","425 g","Terengganu",52,4,13,9.55,9.55,0,0.00
"2023-09-01",193,"SARDIN CAP KING CUP (SOS TOMATO)","425 g","Terengganu",55,4,14,9.55,9.55,0,0.00
"2023-10-01",193,"SARDIN CAP KING CUP (SOS TOMATO)","425 g","Terengganu",66,5,14,9.55,9.55,0,0.00
"2023-11-01",193,"SARDIN CAP KING CUP (SOS TOMATO)","425 g","Terengganu",47,4,13,9.55,9.55,0,0.00
"2023-12-01",193,"SARDIN CAP KING CUP (SOS TOMATO)","425 g","Terengganu",44,4,11,9.00,9.00,0,0.00
"2024-01-01",193,"SARDIN CAP KING CUP (SOS TOMATO)","425 g","Terengganu",54,5,12,9.50,9.50,0,0.00
"2024-02-01",193,"SARDIN CAP KING CUP (SOS TOMATO)","425 g","Terengganu",55,5,12,9.50,9.50,0,0.00
"2024-03-01",193,"SARDIN CAP KING CUP (SOS TOMATO)","425 g","Terengganu",30,3,12,9.50,9.50,0,0.00
"2024-04-01",193,"SARDIN CAP KING CUP (SOS TOMATO)","425 g","Terengganu",52,5,13,9.50,9.50,0,0.00
"2024-05-01",193,"SARDIN CAP KING CUP (SOS TOMATO)","425 g","Terengganu",51,5,11,9.00,9.00,0,0.00
"2024-06-01",193,"SARDIN CAP KING CUP (SOS TOMATO)","425 g","Terengganu",30,3,10,9.25,9.25,0,0.00
"2024-07-01",193,"SARDIN CAP KING CUP (SOS TOMATO)","425 g","Terengganu",50,5,12,9.25,9.25,0,0.00
"2024-08-01",193,"SARDIN CAP KING CUP (SOS TOMATO)","425 g","Terengganu",33,3,11,9.00,9.00,0,0.00
"2024-09-01",193,"SARDIN CAP KING CUP (SOS TOMATO)","425 g","Terengganu",52,5,11,9.00,9.00,0,0.00
"2024-10-01",193,"SARDIN CAP KING CUP (SOS TOMATO)","425 g","Terengganu",42,5,11,9.00,9.00,0,0.00
"2024-11-01",193,"SARDIN CAP KING CUP (SOS TOMATO)","425 g","Terengganu",40,4,11,9.25,9.25,0,0.00
"2024-12-01",193,"SARDIN CAP KING CUP (SOS TOMATO)","425 g","Terengganu",36,4,10,9.00,9.00,0,0.00
"2025-01-01",193,"SARDIN CAP KING CUP (SOS TOMATO)","425 g","Terengganu",44,6,10,9.00,9.00,0,0.00
"2025-02-01",193,"SARDIN CAP KING CUP (SOS TOMATO)","425 g","Terengganu",32,4,10,9.33,9.33,0,0.00
"2025-03-01",193,"SARDIN CAP KING CUP (SOS TOMATO)","425 g","Terengganu",36,5,8,9.65,9.65,0,0.00
"2025-04-01",193,"SARDIN CAP KING CUP (SOS TOMATO)","425 g","Terengganu",27,4,7,9.65,9.65,0,0.00
"2025-05-01",193,"SARDIN CAP KING CUP (SOS TOMATO)","425 g","Terengganu",39,5,9,9.50,9.50,0,0.00
"2025-06-01",193,"SARDIN CAP KING CUP (SOS TOMATO)","425 g","Terengganu",35,4,9,9.50,9.50,0,0.00
"2025-07-01",193,"SARDIN CAP KING CUP (SOS TOMATO)","425 g","Terengganu",39,4,12,9.50,9.50,0,0.00
"2025-08-01",193,"SARDIN CAP KING CUP (SOS TOMATO)","425 g","Terengganu",50,5,10,9.25,9.25,0,0.00
"2025-09-01",193,"SARDIN CAP KING CUP (SOS TOMATO)","425 g","Terengganu",40,4,10,9.25,9.25,0,0.00
"2025-10-01",193,"SARDIN CAP KING CUP (SOS TOMATO)","425 g","Terengganu",35,4,9,9.50,9.50,0,0.00
"2025-11-01",193,"SARDIN CAP KING CUP (SOS TOMATO)","425 g","Terengganu",31,4,8,9.65,9.65,0,0.00
"2025-12-01",193,"SARDIN CAP KING CUP (SOS TOMATO)","425 g","Terengganu",34,4,10,9.65,9.65,0,0.00
"2023-01-01",193,"SARDIN CAP KING CUP (SOS TOMATO)","425 g","W.P. Kuala Lumpur",355,6,82,8.90,8.90,0,0.00
"2023-02-01",193,"SARDIN CAP KING CUP (SOS TOMATO)","425 g","W.P. Kuala Lumpur",304,5,82,8.90,8.90,0,0.00
"2023-03-01",193,"SARDIN CAP KING CUP (SOS TOMATO)","425 g","W.P. Kuala Lumpur",308,4,81,8.90,8.90,0,0.00
"2023-04-01",193,"SARDIN CAP KING CUP (SOS TOMATO)","425 g","W.P. Kuala Lumpur",385,7,80,8.90,8.90,0,0.00
"2023-05-01",193,"SARDIN CAP KING CUP (SOS TOMATO)","425 g","W.P. Kuala Lumpur",331,4,87,8.90,8.90,0,0.00
"2023-06-01",193,"SARDIN CAP KING CUP (SOS TOMATO)","425 g","W.P. Kuala Lumpur",329,4,87,8.90,8.90,0,0.00
"2023-07-01",193,"SARDIN CAP KING CUP (SOS TOMATO)","425 g","W.P. Kuala Lumpur",395,7,83,8.90,8.90,0,0.00
"2023-08-01",193,"SARDIN CAP KING CUP (SOS TOMATO)","425 g","W.P. Kuala Lumpur",315,4,83,8.90,8.90,0,0.00
"2023-09-01",193,"SARDIN CAP KING CUP (SOS TOMATO)","425 g","W.P. Kuala Lumpur",324,5,83,8.90,8.90,0,0.00
"2023-10-01",193,"SARDIN CAP KING CUP (SOS TOMATO)","425 g","W.P. Kuala Lumpur",403,7,84,8.90,8.90,0,0.00
"2023-11-01",193,"SARDIN CAP KING CUP (SOS TOMATO)","425 g","W.P. Kuala Lumpur",316,6,80,8.90,8.90,0,0.00
"2023-12-01",193,"SARDIN CAP KING CUP (SOS TOMATO)","425 g","W.P. Kuala Lumpur",309,6,82,8.90,8.90,0,0.00
"2024-01-01",193,"SARDIN CAP KING CUP (SOS TOMATO)","425 g","W.P. Kuala Lumpur",378,5,82,8.90,8.90,0,0.00
"2024-02-01",193,"SARDIN CAP KING CUP (SOS TOMATO)","425 g","W.P. Kuala Lumpur",309,4,84,8.90,8.90,0,0.00
"2024-03-01",193,"SARDIN CAP KING CUP (SOS TOMATO)","425 g","W.P. Kuala Lumpur",316,4,81,8.90,8.90,0,0.00
"2024-04-01",193,"SARDIN CAP KING CUP (SOS TOMATO)","425 g","W.P. Kuala Lumpur",394,6,86,8.90,8.90,0,0.00
"2024-05-01",193,"SARDIN CAP KING CUP (SOS TOMATO)","425 g","W.P. Kuala Lumpur",422,6,92,8.90,8.90,0,0.00
"2024-06-01",193,"SARDIN CAP KING CUP (SOS TOMATO)","425 g","W.P. Kuala Lumpur",252,3,87,8.90,8.90,0,0.00
"2024-07-01",193,"SARDIN CAP KING CUP (SOS TOMATO)","425 g","W.P. Kuala Lumpur",424,5,92,8.90,8.90,0,0.00
"2024-08-01",193,"SARDIN CAP KING CUP (SOS TOMATO)","425 g","W.P. Kuala Lumpur",266,3,90,8.90,8.90,0,0.00
"2024-09-01",193,"SARDIN CAP KING CUP (SOS TOMATO)","425 g","W.P. Kuala Lumpur",443,6,92,8.90,8.90,0,0.00
"2024-10-01",193,"SARDIN CAP KING CUP (SOS TOMATO)","425 g","W.P. Kuala Lumpur",351,4,92,8.90,8.90,0,0.00
"2024-11-01",193,"SARDIN CAP KING CUP (SOS TOMATO)","425 g","W.P. Kuala Lumpur",344,4,90,8.90,8.90,0,0.00
"2024-12-01",193,"SARDIN CAP KING CUP (SOS TOMATO)","425 g","W.P. Kuala Lumpur",351,4,92,8.90,8.90,0,0.00
"2025-01-01",193,"SARDIN CAP KING CUP (SOS TOMATO)","425 g","W.P. Kuala Lumpur",436,5,93,8.90,8.90,0,0.00
"2025-02-01",193,"SARDIN CAP KING CUP (SOS TOMATO)","425 g","W.P. Kuala Lumpur",337,4,90,8.90,8.90,0,0.00
"2025-03-01",193,"SARDIN CAP KING CUP (SOS TOMATO)","425 g","W.P. Kuala Lumpur",420,5,89,8.90,8.90,0,0.00
"2025-04-01",193,"SARDIN CAP KING CUP (SOS TOMATO)","425 g","W.P. Kuala Lumpur",325,4,89,9.30,9.30,0,0.00
"2025-05-01",193,"SARDIN CAP KING CUP (SOS TOMATO)","425 g","W.P. Kuala Lumpur",416,5,89,9.32,9.32,0,0.00
"2025-06-01",193,"SARDIN CAP KING CUP (SOS TOMATO)","425 g","W.P. Kuala Lumpur",323,4,84,9.38,9.38,0,0.00
"2025-07-01",193,"SARDIN CAP KING CUP (SOS TOMATO)","425 g","W.P. Kuala Lumpur",399,4,123,9.38,9.38,0,0.00
"2025-08-01",193,"SARDIN CAP KING CUP (SOS TOMATO)","425 g","W.P. Kuala Lumpur",530,5,112,9.40,9.40,0,0.00
"2025-09-01",193,"SARDIN CAP KING CUP (SOS TOMATO)","425 g","W.P. Kuala Lumpur",412,4,110,9.40,9.40,0,0.00
"2025-10-01",193,"SARDIN CAP KING CUP (SOS TOMATO)","425 g","W.P. Kuala Lumpur",417,4,110,9.45,9.45,0,0.00
"2025-11-01",193,"SARDIN CAP KING CUP (SOS TOMATO)","425 g","W.P. Kuala Lumpur",429,4,116,9.38,9.38,0,0.00
"2025-12-01",193,"SARDIN CAP KING CUP (SOS TOMATO)","425 g","W.P. Kuala Lumpur",430,4,114,9.40,9.40,0,0.00
"2023-01-01",193,"SARDIN CAP KING CUP (SOS TOMATO)","425 g","W.P. Labuan",26,5,6,10.50,10.50,0,0.00
"2023-02-01",193,"SARDIN CAP KING CUP (SOS TOMATO)","425 g","W.P. Labuan",19,4,5,10.80,10.80,0,0.00
"2023-03-01",193,"SARDIN CAP KING CUP (SOS TOMATO)","425 g","W.P. Labuan",21,4,6,10.90,10.90,0,0.00
"2023-04-01",193,"SARDIN CAP KING CUP (SOS TOMATO)","425 g","W.P. Labuan",29,5,6,10.90,10.90,0,0.00
"2023-05-01",193,"SARDIN CAP KING CUP (SOS TOMATO)","425 g","W.P. Labuan",22,4,6,10.80,10.80,0,0.00
"2023-06-01",193,"SARDIN CAP KING CUP (SOS TOMATO)","425 g","W.P. Labuan",13,3,5,11.20,11.20,0,0.00
"2023-07-01",193,"SARDIN CAP KING CUP (SOS TOMATO)","425 g","W.P. Labuan",19,5,5,11.20,11.20,0,0.00
"2023-08-01",193,"SARDIN CAP KING CUP (SOS TOMATO)","425 g","W.P. Labuan",14,4,4,11.20,11.20,0,0.00
"2023-09-01",193,"SARDIN CAP KING CUP (SOS TOMATO)","425 g","W.P. Labuan",14,4,4,11.20,11.20,0,0.00
"2023-10-01",193,"SARDIN CAP KING CUP (SOS TOMATO)","425 g","W.P. Labuan",16,5,4,10.90,10.90,0,0.00
"2023-11-01",193,"SARDIN CAP KING CUP (SOS TOMATO)","425 g","W.P. Labuan",8,4,2,10.80,10.80,0,0.00
"2023-12-01",193,"SARDIN CAP KING CUP (SOS TOMATO)","425 g","W.P. Labuan",5,4,2,10.70,10.70,0,0.00
"2024-01-01",193,"SARDIN CAP KING CUP (SOS TOMATO)","425 g","W.P. Labuan",8,5,2,10.70,10.70,0,0.00
"2024-02-01",193,"SARDIN CAP KING CUP (SOS TOMATO)","425 g","W.P. Labuan",17,4,5,10.90,10.90,0,0.00
"2024-03-01",193,"SARDIN CAP KING CUP (SOS TOMATO)","425 g","W.P. Labuan",18,4,6,10.90,10.90,0,0.00
"2024-04-01",193,"SARDIN CAP KING CUP (SOS TOMATO)","425 g","W.P. Labuan",17,4,5,10.90,10.90,0,0.00
"2024-05-01",193,"SARDIN CAP KING CUP (SOS TOMATO)","425 g","W.P. Labuan",21,5,5,10.90,10.90,0,0.00
"2024-06-01",193,"SARDIN CAP KING CUP (SOS TOMATO)","425 g","W.P. Labuan",15,3,5,10.90,10.90,0,0.00
"2024-07-01",193,"SARDIN CAP KING CUP (SOS TOMATO)","425 g","W.P. Labuan",20,5,7,10.85,10.85,0,0.00
"2024-08-01",193,"SARDIN CAP KING CUP (SOS TOMATO)","425 g","W.P. Labuan",18,3,7,11.20,11.20,0,0.00
"2024-09-01",193,"SARDIN CAP KING CUP (SOS TOMATO)","425 g","W.P. Labuan",19,5,6,11.20,11.20,0,0.00
"2024-10-01",193,"SARDIN CAP KING CUP (SOS TOMATO)","425 g","W.P. Labuan",18,4,6,11.20,11.20,0,0.00
"2024-11-01",193,"SARDIN CAP KING CUP (SOS TOMATO)","425 g","W.P. Labuan",16,4,6,10.90,10.90,0,0.00
"2024-12-01",193,"SARDIN CAP KING CUP (SOS TOMATO)","425 g","W.P. Labuan",20,4,5,11.20,11.20,0,0.00
"2025-01-01",193,"SARDIN CAP KING CUP (SOS TOMATO)","425 g","W.P. Labuan",13,5,4,10.90,10.90,0,0.00
"2025-02-01",193,"SARDIN CAP KING CUP (SOS TOMATO)","425 g","W.P. Labuan",9,4,5,10.90,10.90,0,0.00
"2025-03-01",193,"SARDIN CAP KING CUP (SOS TOMATO)","425 g","W.P. Labuan",11,5,4,10.70,10.70,0,0.00
"2025-04-01",193,"SARDIN CAP KING CUP (SOS TOMATO)","425 g","W.P. Labuan",4,3,2,10.70,10.70,0,0.00
"2025-05-01",193,"SARDIN CAP KING CUP (SOS TOMATO)","425 g","W.P. Labuan",5,5,1,11.60,11.60,0,0.00
"2025-06-01",193,"SARDIN CAP KING CUP (SOS TOMATO)","425 g","W.P. Labuan",2,2,2,11.50,11.50,0,0.00
"2025-07-01",193,"SARDIN CAP KING CUP (SOS TOMATO)","425 g","W.P. Labuan",8,4,3,11.40,11.40,0,0.00
"2025-08-01",193,"SARDIN CAP KING CUP (SOS TOMATO)","425 g","W.P. Labuan",20,5,5,11.50,11.50,0,0.00
"2025-09-01",193,"SARDIN CAP KING CUP (SOS TOMATO)","425 g","W.P. Labuan",21,4,6,11.60,11.60,0,0.00
"2025-10-01",193,"SARDIN CAP KING CUP (SOS TOMATO)","425 g","W.P. Labuan",17,4,5,11.40,11.40,0,0.00
"2025-11-01",193,"SARDIN CAP KING CUP (SOS TOMATO)","425 g","W.P. Labuan",16,4,5,11.40,11.40,0,0.00
"2025-12-01",193,"SARDIN CAP KING CUP (SOS TOMATO)","425 g","W.P. Labuan",20,4,5,11.60,11.60,0,0.00
"2023-01-01",193,"SARDIN CAP KING CUP (SOS TOMATO)","425 g","W.P. Putrajaya",48,6,11,9.00,9.00,0,0.00
"2023-02-01",193,"SARDIN CAP KING CUP (SOS TOMATO)","425 g","W.P. Putrajaya",44,4,11,9.00,9.00,0,0.00
"2023-03-01",193,"SARDIN CAP KING CUP (SOS TOMATO)","425 g","W.P. Putrajaya",41,4,11,9.00,9.00,0,0.00
"2023-04-01",193,"SARDIN CAP KING CUP (SOS TOMATO)","425 g","W.P. Putrajaya",33,5,9,9.20,9.20,0,0.00
"2023-05-01",193,"SARDIN CAP KING CUP (SOS TOMATO)","425 g","W.P. Putrajaya",21,4,6,9.20,9.20,0,0.00
"2023-06-01",193,"SARDIN CAP KING CUP (SOS TOMATO)","425 g","W.P. Putrajaya",35,4,10,9.00,9.00,0,0.00
"2023-07-01",193,"SARDIN CAP KING CUP (SOS TOMATO)","425 g","W.P. Putrajaya",46,5,11,9.10,9.10,0,0.00
"2023-08-01",193,"SARDIN CAP KING CUP (SOS TOMATO)","425 g","W.P. Putrajaya",40,5,10,9.00,9.00,0,0.00
"2023-09-01",193,"SARDIN CAP KING CUP (SOS TOMATO)","425 g","W.P. Putrajaya",40,4,11,9.00,9.00,0,0.00
"2023-10-01",193,"SARDIN CAP KING CUP (SOS TOMATO)","425 g","W.P. Putrajaya",47,5,11,9.00,9.00,0,0.00
"2023-11-01",193,"SARDIN CAP KING CUP (SOS TOMATO)","425 g","W.P. Putrajaya",37,4,10,9.20,9.20,0,0.00
"2023-12-01",193,"SARDIN CAP KING CUP (SOS TOMATO)","425 g","W.P. Putrajaya",41,4,11,9.00,9.00,0,0.00
"2024-01-01",193,"SARDIN CAP KING CUP (SOS TOMATO)","425 g","W.P. Putrajaya",48,6,10,8.90,8.90,0,0.00
"2024-02-01",193,"SARDIN CAP KING CUP (SOS TOMATO)","425 g","W.P. Putrajaya",39,4,12,8.90,8.90,0,0.00
"2024-03-01",193,"SARDIN CAP KING CUP (SOS TOMATO)","425 g","W.P. Putrajaya",53,4,14,8.90,8.90,0,0.00
"2024-04-01",193,"SARDIN CAP KING CUP (SOS TOMATO)","425 g","W.P. Putrajaya",68,5,14,8.90,8.90,0,0.00
"2024-05-01",193,"SARDIN CAP KING CUP (SOS TOMATO)","425 g","W.P. Putrajaya",67,5,15,8.90,8.90,0,0.00
"2024-06-01",193,"SARDIN CAP KING CUP (SOS TOMATO)","425 g","W.P. Putrajaya",38,4,14,8.90,8.90,0,0.00
"2024-07-01",193,"SARDIN CAP KING CUP (SOS TOMATO)","425 g","W.P. Putrajaya",56,6,13,8.90,8.90,0,0.00
"2024-08-01",193,"SARDIN CAP KING CUP (SOS TOMATO)","425 g","W.P. Putrajaya",27,3,10,8.90,8.90,0,0.00
"2024-09-01",193,"SARDIN CAP KING CUP (SOS TOMATO)","425 g","W.P. Putrajaya",46,6,10,8.90,8.90,0,0.00
"2024-10-01",193,"SARDIN CAP KING CUP (SOS TOMATO)","425 g","W.P. Putrajaya",35,4,9,8.90,8.90,0,0.00
"2024-11-01",193,"SARDIN CAP KING CUP (SOS TOMATO)","425 g","W.P. Putrajaya",35,4,9,8.90,8.90,0,0.00
"2024-12-01",193,"SARDIN CAP KING CUP (SOS TOMATO)","425 g","W.P. Putrajaya",35,4,10,8.90,8.90,0,0.00
"2025-01-01",193,"SARDIN CAP KING CUP (SOS TOMATO)","425 g","W.P. Putrajaya",47,5,10,8.90,8.90,0,0.00
"2025-02-01",193,"SARDIN CAP KING CUP (SOS TOMATO)","425 g","W.P. Putrajaya",41,4,11,9.00,9.00,0,0.00
"2025-03-01",193,"SARDIN CAP KING CUP (SOS TOMATO)","425 g","W.P. Putrajaya",61,5,14,9.50,9.50,0,0.00
"2025-04-01",193,"SARDIN CAP KING CUP (SOS TOMATO)","425 g","W.P. Putrajaya",47,4,14,9.70,9.70,0,0.00
"2025-05-01",193,"SARDIN CAP KING CUP (SOS TOMATO)","425 g","W.P. Putrajaya",60,5,13,9.70,9.70,0,0.00
"2025-06-01",193,"SARDIN CAP KING CUP (SOS TOMATO)","425 g","W.P. Putrajaya",52,4,14,9.68,9.68,0,0.00
"2025-07-01",193,"SARDIN CAP KING CUP (SOS TOMATO)","425 g","W.P. Putrajaya",57,4,16,9.70,9.70,0,0.00
"2025-08-01",193,"SARDIN CAP KING CUP (SOS TOMATO)","425 g","W.P. Putrajaya",76,5,17,9.70,9.70,0,0.00
"2025-09-01",193,"SARDIN CAP KING CUP (SOS TOMATO)","425 g","W.P. Putrajaya",57,4,17,9.70,9.70,0,0.00
"2025-10-01",193,"SARDIN CAP KING CUP (SOS TOMATO)","425 g","W.P. Putrajaya",62,4,17,9.65,9.65,0,0.00
"2025-11-01",193,"SARDIN CAP KING CUP (SOS TOMATO)","425 g","W.P. Putrajaya",66,4,17,9.68,9.68,0,0.00
"2025-12-01",193,"SARDIN CAP KING CUP (SOS TOMATO)","425 g","W.P. Putrajaya",60,4,17,9.70,9.70,0,0.00
"2023-01-01",904,"BERAS SUPER CAP RAMBUTAN 5% (IMPORT)","10 kg","Johor",128,7,32,29.89,29.89,0,0.00
"2023-02-01",904,"BERAS SUPER CAP RAMBUTAN 5% (IMPORT)","10 kg","Johor",111,8,32,30.00,30.00,0,0.00
"2023-03-01",904,"BERAS SUPER CAP RAMBUTAN 5% (IMPORT)","10 kg","Johor",104,8,29,30.00,30.00,0,0.00
"2023-04-01",904,"BERAS SUPER CAP RAMBUTAN 5% (IMPORT)","10 kg","Johor",142,6,33,29.90,29.90,0,0.00
"2023-05-01",904,"BERAS SUPER CAP RAMBUTAN 5% (IMPORT)","10 kg","Johor",116,5,36,29.90,29.90,0,0.00
"2023-06-01",904,"BERAS SUPER CAP RAMBUTAN 5% (IMPORT)","10 kg","Johor",113,4,35,29.99,29.99,0,0.00
"2023-07-01",904,"BERAS SUPER CAP RAMBUTAN 5% (IMPORT)","10 kg","Johor",97,6,29,31.90,31.90,0,0.00
"2023-08-01",904,"BERAS SUPER CAP RAMBUTAN 5% (IMPORT)","10 kg","Johor",102,4,33,33.03,33.03,0,0.00
"2023-09-01",904,"BERAS SUPER CAP RAMBUTAN 5% (IMPORT)","10 kg","Johor",222,15,38,40.90,40.90,0,0.00
"2023-10-01",904,"BERAS SUPER CAP RAMBUTAN 5% (IMPORT)","10 kg","Johor",614,30,31,41.99,41.99,0,0.00
"2023-11-01",904,"BERAS SUPER CAP RAMBUTAN 5% (IMPORT)","10 kg","Johor",663,27,35,43.19,43.19,0,0.00
"2023-12-01",904,"BERAS SUPER CAP RAMBUTAN 5% (IMPORT)","10 kg","Johor",413,23,28,41.99,41.99,0,0.00
"2024-01-01",904,"BERAS SUPER CAP RAMBUTAN 5% (IMPORT)","10 kg","Johor",92,5,25,40.48,40.48,0,0.00
"2024-02-01",904,"BERAS SUPER CAP RAMBUTAN 5% (IMPORT)","10 kg","Johor",115,4,37,40.98,40.98,0,0.00
"2024-03-01",904,"BERAS SUPER CAP RAMBUTAN 5% (IMPORT)","10 kg","Johor",120,4,38,39.99,39.99,0,0.00
"2024-04-01",904,"BERAS SUPER CAP RAMBUTAN 5% (IMPORT)","10 kg","Johor",800,28,40,39.99,39.99,0,0.00
"2024-05-01",904,"BERAS SUPER CAP RAMBUTAN 5% (IMPORT)","10 kg","Johor",784,29,41,39.99,39.99,0,0.00
"2024-06-01",904,"BERAS SUPER CAP RAMBUTAN 5% (IMPORT)","10 kg","Johor",767,28,37,39.99,39.99,0,0.00
"2024-07-01",904,"BERAS SUPER CAP RAMBUTAN 5% (IMPORT)","10 kg","Johor",940,29,42,39.99,39.99,0,0.00
"2024-08-01",904,"BERAS SUPER CAP RAMBUTAN 5% (IMPORT)","10 kg","Johor",740,24,40,39.90,39.90,0,0.00
"2024-09-01",904,"BERAS SUPER CAP RAMBUTAN 5% (IMPORT)","10 kg","Johor",963,29,42,39.99,39.99,0,0.00
"2024-10-01",904,"BERAS SUPER CAP RAMBUTAN 5% (IMPORT)","10 kg","Johor",1074,30,43,39.99,39.99,0,0.00
"2024-11-01",904,"BERAS SUPER CAP RAMBUTAN 5% (IMPORT)","10 kg","Johor",957,28,42,39.90,39.90,0,0.00
"2024-12-01",904,"BERAS SUPER CAP RAMBUTAN 5% (IMPORT)","10 kg","Johor",967,30,40,39.90,39.90,0,0.00
"2025-01-01",904,"BERAS SUPER CAP RAMBUTAN 5% (IMPORT)","10 kg","Johor",919,28,39,38.99,38.99,0,0.00
"2025-02-01",904,"BERAS SUPER CAP RAMBUTAN 5% (IMPORT)","10 kg","Johor",811,25,40,38.99,38.99,0,0.00
"2025-03-01",904,"BERAS SUPER CAP RAMBUTAN 5% (IMPORT)","10 kg","Johor",806,26,40,38.99,38.99,0,0.00
"2025-04-01",904,"BERAS SUPER CAP RAMBUTAN 5% (IMPORT)","10 kg","Johor",772,27,40,37.99,37.99,0,0.00
"2025-05-01",904,"BERAS SUPER CAP RAMBUTAN 5% (IMPORT)","10 kg","Johor",872,29,41,38.33,38.33,0,0.00
"2025-06-01",904,"BERAS SUPER CAP RAMBUTAN 5% (IMPORT)","10 kg","Johor",851,26,42,37.90,37.90,0,0.00
"2025-07-01",904,"BERAS SUPER CAP RAMBUTAN 5% (IMPORT)","10 kg","Johor",832,24,55,36.59,36.59,0,0.00
"2025-08-01",904,"BERAS SUPER CAP RAMBUTAN 5% (IMPORT)","10 kg","Johor",207,5,48,36.59,36.59,0,0.00
"2025-09-01",904,"BERAS SUPER CAP RAMBUTAN 5% (IMPORT)","10 kg","Johor",164,4,48,36.50,36.50,0,0.00
"2025-10-01",904,"BERAS SUPER CAP RAMBUTAN 5% (IMPORT)","10 kg","Johor",162,4,49,36.45,36.45,0,0.00
"2025-11-01",904,"BERAS SUPER CAP RAMBUTAN 5% (IMPORT)","10 kg","Johor",173,4,47,36.50,36.50,0,0.00
"2025-12-01",904,"BERAS SUPER CAP RAMBUTAN 5% (IMPORT)","10 kg","Johor",157,4,44,36.50,36.50,0,0.00
"2023-01-01",904,"BERAS SUPER CAP RAMBUTAN 5% (IMPORT)","10 kg","Kedah",211,5,47,28.50,28.50,0,0.00
"2023-02-01",904,"BERAS SUPER CAP RAMBUTAN 5% (IMPORT)","10 kg","Kedah",164,4,44,28.50,28.50,0,0.00
"2023-03-01",904,"BERAS SUPER CAP RAMBUTAN 5% (IMPORT)","10 kg","Kedah",169,4,45,28.99,28.99,0,0.00
"2023-04-01",904,"BERAS SUPER CAP RAMBUTAN 5% (IMPORT)","10 kg","Kedah",191,5,44,29.50,29.50,0,0.00
"2023-05-01",904,"BERAS SUPER CAP RAMBUTAN 5% (IMPORT)","10 kg","Kedah",157,4,42,30.30,30.30,0,0.00
"2023-06-01",904,"BERAS SUPER CAP RAMBUTAN 5% (IMPORT)","10 kg","Kedah",163,4,45,30.80,30.80,0,0.00
"2023-07-01",904,"BERAS SUPER CAP RAMBUTAN 5% (IMPORT)","10 kg","Kedah",203,5,45,32.00,32.00,0,0.00
"2023-08-01",904,"BERAS SUPER CAP RAMBUTAN 5% (IMPORT)","10 kg","Kedah",161,4,47,32.50,32.50,0,0.00
"2023-09-01",904,"BERAS SUPER CAP RAMBUTAN 5% (IMPORT)","10 kg","Kedah",363,16,51,39.90,39.90,0,0.00
"2023-10-01",904,"BERAS SUPER CAP RAMBUTAN 5% (IMPORT)","10 kg","Kedah",767,30,49,41.99,41.99,0,0.00
"2023-11-01",904,"BERAS SUPER CAP RAMBUTAN 5% (IMPORT)","10 kg","Kedah",676,27,43,40.99,40.99,0,0.00
"2023-12-01",904,"BERAS SUPER CAP RAMBUTAN 5% (IMPORT)","10 kg","Kedah",588,24,41,40.99,40.99,0,0.00
"2024-01-01",904,"BERAS SUPER CAP RAMBUTAN 5% (IMPORT)","10 kg","Kedah",197,5,44,40.29,40.29,0,0.00
"2024-02-01",904,"BERAS SUPER CAP RAMBUTAN 5% (IMPORT)","10 kg","Kedah",150,4,43,40.20,40.20,0,0.00
"2024-03-01",904,"BERAS SUPER CAP RAMBUTAN 5% (IMPORT)","10 kg","Kedah",158,4,43,39.75,39.75,0,0.00
"2024-04-01",904,"BERAS SUPER CAP RAMBUTAN 5% (IMPORT)","10 kg","Kedah",718,28,44,39.99,39.99,0,0.00
"2024-05-01",904,"BERAS SUPER CAP RAMBUTAN 5% (IMPORT)","10 kg","Kedah",769,29,43,39.99,39.99,0,0.00
"2024-06-01",904,"BERAS SUPER CAP RAMBUTAN 5% (IMPORT)","10 kg","Kedah",754,26,50,39.99,39.99,0,0.00
"2024-07-01",904,"BERAS SUPER CAP RAMBUTAN 5% (IMPORT)","10 kg","Kedah",862,29,49,39.99,39.99,0,0.00
"2024-08-01",904,"BERAS SUPER CAP RAMBUTAN 5% (IMPORT)","10 kg","Kedah",689,25,46,39.90,39.90,0,0.00
"2024-09-01",904,"BERAS SUPER CAP RAMBUTAN 5% (IMPORT)","10 kg","Kedah",822,29,47,39.90,39.90,0,0.00
"2024-10-01",904,"BERAS SUPER CAP RAMBUTAN 5% (IMPORT)","10 kg","Kedah",839,30,48,39.90,39.90,0,0.00
"2024-11-01",904,"BERAS SUPER CAP RAMBUTAN 5% (IMPORT)","10 kg","Kedah",737,28,46,37.99,37.99,0,0.00
"2024-12-01",904,"BERAS SUPER CAP RAMBUTAN 5% (IMPORT)","10 kg","Kedah",812,30,47,38.60,38.60,0,0.00
"2025-01-01",904,"BERAS SUPER CAP RAMBUTAN 5% (IMPORT)","10 kg","Kedah",785,28,46,37.90,37.90,0,0.00
"2025-02-01",904,"BERAS SUPER CAP RAMBUTAN 5% (IMPORT)","10 kg","Kedah",661,25,46,38.63,38.63,0,0.00
"2025-03-01",904,"BERAS SUPER CAP RAMBUTAN 5% (IMPORT)","10 kg","Kedah",809,28,47,37.00,37.00,0,0.00
"2025-04-01",904,"BERAS SUPER CAP RAMBUTAN 5% (IMPORT)","10 kg","Kedah",705,28,47,37.40,37.40,0,0.00
"2025-05-01",904,"BERAS SUPER CAP RAMBUTAN 5% (IMPORT)","10 kg","Kedah",777,29,46,37.40,37.40,0,0.00
"2025-06-01",904,"BERAS SUPER CAP RAMBUTAN 5% (IMPORT)","10 kg","Kedah",640,23,46,36.70,36.70,0,0.00
"2025-07-01",904,"BERAS SUPER CAP RAMBUTAN 5% (IMPORT)","10 kg","Kedah",693,25,59,35.00,35.00,0,0.00
"2025-08-01",904,"BERAS SUPER CAP RAMBUTAN 5% (IMPORT)","10 kg","Kedah",255,5,54,35.50,35.50,0,0.00
"2025-09-01",904,"BERAS SUPER CAP RAMBUTAN 5% (IMPORT)","10 kg","Kedah",188,4,55,35.50,35.50,0,0.00
"2025-10-01",904,"BERAS SUPER CAP RAMBUTAN 5% (IMPORT)","10 kg","Kedah",200,4,54,35.00,35.00,0,0.00
"2025-11-01",904,"BERAS SUPER CAP RAMBUTAN 5% (IMPORT)","10 kg","Kedah",211,4,56,35.00,35.00,0,0.00
"2025-12-01",904,"BERAS SUPER CAP RAMBUTAN 5% (IMPORT)","10 kg","Kedah",208,4,55,35.00,35.00,0,0.00
"2023-01-01",904,"BERAS SUPER CAP RAMBUTAN 5% (IMPORT)","10 kg","Kelantan",37,5,16,29.90,29.90,0,0.00
"2023-02-01",904,"BERAS SUPER CAP RAMBUTAN 5% (IMPORT)","10 kg","Kelantan",31,5,17,29.99,29.99,0,0.00
"2023-03-01",904,"BERAS SUPER CAP RAMBUTAN 5% (IMPORT)","10 kg","Kelantan",40,4,17,30.00,30.00,0,0.00
"2023-04-01",904,"BERAS SUPER CAP RAMBUTAN 5% (IMPORT)","10 kg","Kelantan",46,5,14,30.00,30.00,0,0.00
"2023-05-01",904,"BERAS SUPER CAP RAMBUTAN 5% (IMPORT)","10 kg","Kelantan",32,5,11,29.90,29.90,0,0.00
"2023-06-01",904,"BERAS SUPER CAP RAMBUTAN 5% (IMPORT)","10 kg","Kelantan",44,4,16,30.80,30.80,0,0.00
"2023-07-01",904,"BERAS SUPER CAP RAMBUTAN 5% (IMPORT)","10 kg","Kelantan",43,5,16,32.20,32.20,0,0.00
"2023-08-01",904,"BERAS SUPER CAP RAMBUTAN 5% (IMPORT)","10 kg","Kelantan",26,4,9,33.90,33.90,0,0.00
"2023-09-01",904,"BERAS SUPER CAP RAMBUTAN 5% (IMPORT)","10 kg","Kelantan",28,7,12,40.90,40.90,0,0.00
"2023-10-01",904,"BERAS SUPER CAP RAMBUTAN 5% (IMPORT)","10 kg","Kelantan",334,29,20,43.80,43.80,0,0.00
"2023-11-01",904,"BERAS SUPER CAP RAMBUTAN 5% (IMPORT)","10 kg","Kelantan",478,27,24,43.90,43.90,0,0.00
"2023-12-01",904,"BERAS SUPER CAP RAMBUTAN 5% (IMPORT)","10 kg","Kelantan",275,24,21,42.99,42.99,0,0.00
"2024-01-01",904,"BERAS SUPER CAP RAMBUTAN 5% (IMPORT)","10 kg","Kelantan",65,5,19,43.80,43.80,0,0.00
"2024-02-01",904,"BERAS SUPER CAP RAMBUTAN 5% (IMPORT)","10 kg","Kelantan",56,4,21,44.50,44.50,0,0.00
"2024-03-01",904,"BERAS SUPER CAP RAMBUTAN 5% (IMPORT)","10 kg","Kelantan",43,4,18,43.60,43.60,0,0.00
"2024-04-01",904,"BERAS SUPER CAP RAMBUTAN 5% (IMPORT)","10 kg","Kelantan",492,27,28,42.99,42.99,0,0.00
"2024-05-01",904,"BERAS SUPER CAP RAMBUTAN 5% (IMPORT)","10 kg","Kelantan",466,29,23,42.99,42.99,0,0.00
"2024-06-01",904,"BERAS SUPER CAP RAMBUTAN 5% (IMPORT)","10 kg","Kelantan",445,26,28,42.99,42.99,0,0.00
"2024-07-01",904,"BERAS SUPER CAP RAMBUTAN 5% (IMPORT)","10 kg","Kelantan",474,29,25,42.50,42.50,0,0.00
"2024-08-01",904,"BERAS SUPER CAP RAMBUTAN 5% (IMPORT)","10 kg","Kelantan",462,25,27,42.99,42.99,0,0.00
"2024-09-01",904,"BERAS SUPER CAP RAMBUTAN 5% (IMPORT)","10 kg","Kelantan",510,26,27,42.50,42.50,0,0.00
"2024-10-01",904,"BERAS SUPER CAP RAMBUTAN 5% (IMPORT)","10 kg","Kelantan",625,30,26,42.80,42.80,0,0.00
"2024-11-01",904,"BERAS SUPER CAP RAMBUTAN 5% (IMPORT)","10 kg","Kelantan",345,28,20,41.80,41.80,0,0.00
"2024-12-01",904,"BERAS SUPER CAP RAMBUTAN 5% (IMPORT)","10 kg","Kelantan",420,30,25,42.99,42.99,0,0.00
"2025-01-01",904,"BERAS SUPER CAP RAMBUTAN 5% (IMPORT)","10 kg","Kelantan",494,29,26,42.90,42.90,0,0.00
"2025-02-01",904,"BERAS SUPER CAP RAMBUTAN 5% (IMPORT)","10 kg","Kelantan",401,26,25,41.80,41.80,0,0.00
"2025-03-01",904,"BERAS SUPER CAP RAMBUTAN 5% (IMPORT)","10 kg","Kelantan",460,28,24,38.99,38.99,0,0.00
"2025-04-01",904,"BERAS SUPER CAP RAMBUTAN 5% (IMPORT)","10 kg","Kelantan",425,28,26,42.25,42.25,0,0.00
"2025-05-01",904,"BERAS SUPER CAP RAMBUTAN 5% (IMPORT)","10 kg","Kelantan",420,29,24,39.00,39.00,0,0.00
"2025-06-01",904,"BERAS SUPER CAP RAMBUTAN 5% (IMPORT)","10 kg","Kelantan",363,23,24,38.59,38.59,0,0.00
"2025-07-01",904,"BERAS SUPER CAP RAMBUTAN 5% (IMPORT)","10 kg","Kelantan",326,26,31,38.50,38.50,0,0.00
"2025-08-01",904,"BERAS SUPER CAP RAMBUTAN 5% (IMPORT)","10 kg","Kelantan",112,6,34,37.50,37.50,0,0.00
"2025-09-01",904,"BERAS SUPER CAP RAMBUTAN 5% (IMPORT)","10 kg","Kelantan",69,5,27,37.99,37.99,0,0.00
"2025-10-01",904,"BERAS SUPER CAP RAMBUTAN 5% (IMPORT)","10 kg","Kelantan",76,4,25,38.50,38.50,0,0.00
"2025-11-01",904,"BERAS SUPER CAP RAMBUTAN 5% (IMPORT)","10 kg","Kelantan",83,4,29,37.90,37.90,0,0.00
"2025-12-01",904,"BERAS SUPER CAP RAMBUTAN 5% (IMPORT)","10 kg","Kelantan",71,4,24,37.59,37.59,0,0.00
"2023-01-01",904,"BERAS SUPER CAP RAMBUTAN 5% (IMPORT)","10 kg","Melaka",25,5,6,28.88,28.88,0,0.00
"2023-02-01",904,"BERAS SUPER CAP RAMBUTAN 5% (IMPORT)","10 kg","Melaka",19,4,5,28.80,28.80,0,0.00
"2023-03-01",904,"BERAS SUPER CAP RAMBUTAN 5% (IMPORT)","10 kg","Melaka",19,4,6,29.90,29.90,0,0.00
"2023-04-01",904,"BERAS SUPER CAP RAMBUTAN 5% (IMPORT)","10 kg","Melaka",27,5,6,28.80,28.80,0,0.00
"2023-05-01",904,"BERAS SUPER CAP RAMBUTAN 5% (IMPORT)","10 kg","Melaka",19,4,6,28.99,28.99,0,0.00
"2023-06-01",904,"BERAS SUPER CAP RAMBUTAN 5% (IMPORT)","10 kg","Melaka",24,4,7,30.80,30.80,0,0.00
"2023-07-01",904,"BERAS SUPER CAP RAMBUTAN 5% (IMPORT)","10 kg","Melaka",31,5,7,31.80,31.80,0,0.00
"2023-08-01",904,"BERAS SUPER CAP RAMBUTAN 5% (IMPORT)","10 kg","Melaka",26,4,7,31.90,31.90,0,0.00
"2023-09-01",904,"BERAS SUPER CAP RAMBUTAN 5% (IMPORT)","10 kg","Melaka",56,15,9,38.70,38.70,0,0.00
"2023-10-01",904,"BERAS SUPER CAP RAMBUTAN 5% (IMPORT)","10 kg","Melaka",116,30,7,41.95,41.95,0,0.00
"2023-11-01",904,"BERAS SUPER CAP RAMBUTAN 5% (IMPORT)","10 kg","Melaka",158,26,7,40.19,40.19,0,0.00
"2023-12-01",904,"BERAS SUPER CAP RAMBUTAN 5% (IMPORT)","10 kg","Melaka",140,24,8,39.99,39.99,0,0.00
"2024-01-01",904,"BERAS SUPER CAP RAMBUTAN 5% (IMPORT)","10 kg","Melaka",30,5,7,38.99,38.99,0,0.00
"2024-02-01",904,"BERAS SUPER CAP RAMBUTAN 5% (IMPORT)","10 kg","Melaka",20,4,5,38.99,38.99,0,0.00
"2024-03-01",904,"BERAS SUPER CAP RAMBUTAN 5% (IMPORT)","10 kg","Melaka",24,4,7,38.99,38.99,0,0.00
"2024-04-01",904,"BERAS SUPER CAP RAMBUTAN 5% (IMPORT)","10 kg","Melaka",190,28,7,39.90,39.90,0,0.00
"2024-05-01",904,"BERAS SUPER CAP RAMBUTAN 5% (IMPORT)","10 kg","Melaka",197,29,8,39.90,39.90,0,0.00
"2024-06-01",904,"BERAS SUPER CAP RAMBUTAN 5% (IMPORT)","10 kg","Melaka",192,28,7,39.90,39.90,0,0.00
"2024-07-01",904,"BERAS SUPER CAP RAMBUTAN 5% (IMPORT)","10 kg","Melaka",190,28,8,39.90,39.90,0,0.00
"2024-08-01",904,"BERAS SUPER CAP RAMBUTAN 5% (IMPORT)","10 kg","Melaka",157,25,7,39.90,39.90,0,0.00
"2024-09-01",904,"BERAS SUPER CAP RAMBUTAN 5% (IMPORT)","10 kg","Melaka",175,29,7,37.99,37.99,0,0.00
"2024-10-01",904,"BERAS SUPER CAP RAMBUTAN 5% (IMPORT)","10 kg","Melaka",215,30,8,39.49,39.49,0,0.00
"2024-11-01",904,"BERAS SUPER CAP RAMBUTAN 5% (IMPORT)","10 kg","Melaka",191,28,7,37.99,37.99,0,0.00
"2024-12-01",904,"BERAS SUPER CAP RAMBUTAN 5% (IMPORT)","10 kg","Melaka",202,30,7,38.99,38.99,0,0.00
"2025-01-01",904,"BERAS SUPER CAP RAMBUTAN 5% (IMPORT)","10 kg","Melaka",187,29,8,37.88,37.88,0,0.00
"2025-02-01",904,"BERAS SUPER CAP RAMBUTAN 5% (IMPORT)","10 kg","Melaka",166,25,7,38.50,38.50,0,0.00
"2025-03-01",904,"BERAS SUPER CAP RAMBUTAN 5% (IMPORT)","10 kg","Melaka",197,30,7,38.35,38.35,0,0.00
"2025-04-01",904,"BERAS SUPER CAP RAMBUTAN 5% (IMPORT)","10 kg","Melaka",181,27,8,39.50,39.50,0,0.00
"2025-05-01",904,"BERAS SUPER CAP RAMBUTAN 5% (IMPORT)","10 kg","Melaka",204,29,8,37.50,37.50,0,0.00
"2025-06-01",904,"BERAS SUPER CAP RAMBUTAN 5% (IMPORT)","10 kg","Melaka",187,26,10,36.40,36.40,0,0.00
"2025-07-01",904,"BERAS SUPER CAP RAMBUTAN 5% (IMPORT)","10 kg","Melaka",202,26,18,36.40,36.40,0,0.00
"2025-08-01",904,"BERAS SUPER CAP RAMBUTAN 5% (IMPORT)","10 kg","Melaka",76,5,17,36.85,36.85,0,0.00
"2025-09-01",904,"BERAS SUPER CAP RAMBUTAN 5% (IMPORT)","10 kg","Melaka",51,4,16,36.85,36.85,0,0.00
"2025-10-01",904,"BERAS SUPER CAP RAMBUTAN 5% (IMPORT)","10 kg","Melaka",56,4,15,36.85,36.85,0,0.00
"2025-11-01",904,"BERAS SUPER CAP RAMBUTAN 5% (IMPORT)","10 kg","Melaka",56,4,17,36.85,36.85,0,0.00
"2025-12-01",904,"BERAS SUPER CAP RAMBUTAN 5% (IMPORT)","10 kg","Melaka",56,4,17,36.85,36.85,0,0.00
"2023-01-01",904,"BERAS SUPER CAP RAMBUTAN 5% (IMPORT)","10 kg","Negeri Sembilan",59,5,13,28.50,28.50,0,0.00
"2023-02-01",904,"BERAS SUPER CAP RAMBUTAN 5% (IMPORT)","10 kg","Negeri Sembilan",41,4,14,28.50,28.50,0,0.00
"2023-03-01",904,"BERAS SUPER CAP RAMBUTAN 5% (IMPORT)","10 kg","Negeri Sembilan",45,4,13,29.99,29.99,0,0.00
"2023-04-01",904,"BERAS SUPER CAP RAMBUTAN 5% (IMPORT)","10 kg","Negeri Sembilan",54,5,14,28.99,28.99,0,0.00
"2023-05-01",904,"BERAS SUPER CAP RAMBUTAN 5% (IMPORT)","10 kg","Negeri Sembilan",44,4,13,29.00,29.00,0,0.00
"2023-06-01",904,"BERAS SUPER CAP RAMBUTAN 5% (IMPORT)","10 kg","Negeri Sembilan",45,4,14,29.99,29.99,0,0.00
"2023-07-01",904,"BERAS SUPER CAP RAMBUTAN 5% (IMPORT)","10 kg","Negeri Sembilan",45,5,12,30.99,30.99,0,0.00
"2023-08-01",904,"BERAS SUPER CAP RAMBUTAN 5% (IMPORT)","10 kg","Negeri Sembilan",46,4,15,32.95,32.95,0,0.00
"2023-09-01",904,"BERAS SUPER CAP RAMBUTAN 5% (IMPORT)","10 kg","Negeri Sembilan",66,15,14,40.90,40.90,0,0.00
"2023-10-01",904,"BERAS SUPER CAP RAMBUTAN 5% (IMPORT)","10 kg","Negeri Sembilan",167,30,13,41.99,41.99,0,0.00
"2023-11-01",904,"BERAS SUPER CAP RAMBUTAN 5% (IMPORT)","10 kg","Negeri Sembilan",274,26,15,40.99,40.99,0,0.00
"2023-12-01",904,"BERAS SUPER CAP RAMBUTAN 5% (IMPORT)","10 kg","Negeri Sembilan",257,24,16,40.99,40.99,0,0.00
"2024-01-01",904,"BERAS SUPER CAP RAMBUTAN 5% (IMPORT)","10 kg","Negeri Sembilan",55,5,13,40.80,40.80,0,0.00
"2024-02-01",904,"BERAS SUPER CAP RAMBUTAN 5% (IMPORT)","10 kg","Negeri Sembilan",39,4,12,40.88,40.88,0,0.00
"2024-03-01",904,"BERAS SUPER CAP RAMBUTAN 5% (IMPORT)","10 kg","Negeri Sembilan",40,4,11,38.99,38.99,0,0.00
"2024-04-01",904,"BERAS SUPER CAP RAMBUTAN 5% (IMPORT)","10 kg","Negeri Sembilan",296,28,12,39.95,39.95,0,0.00
"2024-05-01",904,"BERAS SUPER CAP RAMBUTAN 5% (IMPORT)","10 kg","Negeri Sembilan",309,29,12,38.99,38.99,0,0.00
"2024-06-01",904,"BERAS SUPER CAP RAMBUTAN 5% (IMPORT)","10 kg","Negeri Sembilan",310,28,12,39.45,39.45,0,0.00
"2024-07-01",904,"BERAS SUPER CAP RAMBUTAN 5% (IMPORT)","10 kg","Negeri Sembilan",327,28,12,39.85,39.85,0,0.00
"2024-08-01",904,"BERAS SUPER CAP RAMBUTAN 5% (IMPORT)","10 kg","Negeri Sembilan",256,25,12,38.80,38.80,0,0.00
"2024-09-01",904,"BERAS SUPER CAP RAMBUTAN 5% (IMPORT)","10 kg","Negeri Sembilan",305,29,12,38.80,38.80,0,0.00
"2024-10-01",904,"BERAS SUPER CAP RAMBUTAN 5% (IMPORT)","10 kg","Negeri Sembilan",341,30,12,38.80,38.80,0,0.00
"2024-11-01",904,"BERAS SUPER CAP RAMBUTAN 5% (IMPORT)","10 kg","Negeri Sembilan",307,28,12,38.50,38.50,0,0.00
"2024-12-01",904,"BERAS SUPER CAP RAMBUTAN 5% (IMPORT)","10 kg","Negeri Sembilan",311,30,12,37.99,37.99,0,0.00
"2025-01-01",904,"BERAS SUPER CAP RAMBUTAN 5% (IMPORT)","10 kg","Negeri Sembilan",270,27,11,37.50,37.50,0,0.00
"2025-02-01",904,"BERAS SUPER CAP RAMBUTAN 5% (IMPORT)","10 kg","Negeri Sembilan",217,25,12,37.99,37.99,0,0.00
"2025-03-01",904,"BERAS SUPER CAP RAMBUTAN 5% (IMPORT)","10 kg","Negeri Sembilan",286,30,11,37.10,37.10,0,0.00
"2025-04-01",904,"BERAS SUPER CAP RAMBUTAN 5% (IMPORT)","10 kg","Negeri Sembilan",265,28,12,37.10,37.10,0,0.00
"2025-05-01",904,"BERAS SUPER CAP RAMBUTAN 5% (IMPORT)","10 kg","Negeri Sembilan",280,29,12,37.90,37.90,0,0.00
"2025-06-01",904,"BERAS SUPER CAP RAMBUTAN 5% (IMPORT)","10 kg","Negeri Sembilan",276,26,12,36.50,36.50,0,0.00
"2025-07-01",904,"BERAS SUPER CAP RAMBUTAN 5% (IMPORT)","10 kg","Negeri Sembilan",273,27,19,36.50,36.50,0,0.00
"2025-08-01",904,"BERAS SUPER CAP RAMBUTAN 5% (IMPORT)","10 kg","Negeri Sembilan",84,5,18,36.50,36.50,0,0.00
"2025-09-01",904,"BERAS SUPER CAP RAMBUTAN 5% (IMPORT)","10 kg","Negeri Sembilan",56,4,17,36.50,36.50,0,0.00
"2025-10-01",904,"BERAS SUPER CAP RAMBUTAN 5% (IMPORT)","10 kg","Negeri Sembilan",70,4,18,36.50,36.50,0,0.00
"2025-11-01",904,"BERAS SUPER CAP RAMBUTAN 5% (IMPORT)","10 kg","Negeri Sembilan",69,4,18,36.50,36.50,0,0.00
"2025-12-01",904,"BERAS SUPER CAP RAMBUTAN 5% (IMPORT)","10 kg","Negeri Sembilan",71,5,20,36.00,36.00,0,0.00
"2023-01-01",904,"BERAS SUPER CAP RAMBUTAN 5% (IMPORT)","10 kg","Pahang",102,5,25,29.99,29.99,0,0.00
"2023-02-01",904,"BERAS SUPER CAP RAMBUTAN 5% (IMPORT)","10 kg","Pahang",83,4,22,29.99,29.99,0,0.00
"2023-03-01",904,"BERAS SUPER CAP RAMBUTAN 5% (IMPORT)","10 kg","Pahang",78,4,23,30.25,30.25,0,0.00
"2023-04-01",904,"BERAS SUPER CAP RAMBUTAN 5% (IMPORT)","10 kg","Pahang",86,6,20,29.99,29.99,0,0.00
"2023-05-01",904,"BERAS SUPER CAP RAMBUTAN 5% (IMPORT)","10 kg","Pahang",62,4,17,29.99,29.99,0,0.00
"2023-06-01",904,"BERAS SUPER CAP RAMBUTAN 5% (IMPORT)","10 kg","Pahang",68,4,21,30.50,30.50,0,0.00
"2023-07-01",904,"BERAS SUPER CAP RAMBUTAN 5% (IMPORT)","10 kg","Pahang",90,5,25,31.90,31.90,0,0.00
"2023-08-01",904,"BERAS SUPER CAP RAMBUTAN 5% (IMPORT)","10 kg","Pahang",82,4,25,32.99,32.99,0,0.00
"2023-09-01",904,"BERAS SUPER CAP RAMBUTAN 5% (IMPORT)","10 kg","Pahang",131,15,27,37.99,37.99,0,0.00
"2023-10-01",904,"BERAS SUPER CAP RAMBUTAN 5% (IMPORT)","10 kg","Pahang",487,30,25,44.30,44.30,0,0.00
"2023-11-01",904,"BERAS SUPER CAP RAMBUTAN 5% (IMPORT)","10 kg","Pahang",517,26,25,44.30,44.30,0,0.00
"2023-12-01",904,"BERAS SUPER CAP RAMBUTAN 5% (IMPORT)","10 kg","Pahang",489,24,24,43.00,43.00,0,0.00
"2024-01-01",904,"BERAS SUPER CAP RAMBUTAN 5% (IMPORT)","10 kg","Pahang",103,6,23,42.99,42.99,0,0.00
"2024-02-01",904,"BERAS SUPER CAP RAMBUTAN 5% (IMPORT)","10 kg","Pahang",68,4,19,43.50,43.50,0,0.00
"2024-03-01",904,"BERAS SUPER CAP RAMBUTAN 5% (IMPORT)","10 kg","Pahang",59,4,20,42.50,42.50,0,0.00
"2024-04-01",904,"BERAS SUPER CAP RAMBUTAN 5% (IMPORT)","10 kg","Pahang",507,28,25,39.99,39.99,0,0.00
"2024-05-01",904,"BERAS SUPER CAP RAMBUTAN 5% (IMPORT)","10 kg","Pahang",539,29,23,39.99,39.99,0,0.00
"2024-06-01",904,"BERAS SUPER CAP RAMBUTAN 5% (IMPORT)","10 kg","Pahang",510,28,23,39.99,39.99,0,0.00
"2024-07-01",904,"BERAS SUPER CAP RAMBUTAN 5% (IMPORT)","10 kg","Pahang",526,28,23,39.99,39.99,0,0.00
"2024-08-01",904,"BERAS SUPER CAP RAMBUTAN 5% (IMPORT)","10 kg","Pahang",446,25,22,39.99,39.99,0,0.00
"2024-09-01",904,"BERAS SUPER CAP RAMBUTAN 5% (IMPORT)","10 kg","Pahang",557,29,25,39.99,39.99,0,0.00
"2024-10-01",904,"BERAS SUPER CAP RAMBUTAN 5% (IMPORT)","10 kg","Pahang",592,30,26,39.99,39.99,0,0.00
"2024-11-01",904,"BERAS SUPER CAP RAMBUTAN 5% (IMPORT)","10 kg","Pahang",551,28,27,39.99,39.99,0,0.00
"2024-12-01",904,"BERAS SUPER CAP RAMBUTAN 5% (IMPORT)","10 kg","Pahang",644,30,29,39.99,39.99,0,0.00
"2025-01-01",904,"BERAS SUPER CAP RAMBUTAN 5% (IMPORT)","10 kg","Pahang",594,29,30,38.88,38.88,1,0.00
"2025-02-01",904,"BERAS SUPER CAP RAMBUTAN 5% (IMPORT)","10 kg","Pahang",513,26,27,38.99,38.99,0,0.00
"2025-03-01",904,"BERAS SUPER CAP RAMBUTAN 5% (IMPORT)","10 kg","Pahang",510,29,26,38.99,38.99,0,0.00
"2025-04-01",904,"BERAS SUPER CAP RAMBUTAN 5% (IMPORT)","10 kg","Pahang",523,28,27,37.99,37.99,0,0.00
"2025-05-01",904,"BERAS SUPER CAP RAMBUTAN 5% (IMPORT)","10 kg","Pahang",581,29,28,37.99,37.99,0,0.00
"2025-06-01",904,"BERAS SUPER CAP RAMBUTAN 5% (IMPORT)","10 kg","Pahang",497,26,29,37.99,37.99,0,0.00
"2025-07-01",904,"BERAS SUPER CAP RAMBUTAN 5% (IMPORT)","10 kg","Pahang",569,29,33,36.59,36.59,0,0.00
"2025-08-01",904,"BERAS SUPER CAP RAMBUTAN 5% (IMPORT)","10 kg","Pahang",121,6,27,36.59,36.59,0,0.00
"2025-09-01",904,"BERAS SUPER CAP RAMBUTAN 5% (IMPORT)","10 kg","Pahang",87,5,28,36.50,36.50,0,0.00
"2025-10-01",904,"BERAS SUPER CAP RAMBUTAN 5% (IMPORT)","10 kg","Pahang",88,5,24,36.50,36.50,0,0.00
"2025-11-01",904,"BERAS SUPER CAP RAMBUTAN 5% (IMPORT)","10 kg","Pahang",85,4,25,36.50,36.50,0,0.00
"2025-12-01",904,"BERAS SUPER CAP RAMBUTAN 5% (IMPORT)","10 kg","Pahang",94,5,27,36.50,36.50,0,0.00
"2023-01-01",904,"BERAS SUPER CAP RAMBUTAN 5% (IMPORT)","10 kg","Perak",231,5,52,29.88,29.88,0,0.00
"2023-02-01",904,"BERAS SUPER CAP RAMBUTAN 5% (IMPORT)","10 kg","Perak",178,4,51,29.99,29.99,0,0.00
"2023-03-01",904,"BERAS SUPER CAP RAMBUTAN 5% (IMPORT)","10 kg","Perak",176,4,51,30.00,30.00,0,0.00
"2023-04-01",904,"BERAS SUPER CAP RAMBUTAN 5% (IMPORT)","10 kg","Perak",215,5,52,29.99,29.99,0,0.00
"2023-05-01",904,"BERAS SUPER CAP RAMBUTAN 5% (IMPORT)","10 kg","Perak",161,5,51,30.00,30.00,0,0.00
"2023-06-01",904,"BERAS SUPER CAP RAMBUTAN 5% (IMPORT)","10 kg","Perak",174,5,51,30.80,30.80,0,0.00
"2023-07-01",904,"BERAS SUPER CAP RAMBUTAN 5% (IMPORT)","10 kg","Perak",161,5,50,32.50,32.50,0,0.00
"2023-08-01",904,"BERAS SUPER CAP RAMBUTAN 5% (IMPORT)","10 kg","Perak",174,5,53,33.85,33.85,0,0.00
"2023-09-01",904,"BERAS SUPER CAP RAMBUTAN 5% (IMPORT)","10 kg","Perak",334,16,51,41.90,41.90,0,0.00
"2023-10-01",904,"BERAS SUPER CAP RAMBUTAN 5% (IMPORT)","10 kg","Perak",896,30,52,43.80,43.80,0,0.00
"2023-11-01",904,"BERAS SUPER CAP RAMBUTAN 5% (IMPORT)","10 kg","Perak",847,25,49,43.90,43.90,0,0.00
"2023-12-01",904,"BERAS SUPER CAP RAMBUTAN 5% (IMPORT)","10 kg","Perak",679,24,48,42.90,42.90,0,0.00
"2024-01-01",904,"BERAS SUPER CAP RAMBUTAN 5% (IMPORT)","10 kg","Perak",169,5,41,40.99,40.99,0,0.00
"2024-02-01",904,"BERAS SUPER CAP RAMBUTAN 5% (IMPORT)","10 kg","Perak",157,4,52,40.99,40.99,0,0.00
"2024-03-01",904,"BERAS SUPER CAP RAMBUTAN 5% (IMPORT)","10 kg","Perak",181,4,50,39.99,39.99,0,0.00
"2024-04-01",904,"BERAS SUPER CAP RAMBUTAN 5% (IMPORT)","10 kg","Perak",940,28,57,39.99,39.99,0,0.00
"2024-05-01",904,"BERAS SUPER CAP RAMBUTAN 5% (IMPORT)","10 kg","Perak",988,29,58,39.99,39.99,0,0.00
"2024-06-01",904,"BERAS SUPER CAP RAMBUTAN 5% (IMPORT)","10 kg","Perak",911,28,57,39.99,39.99,0,0.00
"2024-07-01",904,"BERAS SUPER CAP RAMBUTAN 5% (IMPORT)","10 kg","Perak",1008,28,59,39.99,39.99,0,0.00
"2024-08-01",904,"BERAS SUPER CAP RAMBUTAN 5% (IMPORT)","10 kg","Perak",889,25,58,39.99,39.99,0,0.00
"2024-09-01",904,"BERAS SUPER CAP RAMBUTAN 5% (IMPORT)","10 kg","Perak",1066,29,59,39.99,39.99,0,0.00
"2024-10-01",904,"BERAS SUPER CAP RAMBUTAN 5% (IMPORT)","10 kg","Perak",1083,30,58,40.19,40.19,0,0.00
"2024-11-01",904,"BERAS SUPER CAP RAMBUTAN 5% (IMPORT)","10 kg","Perak",993,27,57,39.99,39.99,0,0.00
"2024-12-01",904,"BERAS SUPER CAP RAMBUTAN 5% (IMPORT)","10 kg","Perak",1077,30,58,39.99,39.99,0,0.00
"2025-01-01",904,"BERAS SUPER CAP RAMBUTAN 5% (IMPORT)","10 kg","Perak",975,29,54,38.88,38.88,0,0.00
"2025-02-01",904,"BERAS SUPER CAP RAMBUTAN 5% (IMPORT)","10 kg","Perak",878,25,57,38.99,38.99,0,0.00
"2025-03-01",904,"BERAS SUPER CAP RAMBUTAN 5% (IMPORT)","10 kg","Perak",1094,29,57,38.99,38.99,0,0.00
"2025-04-01",904,"BERAS SUPER CAP RAMBUTAN 5% (IMPORT)","10 kg","Perak",977,28,57,37.99,37.99,0,0.00
"2025-05-01",904,"BERAS SUPER CAP RAMBUTAN 5% (IMPORT)","10 kg","Perak",1052,29,59,37.99,37.99,0,0.00
"2025-06-01",904,"BERAS SUPER CAP RAMBUTAN 5% (IMPORT)","10 kg","Perak",956,26,56,37.99,37.99,0,0.00
"2025-07-01",904,"BERAS SUPER CAP RAMBUTAN 5% (IMPORT)","10 kg","Perak",948,27,84,36.59,36.59,0,0.00
"2025-08-01",904,"BERAS SUPER CAP RAMBUTAN 5% (IMPORT)","10 kg","Perak",335,5,77,35.80,35.80,0,0.00
"2025-09-01",904,"BERAS SUPER CAP RAMBUTAN 5% (IMPORT)","10 kg","Perak",242,4,72,35.95,35.95,0,0.00
"2025-10-01",904,"BERAS SUPER CAP RAMBUTAN 5% (IMPORT)","10 kg","Perak",277,4,74,35.99,35.99,0,0.00
"2025-11-01",904,"BERAS SUPER CAP RAMBUTAN 5% (IMPORT)","10 kg","Perak",272,4,75,35.70,35.70,0,0.00
"2025-12-01",904,"BERAS SUPER CAP RAMBUTAN 5% (IMPORT)","10 kg","Perak",271,4,74,35.95,35.95,0,0.00
"2023-01-01",904,"BERAS SUPER CAP RAMBUTAN 5% (IMPORT)","10 kg","Perlis",63,5,16,28.90,28.90,0,0.00
"2023-02-01",904,"BERAS SUPER CAP RAMBUTAN 5% (IMPORT)","10 kg","Perlis",46,4,14,29.00,29.00,0,0.00
"2023-03-01",904,"BERAS SUPER CAP RAMBUTAN 5% (IMPORT)","10 kg","Perlis",47,4,14,29.00,29.00,0,0.00
"2023-04-01",904,"BERAS SUPER CAP RAMBUTAN 5% (IMPORT)","10 kg","Perlis",63,5,14,29.50,29.50,0,0.00
"2023-05-01",904,"BERAS SUPER CAP RAMBUTAN 5% (IMPORT)","10 kg","Perlis",57,4,16,30.90,30.90,0,0.00
"2023-06-01",904,"BERAS SUPER CAP RAMBUTAN 5% (IMPORT)","10 kg","Perlis",46,4,13,30.90,30.90,0,0.00
"2023-07-01",904,"BERAS SUPER CAP RAMBUTAN 5% (IMPORT)","10 kg","Perlis",47,5,15,32.50,32.50,0,0.00
"2023-08-01",904,"BERAS SUPER CAP RAMBUTAN 5% (IMPORT)","10 kg","Perlis",46,4,15,32.90,32.90,0,0.00
"2023-09-01",904,"BERAS SUPER CAP RAMBUTAN 5% (IMPORT)","10 kg","Perlis",112,15,16,38.00,38.00,0,0.00
"2023-10-01",904,"BERAS SUPER CAP RAMBUTAN 5% (IMPORT)","10 kg","Perlis",225,30,15,41.50,41.50,0,0.00
"2023-11-01",904,"BERAS SUPER CAP RAMBUTAN 5% (IMPORT)","10 kg","Perlis",195,26,14,40.80,40.80,0,0.00
"2023-12-01",904,"BERAS SUPER CAP RAMBUTAN 5% (IMPORT)","10 kg","Perlis",171,24,13,40.50,40.50,0,0.00
"2024-01-01",904,"BERAS SUPER CAP RAMBUTAN 5% (IMPORT)","10 kg","Perlis",48,6,11,40.00,40.00,0,0.00
"2024-02-01",904,"BERAS SUPER CAP RAMBUTAN 5% (IMPORT)","10 kg","Perlis",27,4,11,39.90,39.90,0,0.00
"2024-03-01",904,"BERAS SUPER CAP RAMBUTAN 5% (IMPORT)","10 kg","Perlis",32,4,10,39.70,39.70,0,0.00
"2024-04-01",904,"BERAS SUPER CAP RAMBUTAN 5% (IMPORT)","10 kg","Perlis",55,8,12,37.90,37.90,0,0.00
"2024-05-01",904,"BERAS SUPER CAP RAMBUTAN 5% (IMPORT)","10 kg","Perlis",58,5,15,37.90,37.90,0,0.00
"2024-06-01",904,"BERAS SUPER CAP RAMBUTAN 5% (IMPORT)","10 kg","Perlis",42,3,15,37.90,37.90,0,0.00
"2024-07-01",904,"BERAS SUPER CAP RAMBUTAN 5% (IMPORT)","10 kg","Perlis",70,5,15,37.90,37.90,0,0.00
"2024-08-01",904,"BERAS SUPER CAP RAMBUTAN 5% (IMPORT)","10 kg","Perlis",39,3,14,37.90,37.90,0,0.00
"2024-09-01",904,"BERAS SUPER CAP RAMBUTAN 5% (IMPORT)","10 kg","Perlis",65,5,15,37.90,37.90,0,0.00
"2024-10-01",904,"BERAS SUPER CAP RAMBUTAN 5% (IMPORT)","10 kg","Perlis",54,4,15,37.90,37.90,0,0.00
"2024-11-01",904,"BERAS SUPER CAP RAMBUTAN 5% (IMPORT)","10 kg","Perlis",51,4,14,37.90,37.90,0,0.00
"2024-12-01",904,"BERAS SUPER CAP RAMBUTAN 5% (IMPORT)","10 kg","Perlis",51,4,14,37.49,37.49,0,0.00
"2025-01-01",904,"BERAS SUPER CAP RAMBUTAN 5% (IMPORT)","10 kg","Perlis",59,5,13,36.90,36.90,0,0.00
"2025-02-01",904,"BERAS SUPER CAP RAMBUTAN 5% (IMPORT)","10 kg","Perlis",49,4,14,36.90,36.90,0,0.00
"2025-03-01",904,"BERAS SUPER CAP RAMBUTAN 5% (IMPORT)","10 kg","Perlis",63,5,15,36.90,36.90,0,0.00
"2025-04-01",904,"BERAS SUPER CAP RAMBUTAN 5% (IMPORT)","10 kg","Perlis",36,4,13,36.90,36.90,0,0.00
"2025-05-01",904,"BERAS SUPER CAP RAMBUTAN 5% (IMPORT)","10 kg","Perlis",50,5,12,36.59,36.59,0,0.00
"2025-06-01",904,"BERAS SUPER CAP RAMBUTAN 5% (IMPORT)","10 kg","Perlis",35,4,11,35.88,35.88,0,0.00
"2025-07-01",904,"BERAS SUPER CAP RAMBUTAN 5% (IMPORT)","10 kg","Perlis",43,4,13,35.50,35.50,0,0.00
"2025-08-01",904,"BERAS SUPER CAP RAMBUTAN 5% (IMPORT)","10 kg","Perlis",50,5,12,35.50,35.50,0,0.00
"2025-09-01",904,"BERAS SUPER CAP RAMBUTAN 5% (IMPORT)","10 kg","Perlis",37,4,12,35.50,35.50,0,0.00
"2025-10-01",904,"BERAS SUPER CAP RAMBUTAN 5% (IMPORT)","10 kg","Perlis",46,4,13,35.50,35.50,0,0.00
"2025-11-01",904,"BERAS SUPER CAP RAMBUTAN 5% (IMPORT)","10 kg","Perlis",50,4,13,35.50,35.50,0,0.00
"2025-12-01",904,"BERAS SUPER CAP RAMBUTAN 5% (IMPORT)","10 kg","Perlis",43,4,13,35.00,35.00,0,0.00
"2023-01-01",904,"BERAS SUPER CAP RAMBUTAN 5% (IMPORT)","10 kg","Pulau Pinang",132,5,31,28.90,28.90,0,0.00
"2023-02-01",904,"BERAS SUPER CAP RAMBUTAN 5% (IMPORT)","10 kg","Pulau Pinang",102,5,29,28.90,28.90,0,0.00
"2023-03-01",904,"BERAS SUPER CAP RAMBUTAN 5% (IMPORT)","10 kg","Pulau Pinang",93,4,26,29.00,29.00,0,0.00
"2023-04-01",904,"BERAS SUPER CAP RAMBUTAN 5% (IMPORT)","10 kg","Pulau Pinang",115,7,27,29.50,29.50,0,0.00
"2023-05-01",904,"BERAS SUPER CAP RAMBUTAN 5% (IMPORT)","10 kg","Pulau Pinang",101,5,28,29.90,29.90,0,0.00
"2023-06-01",904,"BERAS SUPER CAP RAMBUTAN 5% (IMPORT)","10 kg","Pulau Pinang",105,5,31,30.50,30.50,0,0.00
"2023-07-01",904,"BERAS SUPER CAP RAMBUTAN 5% (IMPORT)","10 kg","Pulau Pinang",116,5,31,32.50,32.50,0,0.00
"2023-08-01",904,"BERAS SUPER CAP RAMBUTAN 5% (IMPORT)","10 kg","Pulau Pinang",100,4,30,33.90,33.90,0,0.00
"2023-09-01",904,"BERAS SUPER CAP RAMBUTAN 5% (IMPORT)","10 kg","Pulau Pinang",204,16,36,41.99,41.99,0,0.00
"2023-10-01",904,"BERAS SUPER CAP RAMBUTAN 5% (IMPORT)","10 kg","Pulau Pinang",657,30,42,43.80,43.80,0,0.00
"2023-11-01",904,"BERAS SUPER CAP RAMBUTAN 5% (IMPORT)","10 kg","Pulau Pinang",605,26,39,41.99,41.99,0,0.00
"2023-12-01",904,"BERAS SUPER CAP RAMBUTAN 5% (IMPORT)","10 kg","Pulau Pinang",494,24,37,41.59,41.59,0,0.00
"2024-01-01",904,"BERAS SUPER CAP RAMBUTAN 5% (IMPORT)","10 kg","Pulau Pinang",153,6,33,41.50,41.50,0,0.00
"2024-02-01",904,"BERAS SUPER CAP RAMBUTAN 5% (IMPORT)","10 kg","Pulau Pinang",105,4,31,40.99,40.99,0,0.00
"2024-03-01",904,"BERAS SUPER CAP RAMBUTAN 5% (IMPORT)","10 kg","Pulau Pinang",116,4,33,40.00,40.00,0,0.00
"2024-04-01",904,"BERAS SUPER CAP RAMBUTAN 5% (IMPORT)","10 kg","Pulau Pinang",545,28,35,39.99,39.99,0,0.00
"2024-05-01",904,"BERAS SUPER CAP RAMBUTAN 5% (IMPORT)","10 kg","Pulau Pinang",657,29,36,39.99,39.99,0,0.00
"2024-06-01",904,"BERAS SUPER CAP RAMBUTAN 5% (IMPORT)","10 kg","Pulau Pinang",593,28,38,39.99,39.99,0,0.00
"2024-07-01",904,"BERAS SUPER CAP RAMBUTAN 5% (IMPORT)","10 kg","Pulau Pinang",608,27,38,39.90,39.90,0,0.00
"2024-08-01",904,"BERAS SUPER CAP RAMBUTAN 5% (IMPORT)","10 kg","Pulau Pinang",548,25,36,39.90,39.90,0,0.00
"2024-09-01",904,"BERAS SUPER CAP RAMBUTAN 5% (IMPORT)","10 kg","Pulau Pinang",653,29,37,38.50,38.50,0,0.00
"2024-10-01",904,"BERAS SUPER CAP RAMBUTAN 5% (IMPORT)","10 kg","Pulau Pinang",677,30,37,39.99,39.99,0,0.00
"2024-11-01",904,"BERAS SUPER CAP RAMBUTAN 5% (IMPORT)","10 kg","Pulau Pinang",631,28,38,37.99,37.99,0,0.00
"2024-12-01",904,"BERAS SUPER CAP RAMBUTAN 5% (IMPORT)","10 kg","Pulau Pinang",657,30,36,37.99,37.99,0,0.00
"2025-01-01",904,"BERAS SUPER CAP RAMBUTAN 5% (IMPORT)","10 kg","Pulau Pinang",645,29,37,38.85,38.85,0,0.00
"2025-02-01",904,"BERAS SUPER CAP RAMBUTAN 5% (IMPORT)","10 kg","Pulau Pinang",536,25,38,38.90,38.90,0,0.00
"2025-03-01",904,"BERAS SUPER CAP RAMBUTAN 5% (IMPORT)","10 kg","Pulau Pinang",647,29,37,36.99,36.99,0,0.00
"2025-04-01",904,"BERAS SUPER CAP RAMBUTAN 5% (IMPORT)","10 kg","Pulau Pinang",567,28,38,37.99,37.99,0,0.00
"2025-05-01",904,"BERAS SUPER CAP RAMBUTAN 5% (IMPORT)","10 kg","Pulau Pinang",643,29,37,38.90,38.90,0,0.00
"2025-06-01",904,"BERAS SUPER CAP RAMBUTAN 5% (IMPORT)","10 kg","Pulau Pinang",583,26,37,36.70,36.70,0,0.00
"2025-07-01",904,"BERAS SUPER CAP RAMBUTAN 5% (IMPORT)","10 kg","Pulau Pinang",496,27,46,34.99,34.99,0,0.00
"2025-08-01",904,"BERAS SUPER CAP RAMBUTAN 5% (IMPORT)","10 kg","Pulau Pinang",249,13,52,35.00,35.00,0,0.00
"2025-09-01",904,"BERAS SUPER CAP RAMBUTAN 5% (IMPORT)","10 kg","Pulau Pinang",187,7,54,35.00,35.00,0,0.00
"2025-10-01",904,"BERAS SUPER CAP RAMBUTAN 5% (IMPORT)","10 kg","Pulau Pinang",193,9,53,34.99,34.99,0,0.00
"2025-11-01",904,"BERAS SUPER CAP RAMBUTAN 5% (IMPORT)","10 kg","Pulau Pinang",200,9,52,35.00,35.00,0,0.00
"2025-12-01",904,"BERAS SUPER CAP RAMBUTAN 5% (IMPORT)","10 kg","Pulau Pinang",203,14,53,35.00,35.00,0,0.00
"2023-01-01",904,"BERAS SUPER CAP RAMBUTAN 5% (IMPORT)","10 kg","Selangor",140,5,34,30.90,30.90,0,0.00
"2023-02-01",904,"BERAS SUPER CAP RAMBUTAN 5% (IMPORT)","10 kg","Selangor",119,4,34,30.00,30.00,0,0.00
"2023-03-01",904,"BERAS SUPER CAP RAMBUTAN 5% (IMPORT)","10 kg","Selangor",107,4,31,30.00,30.00,0,0.00
"2023-04-01",904,"BERAS SUPER CAP RAMBUTAN 5% (IMPORT)","10 kg","Selangor",137,5,31,29.90,29.90,0,0.00
"2023-05-01",904,"BERAS SUPER CAP RAMBUTAN 5% (IMPORT)","10 kg","Selangor",103,4,31,30.40,30.40,0,0.00
"2023-06-01",904,"BERAS SUPER CAP RAMBUTAN 5% (IMPORT)","10 kg","Selangor",100,4,29,30.80,30.80,0,0.00
"2023-07-01",904,"BERAS SUPER CAP RAMBUTAN 5% (IMPORT)","10 kg","Selangor",103,5,31,32.50,32.50,0,0.00
"2023-08-01",904,"BERAS SUPER CAP RAMBUTAN 5% (IMPORT)","10 kg","Selangor",104,4,32,33.90,33.90,0,0.00
"2023-09-01",904,"BERAS SUPER CAP RAMBUTAN 5% (IMPORT)","10 kg","Selangor",203,15,32,41.99,41.99,0,0.00
"2023-10-01",904,"BERAS SUPER CAP RAMBUTAN 5% (IMPORT)","10 kg","Selangor",523,30,29,43.80,43.80,0,0.00
"2023-11-01",904,"BERAS SUPER CAP RAMBUTAN 5% (IMPORT)","10 kg","Selangor",559,26,29,42.60,42.60,0,0.00
"2023-12-01",904,"BERAS SUPER CAP RAMBUTAN 5% (IMPORT)","10 kg","Selangor",380,23,25,42.90,42.90,0,0.00
"2024-01-01",904,"BERAS SUPER CAP RAMBUTAN 5% (IMPORT)","10 kg","Selangor",77,5,20,40.99,40.99,0,0.00
"2024-02-01",904,"BERAS SUPER CAP RAMBUTAN 5% (IMPORT)","10 kg","Selangor",51,4,18,40.99,40.99,0,0.00
"2024-03-01",904,"BERAS SUPER CAP RAMBUTAN 5% (IMPORT)","10 kg","Selangor",56,4,21,39.99,39.99,0,0.00
"2024-04-01",904,"BERAS SUPER CAP RAMBUTAN 5% (IMPORT)","10 kg","Selangor",498,28,24,39.99,39.99,0,0.00
"2024-05-01",904,"BERAS SUPER CAP RAMBUTAN 5% (IMPORT)","10 kg","Selangor",470,29,24,40.99,40.99,0,0.00
"2024-06-01",904,"BERAS SUPER CAP RAMBUTAN 5% (IMPORT)","10 kg","Selangor",480,28,24,39.99,39.99,0,0.00
"2024-07-01",904,"BERAS SUPER CAP RAMBUTAN 5% (IMPORT)","10 kg","Selangor",505,28,24,40.99,40.99,0,0.00
"2024-08-01",904,"BERAS SUPER CAP RAMBUTAN 5% (IMPORT)","10 kg","Selangor",409,25,22,38.99,38.99,0,0.00
"2024-09-01",904,"BERAS SUPER CAP RAMBUTAN 5% (IMPORT)","10 kg","Selangor",511,29,23,38.90,38.90,0,0.00
"2024-10-01",904,"BERAS SUPER CAP RAMBUTAN 5% (IMPORT)","10 kg","Selangor",621,30,25,40.90,40.90,0,0.00
"2024-11-01",904,"BERAS SUPER CAP RAMBUTAN 5% (IMPORT)","10 kg","Selangor",593,28,26,39.99,39.99,0,0.00
"2024-12-01",904,"BERAS SUPER CAP RAMBUTAN 5% (IMPORT)","10 kg","Selangor",613,29,27,39.90,39.90,0,0.00
"2025-01-01",904,"BERAS SUPER CAP RAMBUTAN 5% (IMPORT)","10 kg","Selangor",652,29,28,41.80,41.80,0,0.00
"2025-02-01",904,"BERAS SUPER CAP RAMBUTAN 5% (IMPORT)","10 kg","Selangor",519,25,27,41.80,41.80,0,0.00
"2025-03-01",904,"BERAS SUPER CAP RAMBUTAN 5% (IMPORT)","10 kg","Selangor",566,29,25,38.99,38.99,0,0.00
"2025-04-01",904,"BERAS SUPER CAP RAMBUTAN 5% (IMPORT)","10 kg","Selangor",555,28,28,38.99,38.99,0,0.00
"2025-05-01",904,"BERAS SUPER CAP RAMBUTAN 5% (IMPORT)","10 kg","Selangor",625,29,28,40.05,40.05,0,0.00
"2025-06-01",904,"BERAS SUPER CAP RAMBUTAN 5% (IMPORT)","10 kg","Selangor",540,26,28,37.99,37.99,0,0.00
"2025-07-01",904,"BERAS SUPER CAP RAMBUTAN 5% (IMPORT)","10 kg","Selangor",551,25,43,36.99,36.99,0,0.00
"2025-08-01",904,"BERAS SUPER CAP RAMBUTAN 5% (IMPORT)","10 kg","Selangor",189,5,42,37.99,37.99,0,0.00
"2025-09-01",904,"BERAS SUPER CAP RAMBUTAN 5% (IMPORT)","10 kg","Selangor",135,4,43,36.99,36.99,0,0.00
"2025-10-01",904,"BERAS SUPER CAP RAMBUTAN 5% (IMPORT)","10 kg","Selangor",145,4,42,36.99,36.99,0,0.00
"2025-11-01",904,"BERAS SUPER CAP RAMBUTAN 5% (IMPORT)","10 kg","Selangor",158,4,46,36.99,36.99,0,0.00
"2025-12-01",904,"BERAS SUPER CAP RAMBUTAN 5% (IMPORT)","10 kg","Selangor",156,4,45,36.50,36.50,0,0.00
"2023-01-01",904,"BERAS SUPER CAP RAMBUTAN 5% (IMPORT)","10 kg","Terengganu",126,5,32,30.08,30.08,0,0.00
"2023-02-01",904,"BERAS SUPER CAP RAMBUTAN 5% (IMPORT)","10 kg","Terengganu",109,4,33,30.50,30.50,0,0.00
"2023-03-01",904,"BERAS SUPER CAP RAMBUTAN 5% (IMPORT)","10 kg","Terengganu",105,5,35,30.08,30.08,0,0.00
"2023-04-01",904,"BERAS SUPER CAP RAMBUTAN 5% (IMPORT)","10 kg","Terengganu",134,5,31,29.90,29.90,0,0.00
"2023-05-01",904,"BERAS SUPER CAP RAMBUTAN 5% (IMPORT)","10 kg","Terengganu",108,5,35,30.50,30.50,0,0.00
"2023-06-01",904,"BERAS SUPER CAP RAMBUTAN 5% (IMPORT)","10 kg","Terengganu",118,4,36,31.35,31.35,0,0.00
"2023-07-01",904,"BERAS SUPER CAP RAMBUTAN 5% (IMPORT)","10 kg","Terengganu",135,5,35,32.50,32.50,0,0.00
"2023-08-01",904,"BERAS SUPER CAP RAMBUTAN 5% (IMPORT)","10 kg","Terengganu",124,4,36,32.95,32.95,0,0.00
"2023-09-01",904,"BERAS SUPER CAP RAMBUTAN 5% (IMPORT)","10 kg","Terengganu",145,14,36,37.90,37.90,0,0.00
"2023-10-01",904,"BERAS SUPER CAP RAMBUTAN 5% (IMPORT)","10 kg","Terengganu",413,30,32,42.00,42.00,0,0.00
"2023-11-01",904,"BERAS SUPER CAP RAMBUTAN 5% (IMPORT)","10 kg","Terengganu",450,27,25,42.30,42.30,0,0.00
"2023-12-01",904,"BERAS SUPER CAP RAMBUTAN 5% (IMPORT)","10 kg","Terengganu",414,24,30,42.30,42.30,0,0.00
"2024-01-01",904,"BERAS SUPER CAP RAMBUTAN 5% (IMPORT)","10 kg","Terengganu",131,6,32,41.90,41.90,0,0.00
"2024-02-01",904,"BERAS SUPER CAP RAMBUTAN 5% (IMPORT)","10 kg","Terengganu",112,5,28,41.95,41.95,0,0.00
"2024-03-01",904,"BERAS SUPER CAP RAMBUTAN 5% (IMPORT)","10 kg","Terengganu",49,3,21,41.99,41.99,0,0.00
"2024-04-01",904,"BERAS SUPER CAP RAMBUTAN 5% (IMPORT)","10 kg","Terengganu",423,27,28,40.99,40.99,0,0.00
"2024-05-01",904,"BERAS SUPER CAP RAMBUTAN 5% (IMPORT)","10 kg","Terengganu",501,29,28,40.99,40.99,0,0.00
"2024-06-01",904,"BERAS SUPER CAP RAMBUTAN 5% (IMPORT)","10 kg","Terengganu",402,26,25,40.19,40.19,0,0.00
"2024-07-01",904,"BERAS SUPER CAP RAMBUTAN 5% (IMPORT)","10 kg","Terengganu",423,29,24,40.99,40.99,0,0.00
"2024-08-01",904,"BERAS SUPER CAP RAMBUTAN 5% (IMPORT)","10 kg","Terengganu",414,25,28,40.99,40.99,0,0.00
"2024-09-01",904,"BERAS SUPER CAP RAMBUTAN 5% (IMPORT)","10 kg","Terengganu",443,28,27,41.50,41.50,0,0.00
"2024-10-01",904,"BERAS SUPER CAP RAMBUTAN 5% (IMPORT)","10 kg","Terengganu",454,30,27,40.19,40.19,0,0.00
"2024-11-01",904,"BERAS SUPER CAP RAMBUTAN 5% (IMPORT)","10 kg","Terengganu",418,28,24,39.95,39.95,0,0.00
"2024-12-01",904,"BERAS SUPER CAP RAMBUTAN 5% (IMPORT)","10 kg","Terengganu",418,30,25,39.25,39.25,0,0.00
"2025-01-01",904,"BERAS SUPER CAP RAMBUTAN 5% (IMPORT)","10 kg","Terengganu",435,28,23,38.95,38.95,0,0.00
"2025-02-01",904,"BERAS SUPER CAP RAMBUTAN 5% (IMPORT)","10 kg","Terengganu",408,26,25,38.95,38.95,0,0.00
"2025-03-01",904,"BERAS SUPER CAP RAMBUTAN 5% (IMPORT)","10 kg","Terengganu",468,27,27,38.90,38.90,0,0.00
"2025-04-01",904,"BERAS SUPER CAP RAMBUTAN 5% (IMPORT)","10 kg","Terengganu",416,27,27,38.63,38.63,0,0.00
"2025-05-01",904,"BERAS SUPER CAP RAMBUTAN 5% (IMPORT)","10 kg","Terengganu",493,29,25,38.95,38.95,1,0.00
"2025-06-01",904,"BERAS SUPER CAP RAMBUTAN 5% (IMPORT)","10 kg","Terengganu",408,23,28,38.20,38.20,0,0.00
"2025-07-01",904,"BERAS SUPER CAP RAMBUTAN 5% (IMPORT)","10 kg","Terengganu",413,26,31,37.50,37.50,0,0.00
"2025-08-01",904,"BERAS SUPER CAP RAMBUTAN 5% (IMPORT)","10 kg","Terengganu",93,5,26,37.90,37.90,0,0.00
"2025-09-01",904,"BERAS SUPER CAP RAMBUTAN 5% (IMPORT)","10 kg","Terengganu",88,4,28,36.90,36.90,0,0.00
"2025-10-01",904,"BERAS SUPER CAP RAMBUTAN 5% (IMPORT)","10 kg","Terengganu",82,4,26,36.99,36.99,0,0.00
"2025-11-01",904,"BERAS SUPER CAP RAMBUTAN 5% (IMPORT)","10 kg","Terengganu",98,4,30,36.99,36.99,0,0.00
"2025-12-01",904,"BERAS SUPER CAP RAMBUTAN 5% (IMPORT)","10 kg","Terengganu",95,4,30,36.99,36.99,0,0.00
"2023-01-01",904,"BERAS SUPER CAP RAMBUTAN 5% (IMPORT)","10 kg","W.P. Kuala Lumpur",159,5,38,29.90,29.90,0,0.00
"2023-02-01",904,"BERAS SUPER CAP RAMBUTAN 5% (IMPORT)","10 kg","W.P. Kuala Lumpur",123,4,35,29.90,29.90,0,0.00
"2023-03-01",904,"BERAS SUPER CAP RAMBUTAN 5% (IMPORT)","10 kg","W.P. Kuala Lumpur",130,4,35,29.95,29.95,0,0.00
"2023-04-01",904,"BERAS SUPER CAP RAMBUTAN 5% (IMPORT)","10 kg","W.P. Kuala Lumpur",158,6,34,29.90,29.90,0,0.00
"2023-05-01",904,"BERAS SUPER CAP RAMBUTAN 5% (IMPORT)","10 kg","W.P. Kuala Lumpur",133,4,34,29.99,29.99,0,0.00
"2023-06-01",904,"BERAS SUPER CAP RAMBUTAN 5% (IMPORT)","10 kg","W.P. Kuala Lumpur",125,4,37,31.50,31.50,0,0.00
"2023-07-01",904,"BERAS SUPER CAP RAMBUTAN 5% (IMPORT)","10 kg","W.P. Kuala Lumpur",147,6,34,32.50,32.50,0,0.00
"2023-08-01",904,"BERAS SUPER CAP RAMBUTAN 5% (IMPORT)","10 kg","W.P. Kuala Lumpur",109,4,32,33.50,33.50,0,0.00
"2023-09-01",904,"BERAS SUPER CAP RAMBUTAN 5% (IMPORT)","10 kg","W.P. Kuala Lumpur",220,15,36,41.30,41.30,0,0.00
"2023-10-01",904,"BERAS SUPER CAP RAMBUTAN 5% (IMPORT)","10 kg","W.P. Kuala Lumpur",630,30,31,44.70,44.70,0,0.00
"2023-11-01",904,"BERAS SUPER CAP RAMBUTAN 5% (IMPORT)","10 kg","W.P. Kuala Lumpur",655,26,34,42.90,42.90,0,0.00
"2023-12-01",904,"BERAS SUPER CAP RAMBUTAN 5% (IMPORT)","10 kg","W.P. Kuala Lumpur",629,24,33,41.99,41.99,0,0.00
"2024-01-01",904,"BERAS SUPER CAP RAMBUTAN 5% (IMPORT)","10 kg","W.P. Kuala Lumpur",142,5,33,41.88,41.88,0,0.00
"2024-02-01",904,"BERAS SUPER CAP RAMBUTAN 5% (IMPORT)","10 kg","W.P. Kuala Lumpur",102,4,29,40.95,40.95,0,0.00
"2024-03-01",904,"BERAS SUPER CAP RAMBUTAN 5% (IMPORT)","10 kg","W.P. Kuala Lumpur",100,4,30,40.95,40.95,0,0.00
"2024-04-01",904,"BERAS SUPER CAP RAMBUTAN 5% (IMPORT)","10 kg","W.P. Kuala Lumpur",829,28,39,40.19,40.19,0,0.00
"2024-05-01",904,"BERAS SUPER CAP RAMBUTAN 5% (IMPORT)","10 kg","W.P. Kuala Lumpur",945,29,39,40.99,40.99,0,0.00
"2024-06-01",904,"BERAS SUPER CAP RAMBUTAN 5% (IMPORT)","10 kg","W.P. Kuala Lumpur",893,28,38,40.99,40.99,0,0.00
"2024-07-01",904,"BERAS SUPER CAP RAMBUTAN 5% (IMPORT)","10 kg","W.P. Kuala Lumpur",955,28,39,40.99,40.99,0,0.00
"2024-08-01",904,"BERAS SUPER CAP RAMBUTAN 5% (IMPORT)","10 kg","W.P. Kuala Lumpur",882,25,41,40.69,40.69,0,0.00
"2024-09-01",904,"BERAS SUPER CAP RAMBUTAN 5% (IMPORT)","10 kg","W.P. Kuala Lumpur",961,29,40,39.50,39.50,0,0.00
"2024-10-01",904,"BERAS SUPER CAP RAMBUTAN 5% (IMPORT)","10 kg","W.P. Kuala Lumpur",999,30,39,40.99,40.99,0,0.00
"2024-11-01",904,"BERAS SUPER CAP RAMBUTAN 5% (IMPORT)","10 kg","W.P. Kuala Lumpur",1002,28,40,39.99,39.99,0,0.00
"2024-12-01",904,"BERAS SUPER CAP RAMBUTAN 5% (IMPORT)","10 kg","W.P. Kuala Lumpur",1045,30,41,39.99,39.99,0,0.00
"2025-01-01",904,"BERAS SUPER CAP RAMBUTAN 5% (IMPORT)","10 kg","W.P. Kuala Lumpur",1005,29,41,38.90,38.90,0,0.00
"2025-02-01",904,"BERAS SUPER CAP RAMBUTAN 5% (IMPORT)","10 kg","W.P. Kuala Lumpur",818,24,40,38.99,38.99,0,0.00
"2025-03-01",904,"BERAS SUPER CAP RAMBUTAN 5% (IMPORT)","10 kg","W.P. Kuala Lumpur",883,29,41,38.99,38.99,0,0.00
"2025-04-01",904,"BERAS SUPER CAP RAMBUTAN 5% (IMPORT)","10 kg","W.P. Kuala Lumpur",883,28,39,38.90,38.90,0,0.00
"2025-05-01",904,"BERAS SUPER CAP RAMBUTAN 5% (IMPORT)","10 kg","W.P. Kuala Lumpur",973,29,41,38.99,38.99,0,0.00
"2025-06-01",904,"BERAS SUPER CAP RAMBUTAN 5% (IMPORT)","10 kg","W.P. Kuala Lumpur",834,26,42,37.49,37.49,0,0.00
"2025-07-01",904,"BERAS SUPER CAP RAMBUTAN 5% (IMPORT)","10 kg","W.P. Kuala Lumpur",859,26,51,36.50,36.50,0,0.00
"2025-08-01",904,"BERAS SUPER CAP RAMBUTAN 5% (IMPORT)","10 kg","W.P. Kuala Lumpur",202,10,42,36.49,36.49,0,0.00
"2025-09-01",904,"BERAS SUPER CAP RAMBUTAN 5% (IMPORT)","10 kg","W.P. Kuala Lumpur",132,4,38,36.50,36.50,0,0.00
"2025-10-01",904,"BERAS SUPER CAP RAMBUTAN 5% (IMPORT)","10 kg","W.P. Kuala Lumpur",128,4,37,35.99,35.99,0,0.00
"2025-11-01",904,"BERAS SUPER CAP RAMBUTAN 5% (IMPORT)","10 kg","W.P. Kuala Lumpur",137,4,40,36.50,36.50,0,0.00
"2025-12-01",904,"BERAS SUPER CAP RAMBUTAN 5% (IMPORT)","10 kg","W.P. Kuala Lumpur",136,4,39,36.05,36.05,0,0.00
"2023-01-01",904,"BERAS SUPER CAP RAMBUTAN 5% (IMPORT)","10 kg","W.P. Putrajaya",16,5,4,31.30,31.30,0,0.00
"2023-02-01",904,"BERAS SUPER CAP RAMBUTAN 5% (IMPORT)","10 kg","W.P. Putrajaya",11,4,5,30.90,30.90,0,0.00
"2023-03-01",904,"BERAS SUPER CAP RAMBUTAN 5% (IMPORT)","10 kg","W.P. Putrajaya",7,3,3,29.50,29.50,0,0.00
"2023-04-01",904,"BERAS SUPER CAP RAMBUTAN 5% (IMPORT)","10 kg","W.P. Putrajaya",17,5,5,30.90,30.90,0,0.00
"2023-05-01",904,"BERAS SUPER CAP RAMBUTAN 5% (IMPORT)","10 kg","W.P. Putrajaya",18,5,6,30.90,30.90,0,0.00
"2023-06-01",904,"BERAS SUPER CAP RAMBUTAN 5% (IMPORT)","10 kg","W.P. Putrajaya",20,4,6,32.50,32.50,0,0.00
"2023-07-01",904,"BERAS SUPER CAP RAMBUTAN 5% (IMPORT)","10 kg","W.P. Putrajaya",24,5,7,32.00,32.00,0,0.00
"2023-08-01",904,"BERAS SUPER CAP RAMBUTAN 5% (IMPORT)","10 kg","W.P. Putrajaya",16,5,4,36.00,36.00,0,0.00
"2023-09-01",904,"BERAS SUPER CAP RAMBUTAN 5% (IMPORT)","10 kg","W.P. Putrajaya",24,14,6,41.99,41.99,0,0.00
"2023-10-01",904,"BERAS SUPER CAP RAMBUTAN 5% (IMPORT)","10 kg","W.P. Putrajaya",56,30,5,43.80,43.80,0,0.00
"2023-11-01",904,"BERAS SUPER CAP RAMBUTAN 5% (IMPORT)","10 kg","W.P. Putrajaya",78,26,7,44.70,44.70,0,0.00
"2023-12-01",904,"BERAS SUPER CAP RAMBUTAN 5% (IMPORT)","10 kg","W.P. Putrajaya",76,24,6,44.70,44.70,0,0.00
"2024-01-01",904,"BERAS SUPER CAP RAMBUTAN 5% (IMPORT)","10 kg","W.P. Putrajaya",29,6,6,44.50,44.50,0,0.00
"2024-02-01",904,"BERAS SUPER CAP RAMBUTAN 5% (IMPORT)","10 kg","W.P. Putrajaya",24,4,7,42.50,42.50,0,0.00
"2024-03-01",904,"BERAS SUPER CAP RAMBUTAN 5% (IMPORT)","10 kg","W.P. Putrajaya",23,4,7,41.99,41.99,0,0.00
"2024-04-01",904,"BERAS SUPER CAP RAMBUTAN 5% (IMPORT)","10 kg","W.P. Putrajaya",129,28,10,41.59,41.59,0,0.00
"2024-05-01",904,"BERAS SUPER CAP RAMBUTAN 5% (IMPORT)","10 kg","W.P. Putrajaya",138,29,9,41.59,41.59,0,0.00
"2024-06-01",904,"BERAS SUPER CAP RAMBUTAN 5% (IMPORT)","10 kg","W.P. Putrajaya",130,28,9,41.59,41.59,0,0.00
"2024-07-01",904,"BERAS SUPER CAP RAMBUTAN 5% (IMPORT)","10 kg","W.P. Putrajaya",150,28,9,41.80,41.80,0,0.00
"2024-08-01",904,"BERAS SUPER CAP RAMBUTAN 5% (IMPORT)","10 kg","W.P. Putrajaya",102,25,9,41.59,41.59,0,0.00
"2024-09-01",904,"BERAS SUPER CAP RAMBUTAN 5% (IMPORT)","10 kg","W.P. Putrajaya",132,29,9,41.39,41.39,0,0.00
"2024-10-01",904,"BERAS SUPER CAP RAMBUTAN 5% (IMPORT)","10 kg","W.P. Putrajaya",153,30,9,41.99,41.99,0,0.00
"2024-11-01",904,"BERAS SUPER CAP RAMBUTAN 5% (IMPORT)","10 kg","W.P. Putrajaya",144,28,9,41.99,41.99,0,0.00
"2024-12-01",904,"BERAS SUPER CAP RAMBUTAN 5% (IMPORT)","10 kg","W.P. Putrajaya",155,30,10,42.00,42.00,0,0.00
"2025-01-01",904,"BERAS SUPER CAP RAMBUTAN 5% (IMPORT)","10 kg","W.P. Putrajaya",147,29,10,42.99,42.99,0,0.00
"2025-02-01",904,"BERAS SUPER CAP RAMBUTAN 5% (IMPORT)","10 kg","W.P. Putrajaya",116,24,8,42.99,42.99,0,0.00
"2025-03-01",904,"BERAS SUPER CAP RAMBUTAN 5% (IMPORT)","10 kg","W.P. Putrajaya",151,29,9,40.20,40.20,0,0.00
"2025-04-01",904,"BERAS SUPER CAP RAMBUTAN 5% (IMPORT)","10 kg","W.P. Putrajaya",149,28,9,40.20,40.20,0,0.00
"2025-05-01",904,"BERAS SUPER CAP RAMBUTAN 5% (IMPORT)","10 kg","W.P. Putrajaya",157,29,9,40.20,40.20,0,0.00
"2025-06-01",904,"BERAS SUPER CAP RAMBUTAN 5% (IMPORT)","10 kg","W.P. Putrajaya",165,26,10,37.99,37.99,1,0.00
"2025-07-01",904,"BERAS SUPER CAP RAMBUTAN 5% (IMPORT)","10 kg","W.P. Putrajaya",149,24,11,38.49,38.49,0,0.00
"2025-08-01",904,"BERAS SUPER CAP RAMBUTAN 5% (IMPORT)","10 kg","W.P. Putrajaya",51,6,11,37.99,37.99,0,0.00
"2025-09-01",904,"BERAS SUPER CAP RAMBUTAN 5% (IMPORT)","10 kg","W.P. Putrajaya",40,4,11,37.79,37.79,0,0.00
"2025-10-01",904,"BERAS SUPER CAP RAMBUTAN 5% (IMPORT)","10 kg","W.P. Putrajaya",33,4,9,37.99,37.99,0,0.00
"2025-11-01",904,"BERAS SUPER CAP RAMBUTAN 5% (IMPORT)","10 kg","W.P. Putrajaya",37,4,11,37.50,37.50,0,0.00
"2025-12-01",904,"BERAS SUPER CAP RAMBUTAN 5% (IMPORT)","10 kg","W.P. Putrajaya",38,4,11,37.59,37.59,0,0.00
"2023-01-01",917,"TEPUNG GANDUM NGP (BERBUNGKUS, CAP SAUH)","1kg","Johor",565,9,123,3.60,3.60,0,0.00
"2023-02-01",917,"TEPUNG GANDUM NGP (BERBUNGKUS, CAP SAUH)","1kg","Johor",471,9,122,3.60,3.60,0,0.00
"2023-03-01",917,"TEPUNG GANDUM NGP (BERBUNGKUS, CAP SAUH)","1kg","Johor",460,8,122,3.59,3.59,0,0.00
"2023-04-01",917,"TEPUNG GANDUM NGP (BERBUNGKUS, CAP SAUH)","1kg","Johor",588,11,124,3.50,3.50,0,0.00
"2023-05-01",917,"TEPUNG GANDUM NGP (BERBUNGKUS, CAP SAUH)","1kg","Johor",457,8,123,3.50,3.50,0,0.00
"2023-06-01",917,"TEPUNG GANDUM NGP (BERBUNGKUS, CAP SAUH)","1kg","Johor",460,7,120,3.50,3.50,0,0.00
"2023-07-01",917,"TEPUNG GANDUM NGP (BERBUNGKUS, CAP SAUH)","1kg","Johor",562,9,121,3.50,3.50,0,0.00
"2023-08-01",917,"TEPUNG GANDUM NGP (BERBUNGKUS, CAP SAUH)","1kg","Johor",454,8,120,3.50,3.50,0,0.00
"2023-09-01",917,"TEPUNG GANDUM NGP (BERBUNGKUS, CAP SAUH)","1kg","Johor",465,9,123,3.50,3.50,0,0.00
"2023-10-01",917,"TEPUNG GANDUM NGP (BERBUNGKUS, CAP SAUH)","1kg","Johor",603,10,124,3.50,3.50,0,0.00
"2023-11-01",917,"TEPUNG GANDUM NGP (BERBUNGKUS, CAP SAUH)","1kg","Johor",465,8,122,3.49,3.49,0,0.00
"2023-12-01",917,"TEPUNG GANDUM NGP (BERBUNGKUS, CAP SAUH)","1kg","Johor",474,8,123,3.49,3.49,0,0.00
"2024-01-01",917,"TEPUNG GANDUM NGP (BERBUNGKUS, CAP SAUH)","1kg","Johor",582,10,124,3.40,3.40,0,0.00
"2024-02-01",917,"TEPUNG GANDUM NGP (BERBUNGKUS, CAP SAUH)","1kg","Johor",571,7,155,3.40,3.40,0,0.00
"2024-03-01",917,"TEPUNG GANDUM NGP (BERBUNGKUS, CAP SAUH)","1kg","Johor",598,8,163,3.40,3.40,0,0.00
"2024-04-01",917,"TEPUNG GANDUM NGP (BERBUNGKUS, CAP SAUH)","1kg","Johor",744,9,162,3.40,3.40,0,0.00
"2024-05-01",917,"TEPUNG GANDUM NGP (BERBUNGKUS, CAP SAUH)","1kg","Johor",778,13,168,3.40,3.40,0,0.00
"2024-06-01",917,"TEPUNG GANDUM NGP (BERBUNGKUS, CAP SAUH)","1kg","Johor",470,8,160,3.40,3.40,0,0.00
"2024-07-01",917,"TEPUNG GANDUM NGP (BERBUNGKUS, CAP SAUH)","1kg","Johor",726,9,160,3.40,3.40,0,0.00
"2024-08-01",917,"TEPUNG GANDUM NGP (BERBUNGKUS, CAP SAUH)","1kg","Johor",449,6,160,3.40,3.40,0,0.00
"2024-09-01",917,"TEPUNG GANDUM NGP (BERBUNGKUS, CAP SAUH)","1kg","Johor",738,11,161,3.35,3.35,0,0.00
"2024-10-01",917,"TEPUNG GANDUM NGP (BERBUNGKUS, CAP SAUH)","1kg","Johor",608,8,167,3.40,3.40,0,0.00
"2024-11-01",917,"TEPUNG GANDUM NGP (BERBUNGKUS, CAP SAUH)","1kg","Johor",616,8,166,3.40,3.40,0,0.00
"2024-12-01",917,"TEPUNG GANDUM NGP (BERBUNGKUS, CAP SAUH)","1kg","Johor",630,9,168,3.40,3.40,0,0.00
"2025-01-01",917,"TEPUNG GANDUM NGP (BERBUNGKUS, CAP SAUH)","1kg","Johor",779,8,165,3.40,3.40,1,0.00
"2025-02-01",917,"TEPUNG GANDUM NGP (BERBUNGKUS, CAP SAUH)","1kg","Johor",778,10,166,3.30,3.30,0,0.00
"2025-03-01",917,"TEPUNG GANDUM NGP (BERBUNGKUS, CAP SAUH)","1kg","Johor",633,8,166,3.30,3.30,0,0.00
"2025-04-01",917,"TEPUNG GANDUM NGP (BERBUNGKUS, CAP SAUH)","1kg","Johor",622,7,167,3.30,3.30,0,0.00
"2025-05-01",917,"TEPUNG GANDUM NGP (BERBUNGKUS, CAP SAUH)","1kg","Johor",781,10,167,3.30,3.30,0,0.00
"2025-06-01",917,"TEPUNG GANDUM NGP (BERBUNGKUS, CAP SAUH)","1kg","Johor",606,8,165,3.20,3.20,0,0.00
"2025-07-01",917,"TEPUNG GANDUM NGP (BERBUNGKUS, CAP SAUH)","1kg","Johor",728,8,236,3.20,3.20,0,0.00
"2025-08-01",917,"TEPUNG GANDUM NGP (BERBUNGKUS, CAP SAUH)","1kg","Johor",970,10,209,3.29,3.29,0,0.00
"2025-09-01",917,"TEPUNG GANDUM NGP (BERBUNGKUS, CAP SAUH)","1kg","Johor",743,8,203,3.29,3.29,0,0.00
"2025-10-01",917,"TEPUNG GANDUM NGP (BERBUNGKUS, CAP SAUH)","1kg","Johor",743,7,205,3.29,3.29,0,0.00
"2025-11-01",917,"TEPUNG GANDUM NGP (BERBUNGKUS, CAP SAUH)","1kg","Johor",779,10,204,3.20,3.20,0,0.00
"2025-12-01",917,"TEPUNG GANDUM NGP (BERBUNGKUS, CAP SAUH)","1kg","Johor",751,8,201,3.20,3.20,0,0.00
"2023-01-01",917,"TEPUNG GANDUM NGP (BERBUNGKUS, CAP SAUH)","1kg","Kedah",304,5,67,3.70,3.70,0,0.00
"2023-02-01",917,"TEPUNG GANDUM NGP (BERBUNGKUS, CAP SAUH)","1kg","Kedah",248,4,66,3.70,3.70,0,0.00
"2023-03-01",917,"TEPUNG GANDUM NGP (BERBUNGKUS, CAP SAUH)","1kg","Kedah",253,4,67,3.60,3.60,0,0.00
"2023-04-01",917,"TEPUNG GANDUM NGP (BERBUNGKUS, CAP SAUH)","1kg","Kedah",305,5,66,3.60,3.60,0,0.00
"2023-05-01",917,"TEPUNG GANDUM NGP (BERBUNGKUS, CAP SAUH)","1kg","Kedah",254,4,68,3.70,3.70,0,0.00
"2023-06-01",917,"TEPUNG GANDUM NGP (BERBUNGKUS, CAP SAUH)","1kg","Kedah",259,4,68,3.70,3.70,0,0.00
"2023-07-01",917,"TEPUNG GANDUM NGP (BERBUNGKUS, CAP SAUH)","1kg","Kedah",325,5,70,3.60,3.60,0,0.00
"2023-08-01",917,"TEPUNG GANDUM NGP (BERBUNGKUS, CAP SAUH)","1kg","Kedah",252,4,70,3.50,3.50,0,0.00
"2023-09-01",917,"TEPUNG GANDUM NGP (BERBUNGKUS, CAP SAUH)","1kg","Kedah",263,4,72,3.50,3.50,0,0.00
"2023-10-01",917,"TEPUNG GANDUM NGP (BERBUNGKUS, CAP SAUH)","1kg","Kedah",363,5,78,3.50,3.50,0,0.00
"2023-11-01",917,"TEPUNG GANDUM NGP (BERBUNGKUS, CAP SAUH)","1kg","Kedah",286,4,76,3.50,3.50,0,0.00
"2023-12-01",917,"TEPUNG GANDUM NGP (BERBUNGKUS, CAP SAUH)","1kg","Kedah",283,4,75,3.50,3.50,0,0.00
"2024-01-01",917,"TEPUNG GANDUM NGP (BERBUNGKUS, CAP SAUH)","1kg","Kedah",349,5,79,3.38,3.38,0,0.00
"2024-02-01",917,"TEPUNG GANDUM NGP (BERBUNGKUS, CAP SAUH)","1kg","Kedah",277,4,78,3.30,3.30,0,0.00
"2024-03-01",917,"TEPUNG GANDUM NGP (BERBUNGKUS, CAP SAUH)","1kg","Kedah",274,5,74,3.30,3.30,0,0.00
"2024-04-01",917,"TEPUNG GANDUM NGP (BERBUNGKUS, CAP SAUH)","1kg","Kedah",356,5,78,3.30,3.30,0,0.00
"2024-05-01",917,"TEPUNG GANDUM NGP (BERBUNGKUS, CAP SAUH)","1kg","Kedah",371,6,76,3.40,3.40,0,0.00
"2024-06-01",917,"TEPUNG GANDUM NGP (BERBUNGKUS, CAP SAUH)","1kg","Kedah",221,4,77,3.30,3.30,0,0.00
"2024-07-01",917,"TEPUNG GANDUM NGP (BERBUNGKUS, CAP SAUH)","1kg","Kedah",379,5,80,3.30,3.30,0,0.00
"2024-08-01",917,"TEPUNG GANDUM NGP (BERBUNGKUS, CAP SAUH)","1kg","Kedah",232,5,79,3.30,3.30,0,0.00
"2024-09-01",917,"TEPUNG GANDUM NGP (BERBUNGKUS, CAP SAUH)","1kg","Kedah",355,5,78,3.30,3.30,0,0.00
"2024-10-01",917,"TEPUNG GANDUM NGP (BERBUNGKUS, CAP SAUH)","1kg","Kedah",285,4,75,3.30,3.30,0,0.00
"2024-11-01",917,"TEPUNG GANDUM NGP (BERBUNGKUS, CAP SAUH)","1kg","Kedah",280,4,78,3.30,3.30,0,0.00
"2024-12-01",917,"TEPUNG GANDUM NGP (BERBUNGKUS, CAP SAUH)","1kg","Kedah",288,4,77,3.30,3.30,0,0.00
"2025-01-01",917,"TEPUNG GANDUM NGP (BERBUNGKUS, CAP SAUH)","1kg","Kedah",360,5,76,3.30,3.30,0,0.00
"2025-02-01",917,"TEPUNG GANDUM NGP (BERBUNGKUS, CAP SAUH)","1kg","Kedah",289,4,77,3.29,3.29,0,0.00
"2025-03-01",917,"TEPUNG GANDUM NGP (BERBUNGKUS, CAP SAUH)","1kg","Kedah",360,5,77,3.20,3.20,0,0.00
"2025-04-01",917,"TEPUNG GANDUM NGP (BERBUNGKUS, CAP SAUH)","1kg","Kedah",304,4,78,3.20,3.20,0,0.00
"2025-05-01",917,"TEPUNG GANDUM NGP (BERBUNGKUS, CAP SAUH)","1kg","Kedah",370,5,80,3.20,3.20,0,0.00
"2025-06-01",917,"TEPUNG GANDUM NGP (BERBUNGKUS, CAP SAUH)","1kg","Kedah",296,4,79,3.20,3.20,0,0.00
"2025-07-01",917,"TEPUNG GANDUM NGP (BERBUNGKUS, CAP SAUH)","1kg","Kedah",342,4,108,3.20,3.20,1,0.00
"2025-08-01",917,"TEPUNG GANDUM NGP (BERBUNGKUS, CAP SAUH)","1kg","Kedah",475,5,107,3.20,3.20,0,0.00
"2025-09-01",917,"TEPUNG GANDUM NGP (BERBUNGKUS, CAP SAUH)","1kg","Kedah",374,4,106,3.20,3.20,0,0.00
"2025-10-01",917,"TEPUNG GANDUM NGP (BERBUNGKUS, CAP SAUH)","1kg","Kedah",390,4,102,3.20,3.20,0,0.00
"2025-11-01",917,"TEPUNG GANDUM NGP (BERBUNGKUS, CAP SAUH)","1kg","Kedah",407,4,109,3.20,3.20,0,0.00
"2025-12-01",917,"TEPUNG GANDUM NGP (BERBUNGKUS, CAP SAUH)","1kg","Kedah",403,4,108,3.20,3.20,0,0.00
"2023-01-01",917,"TEPUNG GANDUM NGP (BERBUNGKUS, CAP SAUH)","1kg","Kelantan",467,6,114,3.59,3.59,0,0.00
"2023-02-01",917,"TEPUNG GANDUM NGP (BERBUNGKUS, CAP SAUH)","1kg","Kelantan",399,5,116,3.60,3.60,0,0.00
"2023-03-01",917,"TEPUNG GANDUM NGP (BERBUNGKUS, CAP SAUH)","1kg","Kelantan",400,5,113,3.60,3.60,0,0.00
"2023-04-01",917,"TEPUNG GANDUM NGP (BERBUNGKUS, CAP SAUH)","1kg","Kelantan",483,5,109,3.60,3.60,0,0.00
"2023-05-01",917,"TEPUNG GANDUM NGP (BERBUNGKUS, CAP SAUH)","1kg","Kelantan",392,6,114,3.60,3.60,0,0.00
"2023-06-01",917,"TEPUNG GANDUM NGP (BERBUNGKUS, CAP SAUH)","1kg","Kelantan",413,7,116,3.50,3.50,0,0.00
"2023-07-01",917,"TEPUNG GANDUM NGP (BERBUNGKUS, CAP SAUH)","1kg","Kelantan",514,7,119,3.55,3.55,0,0.00
"2023-08-01",917,"TEPUNG GANDUM NGP (BERBUNGKUS, CAP SAUH)","1kg","Kelantan",425,6,119,3.50,3.50,0,0.00
"2023-09-01",917,"TEPUNG GANDUM NGP (BERBUNGKUS, CAP SAUH)","1kg","Kelantan",439,5,122,3.50,3.50,0,0.00
"2023-10-01",917,"TEPUNG GANDUM NGP (BERBUNGKUS, CAP SAUH)","1kg","Kelantan",536,5,120,3.50,3.50,0,0.00
"2023-11-01",917,"TEPUNG GANDUM NGP (BERBUNGKUS, CAP SAUH)","1kg","Kelantan",436,5,120,3.50,3.50,0,0.00
"2023-12-01",917,"TEPUNG GANDUM NGP (BERBUNGKUS, CAP SAUH)","1kg","Kelantan",431,6,118,3.50,3.50,0,0.00
"2024-01-01",917,"TEPUNG GANDUM NGP (BERBUNGKUS, CAP SAUH)","1kg","Kelantan",547,5,124,3.50,3.50,0,0.00
"2024-02-01",917,"TEPUNG GANDUM NGP (BERBUNGKUS, CAP SAUH)","1kg","Kelantan",442,4,121,3.50,3.50,0,0.00
"2024-03-01",917,"TEPUNG GANDUM NGP (BERBUNGKUS, CAP SAUH)","1kg","Kelantan",432,8,123,3.50,3.50,0,0.00
"2024-04-01",917,"TEPUNG GANDUM NGP (BERBUNGKUS, CAP SAUH)","1kg","Kelantan",556,5,121,3.50,3.50,0,0.00
"2024-05-01",917,"TEPUNG GANDUM NGP (BERBUNGKUS, CAP SAUH)","1kg","Kelantan",556,6,123,3.50,3.50,0,0.00
"2024-06-01",917,"TEPUNG GANDUM NGP (BERBUNGKUS, CAP SAUH)","1kg","Kelantan",338,4,119,3.50,3.50,0,0.00
"2024-07-01",917,"TEPUNG GANDUM NGP (BERBUNGKUS, CAP SAUH)","1kg","Kelantan",549,5,126,3.50,3.50,0,0.00
"2024-08-01",917,"TEPUNG GANDUM NGP (BERBUNGKUS, CAP SAUH)","1kg","Kelantan",341,3,124,3.50,3.50,0,0.00
"2024-09-01",917,"TEPUNG GANDUM NGP (BERBUNGKUS, CAP SAUH)","1kg","Kelantan",573,5,124,3.50,3.50,0,0.00
"2024-10-01",917,"TEPUNG GANDUM NGP (BERBUNGKUS, CAP SAUH)","1kg","Kelantan",451,4,123,3.50,3.50,0,0.00
"2024-11-01",917,"TEPUNG GANDUM NGP (BERBUNGKUS, CAP SAUH)","1kg","Kelantan",438,4,122,3.50,3.50,0,0.00
"2024-12-01",917,"TEPUNG GANDUM NGP (BERBUNGKUS, CAP SAUH)","1kg","Kelantan",414,5,121,3.50,3.50,0,0.00
"2025-01-01",917,"TEPUNG GANDUM NGP (BERBUNGKUS, CAP SAUH)","1kg","Kelantan",565,6,125,3.40,3.40,0,0.00
"2025-02-01",917,"TEPUNG GANDUM NGP (BERBUNGKUS, CAP SAUH)","1kg","Kelantan",438,4,124,3.50,3.50,0,0.00
"2025-03-01",917,"TEPUNG GANDUM NGP (BERBUNGKUS, CAP SAUH)","1kg","Kelantan",578,5,129,3.40,3.40,0,0.00
"2025-04-01",917,"TEPUNG GANDUM NGP (BERBUNGKUS, CAP SAUH)","1kg","Kelantan",457,4,127,3.49,3.49,0,0.00
"2025-05-01",917,"TEPUNG GANDUM NGP (BERBUNGKUS, CAP SAUH)","1kg","Kelantan",568,5,128,3.35,3.35,0,0.00
"2025-06-01",917,"TEPUNG GANDUM NGP (BERBUNGKUS, CAP SAUH)","1kg","Kelantan",459,4,131,3.40,3.40,0,0.00
"2025-07-01",917,"TEPUNG GANDUM NGP (BERBUNGKUS, CAP SAUH)","1kg","Kelantan",568,4,185,3.30,3.30,0,0.00
"2025-08-01",917,"TEPUNG GANDUM NGP (BERBUNGKUS, CAP SAUH)","1kg","Kelantan",822,5,187,3.30,3.30,0,0.00
"2025-09-01",917,"TEPUNG GANDUM NGP (BERBUNGKUS, CAP SAUH)","1kg","Kelantan",633,4,182,3.30,3.30,0,0.00
"2025-10-01",917,"TEPUNG GANDUM NGP (BERBUNGKUS, CAP SAUH)","1kg","Kelantan",679,4,184,3.30,3.30,0,0.00
"2025-11-01",917,"TEPUNG GANDUM NGP (BERBUNGKUS, CAP SAUH)","1kg","Kelantan",669,4,184,3.30,3.30,0,0.00
"2025-12-01",917,"TEPUNG GANDUM NGP (BERBUNGKUS, CAP SAUH)","1kg","Kelantan",662,4,181,3.29,3.29,0,0.00
"2023-01-01",917,"TEPUNG GANDUM NGP (BERBUNGKUS, CAP SAUH)","1kg","Melaka",119,6,25,3.70,3.70,0,0.00
"2023-02-01",917,"TEPUNG GANDUM NGP (BERBUNGKUS, CAP SAUH)","1kg","Melaka",94,5,26,3.70,3.70,0,0.00
"2023-03-01",917,"TEPUNG GANDUM NGP (BERBUNGKUS, CAP SAUH)","1kg","Melaka",95,5,26,3.60,3.60,0,0.00
"2023-04-01",917,"TEPUNG GANDUM NGP (BERBUNGKUS, CAP SAUH)","1kg","Melaka",111,6,25,3.60,3.60,0,0.00
"2023-05-01",917,"TEPUNG GANDUM NGP (BERBUNGKUS, CAP SAUH)","1kg","Melaka",97,5,25,3.60,3.60,0,0.00
"2023-06-01",917,"TEPUNG GANDUM NGP (BERBUNGKUS, CAP SAUH)","1kg","Melaka",95,4,26,3.60,3.60,0,0.00
"2023-07-01",917,"TEPUNG GANDUM NGP (BERBUNGKUS, CAP SAUH)","1kg","Melaka",118,6,26,3.60,3.60,0,0.00
"2023-08-01",917,"TEPUNG GANDUM NGP (BERBUNGKUS, CAP SAUH)","1kg","Melaka",94,5,24,3.59,3.59,0,0.00
"2023-09-01",917,"TEPUNG GANDUM NGP (BERBUNGKUS, CAP SAUH)","1kg","Melaka",91,5,24,3.55,3.55,0,0.00
"2023-10-01",917,"TEPUNG GANDUM NGP (BERBUNGKUS, CAP SAUH)","1kg","Melaka",123,5,26,3.49,3.49,0,0.00
"2023-11-01",917,"TEPUNG GANDUM NGP (BERBUNGKUS, CAP SAUH)","1kg","Melaka",97,5,27,3.49,3.49,0,0.00
"2023-12-01",917,"TEPUNG GANDUM NGP (BERBUNGKUS, CAP SAUH)","1kg","Melaka",93,4,26,3.35,3.35,0,0.00
"2024-01-01",917,"TEPUNG GANDUM NGP (BERBUNGKUS, CAP SAUH)","1kg","Melaka",113,7,25,3.40,3.40,0,0.00
"2024-02-01",917,"TEPUNG GANDUM NGP (BERBUNGKUS, CAP SAUH)","1kg","Melaka",93,5,26,3.40,3.40,0,0.00
"2024-03-01",917,"TEPUNG GANDUM NGP (BERBUNGKUS, CAP SAUH)","1kg","Melaka",94,5,25,3.35,3.35,0,0.00
"2024-04-01",917,"TEPUNG GANDUM NGP (BERBUNGKUS, CAP SAUH)","1kg","Melaka",114,6,25,3.39,3.39,0,0.00
"2024-05-01",917,"TEPUNG GANDUM NGP (BERBUNGKUS, CAP SAUH)","1kg","Melaka",124,6,26,3.40,3.40,0,0.00
"2024-06-01",917,"TEPUNG GANDUM NGP (BERBUNGKUS, CAP SAUH)","1kg","Melaka",73,3,26,3.35,3.35,0,0.00
"2024-07-01",917,"TEPUNG GANDUM NGP (BERBUNGKUS, CAP SAUH)","1kg","Melaka",119,5,25,3.35,3.35,0,0.00
"2024-08-01",917,"TEPUNG GANDUM NGP (BERBUNGKUS, CAP SAUH)","1kg","Melaka",96,5,27,3.35,3.35,0,0.00
"2024-09-01",917,"TEPUNG GANDUM NGP (BERBUNGKUS, CAP SAUH)","1kg","Melaka",125,6,27,3.30,3.30,0,0.00
"2024-10-01",917,"TEPUNG GANDUM NGP (BERBUNGKUS, CAP SAUH)","1kg","Melaka",99,5,26,3.20,3.20,0,0.00
"2024-11-01",917,"TEPUNG GANDUM NGP (BERBUNGKUS, CAP SAUH)","1kg","Melaka",104,5,26,3.20,3.20,0,0.00
"2024-12-01",917,"TEPUNG GANDUM NGP (BERBUNGKUS, CAP SAUH)","1kg","Melaka",96,4,27,3.20,3.20,0,0.00
"2025-01-01",917,"TEPUNG GANDUM NGP (BERBUNGKUS, CAP SAUH)","1kg","Melaka",124,5,27,3.20,3.20,0,0.00
"2025-02-01",917,"TEPUNG GANDUM NGP (BERBUNGKUS, CAP SAUH)","1kg","Melaka",89,5,25,3.30,3.30,0,0.00
"2025-03-01",917,"TEPUNG GANDUM NGP (BERBUNGKUS, CAP SAUH)","1kg","Melaka",115,6,26,3.20,3.20,0,0.00
"2025-04-01",917,"TEPUNG GANDUM NGP (BERBUNGKUS, CAP SAUH)","1kg","Melaka",97,5,25,3.20,3.20,0,0.00
"2025-05-01",917,"TEPUNG GANDUM NGP (BERBUNGKUS, CAP SAUH)","1kg","Melaka",128,5,26,3.20,3.20,0,0.00
"2025-06-01",917,"TEPUNG GANDUM NGP (BERBUNGKUS, CAP SAUH)","1kg","Melaka",109,5,30,3.20,3.20,0,0.00
"2025-07-01",917,"TEPUNG GANDUM NGP (BERBUNGKUS, CAP SAUH)","1kg","Melaka",155,5,53,3.20,3.20,0,0.00
"2025-08-01",917,"TEPUNG GANDUM NGP (BERBUNGKUS, CAP SAUH)","1kg","Melaka",242,6,51,3.20,3.20,0,0.00
"2025-09-01",917,"TEPUNG GANDUM NGP (BERBUNGKUS, CAP SAUH)","1kg","Melaka",189,5,50,3.20,3.20,0,0.00
"2025-10-01",917,"TEPUNG GANDUM NGP (BERBUNGKUS, CAP SAUH)","1kg","Melaka",193,4,51,3.20,3.20,0,0.00
"2025-11-01",917,"TEPUNG GANDUM NGP (BERBUNGKUS, CAP SAUH)","1kg","Melaka",193,5,50,3.20,3.20,0,0.00
"2025-12-01",917,"TEPUNG GANDUM NGP (BERBUNGKUS, CAP SAUH)","1kg","Melaka",194,5,51,3.20,3.20,0,0.00
"2023-01-01",917,"TEPUNG GANDUM NGP (BERBUNGKUS, CAP SAUH)","1kg","Negeri Sembilan",169,5,38,3.60,3.60,0,0.00
"2023-02-01",917,"TEPUNG GANDUM NGP (BERBUNGKUS, CAP SAUH)","1kg","Negeri Sembilan",126,4,36,3.70,3.70,0,0.00
"2023-03-01",917,"TEPUNG GANDUM NGP (BERBUNGKUS, CAP SAUH)","1kg","Negeri Sembilan",141,4,39,3.60,3.60,0,0.00
"2023-04-01",917,"TEPUNG GANDUM NGP (BERBUNGKUS, CAP SAUH)","1kg","Negeri Sembilan",190,5,39,3.60,3.60,0,0.00
"2023-05-01",917,"TEPUNG GANDUM NGP (BERBUNGKUS, CAP SAUH)","1kg","Negeri Sembilan",146,4,38,3.60,3.60,0,0.00
"2023-06-01",917,"TEPUNG GANDUM NGP (BERBUNGKUS, CAP SAUH)","1kg","Negeri Sembilan",145,4,38,3.60,3.60,0,0.00
"2023-07-01",917,"TEPUNG GANDUM NGP (BERBUNGKUS, CAP SAUH)","1kg","Negeri Sembilan",181,5,38,3.60,3.60,0,0.00
"2023-08-01",917,"TEPUNG GANDUM NGP (BERBUNGKUS, CAP SAUH)","1kg","Negeri Sembilan",140,4,37,3.57,3.57,0,0.00
"2023-09-01",917,"TEPUNG GANDUM NGP (BERBUNGKUS, CAP SAUH)","1kg","Negeri Sembilan",149,4,41,3.50,3.50,0,0.00
"2023-10-01",917,"TEPUNG GANDUM NGP (BERBUNGKUS, CAP SAUH)","1kg","Negeri Sembilan",201,5,42,3.50,3.50,0,0.00
"2023-11-01",917,"TEPUNG GANDUM NGP (BERBUNGKUS, CAP SAUH)","1kg","Negeri Sembilan",156,4,42,3.50,3.50,0,0.00
"2023-12-01",917,"TEPUNG GANDUM NGP (BERBUNGKUS, CAP SAUH)","1kg","Negeri Sembilan",152,4,41,3.50,3.50,0,0.00
"2024-01-01",917,"TEPUNG GANDUM NGP (BERBUNGKUS, CAP SAUH)","1kg","Negeri Sembilan",179,5,40,3.49,3.49,0,0.00
"2024-02-01",917,"TEPUNG GANDUM NGP (BERBUNGKUS, CAP SAUH)","1kg","Negeri Sembilan",137,4,41,3.49,3.49,0,0.00
"2024-03-01",917,"TEPUNG GANDUM NGP (BERBUNGKUS, CAP SAUH)","1kg","Negeri Sembilan",145,5,42,3.50,3.50,0,0.00
"2024-04-01",917,"TEPUNG GANDUM NGP (BERBUNGKUS, CAP SAUH)","1kg","Negeri Sembilan",201,5,42,3.50,3.50,0,0.00
"2024-05-01",917,"TEPUNG GANDUM NGP (BERBUNGKUS, CAP SAUH)","1kg","Negeri Sembilan",193,5,41,3.49,3.49,0,0.00
"2024-06-01",917,"TEPUNG GANDUM NGP (BERBUNGKUS, CAP SAUH)","1kg","Negeri Sembilan",117,3,40,3.49,3.49,0,0.00
"2024-07-01",917,"TEPUNG GANDUM NGP (BERBUNGKUS, CAP SAUH)","1kg","Negeri Sembilan",197,5,41,3.50,3.50,0,0.00
"2024-08-01",917,"TEPUNG GANDUM NGP (BERBUNGKUS, CAP SAUH)","1kg","Negeri Sembilan",114,3,40,3.50,3.50,0,0.00
"2024-09-01",917,"TEPUNG GANDUM NGP (BERBUNGKUS, CAP SAUH)","1kg","Negeri Sembilan",194,5,41,3.50,3.50,0,0.00
"2024-10-01",917,"TEPUNG GANDUM NGP (BERBUNGKUS, CAP SAUH)","1kg","Negeri Sembilan",154,4,41,3.50,3.50,0,0.00
"2024-11-01",917,"TEPUNG GANDUM NGP (BERBUNGKUS, CAP SAUH)","1kg","Negeri Sembilan",156,4,41,3.45,3.45,0,0.00
"2024-12-01",917,"TEPUNG GANDUM NGP (BERBUNGKUS, CAP SAUH)","1kg","Negeri Sembilan",157,4,40,3.30,3.30,0,0.00
"2025-01-01",917,"TEPUNG GANDUM NGP (BERBUNGKUS, CAP SAUH)","1kg","Negeri Sembilan",184,5,39,3.45,3.45,0,0.00
"2025-02-01",917,"TEPUNG GANDUM NGP (BERBUNGKUS, CAP SAUH)","1kg","Negeri Sembilan",143,4,39,3.30,3.30,0,0.00
"2025-03-01",917,"TEPUNG GANDUM NGP (BERBUNGKUS, CAP SAUH)","1kg","Negeri Sembilan",198,5,42,3.30,3.30,0,0.00
"2025-04-01",917,"TEPUNG GANDUM NGP (BERBUNGKUS, CAP SAUH)","1kg","Negeri Sembilan",155,4,42,3.30,3.30,0,0.00
"2025-05-01",917,"TEPUNG GANDUM NGP (BERBUNGKUS, CAP SAUH)","1kg","Negeri Sembilan",180,5,41,3.30,3.30,0,0.00
"2025-06-01",917,"TEPUNG GANDUM NGP (BERBUNGKUS, CAP SAUH)","1kg","Negeri Sembilan",149,4,40,3.30,3.30,0,0.00
"2025-07-01",917,"TEPUNG GANDUM NGP (BERBUNGKUS, CAP SAUH)","1kg","Negeri Sembilan",195,4,63,3.20,3.20,0,0.00
"2025-08-01",917,"TEPUNG GANDUM NGP (BERBUNGKUS, CAP SAUH)","1kg","Negeri Sembilan",290,5,63,3.20,3.20,0,0.00
"2025-09-01",917,"TEPUNG GANDUM NGP (BERBUNGKUS, CAP SAUH)","1kg","Negeri Sembilan",219,4,61,3.20,3.20,0,0.00
"2025-10-01",917,"TEPUNG GANDUM NGP (BERBUNGKUS, CAP SAUH)","1kg","Negeri Sembilan",234,4,62,3.20,3.20,0,0.00
"2025-11-01",917,"TEPUNG GANDUM NGP (BERBUNGKUS, CAP SAUH)","1kg","Negeri Sembilan",229,4,59,3.20,3.20,0,0.00
"2025-12-01",917,"TEPUNG GANDUM NGP (BERBUNGKUS, CAP SAUH)","1kg","Negeri Sembilan",229,5,62,3.20,3.20,0,0.00
"2023-01-01",917,"TEPUNG GANDUM NGP (BERBUNGKUS, CAP SAUH)","1kg","Pahang",391,8,83,3.58,3.58,0,0.00
"2023-02-01",917,"TEPUNG GANDUM NGP (BERBUNGKUS, CAP SAUH)","1kg","Pahang",303,7,83,3.60,3.60,0,0.00
"2023-03-01",917,"TEPUNG GANDUM NGP (BERBUNGKUS, CAP SAUH)","1kg","Pahang",315,8,82,3.50,3.50,0,0.00
"2023-04-01",917,"TEPUNG GANDUM NGP (BERBUNGKUS, CAP SAUH)","1kg","Pahang",386,8,81,3.50,3.50,0,0.00
"2023-05-01",917,"TEPUNG GANDUM NGP (BERBUNGKUS, CAP SAUH)","1kg","Pahang",320,7,83,3.50,3.50,0,0.00
"2023-06-01",917,"TEPUNG GANDUM NGP (BERBUNGKUS, CAP SAUH)","1kg","Pahang",318,8,83,3.50,3.50,0,0.00
"2023-07-01",917,"TEPUNG GANDUM NGP (BERBUNGKUS, CAP SAUH)","1kg","Pahang",401,10,83,3.50,3.50,0,0.00
"2023-08-01",917,"TEPUNG GANDUM NGP (BERBUNGKUS, CAP SAUH)","1kg","Pahang",320,8,83,3.49,3.49,0,0.00
"2023-09-01",917,"TEPUNG GANDUM NGP (BERBUNGKUS, CAP SAUH)","1kg","Pahang",299,8,82,3.49,3.49,0,0.00
"2023-10-01",917,"TEPUNG GANDUM NGP (BERBUNGKUS, CAP SAUH)","1kg","Pahang",391,10,83,3.50,3.50,0,0.00
"2023-11-01",917,"TEPUNG GANDUM NGP (BERBUNGKUS, CAP SAUH)","1kg","Pahang",309,7,83,3.40,3.40,0,0.00
"2023-12-01",917,"TEPUNG GANDUM NGP (BERBUNGKUS, CAP SAUH)","1kg","Pahang",314,7,84,3.40,3.40,0,0.00
"2024-01-01",917,"TEPUNG GANDUM NGP (BERBUNGKUS, CAP SAUH)","1kg","Pahang",348,11,80,3.38,3.38,0,0.00
"2024-02-01",917,"TEPUNG GANDUM NGP (BERBUNGKUS, CAP SAUH)","1kg","Pahang",266,7,82,3.38,3.38,0,0.00
"2024-03-01",917,"TEPUNG GANDUM NGP (BERBUNGKUS, CAP SAUH)","1kg","Pahang",391,10,114,3.40,3.40,0,0.00
"2024-04-01",917,"TEPUNG GANDUM NGP (BERBUNGKUS, CAP SAUH)","1kg","Pahang",611,9,133,3.35,3.35,0,0.00
"2024-05-01",917,"TEPUNG GANDUM NGP (BERBUNGKUS, CAP SAUH)","1kg","Pahang",641,11,140,3.35,3.35,0,0.00
"2024-06-01",917,"TEPUNG GANDUM NGP (BERBUNGKUS, CAP SAUH)","1kg","Pahang",362,6,132,3.30,3.30,0,0.00
"2024-07-01",917,"TEPUNG GANDUM NGP (BERBUNGKUS, CAP SAUH)","1kg","Pahang",612,7,135,3.30,3.30,0,0.00
"2024-08-01",917,"TEPUNG GANDUM NGP (BERBUNGKUS, CAP SAUH)","1kg","Pahang",365,6,128,3.35,3.35,0,0.00
"2024-09-01",917,"TEPUNG GANDUM NGP (BERBUNGKUS, CAP SAUH)","1kg","Pahang",594,11,130,3.30,3.30,0,0.00
"2024-10-01",917,"TEPUNG GANDUM NGP (BERBUNGKUS, CAP SAUH)","1kg","Pahang",499,8,133,3.30,3.30,0,0.00
"2024-11-01",917,"TEPUNG GANDUM NGP (BERBUNGKUS, CAP SAUH)","1kg","Pahang",512,8,135,3.33,3.33,0,0.00
"2024-12-01",917,"TEPUNG GANDUM NGP (BERBUNGKUS, CAP SAUH)","1kg","Pahang",518,8,142,3.29,3.29,0,0.00
"2025-01-01",917,"TEPUNG GANDUM NGP (BERBUNGKUS, CAP SAUH)","1kg","Pahang",637,9,138,3.29,3.29,0,0.00
"2025-02-01",917,"TEPUNG GANDUM NGP (BERBUNGKUS, CAP SAUH)","1kg","Pahang",491,8,134,3.30,3.30,0,0.00
"2025-03-01",917,"TEPUNG GANDUM NGP (BERBUNGKUS, CAP SAUH)","1kg","Pahang",624,9,136,3.29,3.29,0,0.00
"2025-04-01",917,"TEPUNG GANDUM NGP (BERBUNGKUS, CAP SAUH)","1kg","Pahang",501,8,139,3.30,3.30,0,0.00
"2025-05-01",917,"TEPUNG GANDUM NGP (BERBUNGKUS, CAP SAUH)","1kg","Pahang",634,8,135,3.30,3.30,0,0.00
"2025-06-01",917,"TEPUNG GANDUM NGP (BERBUNGKUS, CAP SAUH)","1kg","Pahang",506,8,135,3.29,3.29,0,0.00
"2025-07-01",917,"TEPUNG GANDUM NGP (BERBUNGKUS, CAP SAUH)","1kg","Pahang",576,9,175,3.20,3.20,0,0.00
"2025-08-01",917,"TEPUNG GANDUM NGP (BERBUNGKUS, CAP SAUH)","1kg","Pahang",755,9,170,3.20,3.20,0,0.00
"2025-09-01",917,"TEPUNG GANDUM NGP (BERBUNGKUS, CAP SAUH)","1kg","Pahang",584,7,166,3.20,3.20,0,0.00
"2025-10-01",917,"TEPUNG GANDUM NGP (BERBUNGKUS, CAP SAUH)","1kg","Pahang",583,7,156,3.20,3.20,0,0.00
"2025-11-01",917,"TEPUNG GANDUM NGP (BERBUNGKUS, CAP SAUH)","1kg","Pahang",601,9,165,3.20,3.20,0,0.00
"2025-12-01",917,"TEPUNG GANDUM NGP (BERBUNGKUS, CAP SAUH)","1kg","Pahang",546,7,158,3.20,3.20,0,0.00
"2023-01-01",917,"TEPUNG GANDUM NGP (BERBUNGKUS, CAP SAUH)","1kg","Perak",378,5,90,3.60,3.60,0,0.00
"2023-02-01",917,"TEPUNG GANDUM NGP (BERBUNGKUS, CAP SAUH)","1kg","Perak",312,4,89,3.60,3.60,0,0.00
"2023-03-01",917,"TEPUNG GANDUM NGP (BERBUNGKUS, CAP SAUH)","1kg","Perak",314,4,86,3.60,3.60,0,0.00
"2023-04-01",917,"TEPUNG GANDUM NGP (BERBUNGKUS, CAP SAUH)","1kg","Perak",394,5,88,3.59,3.59,0,0.00
"2023-05-01",917,"TEPUNG GANDUM NGP (BERBUNGKUS, CAP SAUH)","1kg","Perak",331,5,91,3.60,3.60,0,0.00
"2023-06-01",917,"TEPUNG GANDUM NGP (BERBUNGKUS, CAP SAUH)","1kg","Perak",334,4,91,3.50,3.50,0,0.00
"2023-07-01",917,"TEPUNG GANDUM NGP (BERBUNGKUS, CAP SAUH)","1kg","Perak",400,5,89,3.50,3.50,0,0.00
"2023-08-01",917,"TEPUNG GANDUM NGP (BERBUNGKUS, CAP SAUH)","1kg","Perak",323,5,89,3.50,3.50,0,0.00
"2023-09-01",917,"TEPUNG GANDUM NGP (BERBUNGKUS, CAP SAUH)","1kg","Perak",323,5,93,3.49,3.49,0,0.00
"2023-10-01",917,"TEPUNG GANDUM NGP (BERBUNGKUS, CAP SAUH)","1kg","Perak",431,5,98,3.50,3.50,0,0.00
"2023-11-01",917,"TEPUNG GANDUM NGP (BERBUNGKUS, CAP SAUH)","1kg","Perak",364,4,98,3.49,3.49,0,0.00
"2023-12-01",917,"TEPUNG GANDUM NGP (BERBUNGKUS, CAP SAUH)","1kg","Perak",354,4,97,3.49,3.49,0,0.00
"2024-01-01",917,"TEPUNG GANDUM NGP (BERBUNGKUS, CAP SAUH)","1kg","Perak",445,5,98,3.30,3.30,0,0.00
"2024-02-01",917,"TEPUNG GANDUM NGP (BERBUNGKUS, CAP SAUH)","1kg","Perak",402,5,123,3.30,3.30,0,0.00
"2024-03-01",917,"TEPUNG GANDUM NGP (BERBUNGKUS, CAP SAUH)","1kg","Perak",451,5,127,3.30,3.30,0,0.00
"2024-04-01",917,"TEPUNG GANDUM NGP (BERBUNGKUS, CAP SAUH)","1kg","Perak",572,6,129,3.30,3.30,0,0.00
"2024-05-01",917,"TEPUNG GANDUM NGP (BERBUNGKUS, CAP SAUH)","1kg","Perak",591,6,133,3.29,3.29,0,0.00
"2024-06-01",917,"TEPUNG GANDUM NGP (BERBUNGKUS, CAP SAUH)","1kg","Perak",353,4,124,3.30,3.30,0,0.00
"2024-07-01",917,"TEPUNG GANDUM NGP (BERBUNGKUS, CAP SAUH)","1kg","Perak",571,5,132,3.29,3.29,0,0.00
"2024-08-01",917,"TEPUNG GANDUM NGP (BERBUNGKUS, CAP SAUH)","1kg","Perak",353,3,132,3.28,3.28,0,0.00
"2024-09-01",917,"TEPUNG GANDUM NGP (BERBUNGKUS, CAP SAUH)","1kg","Perak",576,5,132,3.20,3.20,0,0.00
"2024-10-01",917,"TEPUNG GANDUM NGP (BERBUNGKUS, CAP SAUH)","1kg","Perak",450,4,126,3.20,3.20,0,0.00
"2024-11-01",917,"TEPUNG GANDUM NGP (BERBUNGKUS, CAP SAUH)","1kg","Perak",462,4,129,3.23,3.23,0,0.00
"2024-12-01",917,"TEPUNG GANDUM NGP (BERBUNGKUS, CAP SAUH)","1kg","Perak",460,4,126,3.20,3.20,0,0.00
"2025-01-01",917,"TEPUNG GANDUM NGP (BERBUNGKUS, CAP SAUH)","1kg","Perak",542,5,122,3.20,3.20,0,0.00
"2025-02-01",917,"TEPUNG GANDUM NGP (BERBUNGKUS, CAP SAUH)","1kg","Perak",435,4,128,3.20,3.20,0,0.00
"2025-03-01",917,"TEPUNG GANDUM NGP (BERBUNGKUS, CAP SAUH)","1kg","Perak",588,5,129,3.20,3.20,0,0.00
"2025-04-01",917,"TEPUNG GANDUM NGP (BERBUNGKUS, CAP SAUH)","1kg","Perak",463,4,126,3.20,3.20,0,0.00
"2025-05-01",917,"TEPUNG GANDUM NGP (BERBUNGKUS, CAP SAUH)","1kg","Perak",590,5,132,3.20,3.20,0,0.00
"2025-06-01",917,"TEPUNG GANDUM NGP (BERBUNGKUS, CAP SAUH)","1kg","Perak",454,4,128,3.10,3.10,0,0.00
"2025-07-01",917,"TEPUNG GANDUM NGP (BERBUNGKUS, CAP SAUH)","1kg","Perak",568,4,185,3.19,3.19,0,0.00
"2025-08-01",917,"TEPUNG GANDUM NGP (BERBUNGKUS, CAP SAUH)","1kg","Perak",778,5,172,3.10,3.10,0,0.00
"2025-09-01",917,"TEPUNG GANDUM NGP (BERBUNGKUS, CAP SAUH)","1kg","Perak",609,4,170,3.19,3.19,0,0.00
"2025-10-01",917,"TEPUNG GANDUM NGP (BERBUNGKUS, CAP SAUH)","1kg","Perak",602,4,171,3.10,3.10,0,0.00
"2025-11-01",917,"TEPUNG GANDUM NGP (BERBUNGKUS, CAP SAUH)","1kg","Perak",628,4,177,3.10,3.10,0,0.00
"2025-12-01",917,"TEPUNG GANDUM NGP (BERBUNGKUS, CAP SAUH)","1kg","Perak",611,4,173,3.05,3.05,0,0.00
"2023-01-01",917,"TEPUNG GANDUM NGP (BERBUNGKUS, CAP SAUH)","1kg","Perlis",154,5,35,3.70,3.70,0,0.00
"2023-02-01",917,"TEPUNG GANDUM NGP (BERBUNGKUS, CAP SAUH)","1kg","Perlis",134,4,37,3.70,3.70,0,0.00
"2023-03-01",917,"TEPUNG GANDUM NGP (BERBUNGKUS, CAP SAUH)","1kg","Perlis",137,4,36,3.60,3.60,0,0.00
"2023-04-01",917,"TEPUNG GANDUM NGP (BERBUNGKUS, CAP SAUH)","1kg","Perlis",161,5,35,3.60,3.60,0,0.00
"2023-05-01",917,"TEPUNG GANDUM NGP (BERBUNGKUS, CAP SAUH)","1kg","Perlis",133,4,38,3.60,3.60,0,0.00
"2023-06-01",917,"TEPUNG GANDUM NGP (BERBUNGKUS, CAP SAUH)","1kg","Perlis",135,4,36,3.60,3.60,0,0.00
"2023-07-01",917,"TEPUNG GANDUM NGP (BERBUNGKUS, CAP SAUH)","1kg","Perlis",175,5,40,3.59,3.59,0,0.00
"2023-08-01",917,"TEPUNG GANDUM NGP (BERBUNGKUS, CAP SAUH)","1kg","Perlis",152,4,41,3.50,3.50,0,0.00
"2023-09-01",917,"TEPUNG GANDUM NGP (BERBUNGKUS, CAP SAUH)","1kg","Perlis",139,5,39,3.50,3.50,0,0.00
"2023-10-01",917,"TEPUNG GANDUM NGP (BERBUNGKUS, CAP SAUH)","1kg","Perlis",181,5,38,3.50,3.50,0,0.00
"2023-11-01",917,"TEPUNG GANDUM NGP (BERBUNGKUS, CAP SAUH)","1kg","Perlis",140,4,38,3.50,3.50,0,0.00
"2023-12-01",917,"TEPUNG GANDUM NGP (BERBUNGKUS, CAP SAUH)","1kg","Perlis",132,4,37,3.50,3.50,0,0.00
"2024-01-01",917,"TEPUNG GANDUM NGP (BERBUNGKUS, CAP SAUH)","1kg","Perlis",164,6,37,3.40,3.40,0,0.00
"2024-02-01",917,"TEPUNG GANDUM NGP (BERBUNGKUS, CAP SAUH)","1kg","Perlis",138,4,37,3.30,3.30,0,0.00
"2024-03-01",917,"TEPUNG GANDUM NGP (BERBUNGKUS, CAP SAUH)","1kg","Perlis",141,4,38,3.30,3.30,0,0.00
"2024-04-01",917,"TEPUNG GANDUM NGP (BERBUNGKUS, CAP SAUH)","1kg","Perlis",176,5,37,3.30,3.30,0,0.00
"2024-05-01",917,"TEPUNG GANDUM NGP (BERBUNGKUS, CAP SAUH)","1kg","Perlis",181,5,38,3.30,3.30,0,0.00
"2024-06-01",917,"TEPUNG GANDUM NGP (BERBUNGKUS, CAP SAUH)","1kg","Perlis",106,3,37,3.30,3.30,0,0.00
"2024-07-01",917,"TEPUNG GANDUM NGP (BERBUNGKUS, CAP SAUH)","1kg","Perlis",180,5,40,3.30,3.30,0,0.00
"2024-08-01",917,"TEPUNG GANDUM NGP (BERBUNGKUS, CAP SAUH)","1kg","Perlis",103,3,37,3.30,3.30,0,0.00
"2024-09-01",917,"TEPUNG GANDUM NGP (BERBUNGKUS, CAP SAUH)","1kg","Perlis",173,5,39,3.30,3.30,0,0.00
"2024-10-01",917,"TEPUNG GANDUM NGP (BERBUNGKUS, CAP SAUH)","1kg","Perlis",146,4,39,3.30,3.30,0,0.00
"2024-11-01",917,"TEPUNG GANDUM NGP (BERBUNGKUS, CAP SAUH)","1kg","Perlis",149,4,39,3.30,3.30,0,0.00
"2024-12-01",917,"TEPUNG GANDUM NGP (BERBUNGKUS, CAP SAUH)","1kg","Perlis",136,4,37,3.20,3.20,0,0.00
"2025-01-01",917,"TEPUNG GANDUM NGP (BERBUNGKUS, CAP SAUH)","1kg","Perlis",162,5,36,3.20,3.20,0,0.00
"2025-02-01",917,"TEPUNG GANDUM NGP (BERBUNGKUS, CAP SAUH)","1kg","Perlis",133,4,36,3.20,3.20,0,0.00
"2025-03-01",917,"TEPUNG GANDUM NGP (BERBUNGKUS, CAP SAUH)","1kg","Perlis",171,5,37,3.30,3.30,0,0.00
"2025-04-01",917,"TEPUNG GANDUM NGP (BERBUNGKUS, CAP SAUH)","1kg","Perlis",134,4,36,3.30,3.30,0,0.00
"2025-05-01",917,"TEPUNG GANDUM NGP (BERBUNGKUS, CAP SAUH)","1kg","Perlis",153,5,35,3.30,3.30,0,0.00
"2025-06-01",917,"TEPUNG GANDUM NGP (BERBUNGKUS, CAP SAUH)","1kg","Perlis",120,4,36,3.20,3.20,0,0.00
"2025-07-01",917,"TEPUNG GANDUM NGP (BERBUNGKUS, CAP SAUH)","1kg","Perlis",118,4,33,3.20,3.20,0,0.00
"2025-08-01",917,"TEPUNG GANDUM NGP (BERBUNGKUS, CAP SAUH)","1kg","Perlis",126,5,27,3.10,3.10,0,0.00
"2025-09-01",917,"TEPUNG GANDUM NGP (BERBUNGKUS, CAP SAUH)","1kg","Perlis",89,4,26,3.05,3.05,0,0.00
"2025-10-01",917,"TEPUNG GANDUM NGP (BERBUNGKUS, CAP SAUH)","1kg","Perlis",95,4,25,3.20,3.20,0,0.00
"2025-11-01",917,"TEPUNG GANDUM NGP (BERBUNGKUS, CAP SAUH)","1kg","Perlis",101,4,28,3.10,3.10,0,0.00
"2025-12-01",917,"TEPUNG GANDUM NGP (BERBUNGKUS, CAP SAUH)","1kg","Perlis",93,4,27,3.10,3.10,0,0.00
"2023-01-01",917,"TEPUNG GANDUM NGP (BERBUNGKUS, CAP SAUH)","1kg","Pulau Pinang",318,5,71,3.80,3.80,0,0.00
"2023-02-01",917,"TEPUNG GANDUM NGP (BERBUNGKUS, CAP SAUH)","1kg","Pulau Pinang",247,5,70,3.80,3.80,0,0.00
"2023-03-01",917,"TEPUNG GANDUM NGP (BERBUNGKUS, CAP SAUH)","1kg","Pulau Pinang",259,6,68,3.80,3.80,0,0.00
"2023-04-01",917,"TEPUNG GANDUM NGP (BERBUNGKUS, CAP SAUH)","1kg","Pulau Pinang",331,8,70,3.80,3.80,0,0.00
"2023-05-01",917,"TEPUNG GANDUM NGP (BERBUNGKUS, CAP SAUH)","1kg","Pulau Pinang",266,5,69,3.80,3.80,0,0.00
"2023-06-01",917,"TEPUNG GANDUM NGP (BERBUNGKUS, CAP SAUH)","1kg","Pulau Pinang",265,5,69,3.75,3.75,0,0.00
"2023-07-01",917,"TEPUNG GANDUM NGP (BERBUNGKUS, CAP SAUH)","1kg","Pulau Pinang",333,5,71,3.75,3.75,0,0.00
"2023-08-01",917,"TEPUNG GANDUM NGP (BERBUNGKUS, CAP SAUH)","1kg","Pulau Pinang",268,5,72,3.70,3.70,0,0.00
"2023-09-01",917,"TEPUNG GANDUM NGP (BERBUNGKUS, CAP SAUH)","1kg","Pulau Pinang",264,6,74,3.79,3.79,0,0.00
"2023-10-01",917,"TEPUNG GANDUM NGP (BERBUNGKUS, CAP SAUH)","1kg","Pulau Pinang",367,6,81,3.79,3.79,0,0.00
"2023-11-01",917,"TEPUNG GANDUM NGP (BERBUNGKUS, CAP SAUH)","1kg","Pulau Pinang",309,6,81,3.60,3.60,0,0.00
"2023-12-01",917,"TEPUNG GANDUM NGP (BERBUNGKUS, CAP SAUH)","1kg","Pulau Pinang",303,4,81,3.60,3.60,0,0.00
"2024-01-01",917,"TEPUNG GANDUM NGP (BERBUNGKUS, CAP SAUH)","1kg","Pulau Pinang",374,6,81,3.50,3.50,0,0.00
"2024-02-01",917,"TEPUNG GANDUM NGP (BERBUNGKUS, CAP SAUH)","1kg","Pulau Pinang",305,4,80,3.50,3.50,0,0.00
"2024-03-01",917,"TEPUNG GANDUM NGP (BERBUNGKUS, CAP SAUH)","1kg","Pulau Pinang",307,5,82,3.50,3.50,0,0.00
"2024-04-01",917,"TEPUNG GANDUM NGP (BERBUNGKUS, CAP SAUH)","1kg","Pulau Pinang",387,5,84,3.50,3.50,0,0.00
"2024-05-01",917,"TEPUNG GANDUM NGP (BERBUNGKUS, CAP SAUH)","1kg","Pulau Pinang",416,8,87,3.50,3.50,0,0.00
"2024-06-01",917,"TEPUNG GANDUM NGP (BERBUNGKUS, CAP SAUH)","1kg","Pulau Pinang",257,4,88,3.50,3.50,0,0.00
"2024-07-01",917,"TEPUNG GANDUM NGP (BERBUNGKUS, CAP SAUH)","1kg","Pulau Pinang",411,7,87,3.50,3.50,0,0.00
"2024-08-01",917,"TEPUNG GANDUM NGP (BERBUNGKUS, CAP SAUH)","1kg","Pulau Pinang",257,3,88,3.50,3.50,0,0.00
"2024-09-01",917,"TEPUNG GANDUM NGP (BERBUNGKUS, CAP SAUH)","1kg","Pulau Pinang",421,5,88,3.40,3.40,0,0.00
"2024-10-01",917,"TEPUNG GANDUM NGP (BERBUNGKUS, CAP SAUH)","1kg","Pulau Pinang",339,4,89,3.50,3.50,0,0.00
"2024-11-01",917,"TEPUNG GANDUM NGP (BERBUNGKUS, CAP SAUH)","1kg","Pulau Pinang",332,4,88,3.50,3.50,0,0.00
"2024-12-01",917,"TEPUNG GANDUM NGP (BERBUNGKUS, CAP SAUH)","1kg","Pulau Pinang",328,4,86,3.50,3.50,0,0.00
"2025-01-01",917,"TEPUNG GANDUM NGP (BERBUNGKUS, CAP SAUH)","1kg","Pulau Pinang",393,5,87,3.50,3.50,0,0.00
"2025-02-01",917,"TEPUNG GANDUM NGP (BERBUNGKUS, CAP SAUH)","1kg","Pulau Pinang",322,4,85,3.50,3.50,0,0.00
"2025-03-01",917,"TEPUNG GANDUM NGP (BERBUNGKUS, CAP SAUH)","1kg","Pulau Pinang",412,5,86,3.30,3.30,0,0.00
"2025-04-01",917,"TEPUNG GANDUM NGP (BERBUNGKUS, CAP SAUH)","1kg","Pulau Pinang",326,4,88,3.35,3.35,0,0.00
"2025-05-01",917,"TEPUNG GANDUM NGP (BERBUNGKUS, CAP SAUH)","1kg","Pulau Pinang",416,6,89,3.30,3.30,0,0.00
"2025-06-01",917,"TEPUNG GANDUM NGP (BERBUNGKUS, CAP SAUH)","1kg","Pulau Pinang",328,4,87,3.40,3.40,0,0.00
"2025-07-01",917,"TEPUNG GANDUM NGP (BERBUNGKUS, CAP SAUH)","1kg","Pulau Pinang",351,4,110,3.30,3.30,0,0.00
"2025-08-01",917,"TEPUNG GANDUM NGP (BERBUNGKUS, CAP SAUH)","1kg","Pulau Pinang",586,5,128,3.20,3.20,0,0.00
"2025-09-01",917,"TEPUNG GANDUM NGP (BERBUNGKUS, CAP SAUH)","1kg","Pulau Pinang",455,4,124,3.20,3.20,0,0.00
"2025-10-01",917,"TEPUNG GANDUM NGP (BERBUNGKUS, CAP SAUH)","1kg","Pulau Pinang",459,4,126,3.20,3.20,0,0.00
"2025-11-01",917,"TEPUNG GANDUM NGP (BERBUNGKUS, CAP SAUH)","1kg","Pulau Pinang",468,4,127,3.20,3.20,0,0.00
"2025-12-01",917,"TEPUNG GANDUM NGP (BERBUNGKUS, CAP SAUH)","1kg","Pulau Pinang",464,5,123,3.20,3.20,0,0.00
"2023-01-01",917,"TEPUNG GANDUM NGP (BERBUNGKUS, CAP SAUH)","1kg","Sabah",140,5,35,3.90,3.90,0,0.00
"2023-02-01",917,"TEPUNG GANDUM NGP (BERBUNGKUS, CAP SAUH)","1kg","Sabah",135,5,40,3.90,3.90,0,0.00
"2023-03-01",917,"TEPUNG GANDUM NGP (BERBUNGKUS, CAP SAUH)","1kg","Sabah",142,5,41,3.95,3.95,0,0.00
"2023-04-01",917,"TEPUNG GANDUM NGP (BERBUNGKUS, CAP SAUH)","1kg","Sabah",171,6,41,3.95,3.95,0,0.00
"2023-05-01",917,"TEPUNG GANDUM NGP (BERBUNGKUS, CAP SAUH)","1kg","Sabah",154,5,44,3.99,3.99,0,0.00
"2023-06-01",917,"TEPUNG GANDUM NGP (BERBUNGKUS, CAP SAUH)","1kg","Sabah",161,4,45,3.95,3.95,0,0.00
"2023-07-01",917,"TEPUNG GANDUM NGP (BERBUNGKUS, CAP SAUH)","1kg","Sabah",214,7,51,3.90,3.90,0,0.00
"2023-08-01",917,"TEPUNG GANDUM NGP (BERBUNGKUS, CAP SAUH)","1kg","Sabah",172,4,49,3.90,3.90,0,0.00
"2023-09-01",917,"TEPUNG GANDUM NGP (BERBUNGKUS, CAP SAUH)","1kg","Sabah",169,5,49,3.90,3.90,0,0.00
"2023-10-01",917,"TEPUNG GANDUM NGP (BERBUNGKUS, CAP SAUH)","1kg","Sabah",180,6,48,3.90,3.90,0,0.00
"2023-11-01",917,"TEPUNG GANDUM NGP (BERBUNGKUS, CAP SAUH)","1kg","Sabah",150,5,46,3.90,3.90,0,0.00
"2023-12-01",917,"TEPUNG GANDUM NGP (BERBUNGKUS, CAP SAUH)","1kg","Sabah",146,4,45,3.90,3.90,0,0.00
"2024-01-01",917,"TEPUNG GANDUM NGP (BERBUNGKUS, CAP SAUH)","1kg","Sabah",204,7,51,3.83,3.83,0,0.00
"2024-02-01",917,"TEPUNG GANDUM NGP (BERBUNGKUS, CAP SAUH)","1kg","Sabah",180,5,51,3.80,3.80,0,0.00
"2024-03-01",917,"TEPUNG GANDUM NGP (BERBUNGKUS, CAP SAUH)","1kg","Sabah",177,4,50,3.80,3.80,0,0.00
"2024-04-01",917,"TEPUNG GANDUM NGP (BERBUNGKUS, CAP SAUH)","1kg","Sabah",214,6,49,3.80,3.80,0,0.00
"2024-05-01",917,"TEPUNG GANDUM NGP (BERBUNGKUS, CAP SAUH)","1kg","Sabah",223,5,51,3.80,3.80,0,0.00
"2024-06-01",917,"TEPUNG GANDUM NGP (BERBUNGKUS, CAP SAUH)","1kg","Sabah",132,3,49,3.80,3.80,0,0.00
"2024-07-01",917,"TEPUNG GANDUM NGP (BERBUNGKUS, CAP SAUH)","1kg","Sabah",228,6,54,3.80,3.80,1,0.00
"2024-08-01",917,"TEPUNG GANDUM NGP (BERBUNGKUS, CAP SAUH)","1kg","Sabah",123,3,48,3.80,3.80,0,0.00
"2024-09-01",917,"TEPUNG GANDUM NGP (BERBUNGKUS, CAP SAUH)","1kg","Sabah",185,6,44,3.80,3.80,0,0.00
"2024-10-01",917,"TEPUNG GANDUM NGP (BERBUNGKUS, CAP SAUH)","1kg","Sabah",144,5,40,3.80,3.80,0,0.00
"2024-11-01",917,"TEPUNG GANDUM NGP (BERBUNGKUS, CAP SAUH)","1kg","Sabah",157,4,45,3.79,3.79,0,0.00
"2024-12-01",917,"TEPUNG GANDUM NGP (BERBUNGKUS, CAP SAUH)","1kg","Sabah",163,5,46,3.79,3.79,0,0.00
"2025-01-01",917,"TEPUNG GANDUM NGP (BERBUNGKUS, CAP SAUH)","1kg","Sabah",213,5,49,3.79,3.79,0,0.00
"2025-02-01",917,"TEPUNG GANDUM NGP (BERBUNGKUS, CAP SAUH)","1kg","Sabah",175,4,51,3.70,3.70,0,0.00
"2025-03-01",917,"TEPUNG GANDUM NGP (BERBUNGKUS, CAP SAUH)","1kg","Sabah",202,5,49,3.70,3.70,0,0.00
"2025-04-01",917,"TEPUNG GANDUM NGP (BERBUNGKUS, CAP SAUH)","1kg","Sabah",150,4,45,3.60,3.60,0,0.00
"2025-05-01",917,"TEPUNG GANDUM NGP (BERBUNGKUS, CAP SAUH)","1kg","Sabah",176,5,48,3.69,3.69,0,0.00
"2025-06-01",917,"TEPUNG GANDUM NGP (BERBUNGKUS, CAP SAUH)","1kg","Sabah",157,4,49,3.70,3.70,0,0.00
"2025-07-01",917,"TEPUNG GANDUM NGP (BERBUNGKUS, CAP SAUH)","1kg","Sabah",211,4,73,3.70,3.70,0,0.00
"2025-08-01",917,"TEPUNG GANDUM NGP (BERBUNGKUS, CAP SAUH)","1kg","Sabah",296,5,78,3.65,3.65,0,0.00
"2025-09-01",917,"TEPUNG GANDUM NGP (BERBUNGKUS, CAP SAUH)","1kg","Sabah",227,4,64,3.65,3.65,0,0.00
"2025-10-01",917,"TEPUNG GANDUM NGP (BERBUNGKUS, CAP SAUH)","1kg","Sabah",229,4,69,3.55,3.55,0,0.00
"2025-11-01",917,"TEPUNG GANDUM NGP (BERBUNGKUS, CAP SAUH)","1kg","Sabah",224,4,71,3.55,3.55,0,0.00
"2025-12-01",917,"TEPUNG GANDUM NGP (BERBUNGKUS, CAP SAUH)","1kg","Sabah",242,5,73,3.55,3.55,0,0.00
"2023-01-01",917,"TEPUNG GANDUM NGP (BERBUNGKUS, CAP SAUH)","1kg","Sarawak",150,5,44,3.99,3.99,0,0.00
"2023-02-01",917,"TEPUNG GANDUM NGP (BERBUNGKUS, CAP SAUH)","1kg","Sarawak",143,5,45,3.95,3.95,0,0.00
"2023-03-01",917,"TEPUNG GANDUM NGP (BERBUNGKUS, CAP SAUH)","1kg","Sarawak",147,5,44,3.95,3.95,0,0.00
"2023-04-01",917,"TEPUNG GANDUM NGP (BERBUNGKUS, CAP SAUH)","1kg","Sarawak",173,5,43,3.90,3.90,0,0.00
"2023-05-01",917,"TEPUNG GANDUM NGP (BERBUNGKUS, CAP SAUH)","1kg","Sarawak",173,5,43,3.95,3.95,0,0.00
"2023-06-01",917,"TEPUNG GANDUM NGP (BERBUNGKUS, CAP SAUH)","1kg","Sarawak",103,4,41,3.95,3.95,0,0.00
"2023-07-01",917,"TEPUNG GANDUM NGP (BERBUNGKUS, CAP SAUH)","1kg","Sarawak",180,5,46,3.95,3.95,0,0.00
"2023-08-01",917,"TEPUNG GANDUM NGP (BERBUNGKUS, CAP SAUH)","1kg","Sarawak",143,4,46,3.95,3.95,0,0.00
"2023-09-01",917,"TEPUNG GANDUM NGP (BERBUNGKUS, CAP SAUH)","1kg","Sarawak",143,4,44,3.95,3.95,0,0.00
"2023-10-01",917,"TEPUNG GANDUM NGP (BERBUNGKUS, CAP SAUH)","1kg","Sarawak",185,5,48,3.95,3.95,0,0.00
"2023-11-01",917,"TEPUNG GANDUM NGP (BERBUNGKUS, CAP SAUH)","1kg","Sarawak",172,5,52,3.93,3.93,0,0.00
"2023-12-01",917,"TEPUNG GANDUM NGP (BERBUNGKUS, CAP SAUH)","1kg","Sarawak",181,9,50,3.95,3.95,0,0.00
"2024-01-01",917,"TEPUNG GANDUM NGP (BERBUNGKUS, CAP SAUH)","1kg","Sarawak",171,11,49,3.90,3.90,0,0.00
"2024-02-01",917,"TEPUNG GANDUM NGP (BERBUNGKUS, CAP SAUH)","1kg","Sarawak",149,5,46,3.90,3.90,0,0.00
"2024-03-01",917,"TEPUNG GANDUM NGP (BERBUNGKUS, CAP SAUH)","1kg","Sarawak",189,5,55,3.90,3.90,0,0.00
"2024-04-01",917,"TEPUNG GANDUM NGP (BERBUNGKUS, CAP SAUH)","1kg","Sarawak",218,5,54,3.80,3.80,0,0.00
"2024-05-01",917,"TEPUNG GANDUM NGP (BERBUNGKUS, CAP SAUH)","1kg","Sarawak",206,5,52,3.90,3.90,0,0.00
"2024-06-01",917,"TEPUNG GANDUM NGP (BERBUNGKUS, CAP SAUH)","1kg","Sarawak",112,4,46,3.90,3.90,0,0.00
"2024-07-01",917,"TEPUNG GANDUM NGP (BERBUNGKUS, CAP SAUH)","1kg","Sarawak",193,6,49,3.89,3.89,0,0.00
"2024-08-01",917,"TEPUNG GANDUM NGP (BERBUNGKUS, CAP SAUH)","1kg","Sarawak",114,3,48,3.80,3.80,0,0.00
"2024-09-01",917,"TEPUNG GANDUM NGP (BERBUNGKUS, CAP SAUH)","1kg","Sarawak",161,5,45,3.80,3.80,0,0.00
"2024-10-01",917,"TEPUNG GANDUM NGP (BERBUNGKUS, CAP SAUH)","1kg","Sarawak",150,4,46,3.70,3.70,0,0.00
"2024-11-01",917,"TEPUNG GANDUM NGP (BERBUNGKUS, CAP SAUH)","1kg","Sarawak",197,4,66,3.70,3.70,0,0.00
"2024-12-01",917,"TEPUNG GANDUM NGP (BERBUNGKUS, CAP SAUH)","1kg","Sarawak",211,5,64,3.70,3.70,0,0.00
"2025-01-01",917,"TEPUNG GANDUM NGP (BERBUNGKUS, CAP SAUH)","1kg","Sarawak",244,5,62,3.70,3.70,0,0.00
"2025-02-01",917,"TEPUNG GANDUM NGP (BERBUNGKUS, CAP SAUH)","1kg","Sarawak",165,4,54,3.60,3.60,0,0.00
"2025-03-01",917,"TEPUNG GANDUM NGP (BERBUNGKUS, CAP SAUH)","1kg","Sarawak",245,5,64,3.60,3.60,0,0.00
"2025-04-01",917,"TEPUNG GANDUM NGP (BERBUNGKUS, CAP SAUH)","1kg","Sarawak",208,4,62,3.60,3.60,0,0.00
"2025-05-01",917,"TEPUNG GANDUM NGP (BERBUNGKUS, CAP SAUH)","1kg","Sarawak",251,5,62,3.60,3.60,0,0.00
"2025-06-01",917,"TEPUNG GANDUM NGP (BERBUNGKUS, CAP SAUH)","1kg","Sarawak",211,4,63,3.60,3.60,0,0.00
"2025-07-01",917,"TEPUNG GANDUM NGP (BERBUNGKUS, CAP SAUH)","1kg","Sarawak",242,4,90,3.50,3.50,0,0.00
"2025-08-01",917,"TEPUNG GANDUM NGP (BERBUNGKUS, CAP SAUH)","1kg","Sarawak",340,5,84,3.40,3.40,0,0.00
"2025-09-01",917,"TEPUNG GANDUM NGP (BERBUNGKUS, CAP SAUH)","1kg","Sarawak",245,4,82,3.40,3.40,0,0.00
"2025-10-01",917,"TEPUNG GANDUM NGP (BERBUNGKUS, CAP SAUH)","1kg","Sarawak",244,4,87,3.40,3.40,0,0.00
"2025-11-01",917,"TEPUNG GANDUM NGP (BERBUNGKUS, CAP SAUH)","1kg","Sarawak",307,4,90,3.30,3.30,0,0.00
"2025-12-01",917,"TEPUNG GANDUM NGP (BERBUNGKUS, CAP SAUH)","1kg","Sarawak",298,5,89,3.30,3.30,0,0.00
"2023-01-01",917,"TEPUNG GANDUM NGP (BERBUNGKUS, CAP SAUH)","1kg","Selangor",345,8,80,3.80,3.80,0,0.00
"2023-02-01",917,"TEPUNG GANDUM NGP (BERBUNGKUS, CAP SAUH)","1kg","Selangor",258,5,77,3.80,3.80,0,0.00
"2023-03-01",917,"TEPUNG GANDUM NGP (BERBUNGKUS, CAP SAUH)","1kg","Selangor",258,4,70,3.60,3.60,0,0.00
"2023-04-01",917,"TEPUNG GANDUM NGP (BERBUNGKUS, CAP SAUH)","1kg","Selangor",325,6,79,3.60,3.60,0,0.00
"2023-05-01",917,"TEPUNG GANDUM NGP (BERBUNGKUS, CAP SAUH)","1kg","Selangor",270,5,74,3.72,3.72,0,0.00
"2023-06-01",917,"TEPUNG GANDUM NGP (BERBUNGKUS, CAP SAUH)","1kg","Selangor",268,4,76,3.65,3.65,0,0.00
"2023-07-01",917,"TEPUNG GANDUM NGP (BERBUNGKUS, CAP SAUH)","1kg","Selangor",304,5,70,3.70,3.70,0,0.00
"2023-08-01",917,"TEPUNG GANDUM NGP (BERBUNGKUS, CAP SAUH)","1kg","Selangor",264,5,78,3.60,3.60,0,0.00
"2023-09-01",917,"TEPUNG GANDUM NGP (BERBUNGKUS, CAP SAUH)","1kg","Selangor",239,4,67,3.72,3.72,0,0.00
"2023-10-01",917,"TEPUNG GANDUM NGP (BERBUNGKUS, CAP SAUH)","1kg","Selangor",297,5,74,3.72,3.72,0,0.00
"2023-11-01",917,"TEPUNG GANDUM NGP (BERBUNGKUS, CAP SAUH)","1kg","Selangor",262,5,79,3.50,3.50,0,0.00
"2023-12-01",917,"TEPUNG GANDUM NGP (BERBUNGKUS, CAP SAUH)","1kg","Selangor",269,6,76,3.60,3.60,0,0.00
"2024-01-01",917,"TEPUNG GANDUM NGP (BERBUNGKUS, CAP SAUH)","1kg","Selangor",288,5,75,3.59,3.59,0,0.00
"2024-02-01",917,"TEPUNG GANDUM NGP (BERBUNGKUS, CAP SAUH)","1kg","Selangor",229,5,77,3.58,3.58,0,0.00
"2024-03-01",917,"TEPUNG GANDUM NGP (BERBUNGKUS, CAP SAUH)","1kg","Selangor",239,4,73,3.50,3.50,0,0.00
"2024-04-01",917,"TEPUNG GANDUM NGP (BERBUNGKUS, CAP SAUH)","1kg","Selangor",359,7,82,3.50,3.50,0,0.00
"2024-05-01",917,"TEPUNG GANDUM NGP (BERBUNGKUS, CAP SAUH)","1kg","Selangor",363,6,83,3.60,3.60,0,0.00
"2024-06-01",917,"TEPUNG GANDUM NGP (BERBUNGKUS, CAP SAUH)","1kg","Selangor",224,4,81,3.60,3.60,0,0.00
"2024-07-01",917,"TEPUNG GANDUM NGP (BERBUNGKUS, CAP SAUH)","1kg","Selangor",353,6,82,3.60,3.60,0,0.00
"2024-08-01",917,"TEPUNG GANDUM NGP (BERBUNGKUS, CAP SAUH)","1kg","Selangor",203,3,75,3.60,3.60,0,0.00
"2024-09-01",917,"TEPUNG GANDUM NGP (BERBUNGKUS, CAP SAUH)","1kg","Selangor",332,5,81,3.50,3.50,0,0.00
"2024-10-01",917,"TEPUNG GANDUM NGP (BERBUNGKUS, CAP SAUH)","1kg","Selangor",291,5,80,3.50,3.50,0,0.00
"2024-11-01",917,"TEPUNG GANDUM NGP (BERBUNGKUS, CAP SAUH)","1kg","Selangor",273,4,75,3.50,3.50,0,0.00
"2024-12-01",917,"TEPUNG GANDUM NGP (BERBUNGKUS, CAP SAUH)","1kg","Selangor",269,4,75,3.50,3.50,0,0.00
"2025-01-01",917,"TEPUNG GANDUM NGP (BERBUNGKUS, CAP SAUH)","1kg","Selangor",334,6,81,3.50,3.50,0,0.00
"2025-02-01",917,"TEPUNG GANDUM NGP (BERBUNGKUS, CAP SAUH)","1kg","Selangor",270,4,75,3.40,3.40,1,0.00
"2025-03-01",917,"TEPUNG GANDUM NGP (BERBUNGKUS, CAP SAUH)","1kg","Selangor",336,5,85,3.30,3.30,0,0.00
"2025-04-01",917,"TEPUNG GANDUM NGP (BERBUNGKUS, CAP SAUH)","1kg","Selangor",256,4,73,3.50,3.50,0,0.00
"2025-05-01",917,"TEPUNG GANDUM NGP (BERBUNGKUS, CAP SAUH)","1kg","Selangor",339,5,83,3.40,3.40,0,0.00
"2025-06-01",917,"TEPUNG GANDUM NGP (BERBUNGKUS, CAP SAUH)","1kg","Selangor",255,4,78,3.30,3.30,0,0.00
"2025-07-01",917,"TEPUNG GANDUM NGP (BERBUNGKUS, CAP SAUH)","1kg","Selangor",345,4,120,3.30,3.30,0,0.00
"2025-08-01",917,"TEPUNG GANDUM NGP (BERBUNGKUS, CAP SAUH)","1kg","Selangor",520,5,122,3.30,3.30,0,0.00
"2025-09-01",917,"TEPUNG GANDUM NGP (BERBUNGKUS, CAP SAUH)","1kg","Selangor",406,4,122,3.40,3.40,0,0.00
"2025-10-01",917,"TEPUNG GANDUM NGP (BERBUNGKUS, CAP SAUH)","1kg","Selangor",430,4,126,3.40,3.40,0,0.00
"2025-11-01",917,"TEPUNG GANDUM NGP (BERBUNGKUS, CAP SAUH)","1kg","Selangor",423,4,119,3.40,3.40,0,0.00
"2025-12-01",917,"TEPUNG GANDUM NGP (BERBUNGKUS, CAP SAUH)","1kg","Selangor",400,4,113,3.40,3.40,0,0.00
"2023-01-01",917,"TEPUNG GANDUM NGP (BERBUNGKUS, CAP SAUH)","1kg","Terengganu",463,5,105,3.60,3.60,0,0.00
"2023-02-01",917,"TEPUNG GANDUM NGP (BERBUNGKUS, CAP SAUH)","1kg","Terengganu",391,4,105,3.60,3.60,0,0.00
"2023-03-01",917,"TEPUNG GANDUM NGP (BERBUNGKUS, CAP SAUH)","1kg","Terengganu",389,5,106,3.60,3.60,0,0.00
"2023-04-01",917,"TEPUNG GANDUM NGP (BERBUNGKUS, CAP SAUH)","1kg","Terengganu",452,5,95,3.60,3.60,0,0.00
"2023-05-01",917,"TEPUNG GANDUM NGP (BERBUNGKUS, CAP SAUH)","1kg","Terengganu",390,5,98,3.60,3.60,0,0.00
"2023-06-01",917,"TEPUNG GANDUM NGP (BERBUNGKUS, CAP SAUH)","1kg","Terengganu",383,4,100,3.55,3.55,0,0.00
"2023-07-01",917,"TEPUNG GANDUM NGP (BERBUNGKUS, CAP SAUH)","1kg","Terengganu",462,6,99,3.50,3.50,0,0.00
"2023-08-01",917,"TEPUNG GANDUM NGP (BERBUNGKUS, CAP SAUH)","1kg","Terengganu",372,4,99,3.50,3.50,0,0.00
"2023-09-01",917,"TEPUNG GANDUM NGP (BERBUNGKUS, CAP SAUH)","1kg","Terengganu",377,4,100,3.50,3.50,1,0.00
"2023-10-01",917,"TEPUNG GANDUM NGP (BERBUNGKUS, CAP SAUH)","1kg","Terengganu",462,5,102,3.50,3.50,0,0.00
"2023-11-01",917,"TEPUNG GANDUM NGP (BERBUNGKUS, CAP SAUH)","1kg","Terengganu",376,4,102,3.50,3.50,0,0.00
"2023-12-01",917,"TEPUNG GANDUM NGP (BERBUNGKUS, CAP SAUH)","1kg","Terengganu",349,4,96,3.50,3.50,0,0.00
"2024-01-01",917,"TEPUNG GANDUM NGP (BERBUNGKUS, CAP SAUH)","1kg","Terengganu",432,6,99,3.50,3.50,0,0.00
"2024-02-01",917,"TEPUNG GANDUM NGP (BERBUNGKUS, CAP SAUH)","1kg","Terengganu",430,5,97,3.49,3.49,0,0.00
"2024-03-01",917,"TEPUNG GANDUM NGP (BERBUNGKUS, CAP SAUH)","1kg","Terengganu",269,3,96,3.40,3.40,0,0.00
"2024-04-01",917,"TEPUNG GANDUM NGP (BERBUNGKUS, CAP SAUH)","1kg","Terengganu",478,5,98,3.40,3.40,0,0.00
"2024-05-01",917,"TEPUNG GANDUM NGP (BERBUNGKUS, CAP SAUH)","1kg","Terengganu",465,5,97,3.40,3.40,0,0.00
"2024-06-01",917,"TEPUNG GANDUM NGP (BERBUNGKUS, CAP SAUH)","1kg","Terengganu",273,3,94,3.40,3.40,0,0.00
"2024-07-01",917,"TEPUNG GANDUM NGP (BERBUNGKUS, CAP SAUH)","1kg","Terengganu",453,5,95,3.40,3.40,0,0.00
"2024-08-01",917,"TEPUNG GANDUM NGP (BERBUNGKUS, CAP SAUH)","1kg","Terengganu",271,3,93,3.40,3.40,0,0.00
"2024-09-01",917,"TEPUNG GANDUM NGP (BERBUNGKUS, CAP SAUH)","1kg","Terengganu",453,5,97,3.30,3.30,0,0.00
"2024-10-01",917,"TEPUNG GANDUM NGP (BERBUNGKUS, CAP SAUH)","1kg","Terengganu",377,5,98,3.30,3.30,0,0.00
"2024-11-01",917,"TEPUNG GANDUM NGP (BERBUNGKUS, CAP SAUH)","1kg","Terengganu",382,4,100,3.30,3.30,0,0.00
"2024-12-01",917,"TEPUNG GANDUM NGP (BERBUNGKUS, CAP SAUH)","1kg","Terengganu",373,4,98,3.30,3.30,0,0.00
"2025-01-01",917,"TEPUNG GANDUM NGP (BERBUNGKUS, CAP SAUH)","1kg","Terengganu",457,6,98,3.30,3.30,0,0.00
"2025-02-01",917,"TEPUNG GANDUM NGP (BERBUNGKUS, CAP SAUH)","1kg","Terengganu",352,4,99,3.30,3.30,0,0.00
"2025-03-01",917,"TEPUNG GANDUM NGP (BERBUNGKUS, CAP SAUH)","1kg","Terengganu",472,5,98,3.29,3.29,0,0.00
"2025-04-01",917,"TEPUNG GANDUM NGP (BERBUNGKUS, CAP SAUH)","1kg","Terengganu",408,4,109,3.30,3.30,0,0.00
"2025-05-01",917,"TEPUNG GANDUM NGP (BERBUNGKUS, CAP SAUH)","1kg","Terengganu",513,5,109,3.30,3.30,0,0.00
"2025-06-01",917,"TEPUNG GANDUM NGP (BERBUNGKUS, CAP SAUH)","1kg","Terengganu",391,4,108,3.29,3.29,0,0.00
"2025-07-01",917,"TEPUNG GANDUM NGP (BERBUNGKUS, CAP SAUH)","1kg","Terengganu",450,4,150,3.25,3.25,0,0.00
"2025-08-01",917,"TEPUNG GANDUM NGP (BERBUNGKUS, CAP SAUH)","1kg","Terengganu",599,5,131,3.25,3.25,0,0.00
"2025-09-01",917,"TEPUNG GANDUM NGP (BERBUNGKUS, CAP SAUH)","1kg","Terengganu",473,4,125,3.20,3.20,0,0.00
"2025-10-01",917,"TEPUNG GANDUM NGP (BERBUNGKUS, CAP SAUH)","1kg","Terengganu",476,4,125,3.20,3.20,0,0.00
"2025-11-01",917,"TEPUNG GANDUM NGP (BERBUNGKUS, CAP SAUH)","1kg","Terengganu",485,4,128,3.20,3.20,0,0.00
"2025-12-01",917,"TEPUNG GANDUM NGP (BERBUNGKUS, CAP SAUH)","1kg","Terengganu",503,4,130,3.20,3.20,0,0.00
"2024-02-01",917,"TEPUNG GANDUM NGP (BERBUNGKUS, CAP SAUH)","1kg","Unknown",2,2,1,2.99,2.99,0,0.00
"2023-01-01",917,"TEPUNG GANDUM NGP (BERBUNGKUS, CAP SAUH)","1kg","W.P. Kuala Lumpur",451,6,101,3.80,3.80,0,0.00
"2023-02-01",917,"TEPUNG GANDUM NGP (BERBUNGKUS, CAP SAUH)","1kg","W.P. Kuala Lumpur",363,4,96,3.80,3.80,0,0.00
"2023-03-01",917,"TEPUNG GANDUM NGP (BERBUNGKUS, CAP SAUH)","1kg","W.P. Kuala Lumpur",359,5,94,3.80,3.80,0,0.00
"2023-04-01",917,"TEPUNG GANDUM NGP (BERBUNGKUS, CAP SAUH)","1kg","W.P. Kuala Lumpur",445,7,97,3.75,3.75,0,0.00
"2023-05-01",917,"TEPUNG GANDUM NGP (BERBUNGKUS, CAP SAUH)","1kg","W.P. Kuala Lumpur",369,5,95,3.80,3.80,0,0.00
"2023-06-01",917,"TEPUNG GANDUM NGP (BERBUNGKUS, CAP SAUH)","1kg","W.P. Kuala Lumpur",370,4,98,3.80,3.80,0,0.00
"2023-07-01",917,"TEPUNG GANDUM NGP (BERBUNGKUS, CAP SAUH)","1kg","W.P. Kuala Lumpur",436,7,91,3.80,3.80,0,0.00
"2023-08-01",917,"TEPUNG GANDUM NGP (BERBUNGKUS, CAP SAUH)","1kg","W.P. Kuala Lumpur",346,4,91,3.80,3.80,0,0.00
"2023-09-01",917,"TEPUNG GANDUM NGP (BERBUNGKUS, CAP SAUH)","1kg","W.P. Kuala Lumpur",346,5,93,3.80,3.80,0,0.00
"2023-10-01",917,"TEPUNG GANDUM NGP (BERBUNGKUS, CAP SAUH)","1kg","W.P. Kuala Lumpur",451,7,97,3.80,3.80,0,0.00
"2023-11-01",917,"TEPUNG GANDUM NGP (BERBUNGKUS, CAP SAUH)","1kg","W.P. Kuala Lumpur",349,6,95,3.70,3.70,0,0.00
"2023-12-01",917,"TEPUNG GANDUM NGP (BERBUNGKUS, CAP SAUH)","1kg","W.P. Kuala Lumpur",355,6,98,3.70,3.70,0,0.00
"2024-01-01",917,"TEPUNG GANDUM NGP (BERBUNGKUS, CAP SAUH)","1kg","W.P. Kuala Lumpur",406,5,92,3.70,3.70,0,0.00
"2024-02-01",917,"TEPUNG GANDUM NGP (BERBUNGKUS, CAP SAUH)","1kg","W.P. Kuala Lumpur",330,4,96,3.60,3.60,0,0.00
"2024-03-01",917,"TEPUNG GANDUM NGP (BERBUNGKUS, CAP SAUH)","1kg","W.P. Kuala Lumpur",329,4,95,3.60,3.60,0,0.00
"2024-04-01",917,"TEPUNG GANDUM NGP (BERBUNGKUS, CAP SAUH)","1kg","W.P. Kuala Lumpur",444,6,96,3.60,3.60,0,0.00
"2024-05-01",917,"TEPUNG GANDUM NGP (BERBUNGKUS, CAP SAUH)","1kg","W.P. Kuala Lumpur",491,6,109,3.70,3.70,0,0.00
"2024-06-01",917,"TEPUNG GANDUM NGP (BERBUNGKUS, CAP SAUH)","1kg","W.P. Kuala Lumpur",300,3,105,3.72,3.72,0,0.00
"2024-07-01",917,"TEPUNG GANDUM NGP (BERBUNGKUS, CAP SAUH)","1kg","W.P. Kuala Lumpur",489,5,106,3.65,3.65,0,0.00
"2024-08-01",917,"TEPUNG GANDUM NGP (BERBUNGKUS, CAP SAUH)","1kg","W.P. Kuala Lumpur",298,3,107,3.68,3.68,0,0.00
"2024-09-01",917,"TEPUNG GANDUM NGP (BERBUNGKUS, CAP SAUH)","1kg","W.P. Kuala Lumpur",525,6,112,3.70,3.70,0,0.00
"2024-10-01",917,"TEPUNG GANDUM NGP (BERBUNGKUS, CAP SAUH)","1kg","W.P. Kuala Lumpur",428,4,113,3.70,3.70,0,0.00
"2024-11-01",917,"TEPUNG GANDUM NGP (BERBUNGKUS, CAP SAUH)","1kg","W.P. Kuala Lumpur",411,4,109,3.65,3.65,0,0.00
"2024-12-01",917,"TEPUNG GANDUM NGP (BERBUNGKUS, CAP SAUH)","1kg","W.P. Kuala Lumpur",412,4,108,3.60,3.60,0,0.00
"2025-01-01",917,"TEPUNG GANDUM NGP (BERBUNGKUS, CAP SAUH)","1kg","W.P. Kuala Lumpur",507,5,110,3.65,3.65,0,0.00
"2025-02-01",917,"TEPUNG GANDUM NGP (BERBUNGKUS, CAP SAUH)","1kg","W.P. Kuala Lumpur",390,4,106,3.60,3.60,0,0.00
"2025-03-01",917,"TEPUNG GANDUM NGP (BERBUNGKUS, CAP SAUH)","1kg","W.P. Kuala Lumpur",496,5,111,3.50,3.50,0,0.00
"2025-04-01",917,"TEPUNG GANDUM NGP (BERBUNGKUS, CAP SAUH)","1kg","W.P. Kuala Lumpur",371,4,102,3.60,3.60,0,0.00
"2025-05-01",917,"TEPUNG GANDUM NGP (BERBUNGKUS, CAP SAUH)","1kg","W.P. Kuala Lumpur",496,5,111,3.60,3.60,0,0.00
"2025-06-01",917,"TEPUNG GANDUM NGP (BERBUNGKUS, CAP SAUH)","1kg","W.P. Kuala Lumpur",394,4,105,3.60,3.60,0,0.00
"2025-07-01",917,"TEPUNG GANDUM NGP (BERBUNGKUS, CAP SAUH)","1kg","W.P. Kuala Lumpur",494,4,165,3.60,3.60,0,0.00
"2025-08-01",917,"TEPUNG GANDUM NGP (BERBUNGKUS, CAP SAUH)","1kg","W.P. Kuala Lumpur",705,5,153,3.69,3.69,0,0.00
"2025-09-01",917,"TEPUNG GANDUM NGP (BERBUNGKUS, CAP SAUH)","1kg","W.P. Kuala Lumpur",550,4,148,3.65,3.65,0,0.00
"2025-10-01",917,"TEPUNG GANDUM NGP (BERBUNGKUS, CAP SAUH)","1kg","W.P. Kuala Lumpur",548,4,152,3.50,3.50,0,0.00
"2025-11-01",917,"TEPUNG GANDUM NGP (BERBUNGKUS, CAP SAUH)","1kg","W.P. Kuala Lumpur",541,4,146,3.50,3.50,0,0.00
"2025-12-01",917,"TEPUNG GANDUM NGP (BERBUNGKUS, CAP SAUH)","1kg","W.P. Kuala Lumpur",560,4,152,3.60,3.60,0,0.00
"2023-01-01",917,"TEPUNG GANDUM NGP (BERBUNGKUS, CAP SAUH)","1kg","W.P. Labuan",22,5,5,4.80,4.80,0,0.00
"2023-02-01",917,"TEPUNG GANDUM NGP (BERBUNGKUS, CAP SAUH)","1kg","W.P. Labuan",18,4,6,4.20,4.20,0,0.00
"2023-03-01",917,"TEPUNG GANDUM NGP (BERBUNGKUS, CAP SAUH)","1kg","W.P. Labuan",27,4,8,4.40,4.40,0,0.00
"2023-04-01",917,"TEPUNG GANDUM NGP (BERBUNGKUS, CAP SAUH)","1kg","W.P. Labuan",32,5,8,4.30,4.30,0,0.00
"2023-05-01",917,"TEPUNG GANDUM NGP (BERBUNGKUS, CAP SAUH)","1kg","W.P. Labuan",30,5,8,4.20,4.20,0,0.00
"2023-06-01",917,"TEPUNG GANDUM NGP (BERBUNGKUS, CAP SAUH)","1kg","W.P. Labuan",20,3,8,4.20,4.20,0,0.00
"2023-07-01",917,"TEPUNG GANDUM NGP (BERBUNGKUS, CAP SAUH)","1kg","W.P. Labuan",31,5,8,4.20,4.20,0,0.00
"2023-08-01",917,"TEPUNG GANDUM NGP (BERBUNGKUS, CAP SAUH)","1kg","W.P. Labuan",30,4,8,4.20,4.20,0,0.00
"2023-09-01",917,"TEPUNG GANDUM NGP (BERBUNGKUS, CAP SAUH)","1kg","W.P. Labuan",25,4,8,4.20,4.20,0,0.00
"2023-10-01",917,"TEPUNG GANDUM NGP (BERBUNGKUS, CAP SAUH)","1kg","W.P. Labuan",36,5,9,4.30,4.30,0,0.00
"2023-11-01",917,"TEPUNG GANDUM NGP (BERBUNGKUS, CAP SAUH)","1kg","W.P. Labuan",26,4,8,4.35,4.35,0,0.00
"2023-12-01",917,"TEPUNG GANDUM NGP (BERBUNGKUS, CAP SAUH)","1kg","W.P. Labuan",21,4,6,4.20,4.20,0,0.00
"2024-01-01",917,"TEPUNG GANDUM NGP (BERBUNGKUS, CAP SAUH)","1kg","W.P. Labuan",21,5,5,4.30,4.30,0,0.00
"2024-02-01",917,"TEPUNG GANDUM NGP (BERBUNGKUS, CAP SAUH)","1kg","W.P. Labuan",20,4,5,4.30,4.30,0,0.00
"2024-03-01",917,"TEPUNG GANDUM NGP (BERBUNGKUS, CAP SAUH)","1kg","W.P. Labuan",20,4,6,4.30,4.30,0,0.00
"2024-04-01",917,"TEPUNG GANDUM NGP (BERBUNGKUS, CAP SAUH)","1kg","W.P. Labuan",27,5,7,4.20,4.20,0,0.00
"2024-05-01",917,"TEPUNG GANDUM NGP (BERBUNGKUS, CAP SAUH)","1kg","W.P. Labuan",26,4,7,4.20,4.20,0,0.00
"2024-06-01",917,"TEPUNG GANDUM NGP (BERBUNGKUS, CAP SAUH)","1kg","W.P. Labuan",15,3,5,4.20,4.20,0,0.00
"2024-07-01",917,"TEPUNG GANDUM NGP (BERBUNGKUS, CAP SAUH)","1kg","W.P. Labuan",22,5,8,4.20,4.20,0,0.00
"2024-08-01",917,"TEPUNG GANDUM NGP (BERBUNGKUS, CAP SAUH)","1kg","W.P. Labuan",18,3,7,4.25,4.25,0,0.00
"2024-09-01",917,"TEPUNG GANDUM NGP (BERBUNGKUS, CAP SAUH)","1kg","W.P. Labuan",13,5,5,4.30,4.30,0,0.00
"2024-10-01",917,"TEPUNG GANDUM NGP (BERBUNGKUS, CAP SAUH)","1kg","W.P. Labuan",15,4,5,4.30,4.30,0,0.00
"2024-11-01",917,"TEPUNG GANDUM NGP (BERBUNGKUS, CAP SAUH)","1kg","W.P. Labuan",11,4,4,4.30,4.30,0,0.00
"2024-12-01",917,"TEPUNG GANDUM NGP (BERBUNGKUS, CAP SAUH)","1kg","W.P. Labuan",12,4,4,4.30,4.30,0,0.00
"2025-01-01",917,"TEPUNG GANDUM NGP (BERBUNGKUS, CAP SAUH)","1kg","W.P. Labuan",22,5,5,4.30,4.30,0,0.00
"2025-02-01",917,"TEPUNG GANDUM NGP (BERBUNGKUS, CAP SAUH)","1kg","W.P. Labuan",19,4,7,4.30,4.30,0,0.00
"2025-03-01",917,"TEPUNG GANDUM NGP (BERBUNGKUS, CAP SAUH)","1kg","W.P. Labuan",15,5,3,4.30,4.30,0,0.00
"2025-04-01",917,"TEPUNG GANDUM NGP (BERBUNGKUS, CAP SAUH)","1kg","W.P. Labuan",11,4,4,4.30,4.30,0,0.00
"2025-05-01",917,"TEPUNG GANDUM NGP (BERBUNGKUS, CAP SAUH)","1kg","W.P. Labuan",21,5,5,4.30,4.30,0,0.00
"2025-06-01",917,"TEPUNG GANDUM NGP (BERBUNGKUS, CAP SAUH)","1kg","W.P. Labuan",14,4,5,4.50,4.50,0,0.00
"2025-07-01",917,"TEPUNG GANDUM NGP (BERBUNGKUS, CAP SAUH)","1kg","W.P. Labuan",16,4,4,4.50,4.50,0,0.00
"2025-08-01",917,"TEPUNG GANDUM NGP (BERBUNGKUS, CAP SAUH)","1kg","W.P. Labuan",19,5,6,4.60,4.60,0,0.00
"2025-09-01",917,"TEPUNG GANDUM NGP (BERBUNGKUS, CAP SAUH)","1kg","W.P. Labuan",10,4,3,4.60,4.60,0,0.00
"2025-10-01",917,"TEPUNG GANDUM NGP (BERBUNGKUS, CAP SAUH)","1kg","W.P. Labuan",11,4,4,4.40,4.40,0,0.00
"2025-11-01",917,"TEPUNG GANDUM NGP (BERBUNGKUS, CAP SAUH)","1kg","W.P. Labuan",16,4,5,3.90,3.90,0,0.00
"2025-12-01",917,"TEPUNG GANDUM NGP (BERBUNGKUS, CAP SAUH)","1kg","W.P. Labuan",18,4,5,3.90,3.90,0,0.00
"2023-01-01",917,"TEPUNG GANDUM NGP (BERBUNGKUS, CAP SAUH)","1kg","W.P. Putrajaya",79,6,18,3.60,3.60,0,0.00
"2023-02-01",917,"TEPUNG GANDUM NGP (BERBUNGKUS, CAP SAUH)","1kg","W.P. Putrajaya",60,4,17,3.70,3.70,0,0.00
"2023-03-01",917,"TEPUNG GANDUM NGP (BERBUNGKUS, CAP SAUH)","1kg","W.P. Putrajaya",69,4,20,3.60,3.60,0,0.00
"2023-04-01",917,"TEPUNG GANDUM NGP (BERBUNGKUS, CAP SAUH)","1kg","W.P. Putrajaya",78,5,18,3.60,3.60,0,0.00
"2023-05-01",917,"TEPUNG GANDUM NGP (BERBUNGKUS, CAP SAUH)","1kg","W.P. Putrajaya",65,5,18,3.70,3.70,0,0.00
"2023-06-01",917,"TEPUNG GANDUM NGP (BERBUNGKUS, CAP SAUH)","1kg","W.P. Putrajaya",63,4,17,3.70,3.70,0,0.00
"2023-07-01",917,"TEPUNG GANDUM NGP (BERBUNGKUS, CAP SAUH)","1kg","W.P. Putrajaya",83,5,20,3.60,3.60,0,0.00
"2023-08-01",917,"TEPUNG GANDUM NGP (BERBUNGKUS, CAP SAUH)","1kg","W.P. Putrajaya",67,5,20,3.60,3.60,0,0.00
"2023-09-01",917,"TEPUNG GANDUM NGP (BERBUNGKUS, CAP SAUH)","1kg","W.P. Putrajaya",61,4,19,3.70,3.70,0,0.00
"2023-10-01",917,"TEPUNG GANDUM NGP (BERBUNGKUS, CAP SAUH)","1kg","W.P. Putrajaya",79,6,19,3.60,3.60,0,0.00
"2023-11-01",917,"TEPUNG GANDUM NGP (BERBUNGKUS, CAP SAUH)","1kg","W.P. Putrajaya",62,4,20,3.60,3.60,0,0.00
"2023-12-01",917,"TEPUNG GANDUM NGP (BERBUNGKUS, CAP SAUH)","1kg","W.P. Putrajaya",65,4,18,3.60,3.60,0,0.00
"2024-01-01",917,"TEPUNG GANDUM NGP (BERBUNGKUS, CAP SAUH)","1kg","W.P. Putrajaya",76,6,19,3.60,3.60,0,0.00
"2024-02-01",917,"TEPUNG GANDUM NGP (BERBUNGKUS, CAP SAUH)","1kg","W.P. Putrajaya",64,4,18,3.60,3.60,0,0.00
"2024-03-01",917,"TEPUNG GANDUM NGP (BERBUNGKUS, CAP SAUH)","1kg","W.P. Putrajaya",67,5,18,3.60,3.60,0,0.00
"2024-04-01",917,"TEPUNG GANDUM NGP (BERBUNGKUS, CAP SAUH)","1kg","W.P. Putrajaya",93,5,21,3.60,3.60,0,0.00
"2024-05-01",917,"TEPUNG GANDUM NGP (BERBUNGKUS, CAP SAUH)","1kg","W.P. Putrajaya",92,5,20,3.68,3.68,0,0.00
"2024-06-01",917,"TEPUNG GANDUM NGP (BERBUNGKUS, CAP SAUH)","1kg","W.P. Putrajaya",57,4,19,3.70,3.70,0,0.00
"2024-07-01",917,"TEPUNG GANDUM NGP (BERBUNGKUS, CAP SAUH)","1kg","W.P. Putrajaya",95,7,20,3.70,3.70,0,0.00
"2024-08-01",917,"TEPUNG GANDUM NGP (BERBUNGKUS, CAP SAUH)","1kg","W.P. Putrajaya",57,3,20,3.70,3.70,0,0.00
"2024-09-01",917,"TEPUNG GANDUM NGP (BERBUNGKUS, CAP SAUH)","1kg","W.P. Putrajaya",92,6,20,3.70,3.70,0,0.00
"2024-10-01",917,"TEPUNG GANDUM NGP (BERBUNGKUS, CAP SAUH)","1kg","W.P. Putrajaya",71,4,20,3.70,3.70,0,0.00
"2024-11-01",917,"TEPUNG GANDUM NGP (BERBUNGKUS, CAP SAUH)","1kg","W.P. Putrajaya",73,4,20,3.65,3.65,0,0.00
"2024-12-01",917,"TEPUNG GANDUM NGP (BERBUNGKUS, CAP SAUH)","1kg","W.P. Putrajaya",71,4,19,3.60,3.60,0,0.00
"2025-01-01",917,"TEPUNG GANDUM NGP (BERBUNGKUS, CAP SAUH)","1kg","W.P. Putrajaya",84,5,20,3.65,3.65,0,0.00
"2025-02-01",917,"TEPUNG GANDUM NGP (BERBUNGKUS, CAP SAUH)","1kg","W.P. Putrajaya",64,4,19,3.70,3.70,0,0.00
"2025-03-01",917,"TEPUNG GANDUM NGP (BERBUNGKUS, CAP SAUH)","1kg","W.P. Putrajaya",82,5,19,3.65,3.65,0,0.00
"2025-04-01",917,"TEPUNG GANDUM NGP (BERBUNGKUS, CAP SAUH)","1kg","W.P. Putrajaya",64,4,17,3.70,3.70,0,0.00
"2025-05-01",917,"TEPUNG GANDUM NGP (BERBUNGKUS, CAP SAUH)","1kg","W.P. Putrajaya",83,5,18,3.70,3.70,0,0.00
"2025-06-01",917,"TEPUNG GANDUM NGP (BERBUNGKUS, CAP SAUH)","1kg","W.P. Putrajaya",66,4,19,3.60,3.60,0,0.00
"2025-07-01",917,"TEPUNG GANDUM NGP (BERBUNGKUS, CAP SAUH)","1kg","W.P. Putrajaya",82,4,26,3.65,3.65,0,0.00
"2025-08-01",917,"TEPUNG GANDUM NGP (BERBUNGKUS, CAP SAUH)","1kg","W.P. Putrajaya",112,5,26,3.60,3.60,0,0.00
"2025-09-01",917,"TEPUNG GANDUM NGP (BERBUNGKUS, CAP SAUH)","1kg","W.P. Putrajaya",91,4,25,3.60,3.60,0,0.00
"2025-10-01",917,"TEPUNG GANDUM NGP (BERBUNGKUS, CAP SAUH)","1kg","W.P. Putrajaya",101,4,26,3.50,3.50,0,0.00
"2025-11-01",917,"TEPUNG GANDUM NGP (BERBUNGKUS, CAP SAUH)","1kg","W.P. Putrajaya",98,4,26,3.50,3.50,0,0.00
"2025-12-01",917,"TEPUNG GANDUM NGP (BERBUNGKUS, CAP SAUH)","1kg","W.P. Putrajaya",91,4,26,3.50,3.50,0,0.00
"2023-01-01",918,"MINYAK MASAK PAKET (PELBAGAI JENAMA)","1kg","Johor",444,29,55,2.50,2.50,0,0.00
"2023-02-01",918,"MINYAK MASAK PAKET (PELBAGAI JENAMA)","1kg","Johor",399,26,53,2.50,2.50,0,0.00
"2023-03-01",918,"MINYAK MASAK PAKET (PELBAGAI JENAMA)","1kg","Johor",515,29,57,2.50,2.50,0,0.00
"2023-04-01",918,"MINYAK MASAK PAKET (PELBAGAI JENAMA)","1kg","Johor",454,26,58,2.50,2.50,0,0.00
"2023-05-01",918,"MINYAK MASAK PAKET (PELBAGAI JENAMA)","1kg","Johor",412,24,57,2.50,2.50,0,0.00
"2023-06-01",918,"MINYAK MASAK PAKET (PELBAGAI JENAMA)","1kg","Johor",504,28,54,2.50,2.50,0,0.00
"2023-07-01",918,"MINYAK MASAK PAKET (PELBAGAI JENAMA)","1kg","Johor",556,29,58,2.50,2.50,0,0.00
"2023-08-01",918,"MINYAK MASAK PAKET (PELBAGAI JENAMA)","1kg","Johor",446,28,51,2.50,2.50,0,0.00
"2023-09-01",918,"MINYAK MASAK PAKET (PELBAGAI JENAMA)","1kg","Johor",409,27,47,2.50,2.50,0,0.00
"2023-10-01",918,"MINYAK MASAK PAKET (PELBAGAI JENAMA)","1kg","Johor",362,30,48,2.50,2.50,0,0.00
"2023-11-01",918,"MINYAK MASAK PAKET (PELBAGAI JENAMA)","1kg","Johor",417,27,50,2.50,2.50,0,0.00
"2023-12-01",918,"MINYAK MASAK PAKET (PELBAGAI JENAMA)","1kg","Johor",340,23,41,2.50,2.50,0,0.00
"2024-01-01",918,"MINYAK MASAK PAKET (PELBAGAI JENAMA)","1kg","Johor",365,27,46,2.50,2.50,0,0.00
"2024-02-01",918,"MINYAK MASAK PAKET (PELBAGAI JENAMA)","1kg","Johor",77,7,39,2.50,2.50,0,0.00
"2024-03-01",918,"MINYAK MASAK PAKET (PELBAGAI JENAMA)","1kg","Johor",81,8,38,2.50,2.50,0,0.00
"2024-04-01",918,"MINYAK MASAK PAKET (PELBAGAI JENAMA)","1kg","Johor",98,8,38,2.50,2.50,0,0.00
"2024-05-01",918,"MINYAK MASAK PAKET (PELBAGAI JENAMA)","1kg","Johor",158,10,57,2.50,2.50,0,0.00
"2024-06-01",918,"MINYAK MASAK PAKET (PELBAGAI JENAMA)","1kg","Johor",81,6,41,2.50,2.50,0,0.00
"2024-07-01",918,"MINYAK MASAK PAKET (PELBAGAI JENAMA)","1kg","Johor",147,7,60,2.50,2.50,0,0.00
"2024-08-01",918,"MINYAK MASAK PAKET (PELBAGAI JENAMA)","1kg","Johor",94,6,51,2.50,2.50,0,0.00
"2024-09-01",918,"MINYAK MASAK PAKET (PELBAGAI JENAMA)","1kg","Johor",182,9,67,2.50,2.50,0,0.00
"2024-10-01",918,"MINYAK MASAK PAKET (PELBAGAI JENAMA)","1kg","Johor",141,8,60,2.50,2.50,0,0.00
"2024-11-01",918,"MINYAK MASAK PAKET (PELBAGAI JENAMA)","1kg","Johor",128,8,59,2.50,2.50,0,0.00
"2024-12-01",918,"MINYAK MASAK PAKET (PELBAGAI JENAMA)","1kg","Johor",123,7,52,2.50,2.50,0,0.00
"2025-01-01",918,"MINYAK MASAK PAKET (PELBAGAI JENAMA)","1kg","Johor",163,8,66,2.50,2.50,0,0.00
"2025-02-01",918,"MINYAK MASAK PAKET (PELBAGAI JENAMA)","1kg","Johor",149,8,63,2.50,2.50,0,0.00
"2025-03-01",918,"MINYAK MASAK PAKET (PELBAGAI JENAMA)","1kg","Johor",143,6,58,2.50,2.50,0,0.00
"2025-04-01",918,"MINYAK MASAK PAKET (PELBAGAI JENAMA)","1kg","Johor",134,7,57,2.50,2.50,0,0.00
"2025-05-01",918,"MINYAK MASAK PAKET (PELBAGAI JENAMA)","1kg","Johor",219,8,76,2.50,2.50,0,0.00
"2025-06-01",918,"MINYAK MASAK PAKET (PELBAGAI JENAMA)","1kg","Johor",166,8,66,2.50,2.50,0,0.00
"2025-07-01",918,"MINYAK MASAK PAKET (PELBAGAI JENAMA)","1kg","Johor",181,8,85,2.50,2.50,0,0.00
"2025-08-01",918,"MINYAK MASAK PAKET (PELBAGAI JENAMA)","1kg","Johor",272,9,93,2.50,2.50,0,0.00
"2025-09-01",918,"MINYAK MASAK PAKET (PELBAGAI JENAMA)","1kg","Johor",230,7,90,2.50,2.50,1,0.00
"2025-10-01",918,"MINYAK MASAK PAKET (PELBAGAI JENAMA)","1kg","Johor",247,7,86,2.50,2.50,0,0.00
"2025-11-01",918,"MINYAK MASAK PAKET (PELBAGAI JENAMA)","1kg","Johor",233,9,92,2.50,2.50,0,0.00
"2025-12-01",918,"MINYAK MASAK PAKET (PELBAGAI JENAMA)","1kg","Johor",266,7,92,2.50,2.50,0,0.00
"2023-01-01",918,"MINYAK MASAK PAKET (PELBAGAI JENAMA)","1kg","Kedah",363,29,61,2.50,2.50,0,0.00
"2023-02-01",918,"MINYAK MASAK PAKET (PELBAGAI JENAMA)","1kg","Kedah",410,25,61,2.50,2.50,0,0.00
"2023-03-01",918,"MINYAK MASAK PAKET (PELBAGAI JENAMA)","1kg","Kedah",489,30,60,2.50,2.50,0,0.00
"2023-04-01",918,"MINYAK MASAK PAKET (PELBAGAI JENAMA)","1kg","Kedah",493,26,63,2.50,2.50,0,0.00
"2023-05-01",918,"MINYAK MASAK PAKET (PELBAGAI JENAMA)","1kg","Kedah",505,24,66,2.50,2.50,0,0.00
"2023-06-01",918,"MINYAK MASAK PAKET (PELBAGAI JENAMA)","1kg","Kedah",552,26,67,2.50,2.50,0,0.00
"2023-07-01",918,"MINYAK MASAK PAKET (PELBAGAI JENAMA)","1kg","Kedah",656,29,71,2.50,2.50,0,0.00
"2023-08-01",918,"MINYAK MASAK PAKET (PELBAGAI JENAMA)","1kg","Kedah",544,27,70,2.50,2.50,0,0.00
"2023-09-01",918,"MINYAK MASAK PAKET (PELBAGAI JENAMA)","1kg","Kedah",371,27,58,2.50,2.50,0,0.00
"2023-10-01",918,"MINYAK MASAK PAKET (PELBAGAI JENAMA)","1kg","Kedah",362,30,56,2.50,2.50,0,0.00
"2023-11-01",918,"MINYAK MASAK PAKET (PELBAGAI JENAMA)","1kg","Kedah",281,27,50,2.50,2.50,0,0.00
"2023-12-01",918,"MINYAK MASAK PAKET (PELBAGAI JENAMA)","1kg","Kedah",233,24,49,2.50,2.50,0,0.00
"2024-01-01",918,"MINYAK MASAK PAKET (PELBAGAI JENAMA)","1kg","Kedah",251,23,52,2.50,2.50,0,0.00
"2024-02-01",918,"MINYAK MASAK PAKET (PELBAGAI JENAMA)","1kg","Kedah",126,4,42,2.50,2.50,0,0.00
"2024-03-01",918,"MINYAK MASAK PAKET (PELBAGAI JENAMA)","1kg","Kedah",143,4,44,2.50,2.50,0,0.00
"2024-04-01",918,"MINYAK MASAK PAKET (PELBAGAI JENAMA)","1kg","Kedah",182,5,46,2.50,2.50,0,0.00
"2024-05-01",918,"MINYAK MASAK PAKET (PELBAGAI JENAMA)","1kg","Kedah",202,5,53,2.50,2.50,0,0.00
"2024-06-01",918,"MINYAK MASAK PAKET (PELBAGAI JENAMA)","1kg","Kedah",109,3,44,2.50,2.50,0,0.00
"2024-07-01",918,"MINYAK MASAK PAKET (PELBAGAI JENAMA)","1kg","Kedah",211,5,53,2.50,2.50,0,0.00
"2024-08-01",918,"MINYAK MASAK PAKET (PELBAGAI JENAMA)","1kg","Kedah",131,4,52,2.50,2.50,0,0.00
"2024-09-01",918,"MINYAK MASAK PAKET (PELBAGAI JENAMA)","1kg","Kedah",178,5,49,2.50,2.50,0,0.00
"2024-10-01",918,"MINYAK MASAK PAKET (PELBAGAI JENAMA)","1kg","Kedah",131,4,44,2.50,2.50,0,0.00
"2024-11-01",918,"MINYAK MASAK PAKET (PELBAGAI JENAMA)","1kg","Kedah",101,4,38,2.50,2.50,0,0.00
"2024-12-01",918,"MINYAK MASAK PAKET (PELBAGAI JENAMA)","1kg","Kedah",86,4,35,2.50,2.50,0,0.00
"2025-01-01",918,"MINYAK MASAK PAKET (PELBAGAI JENAMA)","1kg","Kedah",127,5,40,2.50,2.50,0,0.00
"2025-02-01",918,"MINYAK MASAK PAKET (PELBAGAI JENAMA)","1kg","Kedah",118,4,41,2.50,2.50,0,0.00
"2025-03-01",918,"MINYAK MASAK PAKET (PELBAGAI JENAMA)","1kg","Kedah",155,5,43,2.50,2.50,0,0.00
"2025-04-01",918,"MINYAK MASAK PAKET (PELBAGAI JENAMA)","1kg","Kedah",130,4,39,2.50,2.50,0,0.00
"2025-05-01",918,"MINYAK MASAK PAKET (PELBAGAI JENAMA)","1kg","Kedah",167,5,46,2.50,2.50,0,0.00
"2025-06-01",918,"MINYAK MASAK PAKET (PELBAGAI JENAMA)","1kg","Kedah",137,4,42,2.50,2.50,0,0.00
"2025-07-01",918,"MINYAK MASAK PAKET (PELBAGAI JENAMA)","1kg","Kedah",187,4,69,2.50,2.50,0,0.00
"2025-08-01",918,"MINYAK MASAK PAKET (PELBAGAI JENAMA)","1kg","Kedah",226,5,60,2.50,2.50,0,0.00
"2025-09-01",918,"MINYAK MASAK PAKET (PELBAGAI JENAMA)","1kg","Kedah",154,4,49,2.50,2.50,0,0.00
"2025-10-01",918,"MINYAK MASAK PAKET (PELBAGAI JENAMA)","1kg","Kedah",152,4,51,2.50,2.50,0,0.00
"2025-11-01",918,"MINYAK MASAK PAKET (PELBAGAI JENAMA)","1kg","Kedah",148,4,54,2.50,2.50,0,0.00
"2025-12-01",918,"MINYAK MASAK PAKET (PELBAGAI JENAMA)","1kg","Kedah",143,4,52,2.50,2.50,0,0.00
"2023-01-01",918,"MINYAK MASAK PAKET (PELBAGAI JENAMA)","1kg","Kelantan",1053,29,104,2.50,2.50,0,0.00
"2023-02-01",918,"MINYAK MASAK PAKET (PELBAGAI JENAMA)","1kg","Kelantan",970,27,106,2.50,2.50,0,0.00
"2023-03-01",918,"MINYAK MASAK PAKET (PELBAGAI JENAMA)","1kg","Kelantan",1206,31,113,2.50,2.50,0,0.00
"2023-04-01",918,"MINYAK MASAK PAKET (PELBAGAI JENAMA)","1kg","Kelantan",1098,23,116,2.50,2.50,0,0.00
"2023-05-01",918,"MINYAK MASAK PAKET (PELBAGAI JENAMA)","1kg","Kelantan",1121,24,115,2.50,2.50,0,0.00
"2023-06-01",918,"MINYAK MASAK PAKET (PELBAGAI JENAMA)","1kg","Kelantan",1090,26,119,2.50,2.50,0,0.00
"2023-07-01",918,"MINYAK MASAK PAKET (PELBAGAI JENAMA)","1kg","Kelantan",1092,30,115,2.50,2.50,0,0.00
"2023-08-01",918,"MINYAK MASAK PAKET (PELBAGAI JENAMA)","1kg","Kelantan",900,27,108,2.50,2.50,0,0.00
"2023-09-01",918,"MINYAK MASAK PAKET (PELBAGAI JENAMA)","1kg","Kelantan",800,24,107,2.50,2.50,0,0.00
"2023-10-01",918,"MINYAK MASAK PAKET (PELBAGAI JENAMA)","1kg","Kelantan",1062,29,105,2.50,2.50,0,0.00
"2023-11-01",918,"MINYAK MASAK PAKET (PELBAGAI JENAMA)","1kg","Kelantan",879,27,106,2.50,2.50,0,0.00
"2023-12-01",918,"MINYAK MASAK PAKET (PELBAGAI JENAMA)","1kg","Kelantan",847,24,98,2.50,2.50,0,0.00
"2024-01-01",918,"MINYAK MASAK PAKET (PELBAGAI JENAMA)","1kg","Kelantan",837,31,110,2.50,2.50,0,0.00
"2024-02-01",918,"MINYAK MASAK PAKET (PELBAGAI JENAMA)","1kg","Kelantan",287,10,95,2.50,2.50,0,0.00
"2024-03-01",918,"MINYAK MASAK PAKET (PELBAGAI JENAMA)","1kg","Kelantan",279,4,91,2.50,2.50,0,0.00
"2024-04-01",918,"MINYAK MASAK PAKET (PELBAGAI JENAMA)","1kg","Kelantan",332,5,99,2.50,2.50,0,0.00
"2024-05-01",918,"MINYAK MASAK PAKET (PELBAGAI JENAMA)","1kg","Kelantan",372,5,106,2.50,2.50,0,0.00
"2024-06-01",918,"MINYAK MASAK PAKET (PELBAGAI JENAMA)","1kg","Kelantan",203,3,88,2.50,2.50,0,0.00
"2024-07-01",918,"MINYAK MASAK PAKET (PELBAGAI JENAMA)","1kg","Kelantan",360,5,98,2.50,2.50,0,0.00
"2024-08-01",918,"MINYAK MASAK PAKET (PELBAGAI JENAMA)","1kg","Kelantan",199,3,92,2.50,2.50,0,0.00
"2024-09-01",918,"MINYAK MASAK PAKET (PELBAGAI JENAMA)","1kg","Kelantan",296,5,95,2.50,2.50,0,0.00
"2024-10-01",918,"MINYAK MASAK PAKET (PELBAGAI JENAMA)","1kg","Kelantan",245,4,87,2.50,2.50,0,0.00
"2024-11-01",918,"MINYAK MASAK PAKET (PELBAGAI JENAMA)","1kg","Kelantan",207,4,76,2.50,2.50,0,0.00
"2024-12-01",918,"MINYAK MASAK PAKET (PELBAGAI JENAMA)","1kg","Kelantan",225,5,81,2.50,2.50,0,0.00
"2025-01-01",918,"MINYAK MASAK PAKET (PELBAGAI JENAMA)","1kg","Kelantan",285,5,87,2.50,2.50,0,0.00
"2025-02-01",918,"MINYAK MASAK PAKET (PELBAGAI JENAMA)","1kg","Kelantan",207,4,82,2.50,2.50,0,0.00
"2025-03-01",918,"MINYAK MASAK PAKET (PELBAGAI JENAMA)","1kg","Kelantan",340,5,92,2.50,2.50,0,0.00
"2025-04-01",918,"MINYAK MASAK PAKET (PELBAGAI JENAMA)","1kg","Kelantan",276,4,92,2.50,2.50,0,0.00
"2025-05-01",918,"MINYAK MASAK PAKET (PELBAGAI JENAMA)","1kg","Kelantan",363,5,94,2.50,2.50,0,0.00
"2025-06-01",918,"MINYAK MASAK PAKET (PELBAGAI JENAMA)","1kg","Kelantan",301,4,98,2.50,2.50,0,0.00
"2025-07-01",918,"MINYAK MASAK PAKET (PELBAGAI JENAMA)","1kg","Kelantan",407,4,141,2.50,2.50,0,0.00
"2025-08-01",918,"MINYAK MASAK PAKET (PELBAGAI JENAMA)","1kg","Kelantan",570,5,152,2.50,2.50,0,0.00
"2025-09-01",918,"MINYAK MASAK PAKET (PELBAGAI JENAMA)","1kg","Kelantan",438,4,142,2.50,2.50,0,0.00
"2025-10-01",918,"MINYAK MASAK PAKET (PELBAGAI JENAMA)","1kg","Kelantan",461,4,139,2.50,2.50,0,0.00
"2025-11-01",918,"MINYAK MASAK PAKET (PELBAGAI JENAMA)","1kg","Kelantan",418,4,133,2.50,2.50,0,0.00
"2025-12-01",918,"MINYAK MASAK PAKET (PELBAGAI JENAMA)","1kg","Kelantan",412,4,131,2.50,2.50,0,0.00
"2023-01-01",918,"MINYAK MASAK PAKET (PELBAGAI JENAMA)","1kg","Melaka",117,26,20,2.50,2.50,0,0.00
"2023-02-01",918,"MINYAK MASAK PAKET (PELBAGAI JENAMA)","1kg","Melaka",153,27,20,2.50,2.50,0,0.00
"2023-03-01",918,"MINYAK MASAK PAKET (PELBAGAI JENAMA)","1kg","Melaka",142,30,22,2.50,2.50,0,0.00
"2023-04-01",918,"MINYAK MASAK PAKET (PELBAGAI JENAMA)","1kg","Melaka",133,25,19,2.50,2.50,0,0.00
"2023-05-01",918,"MINYAK MASAK PAKET (PELBAGAI JENAMA)","1kg","Melaka",146,24,21,2.50,2.50,0,0.00
"2023-06-01",918,"MINYAK MASAK PAKET (PELBAGAI JENAMA)","1kg","Melaka",140,28,21,2.50,2.50,0,0.00
"2023-07-01",918,"MINYAK MASAK PAKET (PELBAGAI JENAMA)","1kg","Melaka",147,30,19,2.50,2.50,0,0.00
"2023-08-01",918,"MINYAK MASAK PAKET (PELBAGAI JENAMA)","1kg","Melaka",118,28,17,2.50,2.50,0,0.00
"2023-09-01",918,"MINYAK MASAK PAKET (PELBAGAI JENAMA)","1kg","Melaka",93,27,15,2.50,2.50,0,0.00
"2023-10-01",918,"MINYAK MASAK PAKET (PELBAGAI JENAMA)","1kg","Melaka",83,27,16,2.50,2.50,0,0.00
"2023-11-01",918,"MINYAK MASAK PAKET (PELBAGAI JENAMA)","1kg","Melaka",75,25,15,2.50,2.50,0,0.00
"2023-12-01",918,"MINYAK MASAK PAKET (PELBAGAI JENAMA)","1kg","Melaka",85,24,19,2.50,2.50,0,0.00
"2024-01-01",918,"MINYAK MASAK PAKET (PELBAGAI JENAMA)","1kg","Melaka",81,24,19,2.50,2.50,0,0.00
"2024-02-01",918,"MINYAK MASAK PAKET (PELBAGAI JENAMA)","1kg","Melaka",18,5,10,2.50,2.50,0,0.00
"2024-03-01",918,"MINYAK MASAK PAKET (PELBAGAI JENAMA)","1kg","Melaka",39,5,14,2.50,2.50,0,0.00
"2024-04-01",918,"MINYAK MASAK PAKET (PELBAGAI JENAMA)","1kg","Melaka",45,6,13,2.50,2.50,0,0.00
"2024-05-01",918,"MINYAK MASAK PAKET (PELBAGAI JENAMA)","1kg","Melaka",47,6,16,2.50,2.50,0,0.00
"2024-06-01",918,"MINYAK MASAK PAKET (PELBAGAI JENAMA)","1kg","Melaka",29,3,12,2.50,2.50,0,0.00
"2024-07-01",918,"MINYAK MASAK PAKET (PELBAGAI JENAMA)","1kg","Melaka",48,5,15,2.50,2.50,0,0.00
"2024-08-01",918,"MINYAK MASAK PAKET (PELBAGAI JENAMA)","1kg","Melaka",29,5,15,2.50,2.50,0,0.00
"2024-09-01",918,"MINYAK MASAK PAKET (PELBAGAI JENAMA)","1kg","Melaka",45,6,15,2.50,2.50,0,0.00
"2024-10-01",918,"MINYAK MASAK PAKET (PELBAGAI JENAMA)","1kg","Melaka",43,5,16,2.50,2.50,0,0.00
"2024-11-01",918,"MINYAK MASAK PAKET (PELBAGAI JENAMA)","1kg","Melaka",48,5,17,2.50,2.50,0,0.00
"2024-12-01",918,"MINYAK MASAK PAKET (PELBAGAI JENAMA)","1kg","Melaka",37,4,15,2.50,2.50,0,0.00
"2025-01-01",918,"MINYAK MASAK PAKET (PELBAGAI JENAMA)","1kg","Melaka",54,5,17,2.50,2.50,0,0.00
"2025-02-01",918,"MINYAK MASAK PAKET (PELBAGAI JENAMA)","1kg","Melaka",40,5,14,2.50,2.50,0,0.00
"2025-03-01",918,"MINYAK MASAK PAKET (PELBAGAI JENAMA)","1kg","Melaka",46,6,13,2.50,2.50,0,0.00
"2025-04-01",918,"MINYAK MASAK PAKET (PELBAGAI JENAMA)","1kg","Melaka",42,5,14,2.50,2.50,0,0.00
"2025-05-01",918,"MINYAK MASAK PAKET (PELBAGAI JENAMA)","1kg","Melaka",58,5,16,2.50,2.50,0,0.00
"2025-06-01",918,"MINYAK MASAK PAKET (PELBAGAI JENAMA)","1kg","Melaka",53,5,18,2.50,2.50,0,0.00
"2025-07-01",918,"MINYAK MASAK PAKET (PELBAGAI JENAMA)","1kg","Melaka",74,5,33,2.50,2.50,0,0.00
"2025-08-01",918,"MINYAK MASAK PAKET (PELBAGAI JENAMA)","1kg","Melaka",121,6,34,2.50,2.50,0,0.00
"2025-09-01",918,"MINYAK MASAK PAKET (PELBAGAI JENAMA)","1kg","Melaka",94,4,32,2.50,2.50,0,0.00
"2025-10-01",918,"MINYAK MASAK PAKET (PELBAGAI JENAMA)","1kg","Melaka",100,4,32,2.50,2.50,0,0.00
"2025-11-01",918,"MINYAK MASAK PAKET (PELBAGAI JENAMA)","1kg","Melaka",81,5,33,2.50,2.50,0,0.00
"2025-12-01",918,"MINYAK MASAK PAKET (PELBAGAI JENAMA)","1kg","Melaka",110,5,38,2.50,2.50,0,0.00
"2023-01-01",918,"MINYAK MASAK PAKET (PELBAGAI JENAMA)","1kg","Negeri Sembilan",113,26,26,2.50,2.50,0,0.00
"2023-02-01",918,"MINYAK MASAK PAKET (PELBAGAI JENAMA)","1kg","Negeri Sembilan",175,24,27,2.50,2.50,0,0.00
"2023-03-01",918,"MINYAK MASAK PAKET (PELBAGAI JENAMA)","1kg","Negeri Sembilan",207,31,30,2.50,2.50,0,0.00
"2023-04-01",918,"MINYAK MASAK PAKET (PELBAGAI JENAMA)","1kg","Negeri Sembilan",178,26,28,2.50,2.50,0,0.00
"2023-05-01",918,"MINYAK MASAK PAKET (PELBAGAI JENAMA)","1kg","Negeri Sembilan",200,24,29,2.50,2.50,0,0.00
"2023-06-01",918,"MINYAK MASAK PAKET (PELBAGAI JENAMA)","1kg","Negeri Sembilan",228,28,30,2.50,2.50,0,0.00
"2023-07-01",918,"MINYAK MASAK PAKET (PELBAGAI JENAMA)","1kg","Negeri Sembilan",243,30,26,2.50,2.50,0,0.00
"2023-08-01",918,"MINYAK MASAK PAKET (PELBAGAI JENAMA)","1kg","Negeri Sembilan",217,27,27,2.50,2.50,0,0.00
"2023-09-01",918,"MINYAK MASAK PAKET (PELBAGAI JENAMA)","1kg","Negeri Sembilan",148,27,21,2.50,2.50,0,0.00
"2023-10-01",918,"MINYAK MASAK PAKET (PELBAGAI JENAMA)","1kg","Negeri Sembilan",100,29,22,2.50,2.50,0,0.00
"2023-11-01",918,"MINYAK MASAK PAKET (PELBAGAI JENAMA)","1kg","Negeri Sembilan",78,24,21,2.50,2.50,0,0.00
"2023-12-01",918,"MINYAK MASAK PAKET (PELBAGAI JENAMA)","1kg","Negeri Sembilan",80,24,16,2.50,2.50,0,0.00
"2024-01-01",918,"MINYAK MASAK PAKET (PELBAGAI JENAMA)","1kg","Negeri Sembilan",40,20,12,2.50,2.50,0,0.00
"2024-02-01",918,"MINYAK MASAK PAKET (PELBAGAI JENAMA)","1kg","Negeri Sembilan",11,4,5,2.50,2.50,0,0.00
"2024-03-01",918,"MINYAK MASAK PAKET (PELBAGAI JENAMA)","1kg","Negeri Sembilan",15,4,7,2.50,2.50,0,0.00
"2024-04-01",918,"MINYAK MASAK PAKET (PELBAGAI JENAMA)","1kg","Negeri Sembilan",24,5,8,2.50,2.50,0,0.00
"2024-05-01",918,"MINYAK MASAK PAKET (PELBAGAI JENAMA)","1kg","Negeri Sembilan",24,5,9,2.50,2.50,0,0.00
"2024-06-01",918,"MINYAK MASAK PAKET (PELBAGAI JENAMA)","1kg","Negeri Sembilan",12,3,9,2.50,2.50,0,0.00
"2024-07-01",918,"MINYAK MASAK PAKET (PELBAGAI JENAMA)","1kg","Negeri Sembilan",17,5,7,2.50,2.50,0,0.00
"2024-08-01",918,"MINYAK MASAK PAKET (PELBAGAI JENAMA)","1kg","Negeri Sembilan",7,3,4,2.50,2.50,0,0.00
"2024-09-01",918,"MINYAK MASAK PAKET (PELBAGAI JENAMA)","1kg","Negeri Sembilan",10,5,6,2.50,2.50,0,0.00
"2024-10-01",918,"MINYAK MASAK PAKET (PELBAGAI JENAMA)","1kg","Negeri Sembilan",5,4,4,2.50,2.50,0,0.00
"2024-11-01",918,"MINYAK MASAK PAKET (PELBAGAI JENAMA)","1kg","Negeri Sembilan",11,4,6,2.50,2.50,0,0.00
"2024-12-01",918,"MINYAK MASAK PAKET (PELBAGAI JENAMA)","1kg","Negeri Sembilan",12,4,4,2.50,2.50,0,0.00
"2025-01-01",918,"MINYAK MASAK PAKET (PELBAGAI JENAMA)","1kg","Negeri Sembilan",18,5,7,2.50,2.50,0,0.00
"2025-02-01",918,"MINYAK MASAK PAKET (PELBAGAI JENAMA)","1kg","Negeri Sembilan",18,4,7,2.50,2.50,0,0.00
"2025-03-01",918,"MINYAK MASAK PAKET (PELBAGAI JENAMA)","1kg","Negeri Sembilan",24,5,12,2.50,2.50,0,0.00
"2025-04-01",918,"MINYAK MASAK PAKET (PELBAGAI JENAMA)","1kg","Negeri Sembilan",18,4,8,2.50,2.50,0,0.00
"2025-05-01",918,"MINYAK MASAK PAKET (PELBAGAI JENAMA)","1kg","Negeri Sembilan",37,5,13,2.50,2.50,0,0.00
"2025-06-01",918,"MINYAK MASAK PAKET (PELBAGAI JENAMA)","1kg","Negeri Sembilan",18,4,6,2.50,2.50,0,0.00
"2025-07-01",918,"MINYAK MASAK PAKET (PELBAGAI JENAMA)","1kg","Negeri Sembilan",33,4,14,2.50,2.50,0,0.00
"2025-08-01",918,"MINYAK MASAK PAKET (PELBAGAI JENAMA)","1kg","Negeri Sembilan",64,5,20,2.50,2.50,0,0.00
"2025-09-01",918,"MINYAK MASAK PAKET (PELBAGAI JENAMA)","1kg","Negeri Sembilan",45,4,18,2.50,2.50,0,0.00
"2025-10-01",918,"MINYAK MASAK PAKET (PELBAGAI JENAMA)","1kg","Negeri Sembilan",46,4,16,2.50,2.50,0,0.00
"2025-11-01",918,"MINYAK MASAK PAKET (PELBAGAI JENAMA)","1kg","Negeri Sembilan",49,4,16,2.50,2.50,0,0.00
"2025-12-01",918,"MINYAK MASAK PAKET (PELBAGAI JENAMA)","1kg","Negeri Sembilan",70,4,26,2.50,2.50,0,0.00
"2023-01-01",918,"MINYAK MASAK PAKET (PELBAGAI JENAMA)","1kg","Pahang",679,27,62,2.50,2.50,0,0.00
"2023-02-01",918,"MINYAK MASAK PAKET (PELBAGAI JENAMA)","1kg","Pahang",684,27,59,2.50,2.50,0,0.00
"2023-03-01",918,"MINYAK MASAK PAKET (PELBAGAI JENAMA)","1kg","Pahang",822,31,60,2.50,2.50,0,0.00
"2023-04-01",918,"MINYAK MASAK PAKET (PELBAGAI JENAMA)","1kg","Pahang",752,25,62,2.50,2.50,0,0.00
"2023-05-01",918,"MINYAK MASAK PAKET (PELBAGAI JENAMA)","1kg","Pahang",780,23,67,2.50,2.50,0,0.00
"2023-06-01",918,"MINYAK MASAK PAKET (PELBAGAI JENAMA)","1kg","Pahang",985,28,70,2.50,2.50,0,0.00
"2023-07-01",918,"MINYAK MASAK PAKET (PELBAGAI JENAMA)","1kg","Pahang",828,28,61,2.50,2.50,0,0.00
"2023-08-01",918,"MINYAK MASAK PAKET (PELBAGAI JENAMA)","1kg","Pahang",813,29,63,2.50,2.50,0,0.00
"2023-09-01",918,"MINYAK MASAK PAKET (PELBAGAI JENAMA)","1kg","Pahang",600,27,60,2.50,2.50,0,0.00
"2023-10-01",918,"MINYAK MASAK PAKET (PELBAGAI JENAMA)","1kg","Pahang",682,30,62,2.50,2.50,0,0.00
"2023-11-01",918,"MINYAK MASAK PAKET (PELBAGAI JENAMA)","1kg","Pahang",538,26,56,2.50,2.50,0,0.00
"2023-12-01",918,"MINYAK MASAK PAKET (PELBAGAI JENAMA)","1kg","Pahang",538,24,58,2.50,2.50,0,0.00
"2024-01-01",918,"MINYAK MASAK PAKET (PELBAGAI JENAMA)","1kg","Pahang",443,25,54,2.50,2.50,0,0.00
"2024-02-01",918,"MINYAK MASAK PAKET (PELBAGAI JENAMA)","1kg","Pahang",91,6,38,2.50,2.50,0,0.00
"2024-03-01",918,"MINYAK MASAK PAKET (PELBAGAI JENAMA)","1kg","Pahang",108,8,44,2.50,2.50,0,0.00
"2024-04-01",918,"MINYAK MASAK PAKET (PELBAGAI JENAMA)","1kg","Pahang",153,7,51,2.50,2.50,0,0.00
"2024-05-01",918,"MINYAK MASAK PAKET (PELBAGAI JENAMA)","1kg","Pahang",186,7,60,2.50,2.50,0,0.00
"2024-06-01",918,"MINYAK MASAK PAKET (PELBAGAI JENAMA)","1kg","Pahang",126,6,56,2.50,2.50,0,0.00
"2024-07-01",918,"MINYAK MASAK PAKET (PELBAGAI JENAMA)","1kg","Pahang",223,6,67,2.50,2.50,0,0.00
"2024-08-01",918,"MINYAK MASAK PAKET (PELBAGAI JENAMA)","1kg","Pahang",104,5,49,2.50,2.50,0,0.00
"2024-09-01",918,"MINYAK MASAK PAKET (PELBAGAI JENAMA)","1kg","Pahang",155,6,57,2.50,2.50,0,0.00
"2024-10-01",918,"MINYAK MASAK PAKET (PELBAGAI JENAMA)","1kg","Pahang",134,7,50,2.50,2.50,0,0.00
"2024-11-01",918,"MINYAK MASAK PAKET (PELBAGAI JENAMA)","1kg","Pahang",112,6,45,2.50,2.50,0,0.00
"2024-12-01",918,"MINYAK MASAK PAKET (PELBAGAI JENAMA)","1kg","Pahang",99,7,43,2.50,2.50,0,0.00
"2025-01-01",918,"MINYAK MASAK PAKET (PELBAGAI JENAMA)","1kg","Pahang",120,8,48,2.50,2.50,0,0.00
"2025-02-01",918,"MINYAK MASAK PAKET (PELBAGAI JENAMA)","1kg","Pahang",79,5,36,2.50,2.50,0,0.00
"2025-03-01",918,"MINYAK MASAK PAKET (PELBAGAI JENAMA)","1kg","Pahang",143,7,59,2.50,2.50,0,0.00
"2025-04-01",918,"MINYAK MASAK PAKET (PELBAGAI JENAMA)","1kg","Pahang",135,6,55,2.50,2.50,0,0.00
"2025-05-01",918,"MINYAK MASAK PAKET (PELBAGAI JENAMA)","1kg","Pahang",211,6,72,2.50,2.50,0,0.00
"2025-06-01",918,"MINYAK MASAK PAKET (PELBAGAI JENAMA)","1kg","Pahang",163,7,66,2.50,2.50,0,0.00
"2025-07-01",918,"MINYAK MASAK PAKET (PELBAGAI JENAMA)","1kg","Pahang",153,8,61,2.50,2.50,0,0.00
"2025-08-01",918,"MINYAK MASAK PAKET (PELBAGAI JENAMA)","1kg","Pahang",225,7,73,2.50,2.50,0,0.00
"2025-09-01",918,"MINYAK MASAK PAKET (PELBAGAI JENAMA)","1kg","Pahang",162,6,66,2.50,2.50,0,0.00
"2025-10-01",918,"MINYAK MASAK PAKET (PELBAGAI JENAMA)","1kg","Pahang",183,6,70,2.50,2.50,0,0.00
"2025-11-01",918,"MINYAK MASAK PAKET (PELBAGAI JENAMA)","1kg","Pahang",170,5,63,2.50,2.50,0,0.00
"2025-12-01",918,"MINYAK MASAK PAKET (PELBAGAI JENAMA)","1kg","Pahang",160,4,63,2.50,2.50,0,0.00
"2023-01-01",918,"MINYAK MASAK PAKET (PELBAGAI JENAMA)","1kg","Perak",213,27,46,2.50,2.50,0,0.00
"2023-02-01",918,"MINYAK MASAK PAKET (PELBAGAI JENAMA)","1kg","Perak",213,25,48,2.50,2.50,0,0.00
"2023-03-01",918,"MINYAK MASAK PAKET (PELBAGAI JENAMA)","1kg","Perak",380,31,59,2.50,2.50,0,0.00
"2023-04-01",918,"MINYAK MASAK PAKET (PELBAGAI JENAMA)","1kg","Perak",301,25,50,2.50,2.50,0,0.00
"2023-05-01",918,"MINYAK MASAK PAKET (PELBAGAI JENAMA)","1kg","Perak",274,24,55,2.50,2.50,0,0.00
"2023-06-01",918,"MINYAK MASAK PAKET (PELBAGAI JENAMA)","1kg","Perak",304,28,54,2.50,2.50,0,0.00
"2023-07-01",918,"MINYAK MASAK PAKET (PELBAGAI JENAMA)","1kg","Perak",289,30,54,2.50,2.50,0,0.00
"2023-08-01",918,"MINYAK MASAK PAKET (PELBAGAI JENAMA)","1kg","Perak",227,29,50,2.50,2.50,0,0.00
"2023-09-01",918,"MINYAK MASAK PAKET (PELBAGAI JENAMA)","1kg","Perak",144,27,45,2.50,2.50,0,0.00
"2023-10-01",918,"MINYAK MASAK PAKET (PELBAGAI JENAMA)","1kg","Perak",154,30,38,2.50,2.50,0,0.00
"2023-11-01",918,"MINYAK MASAK PAKET (PELBAGAI JENAMA)","1kg","Perak",127,21,37,2.50,2.50,0,0.00
"2023-12-01",918,"MINYAK MASAK PAKET (PELBAGAI JENAMA)","1kg","Perak",131,23,38,2.50,2.50,0,0.00
"2024-01-01",918,"MINYAK MASAK PAKET (PELBAGAI JENAMA)","1kg","Perak",112,19,37,2.50,2.50,0,0.00
"2024-02-01",918,"MINYAK MASAK PAKET (PELBAGAI JENAMA)","1kg","Perak",70,4,30,2.50,2.50,0,0.00
"2024-03-01",918,"MINYAK MASAK PAKET (PELBAGAI JENAMA)","1kg","Perak",86,4,33,2.50,2.50,0,0.00
"2024-04-01",918,"MINYAK MASAK PAKET (PELBAGAI JENAMA)","1kg","Perak",110,5,32,2.50,2.50,0,0.00
"2024-05-01",918,"MINYAK MASAK PAKET (PELBAGAI JENAMA)","1kg","Perak",126,5,39,2.50,2.50,0,0.00
"2024-06-01",918,"MINYAK MASAK PAKET (PELBAGAI JENAMA)","1kg","Perak",82,3,39,2.50,2.50,0,0.00
"2024-07-01",918,"MINYAK MASAK PAKET (PELBAGAI JENAMA)","1kg","Perak",120,5,40,2.50,2.50,1,0.00
"2024-08-01",918,"MINYAK MASAK PAKET (PELBAGAI JENAMA)","1kg","Perak",74,3,31,2.50,2.50,0,0.00
"2024-09-01",918,"MINYAK MASAK PAKET (PELBAGAI JENAMA)","1kg","Perak",93,5,27,2.50,2.50,0,0.00
"2024-10-01",918,"MINYAK MASAK PAKET (PELBAGAI JENAMA)","1kg","Perak",95,4,33,2.50,2.50,0,0.00
"2024-11-01",918,"MINYAK MASAK PAKET (PELBAGAI JENAMA)","1kg","Perak",63,4,22,2.50,2.50,0,0.00
"2024-12-01",918,"MINYAK MASAK PAKET (PELBAGAI JENAMA)","1kg","Perak",76,4,27,2.50,2.50,0,0.00
"2025-01-01",918,"MINYAK MASAK PAKET (PELBAGAI JENAMA)","1kg","Perak",97,5,27,2.50,2.50,0,0.00
"2025-02-01",918,"MINYAK MASAK PAKET (PELBAGAI JENAMA)","1kg","Perak",72,4,26,2.50,2.50,0,0.00
"2025-03-01",918,"MINYAK MASAK PAKET (PELBAGAI JENAMA)","1kg","Perak",102,5,34,2.50,2.50,0,0.00
"2025-04-01",918,"MINYAK MASAK PAKET (PELBAGAI JENAMA)","1kg","Perak",72,4,28,2.50,2.50,0,0.00
"2025-05-01",918,"MINYAK MASAK PAKET (PELBAGAI JENAMA)","1kg","Perak",117,5,38,2.50,2.50,0,0.00
"2025-06-01",918,"MINYAK MASAK PAKET (PELBAGAI JENAMA)","1kg","Perak",94,4,37,2.50,2.50,0,0.00
"2025-07-01",918,"MINYAK MASAK PAKET (PELBAGAI JENAMA)","1kg","Perak",124,4,55,2.50,2.50,0,0.00
"2025-08-01",918,"MINYAK MASAK PAKET (PELBAGAI JENAMA)","1kg","Perak",154,5,54,2.50,2.50,0,0.00
"2025-09-01",918,"MINYAK MASAK PAKET (PELBAGAI JENAMA)","1kg","Perak",110,4,45,2.50,2.50,0,0.00
"2025-10-01",918,"MINYAK MASAK PAKET (PELBAGAI JENAMA)","1kg","Perak",125,4,41,2.50,2.50,0,0.00
"2025-11-01",918,"MINYAK MASAK PAKET (PELBAGAI JENAMA)","1kg","Perak",140,4,51,2.50,2.50,0,0.00
"2025-12-01",918,"MINYAK MASAK PAKET (PELBAGAI JENAMA)","1kg","Perak",153,4,54,2.50,2.50,0,0.00
"2023-01-01",918,"MINYAK MASAK PAKET (PELBAGAI JENAMA)","1kg","Perlis",299,28,36,2.50,2.50,0,0.00
"2023-02-01",918,"MINYAK MASAK PAKET (PELBAGAI JENAMA)","1kg","Perlis",278,26,36,2.50,2.50,0,0.00
"2023-03-01",918,"MINYAK MASAK PAKET (PELBAGAI JENAMA)","1kg","Perlis",365,31,36,2.50,2.50,0,0.00
"2023-04-01",918,"MINYAK MASAK PAKET (PELBAGAI JENAMA)","1kg","Perlis",322,25,37,2.50,2.50,0,0.00
"2023-05-01",918,"MINYAK MASAK PAKET (PELBAGAI JENAMA)","1kg","Perlis",291,23,36,2.50,2.50,0,0.00
"2023-06-01",918,"MINYAK MASAK PAKET (PELBAGAI JENAMA)","1kg","Perlis",329,27,38,2.50,2.50,0,0.00
"2023-07-01",918,"MINYAK MASAK PAKET (PELBAGAI JENAMA)","1kg","Perlis",382,30,41,2.50,2.50,0,0.00
"2023-08-01",918,"MINYAK MASAK PAKET (PELBAGAI JENAMA)","1kg","Perlis",364,29,41,2.50,2.50,0,0.00
"2023-09-01",918,"MINYAK MASAK PAKET (PELBAGAI JENAMA)","1kg","Perlis",234,27,34,2.50,2.50,0,0.00
"2023-10-01",918,"MINYAK MASAK PAKET (PELBAGAI JENAMA)","1kg","Perlis",264,30,36,2.50,2.50,0,0.00
"2023-11-01",918,"MINYAK MASAK PAKET (PELBAGAI JENAMA)","1kg","Perlis",224,26,35,2.50,2.50,0,0.00
"2023-12-01",918,"MINYAK MASAK PAKET (PELBAGAI JENAMA)","1kg","Perlis",228,24,36,2.50,2.50,0,0.00
"2024-01-01",918,"MINYAK MASAK PAKET (PELBAGAI JENAMA)","1kg","Perlis",255,23,36,2.50,2.50,0,0.00
"2024-02-01",918,"MINYAK MASAK PAKET (PELBAGAI JENAMA)","1kg","Perlis",88,4,32,2.50,2.50,0,0.00
"2024-03-01",918,"MINYAK MASAK PAKET (PELBAGAI JENAMA)","1kg","Perlis",108,4,33,2.50,2.50,0,0.00
"2024-04-01",918,"MINYAK MASAK PAKET (PELBAGAI JENAMA)","1kg","Perlis",155,5,39,2.50,2.50,0,0.00
"2024-05-01",918,"MINYAK MASAK PAKET (PELBAGAI JENAMA)","1kg","Perlis",168,5,37,2.50,2.50,0,0.00
"2024-06-01",918,"MINYAK MASAK PAKET (PELBAGAI JENAMA)","1kg","Perlis",99,3,37,2.50,2.50,0,0.00
"2024-07-01",918,"MINYAK MASAK PAKET (PELBAGAI JENAMA)","1kg","Perlis",161,5,38,2.50,2.50,0,0.00
"2024-08-01",918,"MINYAK MASAK PAKET (PELBAGAI JENAMA)","1kg","Perlis",79,3,35,2.50,2.50,0,0.00
"2024-09-01",918,"MINYAK MASAK PAKET (PELBAGAI JENAMA)","1kg","Perlis",126,5,36,2.50,2.50,0,0.00
"2024-10-01",918,"MINYAK MASAK PAKET (PELBAGAI JENAMA)","1kg","Perlis",63,4,25,2.50,2.50,0,0.00
"2024-11-01",918,"MINYAK MASAK PAKET (PELBAGAI JENAMA)","1kg","Perlis",51,4,24,2.50,2.50,0,0.00
"2024-12-01",918,"MINYAK MASAK PAKET (PELBAGAI JENAMA)","1kg","Perlis",56,4,25,2.50,2.50,0,0.00
"2025-01-01",918,"MINYAK MASAK PAKET (PELBAGAI JENAMA)","1kg","Perlis",76,5,30,2.50,2.50,0,0.00
"2025-02-01",918,"MINYAK MASAK PAKET (PELBAGAI JENAMA)","1kg","Perlis",55,4,21,2.50,2.50,0,0.00
"2025-03-01",918,"MINYAK MASAK PAKET (PELBAGAI JENAMA)","1kg","Perlis",110,5,30,2.50,2.50,0,0.00
"2025-04-01",918,"MINYAK MASAK PAKET (PELBAGAI JENAMA)","1kg","Perlis",94,4,29,2.50,2.50,0,0.00
"2025-05-01",918,"MINYAK MASAK PAKET (PELBAGAI JENAMA)","1kg","Perlis",112,5,28,2.50,2.50,0,0.00
"2025-06-01",918,"MINYAK MASAK PAKET (PELBAGAI JENAMA)","1kg","Perlis",91,4,30,2.50,2.50,0,0.00
"2025-07-01",918,"MINYAK MASAK PAKET (PELBAGAI JENAMA)","1kg","Perlis",73,4,28,2.50,2.50,0,0.00
"2025-08-01",918,"MINYAK MASAK PAKET (PELBAGAI JENAMA)","1kg","Perlis",61,5,20,2.50,2.50,0,0.00
"2025-09-01",918,"MINYAK MASAK PAKET (PELBAGAI JENAMA)","1kg","Perlis",65,4,21,2.50,2.50,0,0.00
"2025-10-01",918,"MINYAK MASAK PAKET (PELBAGAI JENAMA)","1kg","Perlis",68,4,21,2.50,2.50,0,0.00
"2025-11-01",918,"MINYAK MASAK PAKET (PELBAGAI JENAMA)","1kg","Perlis",64,4,21,2.50,2.50,0,0.00
"2025-12-01",918,"MINYAK MASAK PAKET (PELBAGAI JENAMA)","1kg","Perlis",65,4,21,2.50,2.50,0,0.00
"2023-01-01",918,"MINYAK MASAK PAKET (PELBAGAI JENAMA)","1kg","Pulau Pinang",188,25,44,2.50,2.50,0,0.00
"2023-02-01",918,"MINYAK MASAK PAKET (PELBAGAI JENAMA)","1kg","Pulau Pinang",197,25,39,2.50,2.50,0,0.00
"2023-03-01",918,"MINYAK MASAK PAKET (PELBAGAI JENAMA)","1kg","Pulau Pinang",222,31,43,2.50,2.50,0,0.00
"2023-04-01",918,"MINYAK MASAK PAKET (PELBAGAI JENAMA)","1kg","Pulau Pinang",225,25,45,2.50,2.50,0,0.00
"2023-05-01",918,"MINYAK MASAK PAKET (PELBAGAI JENAMA)","1kg","Pulau Pinang",210,24,46,2.50,2.50,0,0.00
"2023-06-01",918,"MINYAK MASAK PAKET (PELBAGAI JENAMA)","1kg","Pulau Pinang",205,28,42,2.50,2.50,0,0.00
"2023-07-01",918,"MINYAK MASAK PAKET (PELBAGAI JENAMA)","1kg","Pulau Pinang",240,28,47,2.50,2.50,0,0.00
"2023-08-01",918,"MINYAK MASAK PAKET (PELBAGAI JENAMA)","1kg","Pulau Pinang",235,28,48,2.50,2.50,0,0.00
"2023-09-01",918,"MINYAK MASAK PAKET (PELBAGAI JENAMA)","1kg","Pulau Pinang",193,27,48,2.50,2.50,0,0.00
"2023-10-01",918,"MINYAK MASAK PAKET (PELBAGAI JENAMA)","1kg","Pulau Pinang",174,27,39,2.50,2.50,0,0.00
"2023-11-01",918,"MINYAK MASAK PAKET (PELBAGAI JENAMA)","1kg","Pulau Pinang",122,20,35,2.50,2.50,0,0.00
"2023-12-01",918,"MINYAK MASAK PAKET (PELBAGAI JENAMA)","1kg","Pulau Pinang",127,21,33,2.50,2.50,0,0.00
"2024-01-01",918,"MINYAK MASAK PAKET (PELBAGAI JENAMA)","1kg","Pulau Pinang",154,25,34,2.50,2.50,0,0.00
"2024-02-01",918,"MINYAK MASAK PAKET (PELBAGAI JENAMA)","1kg","Pulau Pinang",86,5,26,2.50,2.50,0,0.00
"2024-03-01",918,"MINYAK MASAK PAKET (PELBAGAI JENAMA)","1kg","Pulau Pinang",89,5,29,2.50,2.50,0,0.00
"2024-04-01",918,"MINYAK MASAK PAKET (PELBAGAI JENAMA)","1kg","Pulau Pinang",106,5,27,2.50,2.50,0,0.00
"2024-05-01",918,"MINYAK MASAK PAKET (PELBAGAI JENAMA)","1kg","Pulau Pinang",105,5,30,2.50,2.50,0,0.00
"2024-06-01",918,"MINYAK MASAK PAKET (PELBAGAI JENAMA)","1kg","Pulau Pinang",69,3,28,2.50,2.50,0,0.00
"2024-07-01",918,"MINYAK MASAK PAKET (PELBAGAI JENAMA)","1kg","Pulau Pinang",105,6,27,2.50,2.50,0,0.00
"2024-08-01",918,"MINYAK MASAK PAKET (PELBAGAI JENAMA)","1kg","Pulau Pinang",58,3,23,2.50,2.50,0,0.00
"2024-09-01",918,"MINYAK MASAK PAKET (PELBAGAI JENAMA)","1kg","Pulau Pinang",105,5,28,2.50,2.50,0,0.00
"2024-10-01",918,"MINYAK MASAK PAKET (PELBAGAI JENAMA)","1kg","Pulau Pinang",93,4,29,2.50,2.50,0,0.00
"2024-11-01",918,"MINYAK MASAK PAKET (PELBAGAI JENAMA)","1kg","Pulau Pinang",89,4,26,2.50,2.50,0,0.00
"2024-12-01",918,"MINYAK MASAK PAKET (PELBAGAI JENAMA)","1kg","Pulau Pinang",88,4,28,2.50,2.50,0,0.00
"2025-01-01",918,"MINYAK MASAK PAKET (PELBAGAI JENAMA)","1kg","Pulau Pinang",107,5,32,2.50,2.50,0,0.00
"2025-02-01",918,"MINYAK MASAK PAKET (PELBAGAI JENAMA)","1kg","Pulau Pinang",84,4,29,2.50,2.50,0,0.00
"2025-03-01",918,"MINYAK MASAK PAKET (PELBAGAI JENAMA)","1kg","Pulau Pinang",113,5,30,2.50,2.50,0,0.00
"2025-04-01",918,"MINYAK MASAK PAKET (PELBAGAI JENAMA)","1kg","Pulau Pinang",95,4,31,2.50,2.50,0,0.00
"2025-05-01",918,"MINYAK MASAK PAKET (PELBAGAI JENAMA)","1kg","Pulau Pinang",124,6,35,2.50,2.50,0,0.00
"2025-06-01",918,"MINYAK MASAK PAKET (PELBAGAI JENAMA)","1kg","Pulau Pinang",107,4,34,2.50,2.50,0,0.00
"2025-07-01",918,"MINYAK MASAK PAKET (PELBAGAI JENAMA)","1kg","Pulau Pinang",113,4,42,2.50,2.50,0,0.00
"2025-08-01",918,"MINYAK MASAK PAKET (PELBAGAI JENAMA)","1kg","Pulau Pinang",179,5,54,2.50,2.50,0,0.00
"2025-09-01",918,"MINYAK MASAK PAKET (PELBAGAI JENAMA)","1kg","Pulau Pinang",123,4,42,2.50,2.50,0,0.00
"2025-10-01",918,"MINYAK MASAK PAKET (PELBAGAI JENAMA)","1kg","Pulau Pinang",121,4,42,2.50,2.50,0,0.00
"2025-11-01",918,"MINYAK MASAK PAKET (PELBAGAI JENAMA)","1kg","Pulau Pinang",135,4,50,2.50,2.50,0,0.00
"2025-12-01",918,"MINYAK MASAK PAKET (PELBAGAI JENAMA)","1kg","Pulau Pinang",117,4,43,2.50,2.50,0,0.00
"2023-01-01",918,"MINYAK MASAK PAKET (PELBAGAI JENAMA)","1kg","Sabah",432,27,29,2.50,2.50,0,0.00
"2023-02-01",918,"MINYAK MASAK PAKET (PELBAGAI JENAMA)","1kg","Sabah",439,27,32,2.50,2.50,0,0.00
"2023-03-01",918,"MINYAK MASAK PAKET (PELBAGAI JENAMA)","1kg","Sabah",473,31,28,2.50,2.50,0,0.00
"2023-04-01",918,"MINYAK MASAK PAKET (PELBAGAI JENAMA)","1kg","Sabah",408,25,33,2.50,2.50,0,0.00
"2023-05-01",918,"MINYAK MASAK PAKET (PELBAGAI JENAMA)","1kg","Sabah",372,22,34,2.50,2.50,0,0.00
"2023-06-01",918,"MINYAK MASAK PAKET (PELBAGAI JENAMA)","1kg","Sabah",629,28,43,2.50,2.50,0,0.00
"2023-07-01",918,"MINYAK MASAK PAKET (PELBAGAI JENAMA)","1kg","Sabah",671,30,45,2.50,2.50,0,0.00
"2023-08-01",918,"MINYAK MASAK PAKET (PELBAGAI JENAMA)","1kg","Sabah",699,29,43,2.50,2.50,0,0.00
"2023-09-01",918,"MINYAK MASAK PAKET (PELBAGAI JENAMA)","1kg","Sabah",609,27,40,2.50,2.50,0,0.00
"2023-10-01",918,"MINYAK MASAK PAKET (PELBAGAI JENAMA)","1kg","Sabah",663,29,46,2.50,2.50,0,0.00
"2023-11-01",918,"MINYAK MASAK PAKET (PELBAGAI JENAMA)","1kg","Sabah",500,27,29,2.50,2.50,0,0.00
"2023-12-01",918,"MINYAK MASAK PAKET (PELBAGAI JENAMA)","1kg","Sabah",446,23,30,2.50,2.50,0,0.00
"2024-01-01",918,"MINYAK MASAK PAKET (PELBAGAI JENAMA)","1kg","Sabah",385,24,29,2.50,2.50,0,0.00
"2024-02-01",918,"MINYAK MASAK PAKET (PELBAGAI JENAMA)","1kg","Sabah",76,7,23,2.50,2.50,0,0.00
"2024-03-01",918,"MINYAK MASAK PAKET (PELBAGAI JENAMA)","1kg","Sabah",64,5,19,2.50,2.50,0,0.00
"2024-04-01",918,"MINYAK MASAK PAKET (PELBAGAI JENAMA)","1kg","Sabah",76,5,19,2.50,2.50,1,0.00
"2024-05-01",918,"MINYAK MASAK PAKET (PELBAGAI JENAMA)","1kg","Sabah",85,5,22,2.50,2.50,0,0.00
"2024-06-01",918,"MINYAK MASAK PAKET (PELBAGAI JENAMA)","1kg","Sabah",41,3,16,2.50,2.50,0,0.00
"2024-07-01",918,"MINYAK MASAK PAKET (PELBAGAI JENAMA)","1kg","Sabah",65,5,16,2.50,2.50,0,0.00
"2024-08-01",918,"MINYAK MASAK PAKET (PELBAGAI JENAMA)","1kg","Sabah",37,3,17,2.50,2.50,0,0.00
"2024-09-01",918,"MINYAK MASAK PAKET (PELBAGAI JENAMA)","1kg","Sabah",72,7,18,2.50,2.50,0,0.00
"2024-10-01",918,"MINYAK MASAK PAKET (PELBAGAI JENAMA)","1kg","Sabah",65,4,19,2.50,2.50,0,0.00
"2024-11-01",918,"MINYAK MASAK PAKET (PELBAGAI JENAMA)","1kg","Sabah",73,4,20,2.50,2.50,0,0.00
"2024-12-01",918,"MINYAK MASAK PAKET (PELBAGAI JENAMA)","1kg","Sabah",77,5,22,2.50,2.50,0,0.00
"2025-01-01",918,"MINYAK MASAK PAKET (PELBAGAI JENAMA)","1kg","Sabah",90,5,23,2.50,2.50,0,0.00
"2025-02-01",918,"MINYAK MASAK PAKET (PELBAGAI JENAMA)","1kg","Sabah",62,4,17,2.50,2.50,0,0.00
"2025-03-01",918,"MINYAK MASAK PAKET (PELBAGAI JENAMA)","1kg","Sabah",79,5,20,2.50,2.50,0,0.00
"2025-04-01",918,"MINYAK MASAK PAKET (PELBAGAI JENAMA)","1kg","Sabah",59,4,20,2.50,2.50,0,0.00
"2025-05-01",918,"MINYAK MASAK PAKET (PELBAGAI JENAMA)","1kg","Sabah",71,5,20,2.50,2.50,0,0.00
"2025-06-01",918,"MINYAK MASAK PAKET (PELBAGAI JENAMA)","1kg","Sabah",79,4,27,2.50,2.50,0,0.00
"2025-07-01",918,"MINYAK MASAK PAKET (PELBAGAI JENAMA)","1kg","Sabah",111,4,49,2.50,2.50,0,0.00
"2025-08-01",918,"MINYAK MASAK PAKET (PELBAGAI JENAMA)","1kg","Sabah",161,5,51,2.50,2.50,0,0.00
"2025-09-01",918,"MINYAK MASAK PAKET (PELBAGAI JENAMA)","1kg","Sabah",133,4,44,2.50,2.50,0,0.00
"2025-10-01",918,"MINYAK MASAK PAKET (PELBAGAI JENAMA)","1kg","Sabah",153,4,55,2.50,2.50,0,0.00
"2025-11-01",918,"MINYAK MASAK PAKET (PELBAGAI JENAMA)","1kg","Sabah",156,4,57,2.50,2.50,0,0.00
"2025-12-01",918,"MINYAK MASAK PAKET (PELBAGAI JENAMA)","1kg","Sabah",164,5,55,2.50,2.50,0,0.00
"2023-01-01",918,"MINYAK MASAK PAKET (PELBAGAI JENAMA)","1kg","Sarawak",314,27,48,2.50,2.50,0,0.00
"2023-02-01",918,"MINYAK MASAK PAKET (PELBAGAI JENAMA)","1kg","Sarawak",381,27,51,2.50,2.50,0,0.00
"2023-03-01",918,"MINYAK MASAK PAKET (PELBAGAI JENAMA)","1kg","Sarawak",402,31,47,2.50,2.50,0,0.00
"2023-04-01",918,"MINYAK MASAK PAKET (PELBAGAI JENAMA)","1kg","Sarawak",400,25,45,2.50,2.50,0,0.00
"2023-05-01",918,"MINYAK MASAK PAKET (PELBAGAI JENAMA)","1kg","Sarawak",488,24,54,2.50,2.50,0,0.00
"2023-06-01",918,"MINYAK MASAK PAKET (PELBAGAI JENAMA)","1kg","Sarawak",414,26,51,2.50,2.50,0,0.00
"2023-07-01",918,"MINYAK MASAK PAKET (PELBAGAI JENAMA)","1kg","Sarawak",468,29,59,2.50,2.50,0,0.00
"2023-08-01",918,"MINYAK MASAK PAKET (PELBAGAI JENAMA)","1kg","Sarawak",448,29,54,2.50,2.50,0,0.00
"2023-09-01",918,"MINYAK MASAK PAKET (PELBAGAI JENAMA)","1kg","Sarawak",374,27,48,2.50,2.50,0,0.00
"2023-10-01",918,"MINYAK MASAK PAKET (PELBAGAI JENAMA)","1kg","Sarawak",379,29,46,2.50,2.50,0,0.00
"2023-11-01",918,"MINYAK MASAK PAKET (PELBAGAI JENAMA)","1kg","Sarawak",297,28,43,2.50,2.50,0,0.00
"2023-12-01",918,"MINYAK MASAK PAKET (PELBAGAI JENAMA)","1kg","Sarawak",293,24,42,2.50,2.50,0,0.00
"2024-01-01",918,"MINYAK MASAK PAKET (PELBAGAI JENAMA)","1kg","Sarawak",259,23,46,2.50,2.50,4,0.00
"2024-02-01",918,"MINYAK MASAK PAKET (PELBAGAI JENAMA)","1kg","Sarawak",67,6,23,2.50,2.50,4,0.00
"2024-03-01",918,"MINYAK MASAK PAKET (PELBAGAI JENAMA)","1kg","Sarawak",62,4,25,2.50,2.50,2,0.00
"2024-04-01",918,"MINYAK MASAK PAKET (PELBAGAI JENAMA)","1kg","Sarawak",68,5,23,2.50,2.50,2,0.00
"2024-05-01",918,"MINYAK MASAK PAKET (PELBAGAI JENAMA)","1kg","Sarawak",79,6,25,2.50,2.50,0,0.00
"2024-06-01",918,"MINYAK MASAK PAKET (PELBAGAI JENAMA)","1kg","Sarawak",37,3,21,2.50,2.50,0,0.00
"2024-07-01",918,"MINYAK MASAK PAKET (PELBAGAI JENAMA)","1kg","Sarawak",104,6,34,2.50,2.50,0,0.00
"2024-08-01",918,"MINYAK MASAK PAKET (PELBAGAI JENAMA)","1kg","Sarawak",52,3,23,2.50,2.50,0,0.00
"2024-09-01",918,"MINYAK MASAK PAKET (PELBAGAI JENAMA)","1kg","Sarawak",96,5,33,2.50,2.50,0,0.00
"2024-10-01",918,"MINYAK MASAK PAKET (PELBAGAI JENAMA)","1kg","Sarawak",65,4,25,2.50,2.50,0,0.00
"2024-11-01",918,"MINYAK MASAK PAKET (PELBAGAI JENAMA)","1kg","Sarawak",84,4,42,2.50,2.50,0,0.00
"2024-12-01",918,"MINYAK MASAK PAKET (PELBAGAI JENAMA)","1kg","Sarawak",110,4,50,2.50,2.50,0,0.00
"2025-01-01",918,"MINYAK MASAK PAKET (PELBAGAI JENAMA)","1kg","Sarawak",163,5,61,2.50,2.50,0,0.00
"2025-02-01",918,"MINYAK MASAK PAKET (PELBAGAI JENAMA)","1kg","Sarawak",128,4,54,2.50,2.50,0,0.00
"2025-03-01",918,"MINYAK MASAK PAKET (PELBAGAI JENAMA)","1kg","Sarawak",218,5,76,2.50,2.50,0,0.00
"2025-04-01",918,"MINYAK MASAK PAKET (PELBAGAI JENAMA)","1kg","Sarawak",184,4,69,2.50,2.50,0,0.00
"2025-05-01",918,"MINYAK MASAK PAKET (PELBAGAI JENAMA)","1kg","Sarawak",237,5,79,2.50,2.50,0,0.00
"2025-06-01",918,"MINYAK MASAK PAKET (PELBAGAI JENAMA)","1kg","Sarawak",177,4,80,2.50,2.50,0,0.00
"2025-07-01",918,"MINYAK MASAK PAKET (PELBAGAI JENAMA)","1kg","Sarawak",253,4,113,2.50,2.50,0,0.00
"2025-08-01",918,"MINYAK MASAK PAKET (PELBAGAI JENAMA)","1kg","Sarawak",303,5,101,2.50,2.50,0,0.00
"2025-09-01",918,"MINYAK MASAK PAKET (PELBAGAI JENAMA)","1kg","Sarawak",197,4,80,2.50,2.50,0,0.00
"2025-10-01",918,"MINYAK MASAK PAKET (PELBAGAI JENAMA)","1kg","Sarawak",232,4,94,2.50,2.50,0,0.00
"2025-11-01",918,"MINYAK MASAK PAKET (PELBAGAI JENAMA)","1kg","Sarawak",224,4,90,2.50,2.50,0,0.00
"2025-12-01",918,"MINYAK MASAK PAKET (PELBAGAI JENAMA)","1kg","Sarawak",235,4,96,2.50,2.50,0,0.00
"2023-01-01",918,"MINYAK MASAK PAKET (PELBAGAI JENAMA)","1kg","Selangor",655,27,70,2.50,2.50,0,0.00
"2023-02-01",918,"MINYAK MASAK PAKET (PELBAGAI JENAMA)","1kg","Selangor",679,25,70,2.50,2.50,0,0.00
"2023-03-01",918,"MINYAK MASAK PAKET (PELBAGAI JENAMA)","1kg","Selangor",858,31,63,2.50,2.50,0,0.00
"2023-04-01",918,"MINYAK MASAK PAKET (PELBAGAI JENAMA)","1kg","Selangor",626,25,68,2.50,2.50,0,0.00
"2023-05-01",918,"MINYAK MASAK PAKET (PELBAGAI JENAMA)","1kg","Selangor",565,24,63,2.50,2.50,0,0.00
"2023-06-01",918,"MINYAK MASAK PAKET (PELBAGAI JENAMA)","1kg","Selangor",691,28,61,2.50,2.50,0,0.00
"2023-07-01",918,"MINYAK MASAK PAKET (PELBAGAI JENAMA)","1kg","Selangor",739,30,66,2.50,2.50,0,0.00
"2023-08-01",918,"MINYAK MASAK PAKET (PELBAGAI JENAMA)","1kg","Selangor",505,27,59,2.50,2.50,0,0.00
"2023-09-01",918,"MINYAK MASAK PAKET (PELBAGAI JENAMA)","1kg","Selangor",402,27,50,2.50,2.50,0,0.00
"2023-10-01",918,"MINYAK MASAK PAKET (PELBAGAI JENAMA)","1kg","Selangor",427,30,57,2.50,2.50,0,0.00
"2023-11-01",918,"MINYAK MASAK PAKET (PELBAGAI JENAMA)","1kg","Selangor",302,26,53,2.50,2.50,0,0.00
"2023-12-01",918,"MINYAK MASAK PAKET (PELBAGAI JENAMA)","1kg","Selangor",312,23,47,2.50,2.50,0,0.00
"2024-01-01",918,"MINYAK MASAK PAKET (PELBAGAI JENAMA)","1kg","Selangor",279,23,50,2.50,2.50,0,0.00
"2024-02-01",918,"MINYAK MASAK PAKET (PELBAGAI JENAMA)","1kg","Selangor",68,4,29,2.50,2.50,0,0.00
"2024-03-01",918,"MINYAK MASAK PAKET (PELBAGAI JENAMA)","1kg","Selangor",84,4,34,2.50,2.50,0,0.00
"2024-04-01",918,"MINYAK MASAK PAKET (PELBAGAI JENAMA)","1kg","Selangor",120,6,40,2.50,2.50,0,0.00
"2024-05-01",918,"MINYAK MASAK PAKET (PELBAGAI JENAMA)","1kg","Selangor",116,5,39,2.50,2.50,0,0.00
"2024-06-01",918,"MINYAK MASAK PAKET (PELBAGAI JENAMA)","1kg","Selangor",65,4,29,2.50,2.50,0,0.00
"2024-07-01",918,"MINYAK MASAK PAKET (PELBAGAI JENAMA)","1kg","Selangor",107,5,37,2.50,2.50,0,0.00
"2024-08-01",918,"MINYAK MASAK PAKET (PELBAGAI JENAMA)","1kg","Selangor",47,3,22,2.50,2.50,0,0.00
"2024-09-01",918,"MINYAK MASAK PAKET (PELBAGAI JENAMA)","1kg","Selangor",85,5,33,2.50,2.50,0,0.00
"2024-10-01",918,"MINYAK MASAK PAKET (PELBAGAI JENAMA)","1kg","Selangor",71,4,26,2.50,2.50,0,0.00
"2024-11-01",918,"MINYAK MASAK PAKET (PELBAGAI JENAMA)","1kg","Selangor",56,4,23,2.50,2.50,0,0.00
"2024-12-01",918,"MINYAK MASAK PAKET (PELBAGAI JENAMA)","1kg","Selangor",60,4,25,2.50,2.50,0,0.00
"2025-01-01",918,"MINYAK MASAK PAKET (PELBAGAI JENAMA)","1kg","Selangor",80,5,31,2.50,2.50,0,0.00
"2025-02-01",918,"MINYAK MASAK PAKET (PELBAGAI JENAMA)","1kg","Selangor",49,4,20,2.50,2.50,0,0.00
"2025-03-01",918,"MINYAK MASAK PAKET (PELBAGAI JENAMA)","1kg","Selangor",67,5,29,2.50,2.50,0,0.00
"2025-04-01",918,"MINYAK MASAK PAKET (PELBAGAI JENAMA)","1kg","Selangor",47,4,18,2.50,2.50,0,0.00
"2025-05-01",918,"MINYAK MASAK PAKET (PELBAGAI JENAMA)","1kg","Selangor",86,5,36,2.50,2.50,0,0.00
"2025-06-01",918,"MINYAK MASAK PAKET (PELBAGAI JENAMA)","1kg","Selangor",47,4,21,2.50,2.50,0,0.00
"2025-07-01",918,"MINYAK MASAK PAKET (PELBAGAI JENAMA)","1kg","Selangor",74,4,37,2.50,2.50,0,0.00
"2025-08-01",918,"MINYAK MASAK PAKET (PELBAGAI JENAMA)","1kg","Selangor",114,5,49,2.50,2.50,0,0.00
"2025-09-01",918,"MINYAK MASAK PAKET (PELBAGAI JENAMA)","1kg","Selangor",112,4,47,2.50,2.50,0,0.00
"2025-10-01",918,"MINYAK MASAK PAKET (PELBAGAI JENAMA)","1kg","Selangor",140,4,61,2.50,2.50,0,0.00
"2025-11-01",918,"MINYAK MASAK PAKET (PELBAGAI JENAMA)","1kg","Selangor",125,4,54,2.50,2.50,0,0.00
"2025-12-01",918,"MINYAK MASAK PAKET (PELBAGAI JENAMA)","1kg","Selangor",136,4,53,2.50,2.50,0,0.00
"2023-01-01",918,"MINYAK MASAK PAKET (PELBAGAI JENAMA)","1kg","Terengganu",613,29,88,2.50,2.50,0,0.00
"2023-02-01",918,"MINYAK MASAK PAKET (PELBAGAI JENAMA)","1kg","Terengganu",693,25,90,2.50,2.50,0,0.00
"2023-03-01",918,"MINYAK MASAK PAKET (PELBAGAI JENAMA)","1kg","Terengganu",690,29,93,2.50,2.50,0,0.00
"2023-04-01",918,"MINYAK MASAK PAKET (PELBAGAI JENAMA)","1kg","Terengganu",746,24,96,2.50,2.50,0,0.00
"2023-05-01",918,"MINYAK MASAK PAKET (PELBAGAI JENAMA)","1kg","Terengganu",840,24,101,2.50,2.50,0,0.00
"2023-06-01",918,"MINYAK MASAK PAKET (PELBAGAI JENAMA)","1kg","Terengganu",891,26,104,2.50,2.50,0,0.00
"2023-07-01",918,"MINYAK MASAK PAKET (PELBAGAI JENAMA)","1kg","Terengganu",847,30,95,2.50,2.50,0,0.00
"2023-08-01",918,"MINYAK MASAK PAKET (PELBAGAI JENAMA)","1kg","Terengganu",651,27,82,2.50,2.50,0,0.00
"2023-09-01",918,"MINYAK MASAK PAKET (PELBAGAI JENAMA)","1kg","Terengganu",444,26,74,2.50,2.50,0,0.00
"2023-10-01",918,"MINYAK MASAK PAKET (PELBAGAI JENAMA)","1kg","Terengganu",518,30,86,2.50,2.50,0,0.00
"2023-11-01",918,"MINYAK MASAK PAKET (PELBAGAI JENAMA)","1kg","Terengganu",369,27,78,2.50,2.50,0,0.00
"2023-12-01",918,"MINYAK MASAK PAKET (PELBAGAI JENAMA)","1kg","Terengganu",435,24,80,2.50,2.50,0,0.00
"2024-01-01",918,"MINYAK MASAK PAKET (PELBAGAI JENAMA)","1kg","Terengganu",371,24,73,2.50,2.50,0,0.00
"2024-02-01",918,"MINYAK MASAK PAKET (PELBAGAI JENAMA)","1kg","Terengganu",179,6,61,2.50,2.50,0,0.00
"2024-03-01",918,"MINYAK MASAK PAKET (PELBAGAI JENAMA)","1kg","Terengganu",133,4,58,2.50,2.50,0,0.00
"2024-04-01",918,"MINYAK MASAK PAKET (PELBAGAI JENAMA)","1kg","Terengganu",236,5,65,2.50,2.50,0,0.00
"2024-05-01",918,"MINYAK MASAK PAKET (PELBAGAI JENAMA)","1kg","Terengganu",273,5,81,2.50,2.50,0,0.00
"2024-06-01",918,"MINYAK MASAK PAKET (PELBAGAI JENAMA)","1kg","Terengganu",149,3,67,2.50,2.50,0,0.00
"2024-07-01",918,"MINYAK MASAK PAKET (PELBAGAI JENAMA)","1kg","Terengganu",223,5,73,2.50,2.50,0,0.00
"2024-08-01",918,"MINYAK MASAK PAKET (PELBAGAI JENAMA)","1kg","Terengganu",118,3,56,2.50,2.50,0,0.00
"2024-09-01",918,"MINYAK MASAK PAKET (PELBAGAI JENAMA)","1kg","Terengganu",193,5,64,2.50,2.50,0,0.00
"2024-10-01",918,"MINYAK MASAK PAKET (PELBAGAI JENAMA)","1kg","Terengganu",164,4,66,2.50,2.50,0,0.00
"2024-11-01",918,"MINYAK MASAK PAKET (PELBAGAI JENAMA)","1kg","Terengganu",167,4,66,2.50,2.50,0,0.00
"2024-12-01",918,"MINYAK MASAK PAKET (PELBAGAI JENAMA)","1kg","Terengganu",142,4,60,2.50,2.50,0,0.00
"2025-01-01",918,"MINYAK MASAK PAKET (PELBAGAI JENAMA)","1kg","Terengganu",195,5,64,2.50,2.50,0,0.00
"2025-02-01",918,"MINYAK MASAK PAKET (PELBAGAI JENAMA)","1kg","Terengganu",109,4,48,2.50,2.50,0,0.00
"2025-03-01",918,"MINYAK MASAK PAKET (PELBAGAI JENAMA)","1kg","Terengganu",148,5,54,2.50,2.50,0,0.00
"2025-04-01",918,"MINYAK MASAK PAKET (PELBAGAI JENAMA)","1kg","Terengganu",125,4,48,2.50,2.50,0,0.00
"2025-05-01",918,"MINYAK MASAK PAKET (PELBAGAI JENAMA)","1kg","Terengganu",216,5,62,2.50,2.50,0,0.00
"2025-06-01",918,"MINYAK MASAK PAKET (PELBAGAI JENAMA)","1kg","Terengganu",172,4,68,2.50,2.50,0,0.00
"2025-07-01",918,"MINYAK MASAK PAKET (PELBAGAI JENAMA)","1kg","Terengganu",171,4,69,2.50,2.50,0,0.00
"2025-08-01",918,"MINYAK MASAK PAKET (PELBAGAI JENAMA)","1kg","Terengganu",234,5,75,2.50,2.50,0,0.00
"2025-09-01",918,"MINYAK MASAK PAKET (PELBAGAI JENAMA)","1kg","Terengganu",182,4,64,2.50,2.50,0,0.00
"2025-10-01",918,"MINYAK MASAK PAKET (PELBAGAI JENAMA)","1kg","Terengganu",204,4,71,2.50,2.50,0,0.00
"2025-11-01",918,"MINYAK MASAK PAKET (PELBAGAI JENAMA)","1kg","Terengganu",192,4,68,2.50,2.50,0,0.00
"2025-12-01",918,"MINYAK MASAK PAKET (PELBAGAI JENAMA)","1kg","Terengganu",199,4,73,2.50,2.50,0,0.00
"2023-01-01",918,"MINYAK MASAK PAKET (PELBAGAI JENAMA)","1kg","W.P. Kuala Lumpur",557,27,66,2.50,2.50,0,0.00
"2023-02-01",918,"MINYAK MASAK PAKET (PELBAGAI JENAMA)","1kg","W.P. Kuala Lumpur",526,24,63,2.50,2.50,0,0.00
"2023-03-01",918,"MINYAK MASAK PAKET (PELBAGAI JENAMA)","1kg","W.P. Kuala Lumpur",703,31,64,2.50,2.50,0,0.00
"2023-04-01",918,"MINYAK MASAK PAKET (PELBAGAI JENAMA)","1kg","W.P. Kuala Lumpur",564,25,61,2.50,2.50,0,0.00
"2023-05-01",918,"MINYAK MASAK PAKET (PELBAGAI JENAMA)","1kg","W.P. Kuala Lumpur",570,24,61,2.50,2.50,0,0.00
"2023-06-01",918,"MINYAK MASAK PAKET (PELBAGAI JENAMA)","1kg","W.P. Kuala Lumpur",553,28,59,2.50,2.50,0,0.00
"2023-07-01",918,"MINYAK MASAK PAKET (PELBAGAI JENAMA)","1kg","W.P. Kuala Lumpur",550,30,56,2.50,2.50,0,0.00
"2023-08-01",918,"MINYAK MASAK PAKET (PELBAGAI JENAMA)","1kg","W.P. Kuala Lumpur",407,29,57,2.50,2.50,0,0.00
"2023-09-01",918,"MINYAK MASAK PAKET (PELBAGAI JENAMA)","1kg","W.P. Kuala Lumpur",232,27,47,2.50,2.50,0,0.00
"2023-10-01",918,"MINYAK MASAK PAKET (PELBAGAI JENAMA)","1kg","W.P. Kuala Lumpur",314,30,43,2.50,2.50,0,0.00
"2023-11-01",918,"MINYAK MASAK PAKET (PELBAGAI JENAMA)","1kg","W.P. Kuala Lumpur",262,26,43,2.50,2.50,0,0.00
"2023-12-01",918,"MINYAK MASAK PAKET (PELBAGAI JENAMA)","1kg","W.P. Kuala Lumpur",201,24,44,2.50,2.50,0,0.00
"2024-01-01",918,"MINYAK MASAK PAKET (PELBAGAI JENAMA)","1kg","W.P. Kuala Lumpur",161,24,33,2.50,2.50,0,0.00
"2024-02-01",918,"MINYAK MASAK PAKET (PELBAGAI JENAMA)","1kg","W.P. Kuala Lumpur",36,4,22,2.50,2.50,0,0.00
"2024-03-01",918,"MINYAK MASAK PAKET (PELBAGAI JENAMA)","1kg","W.P. Kuala Lumpur",46,4,20,2.50,2.50,0,0.00
"2024-04-01",918,"MINYAK MASAK PAKET (PELBAGAI JENAMA)","1kg","W.P. Kuala Lumpur",58,5,21,2.50,2.50,0,0.00
"2024-05-01",918,"MINYAK MASAK PAKET (PELBAGAI JENAMA)","1kg","W.P. Kuala Lumpur",70,6,22,2.50,2.50,0,0.00
"2024-06-01",918,"MINYAK MASAK PAKET (PELBAGAI JENAMA)","1kg","W.P. Kuala Lumpur",36,3,21,2.50,2.50,0,0.00
"2024-07-01",918,"MINYAK MASAK PAKET (PELBAGAI JENAMA)","1kg","W.P. Kuala Lumpur",64,5,23,2.50,2.50,0,0.00
"2024-08-01",918,"MINYAK MASAK PAKET (PELBAGAI JENAMA)","1kg","W.P. Kuala Lumpur",32,3,19,2.50,2.50,0,0.00
"2024-09-01",918,"MINYAK MASAK PAKET (PELBAGAI JENAMA)","1kg","W.P. Kuala Lumpur",54,5,27,2.50,2.50,0,0.00
"2024-10-01",918,"MINYAK MASAK PAKET (PELBAGAI JENAMA)","1kg","W.P. Kuala Lumpur",35,4,18,2.50,2.50,0,0.00
"2024-11-01",918,"MINYAK MASAK PAKET (PELBAGAI JENAMA)","1kg","W.P. Kuala Lumpur",24,4,15,2.50,2.50,0,0.00
"2024-12-01",918,"MINYAK MASAK PAKET (PELBAGAI JENAMA)","1kg","W.P. Kuala Lumpur",34,4,15,2.50,2.50,0,0.00
"2025-01-01",918,"MINYAK MASAK PAKET (PELBAGAI JENAMA)","1kg","W.P. Kuala Lumpur",45,5,19,2.50,2.50,0,0.00
"2025-02-01",918,"MINYAK MASAK PAKET (PELBAGAI JENAMA)","1kg","W.P. Kuala Lumpur",45,4,21,2.50,2.50,0,0.00
"2025-03-01",918,"MINYAK MASAK PAKET (PELBAGAI JENAMA)","1kg","W.P. Kuala Lumpur",67,5,21,2.50,2.50,0,0.00
"2025-04-01",918,"MINYAK MASAK PAKET (PELBAGAI JENAMA)","1kg","W.P. Kuala Lumpur",48,4,17,2.50,2.50,0,0.00
"2025-05-01",918,"MINYAK MASAK PAKET (PELBAGAI JENAMA)","1kg","W.P. Kuala Lumpur",77,5,25,2.50,2.50,0,0.00
"2025-06-01",918,"MINYAK MASAK PAKET (PELBAGAI JENAMA)","1kg","W.P. Kuala Lumpur",74,4,32,2.50,2.50,0,0.00
"2025-07-01",918,"MINYAK MASAK PAKET (PELBAGAI JENAMA)","1kg","W.P. Kuala Lumpur",119,4,52,2.50,2.50,0,0.00
"2025-08-01",918,"MINYAK MASAK PAKET (PELBAGAI JENAMA)","1kg","W.P. Kuala Lumpur",187,5,54,2.50,2.50,0,0.00
"2025-09-01",918,"MINYAK MASAK PAKET (PELBAGAI JENAMA)","1kg","W.P. Kuala Lumpur",129,4,43,2.50,2.50,0,0.00
"2025-10-01",918,"MINYAK MASAK PAKET (PELBAGAI JENAMA)","1kg","W.P. Kuala Lumpur",145,4,48,2.50,2.50,0,0.00
"2025-11-01",918,"MINYAK MASAK PAKET (PELBAGAI JENAMA)","1kg","W.P. Kuala Lumpur",159,4,50,2.50,2.50,0,0.00
"2025-12-01",918,"MINYAK MASAK PAKET (PELBAGAI JENAMA)","1kg","W.P. Kuala Lumpur",184,4,58,2.50,2.50,0,0.00
"2023-01-01",918,"MINYAK MASAK PAKET (PELBAGAI JENAMA)","1kg","W.P. Labuan",118,27,10,2.50,2.50,0,0.00
"2023-02-01",918,"MINYAK MASAK PAKET (PELBAGAI JENAMA)","1kg","W.P. Labuan",170,26,11,2.50,2.50,0,0.00
"2023-03-01",918,"MINYAK MASAK PAKET (PELBAGAI JENAMA)","1kg","W.P. Labuan",197,31,12,2.50,2.50,0,0.00
"2023-04-01",918,"MINYAK MASAK PAKET (PELBAGAI JENAMA)","1kg","W.P. Labuan",146,25,11,2.50,2.50,0,0.00
"2023-05-01",918,"MINYAK MASAK PAKET (PELBAGAI JENAMA)","1kg","W.P. Labuan",144,22,11,2.50,2.50,0,0.00
"2023-06-01",918,"MINYAK MASAK PAKET (PELBAGAI JENAMA)","1kg","W.P. Labuan",231,28,13,2.50,2.50,0,0.00
"2023-07-01",918,"MINYAK MASAK PAKET (PELBAGAI JENAMA)","1kg","W.P. Labuan",209,30,13,2.50,2.50,0,0.00
"2023-08-01",918,"MINYAK MASAK PAKET (PELBAGAI JENAMA)","1kg","W.P. Labuan",159,29,9,2.50,2.50,0,0.00
"2023-09-01",918,"MINYAK MASAK PAKET (PELBAGAI JENAMA)","1kg","W.P. Labuan",111,27,7,2.50,2.50,0,0.00
"2023-10-01",918,"MINYAK MASAK PAKET (PELBAGAI JENAMA)","1kg","W.P. Labuan",106,30,6,2.50,2.50,0,0.00
"2023-11-01",918,"MINYAK MASAK PAKET (PELBAGAI JENAMA)","1kg","W.P. Labuan",120,26,7,2.50,2.50,0,0.00
"2023-12-01",918,"MINYAK MASAK PAKET (PELBAGAI JENAMA)","1kg","W.P. Labuan",47,24,4,2.50,2.50,0,0.00
"2024-01-01",918,"MINYAK MASAK PAKET (PELBAGAI JENAMA)","1kg","W.P. Labuan",33,15,6,2.50,2.50,0,0.00
"2024-02-01",918,"MINYAK MASAK PAKET (PELBAGAI JENAMA)","1kg","W.P. Labuan",9,4,3,2.50,2.50,0,0.00
"2024-03-01",918,"MINYAK MASAK PAKET (PELBAGAI JENAMA)","1kg","W.P. Labuan",8,4,3,2.50,2.50,0,0.00
"2024-04-01",918,"MINYAK MASAK PAKET (PELBAGAI JENAMA)","1kg","W.P. Labuan",11,4,4,2.50,2.50,0,0.00
"2024-05-01",918,"MINYAK MASAK PAKET (PELBAGAI JENAMA)","1kg","W.P. Labuan",20,4,8,2.50,2.50,1,0.00
"2024-06-01",918,"MINYAK MASAK PAKET (PELBAGAI JENAMA)","1kg","W.P. Labuan",14,3,6,2.50,2.50,0,0.00
"2024-07-01",918,"MINYAK MASAK PAKET (PELBAGAI JENAMA)","1kg","W.P. Labuan",21,5,7,2.50,2.50,0,0.00
"2024-08-01",918,"MINYAK MASAK PAKET (PELBAGAI JENAMA)","1kg","W.P. Labuan",12,3,6,2.50,2.50,0,0.00
"2024-09-01",918,"MINYAK MASAK PAKET (PELBAGAI JENAMA)","1kg","W.P. Labuan",20,5,7,2.50,2.50,0,0.00
"2024-10-01",918,"MINYAK MASAK PAKET (PELBAGAI JENAMA)","1kg","W.P. Labuan",13,4,4,2.50,2.50,0,0.00
"2024-11-01",918,"MINYAK MASAK PAKET (PELBAGAI JENAMA)","1kg","W.P. Labuan",11,4,4,2.50,2.50,0,0.00
"2024-12-01",918,"MINYAK MASAK PAKET (PELBAGAI JENAMA)","1kg","W.P. Labuan",12,4,4,2.50,2.50,0,0.00
"2025-01-01",918,"MINYAK MASAK PAKET (PELBAGAI JENAMA)","1kg","W.P. Labuan",21,5,6,2.50,2.50,0,0.00
"2025-02-01",918,"MINYAK MASAK PAKET (PELBAGAI JENAMA)","1kg","W.P. Labuan",17,4,5,2.50,2.50,0,0.00
"2025-03-01",918,"MINYAK MASAK PAKET (PELBAGAI JENAMA)","1kg","W.P. Labuan",17,5,4,2.50,2.50,0,0.00
"2025-04-01",918,"MINYAK MASAK PAKET (PELBAGAI JENAMA)","1kg","W.P. Labuan",17,4,5,2.50,2.50,0,0.00
"2025-05-01",918,"MINYAK MASAK PAKET (PELBAGAI JENAMA)","1kg","W.P. Labuan",17,5,4,2.50,2.50,0,0.00
"2025-06-01",918,"MINYAK MASAK PAKET (PELBAGAI JENAMA)","1kg","W.P. Labuan",23,4,6,2.50,2.50,0,0.00
"2025-07-01",918,"MINYAK MASAK PAKET (PELBAGAI JENAMA)","1kg","W.P. Labuan",29,4,8,2.50,2.50,0,0.00
"2025-08-01",918,"MINYAK MASAK PAKET (PELBAGAI JENAMA)","1kg","W.P. Labuan",29,5,9,2.50,2.50,0,0.00
"2025-09-01",918,"MINYAK MASAK PAKET (PELBAGAI JENAMA)","1kg","W.P. Labuan",22,4,8,2.50,2.50,0,0.00
"2025-10-01",918,"MINYAK MASAK PAKET (PELBAGAI JENAMA)","1kg","W.P. Labuan",24,4,8,2.50,2.50,0,0.00
"2025-11-01",918,"MINYAK MASAK PAKET (PELBAGAI JENAMA)","1kg","W.P. Labuan",28,4,8,2.50,2.50,0,0.00
"2025-12-01",918,"MINYAK MASAK PAKET (PELBAGAI JENAMA)","1kg","W.P. Labuan",26,4,7,2.50,2.50,0,0.00
"2023-01-01",918,"MINYAK MASAK PAKET (PELBAGAI JENAMA)","1kg","W.P. Putrajaya",40,23,10,2.50,2.50,0,0.00
"2023-02-01",918,"MINYAK MASAK PAKET (PELBAGAI JENAMA)","1kg","W.P. Putrajaya",51,23,7,2.50,2.50,0,0.00
"2023-03-01",918,"MINYAK MASAK PAKET (PELBAGAI JENAMA)","1kg","W.P. Putrajaya",50,28,6,2.50,2.50,0,0.00
"2023-04-01",918,"MINYAK MASAK PAKET (PELBAGAI JENAMA)","1kg","W.P. Putrajaya",65,24,8,2.50,2.50,0,0.00
"2023-05-01",918,"MINYAK MASAK PAKET (PELBAGAI JENAMA)","1kg","W.P. Putrajaya",33,22,10,2.50,2.50,0,0.00
"2023-06-01",918,"MINYAK MASAK PAKET (PELBAGAI JENAMA)","1kg","W.P. Putrajaya",39,23,6,2.50,2.50,0,0.00
"2023-07-01",918,"MINYAK MASAK PAKET (PELBAGAI JENAMA)","1kg","W.P. Putrajaya",46,28,7,2.50,2.50,0,0.00
"2023-08-01",918,"MINYAK MASAK PAKET (PELBAGAI JENAMA)","1kg","W.P. Putrajaya",19,18,4,2.50,2.50,0,0.00
"2023-09-01",918,"MINYAK MASAK PAKET (PELBAGAI JENAMA)","1kg","W.P. Putrajaya",20,18,3,2.50,2.50,0,0.00
"2023-10-01",918,"MINYAK MASAK PAKET (PELBAGAI JENAMA)","1kg","W.P. Putrajaya",11,11,4,2.50,2.50,0,0.00
"2023-11-01",918,"MINYAK MASAK PAKET (PELBAGAI JENAMA)","1kg","W.P. Putrajaya",14,11,4,2.50,2.50,0,0.00
"2023-12-01",918,"MINYAK MASAK PAKET (PELBAGAI JENAMA)","1kg","W.P. Putrajaya",25,15,5,2.50,2.50,0,0.00
"2024-01-01",918,"MINYAK MASAK PAKET (PELBAGAI JENAMA)","1kg","W.P. Putrajaya",19,17,6,2.50,2.50,0,0.00
"2024-02-01",918,"MINYAK MASAK PAKET (PELBAGAI JENAMA)","1kg","W.P. Putrajaya",9,6,5,2.50,2.50,0,0.00
"2024-03-01",918,"MINYAK MASAK PAKET (PELBAGAI JENAMA)","1kg","W.P. Putrajaya",6,3,3,2.50,2.50,0,0.00
"2024-04-01",918,"MINYAK MASAK PAKET (PELBAGAI JENAMA)","1kg","W.P. Putrajaya",8,3,3,2.50,2.50,0,0.00
"2024-05-01",918,"MINYAK MASAK PAKET (PELBAGAI JENAMA)","1kg","W.P. Putrajaya",10,4,6,2.50,2.50,0,0.00
"2024-06-01",918,"MINYAK MASAK PAKET (PELBAGAI JENAMA)","1kg","W.P. Putrajaya",5,3,3,2.50,2.50,0,0.00
"2024-07-01",918,"MINYAK MASAK PAKET (PELBAGAI JENAMA)","1kg","W.P. Putrajaya",8,5,3,2.50,2.50,0,0.00
"2024-08-01",918,"MINYAK MASAK PAKET (PELBAGAI JENAMA)","1kg","W.P. Putrajaya",7,3,3,2.50,2.50,0,0.00
"2024-09-01",918,"MINYAK MASAK PAKET (PELBAGAI JENAMA)","1kg","W.P. Putrajaya",7,5,4,2.50,2.50,0,0.00
"2024-10-01",918,"MINYAK MASAK PAKET (PELBAGAI JENAMA)","1kg","W.P. Putrajaya",7,4,3,2.50,2.50,0,0.00
"2024-11-01",918,"MINYAK MASAK PAKET (PELBAGAI JENAMA)","1kg","W.P. Putrajaya",3,2,3,2.50,2.50,0,0.00
"2024-12-01",918,"MINYAK MASAK PAKET (PELBAGAI JENAMA)","1kg","W.P. Putrajaya",1,1,1,2.50,2.50,0,0.00
"2025-01-01",918,"MINYAK MASAK PAKET (PELBAGAI JENAMA)","1kg","W.P. Putrajaya",2,2,1,2.50,2.50,0,0.00
"2025-02-01",918,"MINYAK MASAK PAKET (PELBAGAI JENAMA)","1kg","W.P. Putrajaya",2,1,2,2.50,2.50,0,0.00
"2025-03-01",918,"MINYAK MASAK PAKET (PELBAGAI JENAMA)","1kg","W.P. Putrajaya",5,3,2,2.50,2.50,0,0.00
"2025-04-01",918,"MINYAK MASAK PAKET (PELBAGAI JENAMA)","1kg","W.P. Putrajaya",6,4,2,2.50,2.50,0,0.00
"2025-05-01",918,"MINYAK MASAK PAKET (PELBAGAI JENAMA)","1kg","W.P. Putrajaya",6,5,2,2.50,2.50,0,0.00
"2025-06-01",918,"MINYAK MASAK PAKET (PELBAGAI JENAMA)","1kg","W.P. Putrajaya",2,2,2,2.50,2.50,0,0.00
"2025-07-01",918,"MINYAK MASAK PAKET (PELBAGAI JENAMA)","1kg","W.P. Putrajaya",3,2,2,2.50,2.50,0,0.00
"2025-08-01",918,"MINYAK MASAK PAKET (PELBAGAI JENAMA)","1kg","W.P. Putrajaya",8,3,5,2.50,2.50,0,0.00
"2025-09-01",918,"MINYAK MASAK PAKET (PELBAGAI JENAMA)","1kg","W.P. Putrajaya",5,3,4,2.50,2.50,0,0.00
"2025-10-01",918,"MINYAK MASAK PAKET (PELBAGAI JENAMA)","1kg","W.P. Putrajaya",5,4,3,2.50,2.50,0,0.00
"2025-11-01",918,"MINYAK MASAK PAKET (PELBAGAI JENAMA)","1kg","W.P. Putrajaya",9,4,4,2.50,2.50,0,0.00
"2025-12-01",918,"MINYAK MASAK PAKET (PELBAGAI JENAMA)","1kg","W.P. Putrajaya",10,4,6,2.50,2.50,0,0.00
"2023-01-01",1111,"TELUR AYAM GRED C","30 biji","Johor",492,29,60,12.30,12.30,0,0.00
"2023-02-01",1111,"TELUR AYAM GRED C","30 biji","Johor",611,26,70,12.30,12.30,0,0.00
"2023-03-01",1111,"TELUR AYAM GRED C","30 biji","Johor",557,29,63,12.30,12.30,0,0.00
"2023-04-01",1111,"TELUR AYAM GRED C","30 biji","Johor",874,26,78,12.30,12.30,0,0.00
"2023-05-01",1111,"TELUR AYAM GRED C","30 biji","Johor",1106,24,86,12.30,12.30,0,0.00
"2023-06-01",1111,"TELUR AYAM GRED C","30 biji","Johor",1241,28,89,12.30,12.30,0,0.00
"2023-07-01",1111,"TELUR AYAM GRED C","30 biji","Johor",1214,29,92,12.30,12.30,0,0.00
"2023-08-01",1111,"TELUR AYAM GRED C","30 biji","Johor",959,28,87,12.30,12.30,0,0.00
"2023-09-01",1111,"TELUR AYAM GRED C","30 biji","Johor",710,27,82,12.30,12.30,0,0.00
"2023-10-01",1111,"TELUR AYAM GRED C","30 biji","Johor",955,30,81,12.30,12.30,0,0.00
"2023-11-01",1111,"TELUR AYAM GRED C","30 biji","Johor",1050,27,89,12.30,12.30,0,0.00
"2023-12-01",1111,"TELUR AYAM GRED C","30 biji","Johor",881,23,88,12.30,12.30,0,0.00
"2024-01-01",1111,"TELUR AYAM GRED C","30 biji","Johor",1011,30,88,12.30,12.30,0,0.00
"2024-02-01",1111,"TELUR AYAM GRED C","30 biji","Johor",1159,27,119,12.30,12.30,0,0.00
"2024-03-01",1111,"TELUR AYAM GRED C","30 biji","Johor",1628,26,130,12.30,12.30,0,0.00
"2024-04-01",1111,"TELUR AYAM GRED C","30 biji","Johor",2082,28,131,12.30,12.30,0,0.00
"2024-05-01",1111,"TELUR AYAM GRED C","30 biji","Johor",2155,29,137,12.30,12.30,0,0.00
"2024-06-01",1111,"TELUR AYAM GRED C","30 biji","Johor",1702,28,124,11.90,11.90,0,0.00
"2024-07-01",1111,"TELUR AYAM GRED C","30 biji","Johor",1642,29,126,11.40,11.40,0,0.00
"2024-08-01",1111,"TELUR AYAM GRED C","30 biji","Johor",1399,24,124,11.40,11.40,0,0.00
"2024-09-01",1111,"TELUR AYAM GRED C","30 biji","Johor",1728,29,128,11.40,11.40,0,0.00
"2024-10-01",1111,"TELUR AYAM GRED C","30 biji","Johor",1745,30,128,11.40,11.40,0,0.00
"2024-11-01",1111,"TELUR AYAM GRED C","30 biji","Johor",1960,28,130,11.40,11.40,0,0.00
"2024-12-01",1111,"TELUR AYAM GRED C","30 biji","Johor",2241,30,127,11.40,11.40,0,0.00
"2025-01-01",1111,"TELUR AYAM GRED C","30 biji","Johor",2267,28,133,11.40,11.40,0,0.00
"2025-02-01",1111,"TELUR AYAM GRED C","30 biji","Johor",2010,25,134,11.40,11.40,0,0.00
"2025-03-01",1111,"TELUR AYAM GRED C","30 biji","Johor",2170,26,137,10.99,10.99,0,0.00
"2025-04-01",1111,"TELUR AYAM GRED C","30 biji","Johor",1743,27,137,7.90,7.90,1,0.00
"2025-05-01",1111,"TELUR AYAM GRED C","30 biji","Johor",2331,29,134,8.99,8.99,0,0.00
"2025-06-01",1111,"TELUR AYAM GRED C","30 biji","Johor",2169,26,130,10.50,10.50,0,0.00
"2025-07-01",1111,"TELUR AYAM GRED C","30 biji","Johor",2642,29,178,10.49,10.49,0,0.00
"2025-08-01",1111,"TELUR AYAM GRED C","30 biji","Johor",2934,30,164,11.39,11.39,1,0.00
"2025-09-01",1111,"TELUR AYAM GRED C","30 biji","Johor",2208,26,159,12.90,12.90,0,0.00
"2025-10-01",1111,"TELUR AYAM GRED C","30 biji","Johor",2843,30,163,12.99,12.99,1,0.00
"2025-11-01",1111,"TELUR AYAM GRED C","30 biji","Johor",2875,30,165,9.99,9.99,0,0.00
"2025-12-01",1111,"TELUR AYAM GRED C","30 biji","Johor",2689,29,160,12.00,12.00,0,0.00
"2023-01-01",1111,"TELUR AYAM GRED C","30 biji","Kedah",121,28,16,12.30,12.30,0,0.00
"2023-02-01",1111,"TELUR AYAM GRED C","30 biji","Kedah",143,25,18,12.30,12.30,0,0.00
"2023-03-01",1111,"TELUR AYAM GRED C","30 biji","Kedah",214,30,23,12.30,12.30,0,0.00
"2023-04-01",1111,"TELUR AYAM GRED C","30 biji","Kedah",254,26,23,12.30,12.30,0,0.00
"2023-05-01",1111,"TELUR AYAM GRED C","30 biji","Kedah",329,24,27,12.30,12.30,0,0.00
"2023-06-01",1111,"TELUR AYAM GRED C","30 biji","Kedah",392,26,27,12.30,12.30,0,0.00
"2023-07-01",1111,"TELUR AYAM GRED C","30 biji","Kedah",352,29,27,12.30,12.30,0,0.00
"2023-08-01",1111,"TELUR AYAM GRED C","30 biji","Kedah",312,27,27,12.30,12.30,0,0.00
"2023-09-01",1111,"TELUR AYAM GRED C","30 biji","Kedah",296,27,32,12.30,12.30,0,0.00
"2023-10-01",1111,"TELUR AYAM GRED C","30 biji","Kedah",305,30,28,12.30,12.30,0,0.00
"2023-11-01",1111,"TELUR AYAM GRED C","30 biji","Kedah",293,27,27,12.30,12.30,0,0.00
"2023-12-01",1111,"TELUR AYAM GRED C","30 biji","Kedah",282,24,26,12.30,12.30,0,0.00
"2024-01-01",1111,"TELUR AYAM GRED C","30 biji","Kedah",387,30,29,12.30,12.30,0,0.00
"2024-02-01",1111,"TELUR AYAM GRED C","30 biji","Kedah",336,26,30,12.30,12.30,0,0.00
"2024-03-01",1111,"TELUR AYAM GRED C","30 biji","Kedah",418,27,29,12.30,12.30,0,0.00
"2024-04-01",1111,"TELUR AYAM GRED C","30 biji","Kedah",513,28,33,12.30,12.30,0,0.00
"2024-05-01",1111,"TELUR AYAM GRED C","30 biji","Kedah",606,29,34,12.30,12.30,0,0.00
"2024-06-01",1111,"TELUR AYAM GRED C","30 biji","Kedah",541,26,39,11.99,11.99,0,0.00
"2024-07-01",1111,"TELUR AYAM GRED C","30 biji","Kedah",618,29,42,11.40,11.40,0,0.00
"2024-08-01",1111,"TELUR AYAM GRED C","30 biji","Kedah",538,25,37,11.40,11.40,0,0.00
"2024-09-01",1111,"TELUR AYAM GRED C","30 biji","Kedah",492,29,37,11.40,11.40,0,0.00
"2024-10-01",1111,"TELUR AYAM GRED C","30 biji","Kedah",589,30,36,11.40,11.40,0,0.00
"2024-11-01",1111,"TELUR AYAM GRED C","30 biji","Kedah",599,28,39,11.40,11.40,0,0.00
"2024-12-01",1111,"TELUR AYAM GRED C","30 biji","Kedah",682,30,38,11.40,11.40,0,0.00
"2025-01-01",1111,"TELUR AYAM GRED C","30 biji","Kedah",660,28,39,11.40,11.40,0,0.00
"2025-02-01",1111,"TELUR AYAM GRED C","30 biji","Kedah",565,25,41,11.40,11.40,0,0.00
"2025-03-01",1111,"TELUR AYAM GRED C","30 biji","Kedah",666,28,44,10.49,10.49,0,0.00
"2025-04-01",1111,"TELUR AYAM GRED C","30 biji","Kedah",599,28,48,7.50,7.50,0,0.00
"2025-05-01",1111,"TELUR AYAM GRED C","30 biji","Kedah",783,29,49,9.00,9.00,0,0.00
"2025-06-01",1111,"TELUR AYAM GRED C","30 biji","Kedah",625,23,47,10.80,10.80,0,0.00
"2025-07-01",1111,"TELUR AYAM GRED C","30 biji","Kedah",796,30,61,10.50,10.50,0,0.00
"2025-08-01",1111,"TELUR AYAM GRED C","30 biji","Kedah",786,30,54,11.39,11.39,0,0.00
"2025-09-01",1111,"TELUR AYAM GRED C","30 biji","Kedah",584,26,47,12.90,12.90,0,0.00
"2025-10-01",1111,"TELUR AYAM GRED C","30 biji","Kedah",665,30,47,12.90,12.90,0,0.00
"2025-11-01",1111,"TELUR AYAM GRED C","30 biji","Kedah",677,29,49,9.99,9.99,0,0.00
"2025-12-01",1111,"TELUR AYAM GRED C","30 biji","Kedah",710,30,56,12.00,12.00,0,0.00
"2023-01-01",1111,"TELUR AYAM GRED C","30 biji","Kelantan",133,28,33,12.30,12.30,0,0.00
"2023-02-01",1111,"TELUR AYAM GRED C","30 biji","Kelantan",232,27,40,12.30,12.30,0,0.00
"2023-03-01",1111,"TELUR AYAM GRED C","30 biji","Kelantan",341,31,51,12.30,12.30,0,0.00
"2023-04-01",1111,"TELUR AYAM GRED C","30 biji","Kelantan",427,23,58,12.30,12.30,0,0.00
"2023-05-01",1111,"TELUR AYAM GRED C","30 biji","Kelantan",562,24,57,12.30,12.30,0,0.00
"2023-06-01",1111,"TELUR AYAM GRED C","30 biji","Kelantan",585,26,64,12.30,12.30,0,0.00
"2023-07-01",1111,"TELUR AYAM GRED C","30 biji","Kelantan",522,30,62,12.30,12.30,0,0.00
"2023-08-01",1111,"TELUR AYAM GRED C","30 biji","Kelantan",328,27,59,12.30,12.30,0,0.00
"2023-09-01",1111,"TELUR AYAM GRED C","30 biji","Kelantan",201,24,43,12.30,12.30,0,0.00
"2023-10-01",1111,"TELUR AYAM GRED C","30 biji","Kelantan",291,29,49,12.30,12.30,0,0.00
"2023-11-01",1111,"TELUR AYAM GRED C","30 biji","Kelantan",289,27,45,12.30,12.30,0,0.00
"2023-12-01",1111,"TELUR AYAM GRED C","30 biji","Kelantan",278,24,49,12.30,12.30,0,0.00
"2024-01-01",1111,"TELUR AYAM GRED C","30 biji","Kelantan",551,31,56,12.30,12.30,0,0.00
"2024-02-01",1111,"TELUR AYAM GRED C","30 biji","Kelantan",380,26,50,12.30,12.30,0,0.00
"2024-03-01",1111,"TELUR AYAM GRED C","30 biji","Kelantan",544,27,67,12.30,12.30,0,0.00
"2024-04-01",1111,"TELUR AYAM GRED C","30 biji","Kelantan",838,27,68,12.30,12.30,0,0.00
"2024-05-01",1111,"TELUR AYAM GRED C","30 biji","Kelantan",997,29,76,12.30,12.30,0,0.00
"2024-06-01",1111,"TELUR AYAM GRED C","30 biji","Kelantan",447,26,69,12.30,12.30,0,0.00
"2024-07-01",1111,"TELUR AYAM GRED C","30 biji","Kelantan",541,29,68,11.40,11.40,0,0.00
"2024-08-01",1111,"TELUR AYAM GRED C","30 biji","Kelantan",492,25,68,11.40,11.40,0,0.00
"2024-09-01",1111,"TELUR AYAM GRED C","30 biji","Kelantan",319,26,56,11.40,11.40,0,0.00
"2024-10-01",1111,"TELUR AYAM GRED C","30 biji","Kelantan",508,30,67,11.40,11.40,0,0.00
"2024-11-01",1111,"TELUR AYAM GRED C","30 biji","Kelantan",716,28,71,11.40,11.40,0,0.00
"2024-12-01",1111,"TELUR AYAM GRED C","30 biji","Kelantan",827,30,79,11.40,11.40,0,0.00
"2025-01-01",1111,"TELUR AYAM GRED C","30 biji","Kelantan",1022,29,90,11.40,11.40,0,0.00
"2025-02-01",1111,"TELUR AYAM GRED C","30 biji","Kelantan",863,26,83,11.40,11.40,0,0.00
"2025-03-01",1111,"TELUR AYAM GRED C","30 biji","Kelantan",1067,28,86,11.40,11.40,0,0.00
"2025-04-01",1111,"TELUR AYAM GRED C","30 biji","Kelantan",745,28,77,8.90,8.90,0,0.00
"2025-05-01",1111,"TELUR AYAM GRED C","30 biji","Kelantan",934,29,73,9.75,9.75,0,0.00
"2025-06-01",1111,"TELUR AYAM GRED C","30 biji","Kelantan",873,24,82,11.39,11.39,0,0.00
"2025-07-01",1111,"TELUR AYAM GRED C","30 biji","Kelantan",1180,30,110,11.35,11.35,0,0.00
"2025-08-01",1111,"TELUR AYAM GRED C","30 biji","Kelantan",1305,30,117,11.40,11.40,0,0.00
"2025-09-01",1111,"TELUR AYAM GRED C","30 biji","Kelantan",865,25,118,13.30,13.30,0,0.00
"2025-10-01",1111,"TELUR AYAM GRED C","30 biji","Kelantan",1213,30,118,13.50,13.50,0,0.00
"2025-11-01",1111,"TELUR AYAM GRED C","30 biji","Kelantan",1155,29,117,10.80,10.80,0,0.00
"2025-12-01",1111,"TELUR AYAM GRED C","30 biji","Kelantan",991,30,118,12.00,12.00,0,0.00
"2023-01-01",1111,"TELUR AYAM GRED C","30 biji","Melaka",114,27,15,12.30,12.30,0,0.00
"2023-02-01",1111,"TELUR AYAM GRED C","30 biji","Melaka",138,27,18,12.30,12.30,0,0.00
"2023-03-01",1111,"TELUR AYAM GRED C","30 biji","Melaka",176,30,16,12.30,12.30,0,0.00
"2023-04-01",1111,"TELUR AYAM GRED C","30 biji","Melaka",232,25,16,12.30,12.30,0,0.00
"2023-05-01",1111,"TELUR AYAM GRED C","30 biji","Melaka",199,24,15,12.30,12.30,0,0.00
"2023-06-01",1111,"TELUR AYAM GRED C","30 biji","Melaka",220,28,16,12.30,12.30,0,0.00
"2023-07-01",1111,"TELUR AYAM GRED C","30 biji","Melaka",210,30,16,12.30,12.30,0,0.00
"2023-08-01",1111,"TELUR AYAM GRED C","30 biji","Melaka",151,28,16,12.30,12.30,0,0.00
"2023-09-01",1111,"TELUR AYAM GRED C","30 biji","Melaka",146,27,16,12.30,12.30,0,0.00
"2023-10-01",1111,"TELUR AYAM GRED C","30 biji","Melaka",154,30,13,12.30,12.30,0,0.00
"2023-11-01",1111,"TELUR AYAM GRED C","30 biji","Melaka",155,26,15,12.30,12.30,0,0.00
"2023-12-01",1111,"TELUR AYAM GRED C","30 biji","Melaka",164,24,14,12.30,12.30,0,0.00
"2024-01-01",1111,"TELUR AYAM GRED C","30 biji","Melaka",218,31,17,12.30,12.30,0,0.00
"2024-02-01",1111,"TELUR AYAM GRED C","30 biji","Melaka",152,25,13,12.30,12.30,0,0.00
"2024-03-01",1111,"TELUR AYAM GRED C","30 biji","Melaka",224,27,15,12.30,12.30,0,0.00
"2024-04-01",1111,"TELUR AYAM GRED C","30 biji","Melaka",264,28,16,12.30,12.30,0,0.00
"2024-05-01",1111,"TELUR AYAM GRED C","30 biji","Melaka",274,29,16,12.30,12.30,0,0.00
"2024-06-01",1111,"TELUR AYAM GRED C","30 biji","Melaka",252,28,16,11.79,11.79,0,0.00
"2024-07-01",1111,"TELUR AYAM GRED C","30 biji","Melaka",251,28,16,11.40,11.40,0,0.00
"2024-08-01",1111,"TELUR AYAM GRED C","30 biji","Melaka",212,25,15,11.40,11.40,0,0.00
"2024-09-01",1111,"TELUR AYAM GRED C","30 biji","Melaka",250,29,16,11.40,11.40,0,0.00
"2024-10-01",1111,"TELUR AYAM GRED C","30 biji","Melaka",276,30,16,11.40,11.40,0,0.00
"2024-11-01",1111,"TELUR AYAM GRED C","30 biji","Melaka",271,28,16,11.40,11.40,0,0.00
"2024-12-01",1111,"TELUR AYAM GRED C","30 biji","Melaka",297,30,16,11.40,11.40,0,0.00
"2025-01-01",1111,"TELUR AYAM GRED C","30 biji","Melaka",295,29,15,11.40,11.40,0,0.00
"2025-02-01",1111,"TELUR AYAM GRED C","30 biji","Melaka",250,25,16,11.40,11.40,0,0.00
"2025-03-01",1111,"TELUR AYAM GRED C","30 biji","Melaka",318,30,16,11.40,11.40,0,0.00
"2025-04-01",1111,"TELUR AYAM GRED C","30 biji","Melaka",224,27,16,7.99,7.99,0,0.00
"2025-05-01",1111,"TELUR AYAM GRED C","30 biji","Melaka",293,29,16,9.50,9.50,0,0.00
"2025-06-01",1111,"TELUR AYAM GRED C","30 biji","Melaka",276,26,20,10.90,10.90,0,0.00
"2025-07-01",1111,"TELUR AYAM GRED C","30 biji","Melaka",457,30,42,10.50,10.50,0,0.00
"2025-08-01",1111,"TELUR AYAM GRED C","30 biji","Melaka",494,28,38,11.40,11.40,0,0.00
"2025-09-01",1111,"TELUR AYAM GRED C","30 biji","Melaka",448,26,38,12.99,12.99,0,0.00
"2025-10-01",1111,"TELUR AYAM GRED C","30 biji","Melaka",506,30,39,13.20,13.20,0,0.00
"2025-11-01",1111,"TELUR AYAM GRED C","30 biji","Melaka",503,29,37,9.89,9.89,0,0.00
"2025-12-01",1111,"TELUR AYAM GRED C","30 biji","Melaka",472,30,36,12.50,12.50,0,0.00
"2023-01-01",1111,"TELUR AYAM GRED C","30 biji","Negeri Sembilan",150,26,19,12.30,12.30,0,0.00
"2023-02-01",1111,"TELUR AYAM GRED C","30 biji","Negeri Sembilan",165,24,17,12.30,12.30,0,0.00
"2023-03-01",1111,"TELUR AYAM GRED C","30 biji","Negeri Sembilan",251,31,24,12.30,12.30,0,0.00
"2023-04-01",1111,"TELUR AYAM GRED C","30 biji","Negeri Sembilan",321,26,23,12.30,12.30,0,0.00
"2023-05-01",1111,"TELUR AYAM GRED C","30 biji","Negeri Sembilan",372,24,26,12.30,12.30,0,0.00
"2023-06-01",1111,"TELUR AYAM GRED C","30 biji","Negeri Sembilan",437,28,28,12.30,12.30,0,0.00
"2023-07-01",1111,"TELUR AYAM GRED C","30 biji","Negeri Sembilan",429,30,25,12.30,12.30,0,0.00
"2023-08-01",1111,"TELUR AYAM GRED C","30 biji","Negeri Sembilan",370,27,24,12.30,12.30,0,0.00
"2023-09-01",1111,"TELUR AYAM GRED C","30 biji","Negeri Sembilan",314,27,25,12.30,12.30,0,0.00
"2023-10-01",1111,"TELUR AYAM GRED C","30 biji","Negeri Sembilan",384,30,29,12.30,12.30,0,0.00
"2023-11-01",1111,"TELUR AYAM GRED C","30 biji","Negeri Sembilan",308,26,28,12.30,12.30,0,0.00
"2023-12-01",1111,"TELUR AYAM GRED C","30 biji","Negeri Sembilan",265,24,24,12.30,12.30,0,0.00
"2024-01-01",1111,"TELUR AYAM GRED C","30 biji","Negeri Sembilan",359,28,27,12.30,12.30,0,0.00
"2024-02-01",1111,"TELUR AYAM GRED C","30 biji","Negeri Sembilan",300,25,29,12.30,12.30,0,0.00
"2024-03-01",1111,"TELUR AYAM GRED C","30 biji","Negeri Sembilan",497,28,30,12.30,12.30,0,0.00
"2024-04-01",1111,"TELUR AYAM GRED C","30 biji","Negeri Sembilan",599,28,32,12.30,12.30,0,0.00
"2024-05-01",1111,"TELUR AYAM GRED C","30 biji","Negeri Sembilan",590,29,30,12.30,12.30,0,0.00
"2024-06-01",1111,"TELUR AYAM GRED C","30 biji","Negeri Sembilan",518,28,31,11.90,11.90,0,0.00
"2024-07-01",1111,"TELUR AYAM GRED C","30 biji","Negeri Sembilan",464,28,28,11.40,11.40,0,0.00
"2024-08-01",1111,"TELUR AYAM GRED C","30 biji","Negeri Sembilan",402,25,28,11.40,11.40,0,0.00
"2024-09-01",1111,"TELUR AYAM GRED C","30 biji","Negeri Sembilan",479,29,31,11.40,11.40,0,0.00
"2024-10-01",1111,"TELUR AYAM GRED C","30 biji","Negeri Sembilan",585,30,30,11.40,11.40,0,0.00
"2024-11-01",1111,"TELUR AYAM GRED C","30 biji","Negeri Sembilan",549,28,30,11.40,11.40,0,0.00
"2024-12-01",1111,"TELUR AYAM GRED C","30 biji","Negeri Sembilan",673,30,32,11.40,11.40,0,0.00
"2025-01-01",1111,"TELUR AYAM GRED C","30 biji","Negeri Sembilan",594,27,30,11.40,11.40,0,0.00
"2025-02-01",1111,"TELUR AYAM GRED C","30 biji","Negeri Sembilan",484,25,27,11.40,11.40,0,0.00
"2025-03-01",1111,"TELUR AYAM GRED C","30 biji","Negeri Sembilan",664,30,30,10.99,10.99,0,0.00
"2025-04-01",1111,"TELUR AYAM GRED C","30 biji","Negeri Sembilan",481,28,27,7.50,7.50,0,0.00
"2025-05-01",1111,"TELUR AYAM GRED C","30 biji","Negeri Sembilan",581,29,29,9.30,9.30,0,0.00
"2025-06-01",1111,"TELUR AYAM GRED C","30 biji","Negeri Sembilan",542,26,26,10.30,10.30,0,0.00
"2025-07-01",1111,"TELUR AYAM GRED C","30 biji","Negeri Sembilan",690,30,42,10.20,10.20,0,0.00
"2025-08-01",1111,"TELUR AYAM GRED C","30 biji","Negeri Sembilan",791,30,46,11.20,11.20,0,0.00
"2025-09-01",1111,"TELUR AYAM GRED C","30 biji","Negeri Sembilan",623,26,41,12.90,12.90,0,0.00
"2025-10-01",1111,"TELUR AYAM GRED C","30 biji","Negeri Sembilan",805,30,40,13.20,13.20,0,0.00
"2025-11-01",1111,"TELUR AYAM GRED C","30 biji","Negeri Sembilan",817,30,43,9.90,9.90,1,0.00
"2025-12-01",1111,"TELUR AYAM GRED C","30 biji","Negeri Sembilan",753,30,43,12.30,12.30,0,0.00
"2023-01-01",1111,"TELUR AYAM GRED C","30 biji","Pahang",161,27,41,12.30,12.30,0,0.00
"2023-02-01",1111,"TELUR AYAM GRED C","30 biji","Pahang",294,27,48,12.30,12.30,0,0.00
"2023-03-01",1111,"TELUR AYAM GRED C","30 biji","Pahang",639,31,51,12.30,12.30,0,0.00
"2023-04-01",1111,"TELUR AYAM GRED C","30 biji","Pahang",622,25,50,12.30,12.30,0,0.00
"2023-05-01",1111,"TELUR AYAM GRED C","30 biji","Pahang",692,24,54,12.30,12.30,0,0.00
"2023-06-01",1111,"TELUR AYAM GRED C","30 biji","Pahang",633,28,50,12.30,12.30,0,0.00
"2023-07-01",1111,"TELUR AYAM GRED C","30 biji","Pahang",560,29,49,12.30,12.30,0,0.00
"2023-08-01",1111,"TELUR AYAM GRED C","30 biji","Pahang",506,29,54,12.30,12.30,0,0.00
"2023-09-01",1111,"TELUR AYAM GRED C","30 biji","Pahang",261,27,42,12.30,12.30,0,0.00
"2023-10-01",1111,"TELUR AYAM GRED C","30 biji","Pahang",341,30,45,12.30,12.30,0,0.00
"2023-11-01",1111,"TELUR AYAM GRED C","30 biji","Pahang",377,26,45,12.30,12.30,0,0.00
"2023-12-01",1111,"TELUR AYAM GRED C","30 biji","Pahang",414,24,51,12.30,12.30,0,0.00
"2024-01-01",1111,"TELUR AYAM GRED C","30 biji","Pahang",605,31,46,12.30,12.30,0,0.00
"2024-02-01",1111,"TELUR AYAM GRED C","30 biji","Pahang",499,26,48,12.30,12.30,0,0.00
"2024-03-01",1111,"TELUR AYAM GRED C","30 biji","Pahang",783,27,71,12.30,12.30,0,0.00
"2024-04-01",1111,"TELUR AYAM GRED C","30 biji","Pahang",1227,28,93,12.30,12.30,0,0.00
"2024-05-01",1111,"TELUR AYAM GRED C","30 biji","Pahang",1283,29,90,12.30,12.30,0,0.00
"2024-06-01",1111,"TELUR AYAM GRED C","30 biji","Pahang",901,28,85,11.49,11.49,0,0.00
"2024-07-01",1111,"TELUR AYAM GRED C","30 biji","Pahang",768,29,87,11.40,11.40,0,0.00
"2024-08-01",1111,"TELUR AYAM GRED C","30 biji","Pahang",596,25,82,11.40,11.40,0,0.00
"2024-09-01",1111,"TELUR AYAM GRED C","30 biji","Pahang",721,29,86,11.40,11.40,0,0.00
"2024-10-01",1111,"TELUR AYAM GRED C","30 biji","Pahang",999,30,89,11.40,11.40,0,0.00
"2024-11-01",1111,"TELUR AYAM GRED C","30 biji","Pahang",1130,28,87,11.40,11.40,0,0.00
"2024-12-01",1111,"TELUR AYAM GRED C","30 biji","Pahang",1251,30,88,11.40,11.40,0,0.00
"2025-01-01",1111,"TELUR AYAM GRED C","30 biji","Pahang",1431,29,91,11.40,11.40,0,0.00
"2025-02-01",1111,"TELUR AYAM GRED C","30 biji","Pahang",1250,26,89,11.40,11.40,0,0.00
"2025-03-01",1111,"TELUR AYAM GRED C","30 biji","Pahang",1619,29,97,11.40,11.40,0,0.00
"2025-04-01",1111,"TELUR AYAM GRED C","30 biji","Pahang",1173,28,93,7.49,7.49,0,0.00
"2025-05-01",1111,"TELUR AYAM GRED C","30 biji","Pahang",1527,29,93,9.20,9.20,0,0.00
"2025-06-01",1111,"TELUR AYAM GRED C","30 biji","Pahang",1411,26,93,10.80,10.80,0,0.00
"2025-07-01",1111,"TELUR AYAM GRED C","30 biji","Pahang",1670,30,113,10.55,10.55,0,0.00
"2025-08-01",1111,"TELUR AYAM GRED C","30 biji","Pahang",1654,30,118,11.39,11.39,0,0.00
"2025-09-01",1111,"TELUR AYAM GRED C","30 biji","Pahang",1300,26,103,12.90,12.90,0,0.00
"2025-10-01",1111,"TELUR AYAM GRED C","30 biji","Pahang",1760,30,116,13.20,13.20,0,0.00
"2025-11-01",1111,"TELUR AYAM GRED C","30 biji","Pahang",1754,30,117,10.50,10.50,0,0.00
"2025-12-01",1111,"TELUR AYAM GRED C","30 biji","Pahang",1606,30,113,11.80,11.80,0,0.00
"2023-01-01",1111,"TELUR AYAM GRED C","30 biji","Perak",239,27,37,12.30,12.30,0,0.00
"2023-02-01",1111,"TELUR AYAM GRED C","30 biji","Perak",405,25,42,12.30,12.30,0,0.00
"2023-03-01",1111,"TELUR AYAM GRED C","30 biji","Perak",635,31,50,12.30,12.30,0,0.00
"2023-04-01",1111,"TELUR AYAM GRED C","30 biji","Perak",744,25,52,12.30,12.30,0,0.00
"2023-05-01",1111,"TELUR AYAM GRED C","30 biji","Perak",773,24,53,12.30,12.30,0,0.00
"2023-06-01",1111,"TELUR AYAM GRED C","30 biji","Perak",780,28,49,12.30,12.30,0,0.00
"2023-07-01",1111,"TELUR AYAM GRED C","30 biji","Perak",813,30,52,12.30,12.30,0,0.00
"2023-08-01",1111,"TELUR AYAM GRED C","30 biji","Perak",718,29,48,12.30,12.30,0,0.00
"2023-09-01",1111,"TELUR AYAM GRED C","30 biji","Perak",539,27,43,12.30,12.30,0,0.00
"2023-10-01",1111,"TELUR AYAM GRED C","30 biji","Perak",641,30,47,12.30,12.30,0,0.00
"2023-11-01",1111,"TELUR AYAM GRED C","30 biji","Perak",572,25,41,12.30,12.30,0,0.00
"2023-12-01",1111,"TELUR AYAM GRED C","30 biji","Perak",616,24,46,12.30,12.30,0,0.00
"2024-01-01",1111,"TELUR AYAM GRED C","30 biji","Perak",777,30,46,12.30,12.30,0,0.00
"2024-02-01",1111,"TELUR AYAM GRED C","30 biji","Perak",679,26,58,12.30,12.30,0,0.00
"2024-03-01",1111,"TELUR AYAM GRED C","30 biji","Perak",839,27,59,12.30,12.30,0,0.00
"2024-04-01",1111,"TELUR AYAM GRED C","30 biji","Perak",1123,28,77,12.30,12.30,0,0.00
"2024-05-01",1111,"TELUR AYAM GRED C","30 biji","Perak",1211,29,78,12.30,12.30,0,0.00
"2024-06-01",1111,"TELUR AYAM GRED C","30 biji","Perak",979,28,67,11.90,11.90,0,0.00
"2024-07-01",1111,"TELUR AYAM GRED C","30 biji","Perak",1001,28,79,11.40,11.40,0,0.00
"2024-08-01",1111,"TELUR AYAM GRED C","30 biji","Perak",890,25,75,11.40,11.40,0,0.00
"2024-09-01",1111,"TELUR AYAM GRED C","30 biji","Perak",1021,29,84,11.40,11.40,0,0.00
"2024-10-01",1111,"TELUR AYAM GRED C","30 biji","Perak",1134,30,85,11.40,11.40,0,0.00
"2024-11-01",1111,"TELUR AYAM GRED C","30 biji","Perak",1148,27,84,11.40,11.40,0,0.00
"2024-12-01",1111,"TELUR AYAM GRED C","30 biji","Perak",1399,30,92,11.40,11.40,0,0.00
"2025-01-01",1111,"TELUR AYAM GRED C","30 biji","Perak",1338,29,89,11.40,11.40,0,0.00
"2025-02-01",1111,"TELUR AYAM GRED C","30 biji","Perak",1213,25,99,11.40,11.40,0,0.00
"2025-03-01",1111,"TELUR AYAM GRED C","30 biji","Perak",1757,29,108,10.99,10.99,0,0.00
"2025-04-01",1111,"TELUR AYAM GRED C","30 biji","Perak",1419,28,112,7.90,7.90,0,0.00
"2025-05-01",1111,"TELUR AYAM GRED C","30 biji","Perak",1746,29,113,9.30,9.30,0,0.00
"2025-06-01",1111,"TELUR AYAM GRED C","30 biji","Perak",1544,26,112,10.50,10.50,0,0.00
"2025-07-01",1111,"TELUR AYAM GRED C","30 biji","Perak",2073,30,160,10.50,10.50,0,0.00
"2025-08-01",1111,"TELUR AYAM GRED C","30 biji","Perak",2212,30,145,11.40,11.40,0,0.00
"2025-09-01",1111,"TELUR AYAM GRED C","30 biji","Perak",1718,26,132,12.90,12.90,0,0.00
"2025-10-01",1111,"TELUR AYAM GRED C","30 biji","Perak",2167,30,146,13.20,13.20,0,0.00
"2025-11-01",1111,"TELUR AYAM GRED C","30 biji","Perak",2098,29,138,9.99,9.99,0,0.00
"2025-12-01",1111,"TELUR AYAM GRED C","30 biji","Perak",2020,30,133,12.30,12.30,0,0.00
"2023-01-01",1111,"TELUR AYAM GRED C","30 biji","Perlis",3,2,3,12.30,12.30,0,0.00
"2023-02-01",1111,"TELUR AYAM GRED C","30 biji","Perlis",9,8,5,12.30,12.30,0,0.00
"2023-03-01",1111,"TELUR AYAM GRED C","30 biji","Perlis",17,13,3,12.30,12.30,0,0.00
"2023-04-01",1111,"TELUR AYAM GRED C","30 biji","Perlis",23,15,4,12.30,12.30,0,0.00
"2023-05-01",1111,"TELUR AYAM GRED C","30 biji","Perlis",18,15,3,12.30,12.30,0,0.00
"2023-06-01",1111,"TELUR AYAM GRED C","30 biji","Perlis",21,13,4,12.30,12.30,0,0.00
"2023-07-01",1111,"TELUR AYAM GRED C","30 biji","Perlis",15,15,2,12.30,12.30,0,0.00
"2023-08-01",1111,"TELUR AYAM GRED C","30 biji","Perlis",30,20,4,12.30,12.30,0,0.00
"2023-09-01",1111,"TELUR AYAM GRED C","30 biji","Perlis",17,14,4,12.30,12.30,0,0.00
"2023-10-01",1111,"TELUR AYAM GRED C","30 biji","Perlis",25,21,4,12.30,12.30,0,0.00
"2023-11-01",1111,"TELUR AYAM GRED C","30 biji","Perlis",31,21,4,12.30,12.30,0,0.00
"2023-12-01",1111,"TELUR AYAM GRED C","30 biji","Perlis",41,21,6,12.30,12.30,0,0.00
"2024-01-01",1111,"TELUR AYAM GRED C","30 biji","Perlis",57,27,6,12.30,12.30,0,0.00
"2024-02-01",1111,"TELUR AYAM GRED C","30 biji","Perlis",39,22,5,12.30,12.30,0,0.00
"2024-03-01",1111,"TELUR AYAM GRED C","30 biji","Perlis",46,25,6,12.30,12.30,0,0.00
"2024-04-01",1111,"TELUR AYAM GRED C","30 biji","Perlis",67,26,9,12.00,12.00,0,0.00
"2024-05-01",1111,"TELUR AYAM GRED C","30 biji","Perlis",81,28,8,12.00,12.00,0,0.00
"2024-06-01",1111,"TELUR AYAM GRED C","30 biji","Perlis",74,26,9,11.90,11.90,0,0.00
"2024-07-01",1111,"TELUR AYAM GRED C","30 biji","Perlis",114,28,9,11.40,11.40,0,0.00
"2024-08-01",1111,"TELUR AYAM GRED C","30 biji","Perlis",93,25,9,11.40,11.40,0,0.00
"2024-09-01",1111,"TELUR AYAM GRED C","30 biji","Perlis",93,29,7,11.40,11.40,0,0.00
"2024-10-01",1111,"TELUR AYAM GRED C","30 biji","Perlis",142,30,13,11.40,11.40,0,0.00
"2024-11-01",1111,"TELUR AYAM GRED C","30 biji","Perlis",173,28,13,11.40,11.40,0,0.00
"2024-12-01",1111,"TELUR AYAM GRED C","30 biji","Perlis",201,30,12,11.40,11.40,0,0.00
"2025-01-01",1111,"TELUR AYAM GRED C","30 biji","Perlis",187,28,13,11.40,11.40,0,0.00
"2025-02-01",1111,"TELUR AYAM GRED C","30 biji","Perlis",162,26,12,11.10,11.10,0,0.00
"2025-03-01",1111,"TELUR AYAM GRED C","30 biji","Perlis",184,29,13,10.20,10.20,0,0.00
"2025-04-01",1111,"TELUR AYAM GRED C","30 biji","Perlis",160,27,13,7.30,7.30,0,0.00
"2025-05-01",1111,"TELUR AYAM GRED C","30 biji","Perlis",153,28,13,9.00,9.00,0,0.00
"2025-06-01",1111,"TELUR AYAM GRED C","30 biji","Perlis",121,24,12,10.70,10.70,0,0.00
"2025-07-01",1111,"TELUR AYAM GRED C","30 biji","Perlis",178,30,13,10.50,10.50,0,0.00
"2025-08-01",1111,"TELUR AYAM GRED C","30 biji","Perlis",159,30,10,10.90,10.90,0,0.00
"2025-09-01",1111,"TELUR AYAM GRED C","30 biji","Perlis",131,26,11,12.90,12.90,0,0.00
"2025-10-01",1111,"TELUR AYAM GRED C","30 biji","Perlis",173,30,10,13.00,13.00,0,0.00
"2025-11-01",1111,"TELUR AYAM GRED C","30 biji","Perlis",172,29,12,10.30,10.30,0,0.00
"2025-12-01",1111,"TELUR AYAM GRED C","30 biji","Perlis",189,30,14,12.30,12.30,0,0.00
"2023-01-01",1111,"TELUR AYAM GRED C","30 biji","Pulau Pinang",222,27,28,12.30,12.30,0,0.00
"2023-02-01",1111,"TELUR AYAM GRED C","30 biji","Pulau Pinang",341,25,35,12.30,12.30,0,0.00
"2023-03-01",1111,"TELUR AYAM GRED C","30 biji","Pulau Pinang",514,31,31,12.30,12.30,0,0.00
"2023-04-01",1111,"TELUR AYAM GRED C","30 biji","Pulau Pinang",547,25,35,12.30,12.30,0,0.00
"2023-05-01",1111,"TELUR AYAM GRED C","30 biji","Pulau Pinang",599,24,35,12.30,12.30,0,0.00
"2023-06-01",1111,"TELUR AYAM GRED C","30 biji","Pulau Pinang",662,28,37,12.30,12.30,0,0.00
"2023-07-01",1111,"TELUR AYAM GRED C","30 biji","Pulau Pinang",509,28,34,12.30,12.30,0,0.00
"2023-08-01",1111,"TELUR AYAM GRED C","30 biji","Pulau Pinang",517,28,32,12.30,12.30,0,0.00
"2023-09-01",1111,"TELUR AYAM GRED C","30 biji","Pulau Pinang",430,27,32,12.30,12.30,0,0.00
"2023-10-01",1111,"TELUR AYAM GRED C","30 biji","Pulau Pinang",461,30,34,12.30,12.30,0,0.00
"2023-11-01",1111,"TELUR AYAM GRED C","30 biji","Pulau Pinang",458,26,33,12.30,12.30,0,0.00
"2023-12-01",1111,"TELUR AYAM GRED C","30 biji","Pulau Pinang",444,24,32,12.30,12.30,0,0.00
"2024-01-01",1111,"TELUR AYAM GRED C","30 biji","Pulau Pinang",587,30,33,12.30,12.30,0,0.00
"2024-02-01",1111,"TELUR AYAM GRED C","30 biji","Pulau Pinang",513,26,33,12.30,12.30,0,0.00
"2024-03-01",1111,"TELUR AYAM GRED C","30 biji","Pulau Pinang",592,27,34,12.30,12.30,0,0.00
"2024-04-01",1111,"TELUR AYAM GRED C","30 biji","Pulau Pinang",834,28,41,12.30,12.30,0,0.00
"2024-05-01",1111,"TELUR AYAM GRED C","30 biji","Pulau Pinang",940,29,41,12.30,12.30,0,0.00
"2024-06-01",1111,"TELUR AYAM GRED C","30 biji","Pulau Pinang",788,28,42,11.90,11.90,0,0.00
"2024-07-01",1111,"TELUR AYAM GRED C","30 biji","Pulau Pinang",771,27,43,11.40,11.40,0,0.00
"2024-08-01",1111,"TELUR AYAM GRED C","30 biji","Pulau Pinang",703,25,46,11.40,11.40,0,0.00
"2024-09-01",1111,"TELUR AYAM GRED C","30 biji","Pulau Pinang",752,29,44,11.40,11.40,0,0.00
"2024-10-01",1111,"TELUR AYAM GRED C","30 biji","Pulau Pinang",866,30,46,11.40,11.40,0,0.00
"2024-11-01",1111,"TELUR AYAM GRED C","30 biji","Pulau Pinang",835,28,45,11.40,11.40,0,0.00
"2024-12-01",1111,"TELUR AYAM GRED C","30 biji","Pulau Pinang",954,30,45,11.40,11.40,0,0.00
"2025-01-01",1111,"TELUR AYAM GRED C","30 biji","Pulau Pinang",1077,29,47,11.40,11.40,0,0.00
"2025-02-01",1111,"TELUR AYAM GRED C","30 biji","Pulau Pinang",913,25,47,11.40,11.40,0,0.00
"2025-03-01",1111,"TELUR AYAM GRED C","30 biji","Pulau Pinang",1097,29,53,11.40,11.40,0,0.00
"2025-04-01",1111,"TELUR AYAM GRED C","30 biji","Pulau Pinang",987,28,57,10.50,10.50,0,0.00
"2025-05-01",1111,"TELUR AYAM GRED C","30 biji","Pulau Pinang",1117,29,54,9.59,9.59,0,0.00
"2025-06-01",1111,"TELUR AYAM GRED C","30 biji","Pulau Pinang",1026,26,56,10.80,10.80,0,0.00
"2025-07-01",1111,"TELUR AYAM GRED C","30 biji","Pulau Pinang",1192,28,62,10.80,10.80,0,0.00
"2025-08-01",1111,"TELUR AYAM GRED C","30 biji","Pulau Pinang",1352,30,82,11.40,11.40,0,0.00
"2025-09-01",1111,"TELUR AYAM GRED C","30 biji","Pulau Pinang",1142,26,79,12.90,12.90,0,0.00
"2025-10-01",1111,"TELUR AYAM GRED C","30 biji","Pulau Pinang",1441,30,87,13.20,13.20,0,0.00
"2025-11-01",1111,"TELUR AYAM GRED C","30 biji","Pulau Pinang",1419,30,87,11.00,11.00,0,0.00
"2025-12-01",1111,"TELUR AYAM GRED C","30 biji","Pulau Pinang",1377,30,79,12.50,12.50,0,0.00
"2023-01-01",1111,"TELUR AYAM GRED C","30 biji","Sabah",399,27,46,14.70,14.70,0,0.00
"2023-02-01",1111,"TELUR AYAM GRED C","30 biji","Sabah",436,27,41,14.70,14.70,0,0.00
"2023-03-01",1111,"TELUR AYAM GRED C","30 biji","Sabah",392,31,39,14.70,14.70,0,0.00
"2023-04-01",1111,"TELUR AYAM GRED C","30 biji","Sabah",334,25,39,14.70,14.70,0,0.00
"2023-05-01",1111,"TELUR AYAM GRED C","30 biji","Sabah",415,22,52,14.70,14.70,0,0.00
"2023-06-01",1111,"TELUR AYAM GRED C","30 biji","Sabah",614,28,57,14.70,14.70,0,0.00
"2023-07-01",1111,"TELUR AYAM GRED C","30 biji","Sabah",837,30,64,14.70,14.70,0,0.00
"2023-08-01",1111,"TELUR AYAM GRED C","30 biji","Sabah",817,29,64,14.70,14.70,0,0.00
"2023-09-01",1111,"TELUR AYAM GRED C","30 biji","Sabah",576,27,61,14.70,14.70,0,0.00
"2023-10-01",1111,"TELUR AYAM GRED C","30 biji","Sabah",473,29,46,14.70,14.70,0,0.00
"2023-11-01",1111,"TELUR AYAM GRED C","30 biji","Sabah",424,26,37,14.70,14.70,0,0.00
"2023-12-01",1111,"TELUR AYAM GRED C","30 biji","Sabah",373,23,36,14.70,14.70,0,0.00
"2024-01-01",1111,"TELUR AYAM GRED C","30 biji","Sabah",460,31,42,14.70,14.70,0,0.00
"2024-02-01",1111,"TELUR AYAM GRED C","30 biji","Sabah",403,26,42,14.70,14.70,0,0.00
"2024-03-01",1111,"TELUR AYAM GRED C","30 biji","Sabah",416,27,43,14.70,14.70,0,0.00
"2024-04-01",1111,"TELUR AYAM GRED C","30 biji","Sabah",513,28,47,14.69,14.69,0,0.00
"2024-05-01",1111,"TELUR AYAM GRED C","30 biji","Sabah",578,27,51,14.40,14.40,0,0.00
"2024-06-01",1111,"TELUR AYAM GRED C","30 biji","Sabah",456,28,47,14.40,14.40,0,0.00
"2024-07-01",1111,"TELUR AYAM GRED C","30 biji","Sabah",420,29,37,13.80,13.80,0,0.00
"2024-08-01",1111,"TELUR AYAM GRED C","30 biji","Sabah",292,25,33,13.80,13.80,0,0.00
"2024-09-01",1111,"TELUR AYAM GRED C","30 biji","Sabah",211,29,23,13.80,13.80,0,0.00
"2024-10-01",1111,"TELUR AYAM GRED C","30 biji","Sabah",196,29,25,13.80,13.80,0,0.00
"2024-11-01",1111,"TELUR AYAM GRED C","30 biji","Sabah",57,27,8,13.80,13.80,0,0.00
"2024-12-01",1111,"TELUR AYAM GRED C","30 biji","Sabah",138,29,18,13.79,13.79,0,0.00
"2025-01-01",1111,"TELUR AYAM GRED C","30 biji","Sabah",144,29,19,13.80,13.80,0,0.00
"2025-02-01",1111,"TELUR AYAM GRED C","30 biji","Sabah",111,26,14,13.80,13.80,0,0.00
"2025-03-01",1111,"TELUR AYAM GRED C","30 biji","Sabah",110,29,15,13.80,13.80,0,0.00
"2025-04-01",1111,"TELUR AYAM GRED C","30 biji","Sabah",118,26,16,13.80,13.80,0,0.00
"2025-05-01",1111,"TELUR AYAM GRED C","30 biji","Sabah",113,27,19,13.79,13.79,0,0.00
"2025-06-01",1111,"TELUR AYAM GRED C","30 biji","Sabah",114,26,23,13.80,13.80,0,0.00
"2025-07-01",1111,"TELUR AYAM GRED C","30 biji","Sabah",128,30,28,13.80,13.80,0,0.00
"2025-08-01",1111,"TELUR AYAM GRED C","30 biji","Sabah",164,30,36,14.40,14.40,0,0.00
"2025-09-01",1111,"TELUR AYAM GRED C","30 biji","Sabah",166,26,39,15.29,15.29,0,0.00
"2025-10-01",1111,"TELUR AYAM GRED C","30 biji","Sabah",174,30,40,15.05,15.05,0,0.00
"2025-11-01",1111,"TELUR AYAM GRED C","30 biji","Sabah",247,28,45,15.00,15.00,0,0.00
"2025-12-01",1111,"TELUR AYAM GRED C","30 biji","Sabah",298,29,56,15.30,15.30,0,0.00
"2023-01-01",1111,"TELUR AYAM GRED C","30 biji","Sarawak",104,27,16,12.90,12.90,0,0.00
"2023-02-01",1111,"TELUR AYAM GRED C","30 biji","Sarawak",86,24,14,12.90,12.90,0,0.00
"2023-03-01",1111,"TELUR AYAM GRED C","30 biji","Sarawak",73,28,11,12.90,12.90,0,0.00
"2023-04-01",1111,"TELUR AYAM GRED C","30 biji","Sarawak",92,25,16,12.90,12.90,0,0.00
"2023-05-01",1111,"TELUR AYAM GRED C","30 biji","Sarawak",145,24,25,12.90,12.90,0,0.00
"2023-06-01",1111,"TELUR AYAM GRED C","30 biji","Sarawak",189,26,24,12.90,12.90,0,0.00
"2023-07-01",1111,"TELUR AYAM GRED C","30 biji","Sarawak",180,29,25,12.90,12.90,0,0.00
"2023-08-01",1111,"TELUR AYAM GRED C","30 biji","Sarawak",98,29,14,12.90,12.90,0,0.00
"2023-09-01",1111,"TELUR AYAM GRED C","30 biji","Sarawak",88,25,14,12.90,12.90,0,0.00
"2023-10-01",1111,"TELUR AYAM GRED C","30 biji","Sarawak",107,29,13,12.90,12.90,0,0.00
"2023-11-01",1111,"TELUR AYAM GRED C","30 biji","Sarawak",81,28,11,12.90,12.90,0,0.00
"2023-12-01",1111,"TELUR AYAM GRED C","30 biji","Sarawak",73,24,11,12.90,12.90,0,0.00
"2024-01-01",1111,"TELUR AYAM GRED C","30 biji","Sarawak",112,31,12,12.90,12.90,0,0.00
"2024-02-01",1111,"TELUR AYAM GRED C","30 biji","Sarawak",76,26,10,12.90,12.90,0,0.00
"2024-03-01",1111,"TELUR AYAM GRED C","30 biji","Sarawak",107,27,15,12.90,12.90,0,0.00
"2024-04-01",1111,"TELUR AYAM GRED C","30 biji","Sarawak",196,28,23,12.90,12.90,0,0.00
"2024-05-01",1111,"TELUR AYAM GRED C","30 biji","Sarawak",224,29,22,12.90,12.90,0,0.00
"2024-06-01",1111,"TELUR AYAM GRED C","30 biji","Sarawak",150,25,18,12.00,12.00,0,0.00
"2024-07-01",1111,"TELUR AYAM GRED C","30 biji","Sarawak",165,27,18,12.00,12.00,0,0.00
"2024-08-01",1111,"TELUR AYAM GRED C","30 biji","Sarawak",108,25,12,12.00,12.00,0,0.00
"2024-09-01",1111,"TELUR AYAM GRED C","30 biji","Sarawak",90,29,11,12.00,12.00,0,0.00
"2024-10-01",1111,"TELUR AYAM GRED C","30 biji","Sarawak",90,30,12,12.00,12.00,0,0.00
"2024-11-01",1111,"TELUR AYAM GRED C","30 biji","Sarawak",84,28,15,12.00,12.00,0,0.00
"2024-12-01",1111,"TELUR AYAM GRED C","30 biji","Sarawak",86,30,18,12.00,12.00,0,0.00
"2025-01-01",1111,"TELUR AYAM GRED C","30 biji","Sarawak",100,29,21,12.00,12.00,0,0.00
"2025-02-01",1111,"TELUR AYAM GRED C","30 biji","Sarawak",139,26,22,12.00,12.00,0,0.00
"2025-03-01",1111,"TELUR AYAM GRED C","30 biji","Sarawak",202,30,27,12.00,12.00,0,0.00
"2025-04-01",1111,"TELUR AYAM GRED C","30 biji","Sarawak",268,27,37,12.00,12.00,0,0.00
"2025-05-01",1111,"TELUR AYAM GRED C","30 biji","Sarawak",318,29,40,12.00,12.00,1,0.00
"2025-06-01",1111,"TELUR AYAM GRED C","30 biji","Sarawak",261,24,38,12.00,12.00,0,0.00
"2025-07-01",1111,"TELUR AYAM GRED C","30 biji","Sarawak",416,30,58,12.00,12.00,0,0.00
"2025-08-01",1111,"TELUR AYAM GRED C","30 biji","Sarawak",445,30,82,13.50,13.50,0,0.00
"2025-09-01",1111,"TELUR AYAM GRED C","30 biji","Sarawak",493,26,84,14.40,14.40,0,0.00
"2025-10-01",1111,"TELUR AYAM GRED C","30 biji","Sarawak",682,30,90,14.50,14.50,0,0.00
"2025-11-01",1111,"TELUR AYAM GRED C","30 biji","Sarawak",820,30,88,14.50,14.50,0,0.00
"2025-12-01",1111,"TELUR AYAM GRED C","30 biji","Sarawak",874,30,94,15.00,15.00,0,0.00
"2023-01-01",1111,"TELUR AYAM GRED C","30 biji","Selangor",261,27,42,12.30,12.30,0,0.00
"2023-02-01",1111,"TELUR AYAM GRED C","30 biji","Selangor",349,25,44,12.30,12.30,0,0.00
"2023-03-01",1111,"TELUR AYAM GRED C","30 biji","Selangor",473,31,45,12.30,12.30,0,0.00
"2023-04-01",1111,"TELUR AYAM GRED C","30 biji","Selangor",563,25,44,12.30,12.30,0,0.00
"2023-05-01",1111,"TELUR AYAM GRED C","30 biji","Selangor",582,24,49,12.30,12.30,0,0.00
"2023-06-01",1111,"TELUR AYAM GRED C","30 biji","Selangor",739,28,48,12.30,12.30,0,0.00
"2023-07-01",1111,"TELUR AYAM GRED C","30 biji","Selangor",746,30,51,12.30,12.30,0,0.00
"2023-08-01",1111,"TELUR AYAM GRED C","30 biji","Selangor",525,27,47,12.30,12.30,0,0.00
"2023-09-01",1111,"TELUR AYAM GRED C","30 biji","Selangor",395,27,42,12.30,12.30,0,0.00
"2023-10-01",1111,"TELUR AYAM GRED C","30 biji","Selangor",472,30,41,12.30,12.30,0,0.00
"2023-11-01",1111,"TELUR AYAM GRED C","30 biji","Selangor",433,26,42,12.30,12.30,0,0.00
"2023-12-01",1111,"TELUR AYAM GRED C","30 biji","Selangor",413,23,45,12.30,12.30,0,0.00
"2024-01-01",1111,"TELUR AYAM GRED C","30 biji","Selangor",554,30,41,12.30,12.30,0,0.00
"2024-02-01",1111,"TELUR AYAM GRED C","30 biji","Selangor",571,26,56,12.30,12.30,0,0.00
"2024-03-01",1111,"TELUR AYAM GRED C","30 biji","Selangor",895,27,64,12.30,12.30,0,0.00
"2024-04-01",1111,"TELUR AYAM GRED C","30 biji","Selangor",1219,28,66,12.30,12.30,0,0.00
"2024-05-01",1111,"TELUR AYAM GRED C","30 biji","Selangor",1234,29,67,12.30,12.30,0,0.00
"2024-06-01",1111,"TELUR AYAM GRED C","30 biji","Selangor",1065,28,61,11.90,11.90,0,0.00
"2024-07-01",1111,"TELUR AYAM GRED C","30 biji","Selangor",886,28,62,11.40,11.40,0,0.00
"2024-08-01",1111,"TELUR AYAM GRED C","30 biji","Selangor",699,25,55,11.40,11.40,0,0.00
"2024-09-01",1111,"TELUR AYAM GRED C","30 biji","Selangor",894,29,61,11.40,11.40,0,0.00
"2024-10-01",1111,"TELUR AYAM GRED C","30 biji","Selangor",1042,30,64,11.40,11.40,0,0.00
"2024-11-01",1111,"TELUR AYAM GRED C","30 biji","Selangor",1072,28,64,11.40,11.40,0,0.00
"2024-12-01",1111,"TELUR AYAM GRED C","30 biji","Selangor",1159,29,62,11.40,11.40,0,0.00
"2025-01-01",1111,"TELUR AYAM GRED C","30 biji","Selangor",1308,29,68,11.40,11.40,0,0.00
"2025-02-01",1111,"TELUR AYAM GRED C","30 biji","Selangor",1120,25,65,11.40,11.40,0,0.00
"2025-03-01",1111,"TELUR AYAM GRED C","30 biji","Selangor",1461,29,68,11.00,11.00,0,0.00
"2025-04-01",1111,"TELUR AYAM GRED C","30 biji","Selangor",1061,28,65,7.80,7.80,0,0.00
"2025-05-01",1111,"TELUR AYAM GRED C","30 biji","Selangor",1360,29,70,9.20,9.20,0,0.00
"2025-06-01",1111,"TELUR AYAM GRED C","30 biji","Selangor",1273,26,68,10.80,10.80,0,0.00
"2025-07-01",1111,"TELUR AYAM GRED C","30 biji","Selangor",1675,30,101,10.60,10.60,1,0.00
"2025-08-01",1111,"TELUR AYAM GRED C","30 biji","Selangor",1800,30,103,11.40,11.40,0,0.00
"2025-09-01",1111,"TELUR AYAM GRED C","30 biji","Selangor",1429,26,100,12.90,12.90,0,0.00
"2025-10-01",1111,"TELUR AYAM GRED C","30 biji","Selangor",1802,30,106,13.20,13.20,0,0.00
"2025-11-01",1111,"TELUR AYAM GRED C","30 biji","Selangor",1768,29,107,10.49,10.49,0,0.00
"2025-12-01",1111,"TELUR AYAM GRED C","30 biji","Selangor",1544,30,102,12.30,12.30,0,0.00
"2023-01-01",1111,"TELUR AYAM GRED C","30 biji","Terengganu",113,28,40,12.30,12.30,0,0.00
"2023-02-01",1111,"TELUR AYAM GRED C","30 biji","Terengganu",203,25,43,12.30,12.30,0,0.00
"2023-03-01",1111,"TELUR AYAM GRED C","30 biji","Terengganu",308,29,50,12.30,12.30,0,0.00
"2023-04-01",1111,"TELUR AYAM GRED C","30 biji","Terengganu",360,24,61,12.30,12.30,0,0.00
"2023-05-01",1111,"TELUR AYAM GRED C","30 biji","Terengganu",527,24,64,12.30,12.30,0,0.00
"2023-06-01",1111,"TELUR AYAM GRED C","30 biji","Terengganu",469,26,62,12.30,12.30,0,0.00
"2023-07-01",1111,"TELUR AYAM GRED C","30 biji","Terengganu",361,30,56,12.30,12.30,0,0.00
"2023-08-01",1111,"TELUR AYAM GRED C","30 biji","Terengganu",281,27,52,12.30,12.30,0,0.00
"2023-09-01",1111,"TELUR AYAM GRED C","30 biji","Terengganu",224,26,45,12.30,12.30,0,0.00
"2023-10-01",1111,"TELUR AYAM GRED C","30 biji","Terengganu",227,30,46,12.30,12.30,0,0.00
"2023-11-01",1111,"TELUR AYAM GRED C","30 biji","Terengganu",191,27,46,12.30,12.30,0,0.00
"2023-12-01",1111,"TELUR AYAM GRED C","30 biji","Terengganu",203,24,44,12.30,12.30,0,0.00
"2024-01-01",1111,"TELUR AYAM GRED C","30 biji","Terengganu",336,31,50,12.30,12.30,0,0.00
"2024-02-01",1111,"TELUR AYAM GRED C","30 biji","Terengganu",365,25,65,12.30,12.30,0,0.00
"2024-03-01",1111,"TELUR AYAM GRED C","30 biji","Terengganu",477,26,58,12.30,12.30,0,0.00
"2024-04-01",1111,"TELUR AYAM GRED C","30 biji","Terengganu",734,27,72,12.30,12.30,0,0.00
"2024-05-01",1111,"TELUR AYAM GRED C","30 biji","Terengganu",833,29,71,12.30,12.30,0,0.00
"2024-06-01",1111,"TELUR AYAM GRED C","30 biji","Terengganu",331,26,53,12.30,12.30,0,0.00
"2024-07-01",1111,"TELUR AYAM GRED C","30 biji","Terengganu",401,29,48,11.40,11.40,0,0.00
"2024-08-01",1111,"TELUR AYAM GRED C","30 biji","Terengganu",370,25,48,11.40,11.40,0,0.00
"2024-09-01",1111,"TELUR AYAM GRED C","30 biji","Terengganu",348,28,45,11.40,11.40,1,0.00
"2024-10-01",1111,"TELUR AYAM GRED C","30 biji","Terengganu",415,30,52,11.40,11.40,0,0.00
"2024-11-01",1111,"TELUR AYAM GRED C","30 biji","Terengganu",571,28,63,11.40,11.40,0,0.00
"2024-12-01",1111,"TELUR AYAM GRED C","30 biji","Terengganu",626,30,66,11.40,11.40,0,0.00
"2025-01-01",1111,"TELUR AYAM GRED C","30 biji","Terengganu",710,28,69,11.40,11.40,0,0.00
"2025-02-01",1111,"TELUR AYAM GRED C","30 biji","Terengganu",771,26,67,11.40,11.40,0,0.00
"2025-03-01",1111,"TELUR AYAM GRED C","30 biji","Terengganu",892,27,74,11.40,11.40,0,0.00
"2025-04-01",1111,"TELUR AYAM GRED C","30 biji","Terengganu",811,27,79,9.99,9.99,0,0.00
"2025-05-01",1111,"TELUR AYAM GRED C","30 biji","Terengganu",1006,29,74,10.00,10.00,0,0.00
"2025-06-01",1111,"TELUR AYAM GRED C","30 biji","Terengganu",868,23,79,11.40,11.40,0,0.00
"2025-07-01",1111,"TELUR AYAM GRED C","30 biji","Terengganu",1154,30,104,11.29,11.29,0,0.00
"2025-08-01",1111,"TELUR AYAM GRED C","30 biji","Terengganu",1116,30,91,11.40,11.40,0,0.00
"2025-09-01",1111,"TELUR AYAM GRED C","30 biji","Terengganu",701,27,80,12.90,12.90,0,0.00
"2025-10-01",1111,"TELUR AYAM GRED C","30 biji","Terengganu",1089,30,84,13.60,13.60,0,0.00
"2025-11-01",1111,"TELUR AYAM GRED C","30 biji","Terengganu",1099,30,93,11.00,11.00,0,0.00
"2025-12-01",1111,"TELUR AYAM GRED C","30 biji","Terengganu",1016,30,93,12.59,12.59,0,0.00
"2024-02-01",1111,"TELUR AYAM GRED C","30 biji","Unknown",1,1,1,12.30,12.30,0,0.00
"2023-01-01",1111,"TELUR AYAM GRED C","30 biji","W.P. Kuala Lumpur",306,27,48,12.30,12.30,0,0.00
"2023-02-01",1111,"TELUR AYAM GRED C","30 biji","W.P. Kuala Lumpur",358,24,51,12.30,12.30,0,0.00
"2023-03-01",1111,"TELUR AYAM GRED C","30 biji","W.P. Kuala Lumpur",635,31,54,12.30,12.30,0,0.00
"2023-04-01",1111,"TELUR AYAM GRED C","30 biji","W.P. Kuala Lumpur",797,25,60,12.30,12.30,0,0.00
"2023-05-01",1111,"TELUR AYAM GRED C","30 biji","W.P. Kuala Lumpur",826,24,66,12.30,12.30,0,0.00
"2023-06-01",1111,"TELUR AYAM GRED C","30 biji","W.P. Kuala Lumpur",850,28,65,12.30,12.30,0,0.00
"2023-07-01",1111,"TELUR AYAM GRED C","30 biji","W.P. Kuala Lumpur",794,30,59,12.30,12.30,0,0.00
"2023-08-01",1111,"TELUR AYAM GRED C","30 biji","W.P. Kuala Lumpur",621,29,59,12.30,12.30,0,0.00
"2023-09-01",1111,"TELUR AYAM GRED C","30 biji","W.P. Kuala Lumpur",509,27,55,12.30,12.30,0,0.00
"2023-10-01",1111,"TELUR AYAM GRED C","30 biji","W.P. Kuala Lumpur",490,30,52,12.30,12.30,0,0.00
"2023-11-01",1111,"TELUR AYAM GRED C","30 biji","W.P. Kuala Lumpur",572,26,57,12.30,12.30,0,0.00
"2023-12-01",1111,"TELUR AYAM GRED C","30 biji","W.P. Kuala Lumpur",620,24,63,12.30,12.30,0,0.00
"2024-01-01",1111,"TELUR AYAM GRED C","30 biji","W.P. Kuala Lumpur",842,30,67,12.30,12.30,0,0.00
"2024-02-01",1111,"TELUR AYAM GRED C","30 biji","W.P. Kuala Lumpur",692,25,72,12.30,12.30,0,0.00
"2024-03-01",1111,"TELUR AYAM GRED C","30 biji","W.P. Kuala Lumpur",988,27,71,12.30,12.30,0,0.00
"2024-04-01",1111,"TELUR AYAM GRED C","30 biji","W.P. Kuala Lumpur",1388,28,78,12.30,12.30,0,0.00
"2024-05-01",1111,"TELUR AYAM GRED C","30 biji","W.P. Kuala Lumpur",1459,29,87,12.30,12.30,0,0.00
"2024-06-01",1111,"TELUR AYAM GRED C","30 biji","W.P. Kuala Lumpur",1223,28,83,11.90,11.90,0,0.00
"2024-07-01",1111,"TELUR AYAM GRED C","30 biji","W.P. Kuala Lumpur",1014,28,81,11.40,11.40,0,0.00
"2024-08-01",1111,"TELUR AYAM GRED C","30 biji","W.P. Kuala Lumpur",875,25,80,11.40,11.40,0,0.00
"2024-09-01",1111,"TELUR AYAM GRED C","30 biji","W.P. Kuala Lumpur",1125,29,87,11.40,11.40,0,0.00
"2024-10-01",1111,"TELUR AYAM GRED C","30 biji","W.P. Kuala Lumpur",1235,30,84,11.40,11.40,0,0.00
"2024-11-01",1111,"TELUR AYAM GRED C","30 biji","W.P. Kuala Lumpur",1374,28,87,11.40,11.40,0,0.00
"2024-12-01",1111,"TELUR AYAM GRED C","30 biji","W.P. Kuala Lumpur",1639,30,88,11.40,11.40,3,0.00
"2025-01-01",1111,"TELUR AYAM GRED C","30 biji","W.P. Kuala Lumpur",1729,29,86,11.40,11.40,0,0.00
"2025-02-01",1111,"TELUR AYAM GRED C","30 biji","W.P. Kuala Lumpur",1527,24,87,11.40,11.40,1,0.00
"2025-03-01",1111,"TELUR AYAM GRED C","30 biji","W.P. Kuala Lumpur",1882,29,90,11.40,11.40,0,0.00
"2025-04-01",1111,"TELUR AYAM GRED C","30 biji","W.P. Kuala Lumpur",1491,28,91,7.99,7.99,0,0.00
"2025-05-01",1111,"TELUR AYAM GRED C","30 biji","W.P. Kuala Lumpur",1827,29,91,9.30,9.30,0,0.00
"2025-06-01",1111,"TELUR AYAM GRED C","30 biji","W.P. Kuala Lumpur",1568,26,86,10.90,10.90,1,0.00
"2025-07-01",1111,"TELUR AYAM GRED C","30 biji","W.P. Kuala Lumpur",2203,30,126,10.90,10.90,0,0.00
"2025-08-01",1111,"TELUR AYAM GRED C","30 biji","W.P. Kuala Lumpur",2483,30,121,11.40,11.40,1,0.00
"2025-09-01",1111,"TELUR AYAM GRED C","30 biji","W.P. Kuala Lumpur",1994,26,122,12.90,12.90,0,0.00
"2025-10-01",1111,"TELUR AYAM GRED C","30 biji","W.P. Kuala Lumpur",2519,30,121,12.90,12.90,0,0.00
"2025-11-01",1111,"TELUR AYAM GRED C","30 biji","W.P. Kuala Lumpur",2576,30,123,10.55,10.55,0,0.00
"2025-12-01",1111,"TELUR AYAM GRED C","30 biji","W.P. Kuala Lumpur",2226,30,119,12.40,12.40,0,0.00
"2023-08-01",1111,"TELUR AYAM GRED C","30 biji","W.P. Labuan",21,21,1,14.70,14.70,0,0.00
"2023-09-01",1111,"TELUR AYAM GRED C","30 biji","W.P. Labuan",6,6,1,14.70,14.70,0,0.00
"2023-10-01",1111,"TELUR AYAM GRED C","30 biji","W.P. Labuan",3,3,1,10.50,10.50,0,0.00
"2023-11-01",1111,"TELUR AYAM GRED C","30 biji","W.P. Labuan",2,2,1,11.00,11.00,0,0.00
"2023-12-01",1111,"TELUR AYAM GRED C","30 biji","W.P. Labuan",8,8,1,14.70,14.70,0,0.00
"2024-01-01",1111,"TELUR AYAM GRED C","30 biji","W.P. Labuan",22,22,1,14.70,14.70,0,0.00
"2024-02-01",1111,"TELUR AYAM GRED C","30 biji","W.P. Labuan",10,10,2,14.70,14.70,0,0.00
"2024-03-01",1111,"TELUR AYAM GRED C","30 biji","W.P. Labuan",2,2,1,14.70,14.70,0,0.00
"2024-04-01",1111,"TELUR AYAM GRED C","30 biji","W.P. Labuan",5,5,1,14.70,14.70,0,0.00
"2024-05-01",1111,"TELUR AYAM GRED C","30 biji","W.P. Labuan",7,7,1,14.70,14.70,0,0.00
"2024-09-01",1111,"TELUR AYAM GRED C","30 biji","W.P. Labuan",2,2,1,13.80,13.80,0,0.00
"2025-02-01",1111,"TELUR AYAM GRED C","30 biji","W.P. Labuan",13,10,3,13.80,13.80,0,0.00
"2025-03-01",1111,"TELUR AYAM GRED C","30 biji","W.P. Labuan",7,7,3,13.80,13.80,0,0.00
"2025-05-01",1111,"TELUR AYAM GRED C","30 biji","W.P. Labuan",4,4,2,13.80,13.80,0,0.00
"2025-06-01",1111,"TELUR AYAM GRED C","30 biji","W.P. Labuan",1,1,1,13.80,13.80,0,0.00
"2025-07-01",1111,"TELUR AYAM GRED C","30 biji","W.P. Labuan",3,3,2,13.80,13.80,0,0.00
"2025-09-01",1111,"TELUR AYAM GRED C","30 biji","W.P. Labuan",6,6,1,18.00,18.00,0,0.00
"2025-10-01",1111,"TELUR AYAM GRED C","30 biji","W.P. Labuan",22,22,3,18.00,18.00,0,0.00
"2025-11-01",1111,"TELUR AYAM GRED C","30 biji","W.P. Labuan",16,15,4,18.00,18.00,0,0.00
"2025-12-01",1111,"TELUR AYAM GRED C","30 biji","W.P. Labuan",20,18,3,18.00,18.00,0,0.00
"2023-01-01",1111,"TELUR AYAM GRED C","30 biji","W.P. Putrajaya",35,23,6,12.30,12.30,0,0.00
"2023-02-01",1111,"TELUR AYAM GRED C","30 biji","W.P. Putrajaya",38,20,6,12.30,12.30,0,0.00
"2023-03-01",1111,"TELUR AYAM GRED C","30 biji","W.P. Putrajaya",50,25,5,12.30,12.30,0,0.00
"2023-04-01",1111,"TELUR AYAM GRED C","30 biji","W.P. Putrajaya",80,25,8,12.30,12.30,0,0.00
"2023-05-01",1111,"TELUR AYAM GRED C","30 biji","W.P. Putrajaya",90,24,8,12.30,12.30,0,0.00
"2023-06-01",1111,"TELUR AYAM GRED C","30 biji","W.P. Putrajaya",113,28,8,12.30,12.30,0,0.00
"2023-07-01",1111,"TELUR AYAM GRED C","30 biji","W.P. Putrajaya",93,29,10,12.30,12.30,0,0.00
"2023-08-01",1111,"TELUR AYAM GRED C","30 biji","W.P. Putrajaya",46,24,6,12.30,12.30,0,0.00
"2023-09-01",1111,"TELUR AYAM GRED C","30 biji","W.P. Putrajaya",36,21,5,12.30,12.30,0,0.00
"2023-10-01",1111,"TELUR AYAM GRED C","30 biji","W.P. Putrajaya",31,19,9,12.30,12.30,0,0.00
"2023-11-01",1111,"TELUR AYAM GRED C","30 biji","W.P. Putrajaya",54,25,6,12.30,12.30,0,0.00
"2023-12-01",1111,"TELUR AYAM GRED C","30 biji","W.P. Putrajaya",47,21,6,12.30,12.30,0,0.00
"2024-01-01",1111,"TELUR AYAM GRED C","30 biji","W.P. Putrajaya",50,26,7,12.30,12.30,0,0.00
"2024-02-01",1111,"TELUR AYAM GRED C","30 biji","W.P. Putrajaya",41,20,7,12.30,12.30,0,0.00
"2024-03-01",1111,"TELUR AYAM GRED C","30 biji","W.P. Putrajaya",94,27,9,12.30,12.30,0,0.00
"2024-04-01",1111,"TELUR AYAM GRED C","30 biji","W.P. Putrajaya",118,28,10,12.30,12.30,0,0.00
"2024-05-01",1111,"TELUR AYAM GRED C","30 biji","W.P. Putrajaya",135,29,9,12.30,12.30,0,0.00
"2024-06-01",1111,"TELUR AYAM GRED C","30 biji","W.P. Putrajaya",92,28,9,12.30,12.30,0,0.00
"2024-07-01",1111,"TELUR AYAM GRED C","30 biji","W.P. Putrajaya",64,27,7,11.40,11.40,0,0.00
"2024-08-01",1111,"TELUR AYAM GRED C","30 biji","W.P. Putrajaya",58,23,7,11.40,11.40,0,0.00
"2024-09-01",1111,"TELUR AYAM GRED C","30 biji","W.P. Putrajaya",88,29,8,11.40,11.40,0,0.00
"2024-10-01",1111,"TELUR AYAM GRED C","30 biji","W.P. Putrajaya",86,30,9,11.40,11.40,0,0.00
"2024-11-01",1111,"TELUR AYAM GRED C","30 biji","W.P. Putrajaya",99,28,10,11.40,11.40,0,0.00
"2024-12-01",1111,"TELUR AYAM GRED C","30 biji","W.P. Putrajaya",120,30,9,11.40,11.40,0,0.00
"2025-01-01",1111,"TELUR AYAM GRED C","30 biji","W.P. Putrajaya",114,29,10,11.40,11.40,0,0.00
"2025-02-01",1111,"TELUR AYAM GRED C","30 biji","W.P. Putrajaya",94,24,10,11.40,11.40,0,0.00
"2025-03-01",1111,"TELUR AYAM GRED C","30 biji","W.P. Putrajaya",150,29,11,10.80,10.80,0,0.00
"2025-04-01",1111,"TELUR AYAM GRED C","30 biji","W.P. Putrajaya",104,28,11,7.25,7.25,0,0.00
"2025-05-01",1111,"TELUR AYAM GRED C","30 biji","W.P. Putrajaya",128,29,10,9.30,9.30,0,0.00
"2025-06-01",1111,"TELUR AYAM GRED C","30 biji","W.P. Putrajaya",140,26,11,10.80,10.80,0,0.00
"2025-07-01",1111,"TELUR AYAM GRED C","30 biji","W.P. Putrajaya",229,30,15,10.80,10.80,0,0.00
"2025-08-01",1111,"TELUR AYAM GRED C","30 biji","W.P. Putrajaya",274,30,18,11.40,11.40,1,0.00
"2025-09-01",1111,"TELUR AYAM GRED C","30 biji","W.P. Putrajaya",218,26,15,13.19,13.19,0,0.00
"2025-10-01",1111,"TELUR AYAM GRED C","30 biji","W.P. Putrajaya",304,30,18,13.30,13.30,0,0.00
"2025-11-01",1111,"TELUR AYAM GRED C","30 biji","W.P. Putrajaya",284,29,18,10.55,10.55,0,0.00
"2025-12-01",1111,"TELUR AYAM GRED C","30 biji","W.P. Putrajaya",252,30,18,12.40,12.40,0,0.00
"2023-01-01",1131,"UBI KENTANG IMPORT (CHINA)","1kg","Johor",2206,29,124,2.99,2.99,0,0.00
"2023-02-01",1131,"UBI KENTANG IMPORT (CHINA)","1kg","Johor",1878,26,119,2.90,2.90,0,0.00
"2023-03-01",1131,"UBI KENTANG IMPORT (CHINA)","1kg","Johor",1969,29,117,2.60,2.60,0,0.00
"2023-04-01",1131,"UBI KENTANG IMPORT (CHINA)","1kg","Johor",1757,26,114,2.60,2.60,0,0.00
"2023-05-01",1131,"UBI KENTANG IMPORT (CHINA)","1kg","Johor",1627,24,117,2.59,2.59,0,0.00
"2023-06-01",1131,"UBI KENTANG IMPORT (CHINA)","1kg","Johor",1848,28,117,2.99,2.99,0,0.00
"2023-07-01",1131,"UBI KENTANG IMPORT (CHINA)","1kg","Johor",2017,29,119,3.39,3.39,0,0.00
"2023-08-01",1131,"UBI KENTANG IMPORT (CHINA)","1kg","Johor",1902,28,111,3.20,3.20,0,0.00
"2023-09-01",1131,"UBI KENTANG IMPORT (CHINA)","1kg","Johor",1890,27,115,3.00,3.00,0,0.00
"2023-10-01",1131,"UBI KENTANG IMPORT (CHINA)","1kg","Johor",2081,30,120,2.99,2.99,0,0.00
"2023-11-01",1131,"UBI KENTANG IMPORT (CHINA)","1kg","Johor",1877,27,116,2.85,2.85,0,0.00
"2023-12-01",1131,"UBI KENTANG IMPORT (CHINA)","1kg","Johor",1744,23,123,2.90,2.90,0,0.00
"2024-01-01",1131,"UBI KENTANG IMPORT (CHINA)","1kg","Johor",2302,30,123,2.99,2.99,0,0.00
"2024-02-01",1131,"UBI KENTANG IMPORT (CHINA)","1kg","Johor",2530,27,159,2.99,2.99,0,0.00
"2024-03-01",1131,"UBI KENTANG IMPORT (CHINA)","1kg","Johor",2235,26,153,2.99,2.99,0,0.00
"2024-04-01",1131,"UBI KENTANG IMPORT (CHINA)","1kg","Johor",2607,28,154,2.99,2.99,1,0.00
"2024-05-01",1131,"UBI KENTANG IMPORT (CHINA)","1kg","Johor",2616,29,155,2.99,2.99,0,0.00
"2024-06-01",1131,"UBI KENTANG IMPORT (CHINA)","1kg","Johor",2569,28,156,2.99,2.99,0,0.00
"2024-07-01",1131,"UBI KENTANG IMPORT (CHINA)","1kg","Johor",2866,29,158,2.99,2.99,0,0.00
"2024-08-01",1131,"UBI KENTANG IMPORT (CHINA)","1kg","Johor",2335,24,158,2.90,2.90,0,0.00
"2024-09-01",1131,"UBI KENTANG IMPORT (CHINA)","1kg","Johor",2934,29,158,2.89,2.89,0,0.00
"2024-10-01",1131,"UBI KENTANG IMPORT (CHINA)","1kg","Johor",2941,30,159,2.89,2.89,0,0.00
"2024-11-01",1131,"UBI KENTANG IMPORT (CHINA)","1kg","Johor",2688,28,156,2.89,2.89,0,0.00
"2024-12-01",1131,"UBI KENTANG IMPORT (CHINA)","1kg","Johor",2923,30,157,2.90,2.90,0,0.00
"2025-01-01",1131,"UBI KENTANG IMPORT (CHINA)","1kg","Johor",2877,28,160,2.90,2.90,0,0.00
"2025-02-01",1131,"UBI KENTANG IMPORT (CHINA)","1kg","Johor",2550,25,160,2.90,2.90,0,0.00
"2025-03-01",1131,"UBI KENTANG IMPORT (CHINA)","1kg","Johor",2533,26,159,2.99,2.99,0,0.00
"2025-04-01",1131,"UBI KENTANG IMPORT (CHINA)","1kg","Johor",2577,27,157,2.99,2.99,0,0.00
"2025-05-01",1131,"UBI KENTANG IMPORT (CHINA)","1kg","Johor",2815,29,155,2.89,2.89,0,0.00
"2025-06-01",1131,"UBI KENTANG IMPORT (CHINA)","1kg","Johor",2470,26,153,2.79,2.79,0,0.00
"2025-07-01",1131,"UBI KENTANG IMPORT (CHINA)","1kg","Johor",3036,29,216,2.69,2.69,0,0.00
"2025-08-01",1131,"UBI KENTANG IMPORT (CHINA)","1kg","Johor",3330,30,187,2.69,2.69,0,0.00
"2025-09-01",1131,"UBI KENTANG IMPORT (CHINA)","1kg","Johor",2830,26,183,2.69,2.69,0,0.00
"2025-10-01",1131,"UBI KENTANG IMPORT (CHINA)","1kg","Johor",3198,30,181,2.50,2.50,3,0.00
"2025-11-01",1131,"UBI KENTANG IMPORT (CHINA)","1kg","Johor",3148,30,185,2.49,2.49,32,0.00
"2025-12-01",1131,"UBI KENTANG IMPORT (CHINA)","1kg","Johor",3163,29,184,2.69,2.69,0,0.00
"2023-01-01",1131,"UBI KENTANG IMPORT (CHINA)","1kg","Kedah",984,29,56,3.00,3.00,0,0.00
"2023-02-01",1131,"UBI KENTANG IMPORT (CHINA)","1kg","Kedah",823,25,57,3.00,3.00,0,0.00
"2023-03-01",1131,"UBI KENTANG IMPORT (CHINA)","1kg","Kedah",891,30,54,3.00,3.00,0,0.00
"2023-04-01",1131,"UBI KENTANG IMPORT (CHINA)","1kg","Kedah",781,26,52,3.00,3.00,0,0.00
"2023-05-01",1131,"UBI KENTANG IMPORT (CHINA)","1kg","Kedah",695,24,46,3.30,3.30,0,0.00
"2023-06-01",1131,"UBI KENTANG IMPORT (CHINA)","1kg","Kedah",673,26,50,3.50,3.50,0,0.00
"2023-07-01",1131,"UBI KENTANG IMPORT (CHINA)","1kg","Kedah",802,29,52,3.50,3.50,0,0.00
"2023-08-01",1131,"UBI KENTANG IMPORT (CHINA)","1kg","Kedah",827,27,50,3.50,3.50,0,0.00
"2023-09-01",1131,"UBI KENTANG IMPORT (CHINA)","1kg","Kedah",849,27,51,3.50,3.50,0,0.00
"2023-10-01",1131,"UBI KENTANG IMPORT (CHINA)","1kg","Kedah",923,30,49,3.70,3.70,0,0.00
"2023-11-01",1131,"UBI KENTANG IMPORT (CHINA)","1kg","Kedah",812,27,46,3.80,3.80,0,0.00
"2023-12-01",1131,"UBI KENTANG IMPORT (CHINA)","1kg","Kedah",756,24,50,3.50,3.50,0,0.00
"2024-01-01",1131,"UBI KENTANG IMPORT (CHINA)","1kg","Kedah",980,30,51,3.50,3.50,0,0.00
"2024-02-01",1131,"UBI KENTANG IMPORT (CHINA)","1kg","Kedah",894,26,53,3.50,3.50,0,0.00
"2024-03-01",1131,"UBI KENTANG IMPORT (CHINA)","1kg","Kedah",765,27,51,3.90,3.90,0,0.00
"2024-04-01",1131,"UBI KENTANG IMPORT (CHINA)","1kg","Kedah",881,28,56,3.50,3.50,0,0.00
"2024-05-01",1131,"UBI KENTANG IMPORT (CHINA)","1kg","Kedah",963,29,49,3.50,3.50,0,0.00
"2024-06-01",1131,"UBI KENTANG IMPORT (CHINA)","1kg","Kedah",941,26,57,3.50,3.50,0,0.00
"2024-07-01",1131,"UBI KENTANG IMPORT (CHINA)","1kg","Kedah",1168,29,57,3.30,3.30,0,0.00
"2024-08-01",1131,"UBI KENTANG IMPORT (CHINA)","1kg","Kedah",1037,25,66,3.50,3.50,0,0.00
"2024-09-01",1131,"UBI KENTANG IMPORT (CHINA)","1kg","Kedah",1221,29,65,3.30,3.30,0,0.00
"2024-10-01",1131,"UBI KENTANG IMPORT (CHINA)","1kg","Kedah",1263,30,65,3.50,3.50,0,0.00
"2024-11-01",1131,"UBI KENTANG IMPORT (CHINA)","1kg","Kedah",1148,28,65,3.50,3.50,0,0.00
"2024-12-01",1131,"UBI KENTANG IMPORT (CHINA)","1kg","Kedah",1261,30,66,3.49,3.49,0,0.00
"2025-01-01",1131,"UBI KENTANG IMPORT (CHINA)","1kg","Kedah",1224,28,71,3.30,3.30,0,0.00
"2025-02-01",1131,"UBI KENTANG IMPORT (CHINA)","1kg","Kedah",1113,25,70,3.30,3.30,0,0.00
"2025-03-01",1131,"UBI KENTANG IMPORT (CHINA)","1kg","Kedah",1207,28,71,3.20,3.20,0,0.00
"2025-04-01",1131,"UBI KENTANG IMPORT (CHINA)","1kg","Kedah",1083,28,64,3.00,3.00,0,0.00
"2025-05-01",1131,"UBI KENTANG IMPORT (CHINA)","1kg","Kedah",1104,29,68,3.00,3.00,0,0.00
"2025-06-01",1131,"UBI KENTANG IMPORT (CHINA)","1kg","Kedah",978,23,67,2.99,2.99,0,0.00
"2025-07-01",1131,"UBI KENTANG IMPORT (CHINA)","1kg","Kedah",1343,30,94,2.99,2.99,0,0.00
"2025-08-01",1131,"UBI KENTANG IMPORT (CHINA)","1kg","Kedah",1617,30,90,2.99,2.99,0,0.00
"2025-09-01",1131,"UBI KENTANG IMPORT (CHINA)","1kg","Kedah",1400,26,88,2.99,2.99,0,0.00
"2025-10-01",1131,"UBI KENTANG IMPORT (CHINA)","1kg","Kedah",1684,30,88,2.99,2.99,0,0.00
"2025-11-01",1131,"UBI KENTANG IMPORT (CHINA)","1kg","Kedah",1668,29,92,3.00,3.00,0,0.00
"2025-12-01",1131,"UBI KENTANG IMPORT (CHINA)","1kg","Kedah",1691,30,92,3.00,3.00,0,0.00
"2023-01-01",1131,"UBI KENTANG IMPORT (CHINA)","1kg","Kelantan",1325,29,71,3.99,3.99,0,0.00
"2023-02-01",1131,"UBI KENTANG IMPORT (CHINA)","1kg","Kelantan",1226,27,69,4.00,4.00,0,0.00
"2023-03-01",1131,"UBI KENTANG IMPORT (CHINA)","1kg","Kelantan",1309,31,70,3.99,3.99,0,0.00
"2023-04-01",1131,"UBI KENTANG IMPORT (CHINA)","1kg","Kelantan",1029,23,72,3.50,3.50,0,0.00
"2023-05-01",1131,"UBI KENTANG IMPORT (CHINA)","1kg","Kelantan",1042,24,66,3.80,3.80,0,0.00
"2023-06-01",1131,"UBI KENTANG IMPORT (CHINA)","1kg","Kelantan",1123,26,67,4.00,4.00,0,0.00
"2023-07-01",1131,"UBI KENTANG IMPORT (CHINA)","1kg","Kelantan",1331,30,71,3.99,3.99,0,0.00
"2023-08-01",1131,"UBI KENTANG IMPORT (CHINA)","1kg","Kelantan",1243,27,67,3.99,3.99,0,0.00
"2023-09-01",1131,"UBI KENTANG IMPORT (CHINA)","1kg","Kelantan",1134,24,68,4.00,4.00,0,0.00
"2023-10-01",1131,"UBI KENTANG IMPORT (CHINA)","1kg","Kelantan",1349,29,75,4.00,4.00,0,0.00
"2023-11-01",1131,"UBI KENTANG IMPORT (CHINA)","1kg","Kelantan",1279,27,74,4.00,4.00,0,0.00
"2023-12-01",1131,"UBI KENTANG IMPORT (CHINA)","1kg","Kelantan",1101,24,69,3.50,3.50,0,0.00
"2024-01-01",1131,"UBI KENTANG IMPORT (CHINA)","1kg","Kelantan",1419,31,76,3.90,3.90,0,0.00
"2024-02-01",1131,"UBI KENTANG IMPORT (CHINA)","1kg","Kelantan",1246,26,77,3.50,3.50,0,0.00
"2024-03-01",1131,"UBI KENTANG IMPORT (CHINA)","1kg","Kelantan",1192,27,71,3.99,3.99,0,0.00
"2024-04-01",1131,"UBI KENTANG IMPORT (CHINA)","1kg","Kelantan",1266,27,68,3.50,3.50,0,0.00
"2024-05-01",1131,"UBI KENTANG IMPORT (CHINA)","1kg","Kelantan",1337,29,69,3.99,3.99,0,0.00
"2024-06-01",1131,"UBI KENTANG IMPORT (CHINA)","1kg","Kelantan",1156,26,66,3.90,3.90,0,0.00
"2024-07-01",1131,"UBI KENTANG IMPORT (CHINA)","1kg","Kelantan",1270,29,71,3.99,3.99,0,0.00
"2024-08-01",1131,"UBI KENTANG IMPORT (CHINA)","1kg","Kelantan",1094,25,70,3.99,3.99,0,0.00
"2024-09-01",1131,"UBI KENTANG IMPORT (CHINA)","1kg","Kelantan",1313,26,78,4.00,4.00,0,0.00
"2024-10-01",1131,"UBI KENTANG IMPORT (CHINA)","1kg","Kelantan",1410,30,76,4.00,4.00,0,0.00
"2024-11-01",1131,"UBI KENTANG IMPORT (CHINA)","1kg","Kelantan",1198,28,73,4.00,4.00,0,0.00
"2024-12-01",1131,"UBI KENTANG IMPORT (CHINA)","1kg","Kelantan",1425,30,79,3.50,3.50,0,0.00
"2025-01-01",1131,"UBI KENTANG IMPORT (CHINA)","1kg","Kelantan",1495,29,83,3.50,3.50,0,0.00
"2025-02-01",1131,"UBI KENTANG IMPORT (CHINA)","1kg","Kelantan",1420,26,82,3.50,3.50,0,0.00
"2025-03-01",1131,"UBI KENTANG IMPORT (CHINA)","1kg","Kelantan",1416,28,87,3.50,3.50,0,0.00
"2025-04-01",1131,"UBI KENTANG IMPORT (CHINA)","1kg","Kelantan",1303,28,73,3.49,3.49,0,0.00
"2025-05-01",1131,"UBI KENTANG IMPORT (CHINA)","1kg","Kelantan",1276,29,78,3.50,3.50,0,0.00
"2025-06-01",1131,"UBI KENTANG IMPORT (CHINA)","1kg","Kelantan",1077,23,75,3.50,3.50,0,0.00
"2025-07-01",1131,"UBI KENTANG IMPORT (CHINA)","1kg","Kelantan",1522,30,106,3.50,3.50,0,0.00
"2025-08-01",1131,"UBI KENTANG IMPORT (CHINA)","1kg","Kelantan",1440,30,94,3.10,3.10,0,0.00
"2025-09-01",1131,"UBI KENTANG IMPORT (CHINA)","1kg","Kelantan",1162,25,84,3.50,3.50,0,0.00
"2025-10-01",1131,"UBI KENTANG IMPORT (CHINA)","1kg","Kelantan",1228,30,82,3.29,3.29,2,0.00
"2025-11-01",1131,"UBI KENTANG IMPORT (CHINA)","1kg","Kelantan",1252,29,85,3.49,3.49,16,0.00
"2025-12-01",1131,"UBI KENTANG IMPORT (CHINA)","1kg","Kelantan",1310,30,93,3.20,3.20,0,0.00
"2023-01-01",1131,"UBI KENTANG IMPORT (CHINA)","1kg","Melaka",359,27,19,3.00,3.00,0,0.00
"2023-02-01",1131,"UBI KENTANG IMPORT (CHINA)","1kg","Melaka",381,27,19,2.99,2.99,0,0.00
"2023-03-01",1131,"UBI KENTANG IMPORT (CHINA)","1kg","Melaka",402,30,20,2.99,2.99,0,0.00
"2023-04-01",1131,"UBI KENTANG IMPORT (CHINA)","1kg","Melaka",344,25,20,2.99,2.99,0,0.00
"2023-05-01",1131,"UBI KENTANG IMPORT (CHINA)","1kg","Melaka",318,24,20,2.99,2.99,0,0.00
"2023-06-01",1131,"UBI KENTANG IMPORT (CHINA)","1kg","Melaka",367,28,19,3.80,3.80,0,0.00
"2023-07-01",1131,"UBI KENTANG IMPORT (CHINA)","1kg","Melaka",409,30,19,3.90,3.90,0,0.00
"2023-08-01",1131,"UBI KENTANG IMPORT (CHINA)","1kg","Melaka",346,28,18,3.90,3.90,0,0.00
"2023-09-01",1131,"UBI KENTANG IMPORT (CHINA)","1kg","Melaka",301,27,17,3.60,3.60,0,0.00
"2023-10-01",1131,"UBI KENTANG IMPORT (CHINA)","1kg","Melaka",329,30,16,3.50,3.50,0,0.00
"2023-11-01",1131,"UBI KENTANG IMPORT (CHINA)","1kg","Melaka",296,26,16,2.90,2.90,0,0.00
"2023-12-01",1131,"UBI KENTANG IMPORT (CHINA)","1kg","Melaka",286,24,21,2.99,2.99,0,0.00
"2024-01-01",1131,"UBI KENTANG IMPORT (CHINA)","1kg","Melaka",436,31,20,2.99,2.99,0,0.00
"2024-02-01",1131,"UBI KENTANG IMPORT (CHINA)","1kg","Melaka",333,25,18,2.99,2.99,0,0.00
"2024-03-01",1131,"UBI KENTANG IMPORT (CHINA)","1kg","Melaka",265,27,17,2.99,2.99,0,0.00
"2024-04-01",1131,"UBI KENTANG IMPORT (CHINA)","1kg","Melaka",347,28,21,3.50,3.50,0,0.00
"2024-05-01",1131,"UBI KENTANG IMPORT (CHINA)","1kg","Melaka",327,29,19,3.50,3.50,0,0.00
"2024-06-01",1131,"UBI KENTANG IMPORT (CHINA)","1kg","Melaka",363,28,18,2.99,2.99,0,0.00
"2024-07-01",1131,"UBI KENTANG IMPORT (CHINA)","1kg","Melaka",360,28,19,2.99,2.99,0,0.00
"2024-08-01",1131,"UBI KENTANG IMPORT (CHINA)","1kg","Melaka",282,25,18,2.99,2.99,0,0.00
"2024-09-01",1131,"UBI KENTANG IMPORT (CHINA)","1kg","Melaka",335,29,18,2.90,2.90,0,0.00
"2024-10-01",1131,"UBI KENTANG IMPORT (CHINA)","1kg","Melaka",322,30,18,2.95,2.95,0,0.00
"2024-11-01",1131,"UBI KENTANG IMPORT (CHINA)","1kg","Melaka",308,28,18,2.99,2.99,0,0.00
"2024-12-01",1131,"UBI KENTANG IMPORT (CHINA)","1kg","Melaka",400,30,24,2.99,2.99,0,0.00
"2025-01-01",1131,"UBI KENTANG IMPORT (CHINA)","1kg","Melaka",470,29,24,3.20,3.20,0,0.00
"2025-02-01",1131,"UBI KENTANG IMPORT (CHINA)","1kg","Melaka",399,25,23,3.20,3.20,0,0.00
"2025-03-01",1131,"UBI KENTANG IMPORT (CHINA)","1kg","Melaka",468,30,25,3.20,3.20,0,0.00
"2025-04-01",1131,"UBI KENTANG IMPORT (CHINA)","1kg","Melaka",435,27,25,3.20,3.20,0,0.00
"2025-05-01",1131,"UBI KENTANG IMPORT (CHINA)","1kg","Melaka",468,29,24,2.99,2.99,0,0.00
"2025-06-01",1131,"UBI KENTANG IMPORT (CHINA)","1kg","Melaka",435,26,29,2.99,2.99,0,0.00
"2025-07-01",1131,"UBI KENTANG IMPORT (CHINA)","1kg","Melaka",588,30,48,2.99,2.99,0,0.00
"2025-08-01",1131,"UBI KENTANG IMPORT (CHINA)","1kg","Melaka",626,28,45,2.99,2.99,0,0.00
"2025-09-01",1131,"UBI KENTANG IMPORT (CHINA)","1kg","Melaka",628,26,50,2.99,2.99,0,0.00
"2025-10-01",1131,"UBI KENTANG IMPORT (CHINA)","1kg","Melaka",761,30,51,2.99,2.99,2,0.00
"2025-11-01",1131,"UBI KENTANG IMPORT (CHINA)","1kg","Melaka",714,29,51,2.99,2.99,19,0.00
"2025-12-01",1131,"UBI KENTANG IMPORT (CHINA)","1kg","Melaka",728,30,50,3.20,3.20,0,0.00
"2023-01-01",1131,"UBI KENTANG IMPORT (CHINA)","1kg","Negeri Sembilan",541,26,34,2.90,2.90,0,0.00
"2023-02-01",1131,"UBI KENTANG IMPORT (CHINA)","1kg","Negeri Sembilan",454,24,28,2.70,2.70,0,0.00
"2023-03-01",1131,"UBI KENTANG IMPORT (CHINA)","1kg","Negeri Sembilan",567,31,30,2.50,2.50,0,0.00
"2023-04-01",1131,"UBI KENTANG IMPORT (CHINA)","1kg","Negeri Sembilan",528,26,37,2.50,2.50,0,0.00
"2023-05-01",1131,"UBI KENTANG IMPORT (CHINA)","1kg","Negeri Sembilan",487,24,31,2.50,2.50,0,0.00
"2023-06-01",1131,"UBI KENTANG IMPORT (CHINA)","1kg","Negeri Sembilan",562,28,30,2.90,2.90,0,0.00
"2023-07-01",1131,"UBI KENTANG IMPORT (CHINA)","1kg","Negeri Sembilan",669,30,33,3.49,3.49,0,0.00
"2023-08-01",1131,"UBI KENTANG IMPORT (CHINA)","1kg","Negeri Sembilan",525,27,26,3.30,3.30,0,0.00
"2023-09-01",1131,"UBI KENTANG IMPORT (CHINA)","1kg","Negeri Sembilan",573,27,27,3.30,3.30,0,0.00
"2023-10-01",1131,"UBI KENTANG IMPORT (CHINA)","1kg","Negeri Sembilan",594,30,27,2.90,2.90,0,0.00
"2023-11-01",1131,"UBI KENTANG IMPORT (CHINA)","1kg","Negeri Sembilan",486,26,25,2.69,2.69,0,0.00
"2023-12-01",1131,"UBI KENTANG IMPORT (CHINA)","1kg","Negeri Sembilan",499,24,32,2.89,2.89,0,0.00
"2024-01-01",1131,"UBI KENTANG IMPORT (CHINA)","1kg","Negeri Sembilan",626,28,31,2.90,2.90,0,0.00
"2024-02-01",1131,"UBI KENTANG IMPORT (CHINA)","1kg","Negeri Sembilan",509,25,32,2.90,2.90,0,0.00
"2024-03-01",1131,"UBI KENTANG IMPORT (CHINA)","1kg","Negeri Sembilan",521,28,26,2.79,2.79,0,0.00
"2024-04-01",1131,"UBI KENTANG IMPORT (CHINA)","1kg","Negeri Sembilan",564,28,33,2.90,2.90,0,0.00
"2024-05-01",1131,"UBI KENTANG IMPORT (CHINA)","1kg","Negeri Sembilan",481,29,28,2.99,2.99,0,0.00
"2024-06-01",1131,"UBI KENTANG IMPORT (CHINA)","1kg","Negeri Sembilan",556,28,30,2.90,2.90,0,0.00
"2024-07-01",1131,"UBI KENTANG IMPORT (CHINA)","1kg","Negeri Sembilan",642,28,32,2.90,2.90,0,0.00
"2024-08-01",1131,"UBI KENTANG IMPORT (CHINA)","1kg","Negeri Sembilan",566,25,31,2.90,2.90,0,0.00
"2024-09-01",1131,"UBI KENTANG IMPORT (CHINA)","1kg","Negeri Sembilan",624,29,30,2.90,2.90,0,0.00
"2024-10-01",1131,"UBI KENTANG IMPORT (CHINA)","1kg","Negeri Sembilan",683,30,30,2.90,2.90,0,0.00
"2024-11-01",1131,"UBI KENTANG IMPORT (CHINA)","1kg","Negeri Sembilan",611,28,30,2.90,2.90,0,0.00
"2024-12-01",1131,"UBI KENTANG IMPORT (CHINA)","1kg","Negeri Sembilan",644,30,33,2.85,2.85,0,0.00
"2025-01-01",1131,"UBI KENTANG IMPORT (CHINA)","1kg","Negeri Sembilan",626,27,33,2.90,2.90,0,0.00
"2025-02-01",1131,"UBI KENTANG IMPORT (CHINA)","1kg","Negeri Sembilan",570,25,33,2.90,2.90,0,0.00
"2025-03-01",1131,"UBI KENTANG IMPORT (CHINA)","1kg","Negeri Sembilan",669,30,38,2.90,2.90,0,0.00
"2025-04-01",1131,"UBI KENTANG IMPORT (CHINA)","1kg","Negeri Sembilan",612,28,36,2.90,2.90,0,0.00
"2025-05-01",1131,"UBI KENTANG IMPORT (CHINA)","1kg","Negeri Sembilan",642,29,34,2.90,2.90,0,0.00
"2025-06-01",1131,"UBI KENTANG IMPORT (CHINA)","1kg","Negeri Sembilan",590,26,34,2.90,2.90,0,0.00
"2025-07-01",1131,"UBI KENTANG IMPORT (CHINA)","1kg","Negeri Sembilan",767,30,48,2.59,2.59,0,0.00
"2025-08-01",1131,"UBI KENTANG IMPORT (CHINA)","1kg","Negeri Sembilan",873,30,49,2.50,2.50,0,0.00
"2025-09-01",1131,"UBI KENTANG IMPORT (CHINA)","1kg","Negeri Sembilan",768,26,46,2.59,2.59,0,0.00
"2025-10-01",1131,"UBI KENTANG IMPORT (CHINA)","1kg","Negeri Sembilan",911,30,46,2.60,2.60,1,0.00
"2025-11-01",1131,"UBI KENTANG IMPORT (CHINA)","1kg","Negeri Sembilan",855,30,45,2.50,2.50,12,0.00
"2025-12-01",1131,"UBI KENTANG IMPORT (CHINA)","1kg","Negeri Sembilan",772,30,45,2.50,2.50,0,0.00
"2023-01-01",1131,"UBI KENTANG IMPORT (CHINA)","1kg","Pahang",1626,27,78,3.00,3.00,0,0.00
"2023-02-01",1131,"UBI KENTANG IMPORT (CHINA)","1kg","Pahang",1753,27,77,3.49,3.49,0,0.00
"2023-03-01",1131,"UBI KENTANG IMPORT (CHINA)","1kg","Pahang",1862,31,75,3.00,3.00,0,0.00
"2023-04-01",1131,"UBI KENTANG IMPORT (CHINA)","1kg","Pahang",1383,25,72,2.99,2.99,0,0.00
"2023-05-01",1131,"UBI KENTANG IMPORT (CHINA)","1kg","Pahang",1271,23,68,3.00,3.00,0,0.00
"2023-06-01",1131,"UBI KENTANG IMPORT (CHINA)","1kg","Pahang",1594,28,70,3.50,3.50,0,0.00
"2023-07-01",1131,"UBI KENTANG IMPORT (CHINA)","1kg","Pahang",1564,28,67,3.99,3.99,0,0.00
"2023-08-01",1131,"UBI KENTANG IMPORT (CHINA)","1kg","Pahang",1654,29,69,3.99,3.99,0,0.00
"2023-09-01",1131,"UBI KENTANG IMPORT (CHINA)","1kg","Pahang",1547,27,68,3.59,3.59,0,0.00
"2023-10-01",1131,"UBI KENTANG IMPORT (CHINA)","1kg","Pahang",1760,30,70,3.59,3.59,0,0.00
"2023-11-01",1131,"UBI KENTANG IMPORT (CHINA)","1kg","Pahang",1533,26,70,3.90,3.90,0,0.00
"2023-12-01",1131,"UBI KENTANG IMPORT (CHINA)","1kg","Pahang",1482,24,75,3.50,3.50,0,0.00
"2024-01-01",1131,"UBI KENTANG IMPORT (CHINA)","1kg","Pahang",1906,31,71,3.50,3.50,0,0.00
"2024-02-01",1131,"UBI KENTANG IMPORT (CHINA)","1kg","Pahang",1663,26,79,3.49,3.49,0,0.00
"2024-03-01",1131,"UBI KENTANG IMPORT (CHINA)","1kg","Pahang",1833,27,95,3.49,3.49,0,0.00
"2024-04-01",1131,"UBI KENTANG IMPORT (CHINA)","1kg","Pahang",1982,28,110,3.49,3.49,0,0.00
"2024-05-01",1131,"UBI KENTANG IMPORT (CHINA)","1kg","Pahang",2006,29,107,3.49,3.49,0,0.00
"2024-06-01",1131,"UBI KENTANG IMPORT (CHINA)","1kg","Pahang",1791,28,106,3.49,3.49,0,0.00
"2024-07-01",1131,"UBI KENTANG IMPORT (CHINA)","1kg","Pahang",1957,27,109,3.49,3.49,0,0.00
"2024-08-01",1131,"UBI KENTANG IMPORT (CHINA)","1kg","Pahang",1711,25,109,3.49,3.49,0,0.00
"2024-09-01",1131,"UBI KENTANG IMPORT (CHINA)","1kg","Pahang",2106,29,110,3.49,3.49,0,0.00
"2024-10-01",1131,"UBI KENTANG IMPORT (CHINA)","1kg","Pahang",2122,30,109,3.25,3.25,0,0.00
"2024-11-01",1131,"UBI KENTANG IMPORT (CHINA)","1kg","Pahang",2043,28,112,3.20,3.20,0,0.00
"2024-12-01",1131,"UBI KENTANG IMPORT (CHINA)","1kg","Pahang",2215,30,116,3.30,3.30,0,0.00
"2025-01-01",1131,"UBI KENTANG IMPORT (CHINA)","1kg","Pahang",2274,29,116,3.49,3.49,0,0.00
"2025-02-01",1131,"UBI KENTANG IMPORT (CHINA)","1kg","Pahang",2005,26,116,3.49,3.49,0,0.00
"2025-03-01",1131,"UBI KENTANG IMPORT (CHINA)","1kg","Pahang",2253,29,118,3.49,3.49,0,0.00
"2025-04-01",1131,"UBI KENTANG IMPORT (CHINA)","1kg","Pahang",2133,28,118,2.99,2.99,0,0.00
"2025-05-01",1131,"UBI KENTANG IMPORT (CHINA)","1kg","Pahang",2163,29,116,2.99,2.99,0,0.00
"2025-06-01",1131,"UBI KENTANG IMPORT (CHINA)","1kg","Pahang",1888,26,116,2.99,2.99,0,0.00
"2025-07-01",1131,"UBI KENTANG IMPORT (CHINA)","1kg","Pahang",2189,30,150,2.99,2.99,0,0.00
"2025-08-01",1131,"UBI KENTANG IMPORT (CHINA)","1kg","Pahang",2367,30,152,3.00,3.00,0,0.00
"2025-09-01",1131,"UBI KENTANG IMPORT (CHINA)","1kg","Pahang",1993,26,151,3.00,3.00,0,0.00
"2025-10-01",1131,"UBI KENTANG IMPORT (CHINA)","1kg","Pahang",2295,30,139,2.99,2.99,1,0.00
"2025-11-01",1131,"UBI KENTANG IMPORT (CHINA)","1kg","Pahang",2241,30,138,2.99,2.99,4,0.00
"2025-12-01",1131,"UBI KENTANG IMPORT (CHINA)","1kg","Pahang",2273,30,135,2.99,2.99,0,0.00
"2023-01-01",1131,"UBI KENTANG IMPORT (CHINA)","1kg","Perak",1967,27,87,3.49,3.49,0,0.00
"2023-02-01",1131,"UBI KENTANG IMPORT (CHINA)","1kg","Perak",1641,25,82,3.29,3.29,0,0.00
"2023-03-01",1131,"UBI KENTANG IMPORT (CHINA)","1kg","Perak",1843,31,79,3.40,3.40,0,0.00
"2023-04-01",1131,"UBI KENTANG IMPORT (CHINA)","1kg","Perak",1508,25,78,3.49,3.49,0,0.00
"2023-05-01",1131,"UBI KENTANG IMPORT (CHINA)","1kg","Perak",1421,24,78,3.49,3.49,0,0.00
"2023-06-01",1131,"UBI KENTANG IMPORT (CHINA)","1kg","Perak",1747,28,82,3.50,3.50,0,0.00
"2023-07-01",1131,"UBI KENTANG IMPORT (CHINA)","1kg","Perak",2049,30,82,3.50,3.50,0,0.00
"2023-08-01",1131,"UBI KENTANG IMPORT (CHINA)","1kg","Perak",2007,29,83,3.50,3.50,0,0.00
"2023-09-01",1131,"UBI KENTANG IMPORT (CHINA)","1kg","Perak",1869,27,81,3.50,3.50,0,0.00
"2023-10-01",1131,"UBI KENTANG IMPORT (CHINA)","1kg","Perak",2011,30,82,3.50,3.50,0,0.00
"2023-11-01",1131,"UBI KENTANG IMPORT (CHINA)","1kg","Perak",1738,25,83,3.50,3.50,0,0.00
"2023-12-01",1131,"UBI KENTANG IMPORT (CHINA)","1kg","Perak",1687,24,86,3.50,3.50,0,0.00
"2024-01-01",1131,"UBI KENTANG IMPORT (CHINA)","1kg","Perak",2051,30,84,3.29,3.29,0,0.00
"2024-02-01",1131,"UBI KENTANG IMPORT (CHINA)","1kg","Perak",1853,26,102,3.20,3.20,0,0.00
"2024-03-01",1131,"UBI KENTANG IMPORT (CHINA)","1kg","Perak",1726,27,100,3.50,3.50,0,0.00
"2024-04-01",1131,"UBI KENTANG IMPORT (CHINA)","1kg","Perak",1800,28,104,3.50,3.50,0,0.00
"2024-05-01",1131,"UBI KENTANG IMPORT (CHINA)","1kg","Perak",1709,29,95,3.50,3.50,0,0.00
"2024-06-01",1131,"UBI KENTANG IMPORT (CHINA)","1kg","Perak",1815,28,97,3.30,3.30,0,0.00
"2024-07-01",1131,"UBI KENTANG IMPORT (CHINA)","1kg","Perak",1994,28,108,3.50,3.50,0,0.00
"2024-08-01",1131,"UBI KENTANG IMPORT (CHINA)","1kg","Perak",1769,25,110,3.50,3.50,0,0.00
"2024-09-01",1131,"UBI KENTANG IMPORT (CHINA)","1kg","Perak",2199,29,116,3.20,3.20,0,0.00
"2024-10-01",1131,"UBI KENTANG IMPORT (CHINA)","1kg","Perak",2250,30,111,3.20,3.20,0,0.00
"2024-11-01",1131,"UBI KENTANG IMPORT (CHINA)","1kg","Perak",2042,27,115,3.00,3.00,0,0.00
"2024-12-01",1131,"UBI KENTANG IMPORT (CHINA)","1kg","Perak",2311,30,117,3.00,3.00,0,0.00
"2025-01-01",1131,"UBI KENTANG IMPORT (CHINA)","1kg","Perak",2121,29,122,3.00,3.00,0,0.00
"2025-02-01",1131,"UBI KENTANG IMPORT (CHINA)","1kg","Perak",1970,25,132,3.00,3.00,0,0.00
"2025-03-01",1131,"UBI KENTANG IMPORT (CHINA)","1kg","Perak",2294,29,126,3.00,3.00,0,0.00
"2025-04-01",1131,"UBI KENTANG IMPORT (CHINA)","1kg","Perak",2023,28,122,3.50,3.50,0,0.00
"2025-05-01",1131,"UBI KENTANG IMPORT (CHINA)","1kg","Perak",2018,29,123,3.50,3.50,0,0.00
"2025-06-01",1131,"UBI KENTANG IMPORT (CHINA)","1kg","Perak",1981,26,126,3.00,3.00,0,0.00
"2025-07-01",1131,"UBI KENTANG IMPORT (CHINA)","1kg","Perak",2689,30,175,2.69,2.69,0,0.00
"2025-08-01",1131,"UBI KENTANG IMPORT (CHINA)","1kg","Perak",2785,30,154,2.99,2.99,0,0.00
"2025-09-01",1131,"UBI KENTANG IMPORT (CHINA)","1kg","Perak",2418,26,148,2.99,2.99,0,0.00
"2025-10-01",1131,"UBI KENTANG IMPORT (CHINA)","1kg","Perak",2841,30,153,2.99,2.99,2,0.00
"2025-11-01",1131,"UBI KENTANG IMPORT (CHINA)","1kg","Perak",2664,29,153,2.99,2.99,20,0.00
"2025-12-01",1131,"UBI KENTANG IMPORT (CHINA)","1kg","Perak",2851,30,155,2.99,2.99,0,0.00
"2023-01-01",1131,"UBI KENTANG IMPORT (CHINA)","1kg","Perlis",400,28,26,3.99,3.99,0,0.00
"2023-02-01",1131,"UBI KENTANG IMPORT (CHINA)","1kg","Perlis",298,26,24,4.00,4.00,0,0.00
"2023-03-01",1131,"UBI KENTANG IMPORT (CHINA)","1kg","Perlis",363,31,25,4.00,4.00,0,0.00
"2023-04-01",1131,"UBI KENTANG IMPORT (CHINA)","1kg","Perlis",302,25,24,3.50,3.50,0,0.00
"2023-05-01",1131,"UBI KENTANG IMPORT (CHINA)","1kg","Perlis",260,23,24,3.50,3.50,0,0.00
"2023-06-01",1131,"UBI KENTANG IMPORT (CHINA)","1kg","Perlis",325,27,25,3.90,3.90,0,0.00
"2023-07-01",1131,"UBI KENTANG IMPORT (CHINA)","1kg","Perlis",329,30,26,3.99,3.99,0,0.00
"2023-08-01",1131,"UBI KENTANG IMPORT (CHINA)","1kg","Perlis",354,29,27,4.00,4.00,0,0.00
"2023-09-01",1131,"UBI KENTANG IMPORT (CHINA)","1kg","Perlis",373,27,29,4.00,4.00,0,0.00
"2023-10-01",1131,"UBI KENTANG IMPORT (CHINA)","1kg","Perlis",398,30,29,4.00,4.00,0,0.00
"2023-11-01",1131,"UBI KENTANG IMPORT (CHINA)","1kg","Perlis",335,26,26,4.00,4.00,0,0.00
"2023-12-01",1131,"UBI KENTANG IMPORT (CHINA)","1kg","Perlis",323,24,30,3.90,3.90,0,0.00
"2024-01-01",1131,"UBI KENTANG IMPORT (CHINA)","1kg","Perlis",385,31,30,3.90,3.90,0,0.00
"2024-02-01",1131,"UBI KENTANG IMPORT (CHINA)","1kg","Perlis",326,25,29,3.50,3.50,0,0.00
"2024-03-01",1131,"UBI KENTANG IMPORT (CHINA)","1kg","Perlis",387,27,30,4.00,4.00,0,0.00
"2024-04-01",1131,"UBI KENTANG IMPORT (CHINA)","1kg","Perlis",356,28,30,3.50,3.50,0,0.00
"2024-05-01",1131,"UBI KENTANG IMPORT (CHINA)","1kg","Perlis",353,28,29,3.50,3.50,0,0.00
"2024-06-01",1131,"UBI KENTANG IMPORT (CHINA)","1kg","Perlis",315,27,27,3.80,3.80,0,0.00
"2024-07-01",1131,"UBI KENTANG IMPORT (CHINA)","1kg","Perlis",405,28,28,3.90,3.90,0,0.00
"2024-08-01",1131,"UBI KENTANG IMPORT (CHINA)","1kg","Perlis",321,25,27,3.90,3.90,0,0.00
"2024-09-01",1131,"UBI KENTANG IMPORT (CHINA)","1kg","Perlis",400,29,28,3.90,3.90,0,0.00
"2024-10-01",1131,"UBI KENTANG IMPORT (CHINA)","1kg","Perlis",401,30,29,3.90,3.90,0,0.00
"2024-11-01",1131,"UBI KENTANG IMPORT (CHINA)","1kg","Perlis",404,28,30,3.90,3.90,0,0.00
"2024-12-01",1131,"UBI KENTANG IMPORT (CHINA)","1kg","Perlis",448,30,32,3.50,3.50,0,0.00
"2025-01-01",1131,"UBI KENTANG IMPORT (CHINA)","1kg","Perlis",419,28,32,3.90,3.90,0,0.00
"2025-02-01",1131,"UBI KENTANG IMPORT (CHINA)","1kg","Perlis",419,26,33,3.58,3.58,0,0.00
"2025-03-01",1131,"UBI KENTANG IMPORT (CHINA)","1kg","Perlis",480,29,31,3.50,3.50,0,0.00
"2025-04-01",1131,"UBI KENTANG IMPORT (CHINA)","1kg","Perlis",442,27,37,3.50,3.50,0,0.00
"2025-05-01",1131,"UBI KENTANG IMPORT (CHINA)","1kg","Perlis",449,28,34,3.50,3.50,0,0.00
"2025-06-01",1131,"UBI KENTANG IMPORT (CHINA)","1kg","Perlis",369,24,32,3.50,3.50,0,0.00
"2025-07-01",1131,"UBI KENTANG IMPORT (CHINA)","1kg","Perlis",416,30,29,3.50,3.50,0,0.00
"2025-08-01",1131,"UBI KENTANG IMPORT (CHINA)","1kg","Perlis",434,30,26,3.50,3.50,1,0.00
"2025-09-01",1131,"UBI KENTANG IMPORT (CHINA)","1kg","Perlis",377,26,25,3.50,3.50,0,0.00
"2025-10-01",1131,"UBI KENTANG IMPORT (CHINA)","1kg","Perlis",461,30,26,3.50,3.50,0,0.00
"2025-11-01",1131,"UBI KENTANG IMPORT (CHINA)","1kg","Perlis",405,29,25,3.50,3.50,0,0.00
"2025-12-01",1131,"UBI KENTANG IMPORT (CHINA)","1kg","Perlis",376,30,24,3.39,3.39,0,0.00
"2023-01-01",1131,"UBI KENTANG IMPORT (CHINA)","1kg","Pulau Pinang",1747,27,83,3.50,3.50,0,0.00
"2023-02-01",1131,"UBI KENTANG IMPORT (CHINA)","1kg","Pulau Pinang",1519,25,79,3.50,3.50,0,0.00
"2023-03-01",1131,"UBI KENTANG IMPORT (CHINA)","1kg","Pulau Pinang",940,31,68,3.50,3.50,0,0.00
"2023-04-01",1131,"UBI KENTANG IMPORT (CHINA)","1kg","Pulau Pinang",830,25,55,3.00,3.00,0,0.00
"2023-05-01",1131,"UBI KENTANG IMPORT (CHINA)","1kg","Pulau Pinang",820,24,57,3.50,3.50,0,0.00
"2023-06-01",1131,"UBI KENTANG IMPORT (CHINA)","1kg","Pulau Pinang",1054,28,54,3.50,3.50,0,0.00
"2023-07-01",1131,"UBI KENTANG IMPORT (CHINA)","1kg","Pulau Pinang",1386,28,65,4.00,4.00,0,0.00
"2023-08-01",1131,"UBI KENTANG IMPORT (CHINA)","1kg","Pulau Pinang",1514,28,70,3.90,3.90,0,0.00
"2023-09-01",1131,"UBI KENTANG IMPORT (CHINA)","1kg","Pulau Pinang",1504,27,70,4.00,4.00,0,0.00
"2023-10-01",1131,"UBI KENTANG IMPORT (CHINA)","1kg","Pulau Pinang",1719,30,74,4.00,4.00,0,0.00
"2023-11-01",1131,"UBI KENTANG IMPORT (CHINA)","1kg","Pulau Pinang",1518,26,73,4.00,4.00,0,0.00
"2023-12-01",1131,"UBI KENTANG IMPORT (CHINA)","1kg","Pulau Pinang",1466,24,76,3.50,3.50,0,0.00
"2024-01-01",1131,"UBI KENTANG IMPORT (CHINA)","1kg","Pulau Pinang",1862,30,75,3.50,3.50,0,0.00
"2024-02-01",1131,"UBI KENTANG IMPORT (CHINA)","1kg","Pulau Pinang",1579,26,77,3.50,3.50,0,0.00
"2024-03-01",1131,"UBI KENTANG IMPORT (CHINA)","1kg","Pulau Pinang",1474,27,74,3.80,3.80,0,0.00
"2024-04-01",1131,"UBI KENTANG IMPORT (CHINA)","1kg","Pulau Pinang",1547,28,78,3.50,3.50,0,0.00
"2024-05-01",1131,"UBI KENTANG IMPORT (CHINA)","1kg","Pulau Pinang",1486,29,71,3.50,3.50,0,0.00
"2024-06-01",1131,"UBI KENTANG IMPORT (CHINA)","1kg","Pulau Pinang",1593,28,80,3.50,3.50,0,0.00
"2024-07-01",1131,"UBI KENTANG IMPORT (CHINA)","1kg","Pulau Pinang",1696,27,88,3.50,3.50,0,0.00
"2024-08-01",1131,"UBI KENTANG IMPORT (CHINA)","1kg","Pulau Pinang",1591,25,90,3.50,3.50,0,0.00
"2024-09-01",1131,"UBI KENTANG IMPORT (CHINA)","1kg","Pulau Pinang",1888,29,87,3.50,3.50,0,0.00
"2024-10-01",1131,"UBI KENTANG IMPORT (CHINA)","1kg","Pulau Pinang",1864,30,87,3.50,3.50,0,0.00
"2024-11-01",1131,"UBI KENTANG IMPORT (CHINA)","1kg","Pulau Pinang",1796,28,88,3.50,3.50,0,0.00
"2024-12-01",1131,"UBI KENTANG IMPORT (CHINA)","1kg","Pulau Pinang",2005,30,92,3.50,3.50,0,0.00
"2025-01-01",1131,"UBI KENTANG IMPORT (CHINA)","1kg","Pulau Pinang",1981,29,96,3.50,3.50,0,0.00
"2025-02-01",1131,"UBI KENTANG IMPORT (CHINA)","1kg","Pulau Pinang",1719,25,97,3.50,3.50,0,0.00
"2025-03-01",1131,"UBI KENTANG IMPORT (CHINA)","1kg","Pulau Pinang",1929,29,93,3.50,3.50,0,0.00
"2025-04-01",1131,"UBI KENTANG IMPORT (CHINA)","1kg","Pulau Pinang",1640,28,91,3.50,3.50,0,0.00
"2025-05-01",1131,"UBI KENTANG IMPORT (CHINA)","1kg","Pulau Pinang",1537,29,88,3.50,3.50,0,0.00
"2025-06-01",1131,"UBI KENTANG IMPORT (CHINA)","1kg","Pulau Pinang",1571,26,90,3.50,3.50,0,0.00
"2025-07-01",1131,"UBI KENTANG IMPORT (CHINA)","1kg","Pulau Pinang",1892,28,111,3.50,3.50,0,0.00
"2025-08-01",1131,"UBI KENTANG IMPORT (CHINA)","1kg","Pulau Pinang",2302,30,128,3.50,3.50,0,0.00
"2025-09-01",1131,"UBI KENTANG IMPORT (CHINA)","1kg","Pulau Pinang",1989,26,131,3.50,3.50,0,0.00
"2025-10-01",1131,"UBI KENTANG IMPORT (CHINA)","1kg","Pulau Pinang",2191,30,129,3.50,3.50,1,0.00
"2025-11-01",1131,"UBI KENTANG IMPORT (CHINA)","1kg","Pulau Pinang",2138,30,127,3.50,3.50,11,0.00
"2025-12-01",1131,"UBI KENTANG IMPORT (CHINA)","1kg","Pulau Pinang",2167,30,126,3.50,3.50,0,0.00
"2023-01-01",1131,"UBI KENTANG IMPORT (CHINA)","1kg","Sabah",2109,27,119,3.99,3.99,0,0.00
"2023-02-01",1131,"UBI KENTANG IMPORT (CHINA)","1kg","Sabah",2059,27,116,3.99,3.99,0,0.00
"2023-03-01",1131,"UBI KENTANG IMPORT (CHINA)","1kg","Sabah",2325,31,119,3.99,3.99,0,0.00
"2023-04-01",1131,"UBI KENTANG IMPORT (CHINA)","1kg","Sabah",1984,25,115,3.99,3.99,0,0.00
"2023-05-01",1131,"UBI KENTANG IMPORT (CHINA)","1kg","Sabah",1687,22,119,3.99,3.99,0,0.00
"2023-06-01",1131,"UBI KENTANG IMPORT (CHINA)","1kg","Sabah",2107,28,117,4.00,4.00,0,0.00
"2023-07-01",1131,"UBI KENTANG IMPORT (CHINA)","1kg","Sabah",2365,30,118,4.00,4.00,0,0.00
"2023-08-01",1131,"UBI KENTANG IMPORT (CHINA)","1kg","Sabah",2375,29,120,3.99,3.99,0,0.00
"2023-09-01",1131,"UBI KENTANG IMPORT (CHINA)","1kg","Sabah",2155,28,122,3.99,3.99,0,0.00
"2023-10-01",1131,"UBI KENTANG IMPORT (CHINA)","1kg","Sabah",2327,30,115,3.99,3.99,0,0.00
"2023-11-01",1131,"UBI KENTANG IMPORT (CHINA)","1kg","Sabah",2110,27,114,3.99,3.99,0,0.00
"2023-12-01",1131,"UBI KENTANG IMPORT (CHINA)","1kg","Sabah",1781,23,117,3.99,3.99,0,0.00
"2024-01-01",1131,"UBI KENTANG IMPORT (CHINA)","1kg","Sabah",2548,31,121,3.99,3.99,0,0.00
"2024-02-01",1131,"UBI KENTANG IMPORT (CHINA)","1kg","Sabah",2127,27,123,3.99,3.99,0,0.00
"2024-03-01",1131,"UBI KENTANG IMPORT (CHINA)","1kg","Sabah",2114,27,119,3.99,3.99,0,0.00
"2024-04-01",1131,"UBI KENTANG IMPORT (CHINA)","1kg","Sabah",2212,28,120,3.99,3.99,0,0.00
"2024-05-01",1131,"UBI KENTANG IMPORT (CHINA)","1kg","Sabah",2112,28,117,3.99,3.99,0,0.00
"2024-06-01",1131,"UBI KENTANG IMPORT (CHINA)","1kg","Sabah",2082,28,114,3.99,3.99,0,0.00
"2024-07-01",1131,"UBI KENTANG IMPORT (CHINA)","1kg","Sabah",2294,29,120,3.99,3.99,0,0.00
"2024-08-01",1131,"UBI KENTANG IMPORT (CHINA)","1kg","Sabah",2055,26,120,3.99,3.99,0,0.00
"2024-09-01",1131,"UBI KENTANG IMPORT (CHINA)","1kg","Sabah",2432,29,120,3.90,3.90,1,0.00
"2024-10-01",1131,"UBI KENTANG IMPORT (CHINA)","1kg","Sabah",2381,30,122,3.90,3.90,0,0.00
"2024-11-01",1131,"UBI KENTANG IMPORT (CHINA)","1kg","Sabah",2188,28,122,3.75,3.75,0,0.00
"2024-12-01",1131,"UBI KENTANG IMPORT (CHINA)","1kg","Sabah",2299,29,123,3.50,3.50,1,0.00
"2025-01-01",1131,"UBI KENTANG IMPORT (CHINA)","1kg","Sabah",2439,29,120,3.50,3.50,0,0.00
"2025-02-01",1131,"UBI KENTANG IMPORT (CHINA)","1kg","Sabah",2091,26,117,3.59,3.59,0,0.00
"2025-03-01",1131,"UBI KENTANG IMPORT (CHINA)","1kg","Sabah",2465,30,129,3.50,3.50,0,0.00
"2025-04-01",1131,"UBI KENTANG IMPORT (CHINA)","1kg","Sabah",2157,27,126,3.50,3.50,0,0.00
"2025-05-01",1131,"UBI KENTANG IMPORT (CHINA)","1kg","Sabah",2408,27,126,3.50,3.50,0,0.00
"2025-06-01",1131,"UBI KENTANG IMPORT (CHINA)","1kg","Sabah",2223,27,128,3.50,3.50,0,0.00
"2025-07-01",1131,"UBI KENTANG IMPORT (CHINA)","1kg","Sabah",2999,30,179,3.50,3.50,1,0.00
"2025-08-01",1131,"UBI KENTANG IMPORT (CHINA)","1kg","Sabah",3229,31,184,3.50,3.50,0,0.00
"2025-09-01",1131,"UBI KENTANG IMPORT (CHINA)","1kg","Sabah",2735,27,162,3.20,3.20,0,0.00
"2025-10-01",1131,"UBI KENTANG IMPORT (CHINA)","1kg","Sabah",3125,30,164,3.20,3.20,1,0.00
"2025-11-01",1131,"UBI KENTANG IMPORT (CHINA)","1kg","Sabah",2888,28,166,3.00,3.00,1,0.00
"2025-12-01",1131,"UBI KENTANG IMPORT (CHINA)","1kg","Sabah",2959,29,164,2.99,2.99,0,0.00
"2023-01-01",1131,"UBI KENTANG IMPORT (CHINA)","1kg","Sarawak",2285,27,136,3.99,3.99,0,0.00
"2023-02-01",1131,"UBI KENTANG IMPORT (CHINA)","1kg","Sarawak",2422,27,138,3.99,3.99,0,0.00
"2023-03-01",1131,"UBI KENTANG IMPORT (CHINA)","1kg","Sarawak",2731,31,139,3.99,3.99,0,0.00
"2023-04-01",1131,"UBI KENTANG IMPORT (CHINA)","1kg","Sarawak",2262,25,143,3.90,3.90,0,0.00
"2023-05-01",1131,"UBI KENTANG IMPORT (CHINA)","1kg","Sarawak",2269,24,144,3.90,3.90,0,0.00
"2023-06-01",1131,"UBI KENTANG IMPORT (CHINA)","1kg","Sarawak",2250,26,138,3.90,3.90,0,0.00
"2023-07-01",1131,"UBI KENTANG IMPORT (CHINA)","1kg","Sarawak",2568,29,137,3.99,3.99,0,0.00
"2023-08-01",1131,"UBI KENTANG IMPORT (CHINA)","1kg","Sarawak",2530,29,136,3.90,3.90,0,0.00
"2023-09-01",1131,"UBI KENTANG IMPORT (CHINA)","1kg","Sarawak",2428,28,141,3.99,3.99,0,0.00
"2023-10-01",1131,"UBI KENTANG IMPORT (CHINA)","1kg","Sarawak",2672,29,142,3.99,3.99,0,0.00
"2023-11-01",1131,"UBI KENTANG IMPORT (CHINA)","1kg","Sarawak",2588,28,140,3.90,3.90,0,0.00
"2023-12-01",1131,"UBI KENTANG IMPORT (CHINA)","1kg","Sarawak",2143,24,139,3.90,3.90,0,0.00
"2024-01-01",1131,"UBI KENTANG IMPORT (CHINA)","1kg","Sarawak",2816,31,142,3.60,3.60,0,0.00
"2024-02-01",1131,"UBI KENTANG IMPORT (CHINA)","1kg","Sarawak",2282,26,143,3.50,3.50,0,0.00
"2024-03-01",1131,"UBI KENTANG IMPORT (CHINA)","1kg","Sarawak",2405,28,139,3.59,3.59,0,0.00
"2024-04-01",1131,"UBI KENTANG IMPORT (CHINA)","1kg","Sarawak",2538,28,142,3.50,3.50,0,0.00
"2024-05-01",1131,"UBI KENTANG IMPORT (CHINA)","1kg","Sarawak",2690,29,144,3.59,3.59,0,0.00
"2024-06-01",1131,"UBI KENTANG IMPORT (CHINA)","1kg","Sarawak",2241,25,147,3.50,3.50,0,0.00
"2024-07-01",1131,"UBI KENTANG IMPORT (CHINA)","1kg","Sarawak",2542,28,149,3.60,3.60,0,0.00
"2024-08-01",1131,"UBI KENTANG IMPORT (CHINA)","1kg","Sarawak",2313,25,149,3.50,3.50,0,0.00
"2024-09-01",1131,"UBI KENTANG IMPORT (CHINA)","1kg","Sarawak",2770,29,150,3.50,3.50,0,0.00
"2024-10-01",1131,"UBI KENTANG IMPORT (CHINA)","1kg","Sarawak",2791,30,149,3.50,3.50,0,0.00
"2024-11-01",1131,"UBI KENTANG IMPORT (CHINA)","1kg","Sarawak",2783,28,163,3.50,3.50,1,0.00
"2024-12-01",1131,"UBI KENTANG IMPORT (CHINA)","1kg","Sarawak",3062,30,160,3.00,3.00,0,0.00
"2025-01-01",1131,"UBI KENTANG IMPORT (CHINA)","1kg","Sarawak",3046,29,164,3.20,3.20,0,0.00
"2025-02-01",1131,"UBI KENTANG IMPORT (CHINA)","1kg","Sarawak",2672,26,166,3.20,3.20,0,0.00
"2025-03-01",1131,"UBI KENTANG IMPORT (CHINA)","1kg","Sarawak",3161,30,166,3.20,3.20,6,0.00
"2025-04-01",1131,"UBI KENTANG IMPORT (CHINA)","1kg","Sarawak",2766,27,167,3.00,3.00,0,0.00
"2025-05-01",1131,"UBI KENTANG IMPORT (CHINA)","1kg","Sarawak",3115,29,170,3.00,3.00,0,0.00
"2025-06-01",1131,"UBI KENTANG IMPORT (CHINA)","1kg","Sarawak",2540,24,168,2.99,2.99,0,0.00
"2025-07-01",1131,"UBI KENTANG IMPORT (CHINA)","1kg","Sarawak",3795,30,264,2.99,2.99,0,0.00
"2025-08-01",1131,"UBI KENTANG IMPORT (CHINA)","1kg","Sarawak",4362,30,220,2.99,2.99,0,0.00
"2025-09-01",1131,"UBI KENTANG IMPORT (CHINA)","1kg","Sarawak",3726,26,218,2.99,2.99,0,0.00
"2025-10-01",1131,"UBI KENTANG IMPORT (CHINA)","1kg","Sarawak",4256,31,215,2.99,2.99,0,0.00
"2025-11-01",1131,"UBI KENTANG IMPORT (CHINA)","1kg","Sarawak",4208,30,217,2.99,2.99,0,0.00
"2025-12-01",1131,"UBI KENTANG IMPORT (CHINA)","1kg","Sarawak",4243,30,219,3.00,3.00,0,0.00
"2023-01-01",1131,"UBI KENTANG IMPORT (CHINA)","1kg","Selangor",1870,27,82,2.99,2.99,0,0.00
"2023-02-01",1131,"UBI KENTANG IMPORT (CHINA)","1kg","Selangor",1649,25,80,2.90,2.90,0,0.00
"2023-03-01",1131,"UBI KENTANG IMPORT (CHINA)","1kg","Selangor",1989,31,80,2.79,2.79,0,0.00
"2023-04-01",1131,"UBI KENTANG IMPORT (CHINA)","1kg","Selangor",1601,25,82,2.79,2.79,0,0.00
"2023-05-01",1131,"UBI KENTANG IMPORT (CHINA)","1kg","Selangor",1450,24,79,2.99,2.99,0,0.00
"2023-06-01",1131,"UBI KENTANG IMPORT (CHINA)","1kg","Selangor",1639,28,77,3.00,3.00,0,0.00
"2023-07-01",1131,"UBI KENTANG IMPORT (CHINA)","1kg","Selangor",1853,30,80,3.50,3.50,0,0.00
"2023-08-01",1131,"UBI KENTANG IMPORT (CHINA)","1kg","Selangor",1702,29,79,3.30,3.30,0,0.00
"2023-09-01",1131,"UBI KENTANG IMPORT (CHINA)","1kg","Selangor",1634,27,75,2.99,2.99,0,0.00
"2023-10-01",1131,"UBI KENTANG IMPORT (CHINA)","1kg","Selangor",1798,30,74,2.99,2.99,0,0.00
"2023-11-01",1131,"UBI KENTANG IMPORT (CHINA)","1kg","Selangor",1619,26,74,2.90,2.90,0,0.00
"2023-12-01",1131,"UBI KENTANG IMPORT (CHINA)","1kg","Selangor",1438,24,75,2.90,2.90,0,0.00
"2024-01-01",1131,"UBI KENTANG IMPORT (CHINA)","1kg","Selangor",1805,30,73,2.90,2.90,0,0.00
"2024-02-01",1131,"UBI KENTANG IMPORT (CHINA)","1kg","Selangor",1643,26,80,2.89,2.89,0,0.00
"2024-03-01",1131,"UBI KENTANG IMPORT (CHINA)","1kg","Selangor",1632,27,77,2.90,2.90,0,0.00
"2024-04-01",1131,"UBI KENTANG IMPORT (CHINA)","1kg","Selangor",1703,28,79,2.90,2.90,0,0.00
"2024-05-01",1131,"UBI KENTANG IMPORT (CHINA)","1kg","Selangor",1702,29,76,2.99,2.99,0,0.00
"2024-06-01",1131,"UBI KENTANG IMPORT (CHINA)","1kg","Selangor",1742,28,73,2.99,2.99,0,0.00
"2024-07-01",1131,"UBI KENTANG IMPORT (CHINA)","1kg","Selangor",1768,28,77,2.90,2.90,0,0.00
"2024-08-01",1131,"UBI KENTANG IMPORT (CHINA)","1kg","Selangor",1588,25,76,2.90,2.90,0,0.00
"2024-09-01",1131,"UBI KENTANG IMPORT (CHINA)","1kg","Selangor",1825,29,72,2.90,2.90,0,0.00
"2024-10-01",1131,"UBI KENTANG IMPORT (CHINA)","1kg","Selangor",1860,30,72,2.90,2.90,0,0.00
"2024-11-01",1131,"UBI KENTANG IMPORT (CHINA)","1kg","Selangor",1707,28,72,2.99,2.99,0,0.00
"2024-12-01",1131,"UBI KENTANG IMPORT (CHINA)","1kg","Selangor",1781,30,74,2.90,2.90,0,0.00
"2025-01-01",1131,"UBI KENTANG IMPORT (CHINA)","1kg","Selangor",1832,29,76,2.89,2.89,0,0.00
"2025-02-01",1131,"UBI KENTANG IMPORT (CHINA)","1kg","Selangor",1585,25,76,2.89,2.89,0,0.00
"2025-03-01",1131,"UBI KENTANG IMPORT (CHINA)","1kg","Selangor",1743,29,78,2.79,2.79,0,0.00
"2025-04-01",1131,"UBI KENTANG IMPORT (CHINA)","1kg","Selangor",1639,28,80,2.60,2.60,0,0.00
"2025-05-01",1131,"UBI KENTANG IMPORT (CHINA)","1kg","Selangor",1604,29,70,2.50,2.50,0,0.00
"2025-06-01",1131,"UBI KENTANG IMPORT (CHINA)","1kg","Selangor",1510,26,73,2.50,2.50,0,0.00
"2025-07-01",1131,"UBI KENTANG IMPORT (CHINA)","1kg","Selangor",1970,30,111,2.59,2.59,0,0.00
"2025-08-01",1131,"UBI KENTANG IMPORT (CHINA)","1kg","Selangor",2197,30,112,2.59,2.59,0,0.00
"2025-09-01",1131,"UBI KENTANG IMPORT (CHINA)","1kg","Selangor",1940,26,110,2.59,2.59,0,0.00
"2025-10-01",1131,"UBI KENTANG IMPORT (CHINA)","1kg","Selangor",2222,30,109,2.50,2.50,2,0.00
"2025-11-01",1131,"UBI KENTANG IMPORT (CHINA)","1kg","Selangor",2095,29,105,2.50,2.50,21,0.00
"2025-12-01",1131,"UBI KENTANG IMPORT (CHINA)","1kg","Selangor",2073,30,105,2.59,2.59,0,0.00
"2023-01-01",1131,"UBI KENTANG IMPORT (CHINA)","1kg","Terengganu",1307,29,76,3.50,3.50,0,0.00
"2023-02-01",1131,"UBI KENTANG IMPORT (CHINA)","1kg","Terengganu",1079,25,76,3.50,3.50,0,0.00
"2023-03-01",1131,"UBI KENTANG IMPORT (CHINA)","1kg","Terengganu",1172,29,76,3.50,3.50,0,0.00
"2023-04-01",1131,"UBI KENTANG IMPORT (CHINA)","1kg","Terengganu",934,24,75,3.00,3.00,0,0.00
"2023-05-01",1131,"UBI KENTANG IMPORT (CHINA)","1kg","Terengganu",849,24,64,3.00,3.00,0,0.00
"2023-06-01",1131,"UBI KENTANG IMPORT (CHINA)","1kg","Terengganu",891,26,63,3.50,3.50,0,0.00
"2023-07-01",1131,"UBI KENTANG IMPORT (CHINA)","1kg","Terengganu",1172,30,71,3.50,3.50,0,0.00
"2023-08-01",1131,"UBI KENTANG IMPORT (CHINA)","1kg","Terengganu",1145,27,69,3.50,3.50,0,0.00
"2023-09-01",1131,"UBI KENTANG IMPORT (CHINA)","1kg","Terengganu",1158,26,74,3.50,3.50,0,0.00
"2023-10-01",1131,"UBI KENTANG IMPORT (CHINA)","1kg","Terengganu",1381,30,76,3.50,3.50,0,0.00
"2023-11-01",1131,"UBI KENTANG IMPORT (CHINA)","1kg","Terengganu",1212,27,75,3.50,3.50,0,0.00
"2023-12-01",1131,"UBI KENTANG IMPORT (CHINA)","1kg","Terengganu",1050,24,78,3.50,3.50,0,0.00
"2024-01-01",1131,"UBI KENTANG IMPORT (CHINA)","1kg","Terengganu",1410,31,77,3.50,3.50,0,0.00
"2024-02-01",1131,"UBI KENTANG IMPORT (CHINA)","1kg","Terengganu",1180,25,79,3.49,3.49,0,0.00
"2024-03-01",1131,"UBI KENTANG IMPORT (CHINA)","1kg","Terengganu",1139,26,77,3.49,3.49,0,0.00
"2024-04-01",1131,"UBI KENTANG IMPORT (CHINA)","1kg","Terengganu",1242,27,81,3.49,3.49,0,0.00
"2024-05-01",1131,"UBI KENTANG IMPORT (CHINA)","1kg","Terengganu",1346,29,80,3.49,3.49,0,0.00
"2024-06-01",1131,"UBI KENTANG IMPORT (CHINA)","1kg","Terengganu",1134,26,80,3.49,3.49,0,0.00
"2024-07-01",1131,"UBI KENTANG IMPORT (CHINA)","1kg","Terengganu",1376,29,79,3.49,3.49,0,0.00
"2024-08-01",1131,"UBI KENTANG IMPORT (CHINA)","1kg","Terengganu",1166,25,81,3.39,3.39,0,0.00
"2024-09-01",1131,"UBI KENTANG IMPORT (CHINA)","1kg","Terengganu",1364,28,82,3.39,3.39,0,0.00
"2024-10-01",1131,"UBI KENTANG IMPORT (CHINA)","1kg","Terengganu",1447,30,80,3.49,3.49,0,0.00
"2024-11-01",1131,"UBI KENTANG IMPORT (CHINA)","1kg","Terengganu",1360,28,82,3.49,3.49,0,0.00
"2024-12-01",1131,"UBI KENTANG IMPORT (CHINA)","1kg","Terengganu",1450,30,85,3.20,3.20,0,0.00
"2025-01-01",1131,"UBI KENTANG IMPORT (CHINA)","1kg","Terengganu",1431,28,85,3.20,3.20,0,0.00
"2025-02-01",1131,"UBI KENTANG IMPORT (CHINA)","1kg","Terengganu",1241,26,86,3.00,3.00,1,0.00
"2025-03-01",1131,"UBI KENTANG IMPORT (CHINA)","1kg","Terengganu",1308,27,87,3.20,3.20,0,0.00
"2025-04-01",1131,"UBI KENTANG IMPORT (CHINA)","1kg","Terengganu",1317,27,85,3.20,3.20,0,0.00
"2025-05-01",1131,"UBI KENTANG IMPORT (CHINA)","1kg","Terengganu",1419,29,87,3.20,3.20,0,0.00
"2025-06-01",1131,"UBI KENTANG IMPORT (CHINA)","1kg","Terengganu",1140,23,85,2.99,2.99,0,0.00
"2025-07-01",1131,"UBI KENTANG IMPORT (CHINA)","1kg","Terengganu",1512,30,115,2.99,2.99,0,0.00
"2025-08-01",1131,"UBI KENTANG IMPORT (CHINA)","1kg","Terengganu",1586,30,100,2.99,2.99,0,0.00
"2025-09-01",1131,"UBI KENTANG IMPORT (CHINA)","1kg","Terengganu",1400,27,99,2.99,2.99,0,0.00
"2025-10-01",1131,"UBI KENTANG IMPORT (CHINA)","1kg","Terengganu",1565,30,102,2.99,2.99,1,0.00
"2025-11-01",1131,"UBI KENTANG IMPORT (CHINA)","1kg","Terengganu",1542,30,104,2.99,2.99,21,0.00
"2025-12-01",1131,"UBI KENTANG IMPORT (CHINA)","1kg","Terengganu",1542,30,102,2.90,2.90,0,0.00
"2024-02-01",1131,"UBI KENTANG IMPORT (CHINA)","1kg","Unknown",3,3,1,3.00,3.00,0,0.00
"2023-01-01",1131,"UBI KENTANG IMPORT (CHINA)","1kg","W.P. Kuala Lumpur",2019,27,103,3.30,3.30,0,0.00
"2023-02-01",1131,"UBI KENTANG IMPORT (CHINA)","1kg","W.P. Kuala Lumpur",1584,24,98,3.20,3.20,0,0.00
"2023-03-01",1131,"UBI KENTANG IMPORT (CHINA)","1kg","W.P. Kuala Lumpur",1724,31,88,2.90,2.90,0,0.00
"2023-04-01",1131,"UBI KENTANG IMPORT (CHINA)","1kg","W.P. Kuala Lumpur",1451,25,87,2.90,2.90,0,0.00
"2023-05-01",1131,"UBI KENTANG IMPORT (CHINA)","1kg","W.P. Kuala Lumpur",1263,24,81,2.99,2.99,0,0.00
"2023-06-01",1131,"UBI KENTANG IMPORT (CHINA)","1kg","W.P. Kuala Lumpur",1336,28,78,3.50,3.50,0,0.00
"2023-07-01",1131,"UBI KENTANG IMPORT (CHINA)","1kg","W.P. Kuala Lumpur",1627,30,77,3.50,3.50,0,0.00
"2023-08-01",1131,"UBI KENTANG IMPORT (CHINA)","1kg","W.P. Kuala Lumpur",1693,29,82,3.50,3.50,0,0.00
"2023-09-01",1131,"UBI KENTANG IMPORT (CHINA)","1kg","W.P. Kuala Lumpur",1625,27,82,3.50,3.50,0,0.00
"2023-10-01",1131,"UBI KENTANG IMPORT (CHINA)","1kg","W.P. Kuala Lumpur",1772,30,81,3.05,3.05,0,0.00
"2023-11-01",1131,"UBI KENTANG IMPORT (CHINA)","1kg","W.P. Kuala Lumpur",1493,26,79,3.00,3.00,0,0.00
"2023-12-01",1131,"UBI KENTANG IMPORT (CHINA)","1kg","W.P. Kuala Lumpur",1556,24,89,2.99,2.99,0,0.00
"2024-01-01",1131,"UBI KENTANG IMPORT (CHINA)","1kg","W.P. Kuala Lumpur",1881,30,86,3.00,3.00,0,0.00
"2024-02-01",1131,"UBI KENTANG IMPORT (CHINA)","1kg","W.P. Kuala Lumpur",1634,25,94,3.00,3.00,0,0.00
"2024-03-01",1131,"UBI KENTANG IMPORT (CHINA)","1kg","W.P. Kuala Lumpur",1678,27,87,3.20,3.20,0,0.00
"2024-04-01",1131,"UBI KENTANG IMPORT (CHINA)","1kg","W.P. Kuala Lumpur",1899,28,99,3.00,3.00,0,0.00
"2024-05-01",1131,"UBI KENTANG IMPORT (CHINA)","1kg","W.P. Kuala Lumpur",1915,29,94,3.20,3.20,0,0.00
"2024-06-01",1131,"UBI KENTANG IMPORT (CHINA)","1kg","W.P. Kuala Lumpur",2023,28,96,3.20,3.20,0,0.00
"2024-07-01",1131,"UBI KENTANG IMPORT (CHINA)","1kg","W.P. Kuala Lumpur",2093,28,98,3.20,3.20,0,0.00
"2024-08-01",1131,"UBI KENTANG IMPORT (CHINA)","1kg","W.P. Kuala Lumpur",1792,25,95,3.00,3.00,0,0.00
"2024-09-01",1131,"UBI KENTANG IMPORT (CHINA)","1kg","W.P. Kuala Lumpur",2136,29,98,3.00,3.00,0,0.00
"2024-10-01",1131,"UBI KENTANG IMPORT (CHINA)","1kg","W.P. Kuala Lumpur",2284,30,102,2.99,2.99,0,0.00
"2024-11-01",1131,"UBI KENTANG IMPORT (CHINA)","1kg","W.P. Kuala Lumpur",2187,28,103,3.00,3.00,0,0.00
"2024-12-01",1131,"UBI KENTANG IMPORT (CHINA)","1kg","W.P. Kuala Lumpur",2308,30,109,3.00,3.00,0,0.00
"2025-01-01",1131,"UBI KENTANG IMPORT (CHINA)","1kg","W.P. Kuala Lumpur",2342,29,110,3.00,3.00,0,0.00
"2025-02-01",1131,"UBI KENTANG IMPORT (CHINA)","1kg","W.P. Kuala Lumpur",1997,24,108,3.00,3.00,0,0.00
"2025-03-01",1131,"UBI KENTANG IMPORT (CHINA)","1kg","W.P. Kuala Lumpur",2353,29,107,2.99,2.99,0,0.00
"2025-04-01",1131,"UBI KENTANG IMPORT (CHINA)","1kg","W.P. Kuala Lumpur",2166,28,106,3.20,3.20,0,0.00
"2025-05-01",1131,"UBI KENTANG IMPORT (CHINA)","1kg","W.P. Kuala Lumpur",2303,29,100,3.00,3.00,1,0.00
"2025-06-01",1131,"UBI KENTANG IMPORT (CHINA)","1kg","W.P. Kuala Lumpur",2049,26,101,3.00,3.00,0,0.00
"2025-07-01",1131,"UBI KENTANG IMPORT (CHINA)","1kg","W.P. Kuala Lumpur",2966,30,167,3.10,3.10,0,0.00
"2025-08-01",1131,"UBI KENTANG IMPORT (CHINA)","1kg","W.P. Kuala Lumpur",3487,30,147,3.20,3.20,0,0.00
"2025-09-01",1131,"UBI KENTANG IMPORT (CHINA)","1kg","W.P. Kuala Lumpur",3045,26,147,3.20,3.20,0,0.00
"2025-10-01",1131,"UBI KENTANG IMPORT (CHINA)","1kg","W.P. Kuala Lumpur",3453,30,147,3.20,3.20,0,0.00
"2025-11-01",1131,"UBI KENTANG IMPORT (CHINA)","1kg","W.P. Kuala Lumpur",3408,30,148,3.20,3.20,0,0.00
"2025-12-01",1131,"UBI KENTANG IMPORT (CHINA)","1kg","W.P. Kuala Lumpur",3485,30,150,2.90,2.90,0,0.00
"2023-01-01",1131,"UBI KENTANG IMPORT (CHINA)","1kg","W.P. Labuan",300,27,14,4.00,4.00,0,0.00
"2023-02-01",1131,"UBI KENTANG IMPORT (CHINA)","1kg","W.P. Labuan",287,26,14,4.00,4.00,0,0.00
"2023-03-01",1131,"UBI KENTANG IMPORT (CHINA)","1kg","W.P. Labuan",361,31,14,4.00,4.00,0,0.00
"2023-04-01",1131,"UBI KENTANG IMPORT (CHINA)","1kg","W.P. Labuan",287,25,14,4.00,4.00,0,0.00
"2023-05-01",1131,"UBI KENTANG IMPORT (CHINA)","1kg","W.P. Labuan",252,22,14,4.00,4.00,0,0.00
"2023-06-01",1131,"UBI KENTANG IMPORT (CHINA)","1kg","W.P. Labuan",318,28,14,4.00,4.00,0,0.00
"2023-07-01",1131,"UBI KENTANG IMPORT (CHINA)","1kg","W.P. Labuan",366,30,14,4.30,4.30,0,0.00
"2023-08-01",1131,"UBI KENTANG IMPORT (CHINA)","1kg","W.P. Labuan",346,29,14,4.50,4.50,0,0.00
"2023-09-01",1131,"UBI KENTANG IMPORT (CHINA)","1kg","W.P. Labuan",326,27,14,4.30,4.30,0,0.00
"2023-10-01",1131,"UBI KENTANG IMPORT (CHINA)","1kg","W.P. Labuan",355,30,14,4.30,4.30,0,0.00
"2023-11-01",1131,"UBI KENTANG IMPORT (CHINA)","1kg","W.P. Labuan",301,26,14,3.90,3.90,0,0.00
"2023-12-01",1131,"UBI KENTANG IMPORT (CHINA)","1kg","W.P. Labuan",291,24,14,3.90,3.90,0,0.00
"2024-01-01",1131,"UBI KENTANG IMPORT (CHINA)","1kg","W.P. Labuan",375,31,14,3.90,3.90,0,0.00
"2024-02-01",1131,"UBI KENTANG IMPORT (CHINA)","1kg","W.P. Labuan",300,25,14,3.90,3.90,0,0.00
"2024-03-01",1131,"UBI KENTANG IMPORT (CHINA)","1kg","W.P. Labuan",285,27,13,4.00,4.00,0,0.00
"2024-04-01",1131,"UBI KENTANG IMPORT (CHINA)","1kg","W.P. Labuan",342,28,14,4.00,4.00,0,0.00
"2024-05-01",1131,"UBI KENTANG IMPORT (CHINA)","1kg","W.P. Labuan",327,27,14,3.90,3.90,0,0.00
"2024-06-01",1131,"UBI KENTANG IMPORT (CHINA)","1kg","W.P. Labuan",337,28,14,3.90,3.90,0,0.00
"2024-07-01",1131,"UBI KENTANG IMPORT (CHINA)","1kg","W.P. Labuan",346,28,14,3.90,3.90,0,0.00
"2024-08-01",1131,"UBI KENTANG IMPORT (CHINA)","1kg","W.P. Labuan",301,25,14,3.90,3.90,0,0.00
"2024-09-01",1131,"UBI KENTANG IMPORT (CHINA)","1kg","W.P. Labuan",313,29,14,3.90,3.90,0,0.00
"2024-10-01",1131,"UBI KENTANG IMPORT (CHINA)","1kg","W.P. Labuan",337,30,13,3.90,3.90,0,0.00
"2024-11-01",1131,"UBI KENTANG IMPORT (CHINA)","1kg","W.P. Labuan",290,28,13,3.50,3.50,0,0.00
"2024-12-01",1131,"UBI KENTANG IMPORT (CHINA)","1kg","W.P. Labuan",274,30,13,3.50,3.50,0,0.00
"2025-01-01",1131,"UBI KENTANG IMPORT (CHINA)","1kg","W.P. Labuan",319,29,13,3.50,3.50,0,0.00
"2025-02-01",1131,"UBI KENTANG IMPORT (CHINA)","1kg","W.P. Labuan",276,25,13,3.50,3.50,0,0.00
"2025-03-01",1131,"UBI KENTANG IMPORT (CHINA)","1kg","W.P. Labuan",314,29,13,3.50,3.50,0,0.00
"2025-04-01",1131,"UBI KENTANG IMPORT (CHINA)","1kg","W.P. Labuan",302,28,13,3.50,3.50,0,0.00
"2025-05-01",1131,"UBI KENTANG IMPORT (CHINA)","1kg","W.P. Labuan",306,27,13,3.50,3.50,0,0.00
"2025-06-01",1131,"UBI KENTANG IMPORT (CHINA)","1kg","W.P. Labuan",285,26,13,3.50,3.50,0,0.00
"2025-07-01",1131,"UBI KENTANG IMPORT (CHINA)","1kg","W.P. Labuan",338,30,14,3.50,3.50,0,0.00
"2025-08-01",1131,"UBI KENTANG IMPORT (CHINA)","1kg","W.P. Labuan",364,30,14,3.50,3.50,0,0.00
"2025-09-01",1131,"UBI KENTANG IMPORT (CHINA)","1kg","W.P. Labuan",308,26,14,3.30,3.30,0,0.00
"2025-10-01",1131,"UBI KENTANG IMPORT (CHINA)","1kg","W.P. Labuan",360,30,14,3.30,3.30,0,0.00
"2025-11-01",1131,"UBI KENTANG IMPORT (CHINA)","1kg","W.P. Labuan",342,29,14,3.30,3.30,0,0.00
"2025-12-01",1131,"UBI KENTANG IMPORT (CHINA)","1kg","W.P. Labuan",348,30,14,3.50,3.50,0,0.00
"2023-01-01",1131,"UBI KENTANG IMPORT (CHINA)","1kg","W.P. Putrajaya",244,27,19,3.50,3.50,0,0.00
"2023-02-01",1131,"UBI KENTANG IMPORT (CHINA)","1kg","W.P. Putrajaya",222,24,19,3.50,3.50,0,0.00
"2023-03-01",1131,"UBI KENTANG IMPORT (CHINA)","1kg","W.P. Putrajaya",270,31,19,3.50,3.50,0,0.00
"2023-04-01",1131,"UBI KENTANG IMPORT (CHINA)","1kg","W.P. Putrajaya",211,25,19,2.99,2.99,0,0.00
"2023-05-01",1131,"UBI KENTANG IMPORT (CHINA)","1kg","W.P. Putrajaya",192,24,20,3.29,3.29,0,0.00
"2023-06-01",1131,"UBI KENTANG IMPORT (CHINA)","1kg","W.P. Putrajaya",236,28,20,3.50,3.50,0,0.00
"2023-07-01",1131,"UBI KENTANG IMPORT (CHINA)","1kg","W.P. Putrajaya",281,30,20,3.50,3.50,0,0.00
"2023-08-01",1131,"UBI KENTANG IMPORT (CHINA)","1kg","W.P. Putrajaya",290,29,20,3.50,3.50,0,0.00
"2023-09-01",1131,"UBI KENTANG IMPORT (CHINA)","1kg","W.P. Putrajaya",256,27,19,3.20,3.20,0,0.00
"2023-10-01",1131,"UBI KENTANG IMPORT (CHINA)","1kg","W.P. Putrajaya",291,30,19,3.00,3.00,0,0.00
"2023-11-01",1131,"UBI KENTANG IMPORT (CHINA)","1kg","W.P. Putrajaya",260,26,20,3.00,3.00,0,0.00
"2023-12-01",1131,"UBI KENTANG IMPORT (CHINA)","1kg","W.P. Putrajaya",242,24,20,3.10,3.10,0,0.00
"2024-01-01",1131,"UBI KENTANG IMPORT (CHINA)","1kg","W.P. Putrajaya",269,30,20,3.20,3.20,0,0.00
"2024-02-01",1131,"UBI KENTANG IMPORT (CHINA)","1kg","W.P. Putrajaya",242,25,20,3.20,3.20,0,0.00
"2024-03-01",1131,"UBI KENTANG IMPORT (CHINA)","1kg","W.P. Putrajaya",264,27,21,3.29,3.29,0,0.00
"2024-04-01",1131,"UBI KENTANG IMPORT (CHINA)","1kg","W.P. Putrajaya",271,28,21,3.50,3.50,0,0.00
"2024-05-01",1131,"UBI KENTANG IMPORT (CHINA)","1kg","W.P. Putrajaya",285,29,20,3.20,3.20,0,0.00
"2024-06-01",1131,"UBI KENTANG IMPORT (CHINA)","1kg","W.P. Putrajaya",254,28,20,3.29,3.29,0,0.00
"2024-07-01",1131,"UBI KENTANG IMPORT (CHINA)","1kg","W.P. Putrajaya",292,28,20,3.29,3.29,0,0.00
"2024-08-01",1131,"UBI KENTANG IMPORT (CHINA)","1kg","W.P. Putrajaya",237,25,20,3.20,3.20,0,0.00
"2024-09-01",1131,"UBI KENTANG IMPORT (CHINA)","1kg","W.P. Putrajaya",313,29,21,3.00,3.00,0,0.00
"2024-10-01",1131,"UBI KENTANG IMPORT (CHINA)","1kg","W.P. Putrajaya",282,30,20,2.99,2.99,0,0.00
"2024-11-01",1131,"UBI KENTANG IMPORT (CHINA)","1kg","W.P. Putrajaya",274,28,20,2.99,2.99,0,0.00
"2024-12-01",1131,"UBI KENTANG IMPORT (CHINA)","1kg","W.P. Putrajaya",280,30,21,2.99,2.99,0,0.00
"2025-01-01",1131,"UBI KENTANG IMPORT (CHINA)","1kg","W.P. Putrajaya",289,29,21,2.99,2.99,0,0.00
"2025-02-01",1131,"UBI KENTANG IMPORT (CHINA)","1kg","W.P. Putrajaya",249,24,20,3.29,3.29,0,0.00
"2025-03-01",1131,"UBI KENTANG IMPORT (CHINA)","1kg","W.P. Putrajaya",310,29,20,2.89,2.89,0,0.00
"2025-04-01",1131,"UBI KENTANG IMPORT (CHINA)","1kg","W.P. Putrajaya",282,28,20,2.90,2.90,0,0.00
"2025-05-01",1131,"UBI KENTANG IMPORT (CHINA)","1kg","W.P. Putrajaya",316,29,21,2.99,2.99,0,0.00
"2025-06-01",1131,"UBI KENTANG IMPORT (CHINA)","1kg","W.P. Putrajaya",274,26,20,2.50,2.50,0,0.00
"2025-07-01",1131,"UBI KENTANG IMPORT (CHINA)","1kg","W.P. Putrajaya",340,30,24,2.59,2.59,0,0.00
"2025-08-01",1131,"UBI KENTANG IMPORT (CHINA)","1kg","W.P. Putrajaya",392,30,25,2.69,2.69,0,0.00
"2025-09-01",1131,"UBI KENTANG IMPORT (CHINA)","1kg","W.P. Putrajaya",335,26,25,2.90,2.90,0,0.00
"2025-10-01",1131,"UBI KENTANG IMPORT (CHINA)","1kg","W.P. Putrajaya",450,30,26,2.90,2.90,0,0.00
"2025-11-01",1131,"UBI KENTANG IMPORT (CHINA)","1kg","W.P. Putrajaya",426,29,28,2.90,2.90,5,0.00
"2025-12-01",1131,"UBI KENTANG IMPORT (CHINA)","1kg","W.P. Putrajaya",431,30,26,2.90,2.90,0,0.00
"2023-01-01",1431,"DAGING LEMBU TEMPATAN (BAHAGIAN 1 DAGING PAHA (KECUALI BATANG PINANG - TENDERLOIN)","1kg","Johor",216,29,9,39.00,39.00,0,0.00
"2023-02-01",1431,"DAGING LEMBU TEMPATAN (BAHAGIAN 1 DAGING PAHA (KECUALI BATANG PINANG - TENDERLOIN)","1kg","Johor",179,26,8,39.00,39.00,0,0.00
"2023-03-01",1431,"DAGING LEMBU TEMPATAN (BAHAGIAN 1 DAGING PAHA (KECUALI BATANG PINANG - TENDERLOIN)","1kg","Johor",179,29,10,39.00,39.00,0,0.00
"2023-04-01",1431,"DAGING LEMBU TEMPATAN (BAHAGIAN 1 DAGING PAHA (KECUALI BATANG PINANG - TENDERLOIN)","1kg","Johor",218,26,11,40.00,40.00,0,0.00
"2023-05-01",1431,"DAGING LEMBU TEMPATAN (BAHAGIAN 1 DAGING PAHA (KECUALI BATANG PINANG - TENDERLOIN)","1kg","Johor",180,24,10,40.00,40.00,0,0.00
"2023-06-01",1431,"DAGING LEMBU TEMPATAN (BAHAGIAN 1 DAGING PAHA (KECUALI BATANG PINANG - TENDERLOIN)","1kg","Johor",234,28,10,41.00,41.00,0,0.00
"2023-07-01",1431,"DAGING LEMBU TEMPATAN (BAHAGIAN 1 DAGING PAHA (KECUALI BATANG PINANG - TENDERLOIN)","1kg","Johor",188,29,10,41.00,41.00,0,0.00
"2023-08-01",1431,"DAGING LEMBU TEMPATAN (BAHAGIAN 1 DAGING PAHA (KECUALI BATANG PINANG - TENDERLOIN)","1kg","Johor",176,28,8,41.00,41.00,0,0.00
"2023-09-01",1431,"DAGING LEMBU TEMPATAN (BAHAGIAN 1 DAGING PAHA (KECUALI BATANG PINANG - TENDERLOIN)","1kg","Johor",166,27,7,41.00,41.00,0,0.00
"2023-10-01",1431,"DAGING LEMBU TEMPATAN (BAHAGIAN 1 DAGING PAHA (KECUALI BATANG PINANG - TENDERLOIN)","1kg","Johor",162,30,8,40.00,40.00,0,0.00
"2023-11-01",1431,"DAGING LEMBU TEMPATAN (BAHAGIAN 1 DAGING PAHA (KECUALI BATANG PINANG - TENDERLOIN)","1kg","Johor",149,27,8,40.00,40.00,0,0.00
"2023-12-01",1431,"DAGING LEMBU TEMPATAN (BAHAGIAN 1 DAGING PAHA (KECUALI BATANG PINANG - TENDERLOIN)","1kg","Johor",182,23,10,40.00,40.00,0,0.00
"2024-01-01",1431,"DAGING LEMBU TEMPATAN (BAHAGIAN 1 DAGING PAHA (KECUALI BATANG PINANG - TENDERLOIN)","1kg","Johor",240,30,10,40.00,40.00,0,0.00
"2024-02-01",1431,"DAGING LEMBU TEMPATAN (BAHAGIAN 1 DAGING PAHA (KECUALI BATANG PINANG - TENDERLOIN)","1kg","Johor",200,27,10,40.50,40.50,0,0.00
"2024-03-01",1431,"DAGING LEMBU TEMPATAN (BAHAGIAN 1 DAGING PAHA (KECUALI BATANG PINANG - TENDERLOIN)","1kg","Johor",233,26,13,41.00,41.00,0,0.00
"2024-04-01",1431,"DAGING LEMBU TEMPATAN (BAHAGIAN 1 DAGING PAHA (KECUALI BATANG PINANG - TENDERLOIN)","1kg","Johor",259,28,15,40.00,40.00,0,0.00
"2024-05-01",1431,"DAGING LEMBU TEMPATAN (BAHAGIAN 1 DAGING PAHA (KECUALI BATANG PINANG - TENDERLOIN)","1kg","Johor",247,29,11,40.00,40.00,0,0.00
"2024-06-01",1431,"DAGING LEMBU TEMPATAN (BAHAGIAN 1 DAGING PAHA (KECUALI BATANG PINANG - TENDERLOIN)","1kg","Johor",242,28,13,40.00,40.00,0,0.00
"2024-07-01",1431,"DAGING LEMBU TEMPATAN (BAHAGIAN 1 DAGING PAHA (KECUALI BATANG PINANG - TENDERLOIN)","1kg","Johor",237,29,13,40.00,40.00,0,0.00
"2024-08-01",1431,"DAGING LEMBU TEMPATAN (BAHAGIAN 1 DAGING PAHA (KECUALI BATANG PINANG - TENDERLOIN)","1kg","Johor",196,24,13,40.00,40.00,0,0.00
"2024-09-01",1431,"DAGING LEMBU TEMPATAN (BAHAGIAN 1 DAGING PAHA (KECUALI BATANG PINANG - TENDERLOIN)","1kg","Johor",201,29,12,40.00,40.00,0,0.00
"2024-10-01",1431,"DAGING LEMBU TEMPATAN (BAHAGIAN 1 DAGING PAHA (KECUALI BATANG PINANG - TENDERLOIN)","1kg","Johor",210,30,11,40.00,40.00,0,0.00
"2024-11-01",1431,"DAGING LEMBU TEMPATAN (BAHAGIAN 1 DAGING PAHA (KECUALI BATANG PINANG - TENDERLOIN)","1kg","Johor",220,28,12,40.00,40.00,0,0.00
"2024-12-01",1431,"DAGING LEMBU TEMPATAN (BAHAGIAN 1 DAGING PAHA (KECUALI BATANG PINANG - TENDERLOIN)","1kg","Johor",250,30,12,40.00,40.00,0,0.00
"2025-01-01",1431,"DAGING LEMBU TEMPATAN (BAHAGIAN 1 DAGING PAHA (KECUALI BATANG PINANG - TENDERLOIN)","1kg","Johor",257,28,14,40.00,40.00,0,0.00
"2025-02-01",1431,"DAGING LEMBU TEMPATAN (BAHAGIAN 1 DAGING PAHA (KECUALI BATANG PINANG - TENDERLOIN)","1kg","Johor",235,25,15,40.00,40.00,0,0.00
"2025-03-01",1431,"DAGING LEMBU TEMPATAN (BAHAGIAN 1 DAGING PAHA (KECUALI BATANG PINANG - TENDERLOIN)","1kg","Johor",252,26,16,39.00,39.00,0,0.00
"2025-04-01",1431,"DAGING LEMBU TEMPATAN (BAHAGIAN 1 DAGING PAHA (KECUALI BATANG PINANG - TENDERLOIN)","1kg","Johor",213,27,13,39.00,39.00,0,0.00
"2025-05-01",1431,"DAGING LEMBU TEMPATAN (BAHAGIAN 1 DAGING PAHA (KECUALI BATANG PINANG - TENDERLOIN)","1kg","Johor",220,29,12,39.00,39.00,0,0.00
"2025-06-01",1431,"DAGING LEMBU TEMPATAN (BAHAGIAN 1 DAGING PAHA (KECUALI BATANG PINANG - TENDERLOIN)","1kg","Johor",182,26,12,39.00,39.00,0,0.00
"2025-07-01",1431,"DAGING LEMBU TEMPATAN (BAHAGIAN 1 DAGING PAHA (KECUALI BATANG PINANG - TENDERLOIN)","1kg","Johor",124,21,9,39.00,39.00,0,0.00
"2025-08-01",1431,"DAGING LEMBU TEMPATAN (BAHAGIAN 1 DAGING PAHA (KECUALI BATANG PINANG - TENDERLOIN)","1kg","Johor",42,10,10,39.00,39.00,0,0.00
"2025-09-01",1431,"DAGING LEMBU TEMPATAN (BAHAGIAN 1 DAGING PAHA (KECUALI BATANG PINANG - TENDERLOIN)","1kg","Johor",29,7,8,39.00,39.00,0,0.00
"2025-10-01",1431,"DAGING LEMBU TEMPATAN (BAHAGIAN 1 DAGING PAHA (KECUALI BATANG PINANG - TENDERLOIN)","1kg","Johor",33,7,10,39.00,39.00,0,0.00
"2025-11-01",1431,"DAGING LEMBU TEMPATAN (BAHAGIAN 1 DAGING PAHA (KECUALI BATANG PINANG - TENDERLOIN)","1kg","Johor",43,10,11,39.00,39.00,0,0.00
"2025-12-01",1431,"DAGING LEMBU TEMPATAN (BAHAGIAN 1 DAGING PAHA (KECUALI BATANG PINANG - TENDERLOIN)","1kg","Johor",33,7,10,39.00,39.00,0,0.00
"2023-01-01",1431,"DAGING LEMBU TEMPATAN (BAHAGIAN 1 DAGING PAHA (KECUALI BATANG PINANG - TENDERLOIN)","1kg","Kedah",304,29,12,39.00,39.00,0,0.00
"2023-02-01",1431,"DAGING LEMBU TEMPATAN (BAHAGIAN 1 DAGING PAHA (KECUALI BATANG PINANG - TENDERLOIN)","1kg","Kedah",264,25,12,39.00,39.00,0,0.00
"2023-03-01",1431,"DAGING LEMBU TEMPATAN (BAHAGIAN 1 DAGING PAHA (KECUALI BATANG PINANG - TENDERLOIN)","1kg","Kedah",335,30,15,39.00,39.00,0,0.00
"2023-04-01",1431,"DAGING LEMBU TEMPATAN (BAHAGIAN 1 DAGING PAHA (KECUALI BATANG PINANG - TENDERLOIN)","1kg","Kedah",358,26,16,40.00,40.00,0,0.00
"2023-05-01",1431,"DAGING LEMBU TEMPATAN (BAHAGIAN 1 DAGING PAHA (KECUALI BATANG PINANG - TENDERLOIN)","1kg","Kedah",273,24,14,39.00,39.00,0,0.00
"2023-06-01",1431,"DAGING LEMBU TEMPATAN (BAHAGIAN 1 DAGING PAHA (KECUALI BATANG PINANG - TENDERLOIN)","1kg","Kedah",298,26,13,39.00,39.00,0,0.00
"2023-07-01",1431,"DAGING LEMBU TEMPATAN (BAHAGIAN 1 DAGING PAHA (KECUALI BATANG PINANG - TENDERLOIN)","1kg","Kedah",264,29,13,39.00,39.00,0,0.00
"2023-08-01",1431,"DAGING LEMBU TEMPATAN (BAHAGIAN 1 DAGING PAHA (KECUALI BATANG PINANG - TENDERLOIN)","1kg","Kedah",297,27,12,39.00,39.00,0,0.00
"2023-09-01",1431,"DAGING LEMBU TEMPATAN (BAHAGIAN 1 DAGING PAHA (KECUALI BATANG PINANG - TENDERLOIN)","1kg","Kedah",301,27,13,39.00,39.00,0,0.00
"2023-10-01",1431,"DAGING LEMBU TEMPATAN (BAHAGIAN 1 DAGING PAHA (KECUALI BATANG PINANG - TENDERLOIN)","1kg","Kedah",335,30,13,39.00,39.00,0,0.00
"2023-11-01",1431,"DAGING LEMBU TEMPATAN (BAHAGIAN 1 DAGING PAHA (KECUALI BATANG PINANG - TENDERLOIN)","1kg","Kedah",301,27,12,39.00,39.00,0,0.00
"2023-12-01",1431,"DAGING LEMBU TEMPATAN (BAHAGIAN 1 DAGING PAHA (KECUALI BATANG PINANG - TENDERLOIN)","1kg","Kedah",266,24,13,39.00,39.00,0,0.00
"2024-01-01",1431,"DAGING LEMBU TEMPATAN (BAHAGIAN 1 DAGING PAHA (KECUALI BATANG PINANG - TENDERLOIN)","1kg","Kedah",329,30,12,39.00,39.00,0,0.00
"2024-02-01",1431,"DAGING LEMBU TEMPATAN (BAHAGIAN 1 DAGING PAHA (KECUALI BATANG PINANG - TENDERLOIN)","1kg","Kedah",284,26,12,39.00,39.00,0,0.00
"2024-03-01",1431,"DAGING LEMBU TEMPATAN (BAHAGIAN 1 DAGING PAHA (KECUALI BATANG PINANG - TENDERLOIN)","1kg","Kedah",333,27,15,39.00,39.00,0,0.00
"2024-04-01",1431,"DAGING LEMBU TEMPATAN (BAHAGIAN 1 DAGING PAHA (KECUALI BATANG PINANG - TENDERLOIN)","1kg","Kedah",336,28,16,39.00,39.00,0,0.00
"2024-05-01",1431,"DAGING LEMBU TEMPATAN (BAHAGIAN 1 DAGING PAHA (KECUALI BATANG PINANG - TENDERLOIN)","1kg","Kedah",319,29,12,39.00,39.00,0,0.00
"2024-06-01",1431,"DAGING LEMBU TEMPATAN (BAHAGIAN 1 DAGING PAHA (KECUALI BATANG PINANG - TENDERLOIN)","1kg","Kedah",239,26,12,39.00,39.00,0,0.00
"2024-07-01",1431,"DAGING LEMBU TEMPATAN (BAHAGIAN 1 DAGING PAHA (KECUALI BATANG PINANG - TENDERLOIN)","1kg","Kedah",290,29,12,39.00,39.00,0,0.00
"2024-08-01",1431,"DAGING LEMBU TEMPATAN (BAHAGIAN 1 DAGING PAHA (KECUALI BATANG PINANG - TENDERLOIN)","1kg","Kedah",271,25,12,39.00,39.00,0,0.00
"2024-09-01",1431,"DAGING LEMBU TEMPATAN (BAHAGIAN 1 DAGING PAHA (KECUALI BATANG PINANG - TENDERLOIN)","1kg","Kedah",339,29,14,39.00,39.00,0,0.00
"2024-10-01",1431,"DAGING LEMBU TEMPATAN (BAHAGIAN 1 DAGING PAHA (KECUALI BATANG PINANG - TENDERLOIN)","1kg","Kedah",328,30,13,39.00,39.00,0,0.00
"2024-11-01",1431,"DAGING LEMBU TEMPATAN (BAHAGIAN 1 DAGING PAHA (KECUALI BATANG PINANG - TENDERLOIN)","1kg","Kedah",319,28,14,38.00,38.00,0,0.00
"2024-12-01",1431,"DAGING LEMBU TEMPATAN (BAHAGIAN 1 DAGING PAHA (KECUALI BATANG PINANG - TENDERLOIN)","1kg","Kedah",369,30,14,38.00,38.00,0,0.00
"2025-01-01",1431,"DAGING LEMBU TEMPATAN (BAHAGIAN 1 DAGING PAHA (KECUALI BATANG PINANG - TENDERLOIN)","1kg","Kedah",333,28,14,38.00,38.00,0,0.00
"2025-02-01",1431,"DAGING LEMBU TEMPATAN (BAHAGIAN 1 DAGING PAHA (KECUALI BATANG PINANG - TENDERLOIN)","1kg","Kedah",315,25,14,38.00,38.00,0,0.00
"2025-03-01",1431,"DAGING LEMBU TEMPATAN (BAHAGIAN 1 DAGING PAHA (KECUALI BATANG PINANG - TENDERLOIN)","1kg","Kedah",367,28,15,36.00,36.00,0,0.00
"2025-04-01",1431,"DAGING LEMBU TEMPATAN (BAHAGIAN 1 DAGING PAHA (KECUALI BATANG PINANG - TENDERLOIN)","1kg","Kedah",330,28,14,36.00,36.00,0,0.00
"2025-05-01",1431,"DAGING LEMBU TEMPATAN (BAHAGIAN 1 DAGING PAHA (KECUALI BATANG PINANG - TENDERLOIN)","1kg","Kedah",366,29,14,36.00,36.00,0,0.00
"2025-06-01",1431,"DAGING LEMBU TEMPATAN (BAHAGIAN 1 DAGING PAHA (KECUALI BATANG PINANG - TENDERLOIN)","1kg","Kedah",181,23,14,35.00,35.00,0,0.00
"2025-07-01",1431,"DAGING LEMBU TEMPATAN (BAHAGIAN 1 DAGING PAHA (KECUALI BATANG PINANG - TENDERLOIN)","1kg","Kedah",232,19,15,36.00,36.00,0,0.00
"2025-08-01",1431,"DAGING LEMBU TEMPATAN (BAHAGIAN 1 DAGING PAHA (KECUALI BATANG PINANG - TENDERLOIN)","1kg","Kedah",59,5,13,35.00,35.00,0,0.00
"2025-09-01",1431,"DAGING LEMBU TEMPATAN (BAHAGIAN 1 DAGING PAHA (KECUALI BATANG PINANG - TENDERLOIN)","1kg","Kedah",50,4,13,35.00,35.00,0,0.00
"2025-10-01",1431,"DAGING LEMBU TEMPATAN (BAHAGIAN 1 DAGING PAHA (KECUALI BATANG PINANG - TENDERLOIN)","1kg","Kedah",48,4,13,35.00,35.00,0,0.00
"2025-11-01",1431,"DAGING LEMBU TEMPATAN (BAHAGIAN 1 DAGING PAHA (KECUALI BATANG PINANG - TENDERLOIN)","1kg","Kedah",49,4,13,35.00,35.00,0,0.00
"2025-12-01",1431,"DAGING LEMBU TEMPATAN (BAHAGIAN 1 DAGING PAHA (KECUALI BATANG PINANG - TENDERLOIN)","1kg","Kedah",49,4,13,35.00,35.00,0,0.00
"2023-01-01",1431,"DAGING LEMBU TEMPATAN (BAHAGIAN 1 DAGING PAHA (KECUALI BATANG PINANG - TENDERLOIN)","1kg","Kelantan",472,29,18,34.00,34.00,0,0.00
"2023-02-01",1431,"DAGING LEMBU TEMPATAN (BAHAGIAN 1 DAGING PAHA (KECUALI BATANG PINANG - TENDERLOIN)","1kg","Kelantan",460,27,18,33.00,33.00,0,0.00
"2023-03-01",1431,"DAGING LEMBU TEMPATAN (BAHAGIAN 1 DAGING PAHA (KECUALI BATANG PINANG - TENDERLOIN)","1kg","Kelantan",527,31,18,33.00,33.00,0,0.00
"2023-04-01",1431,"DAGING LEMBU TEMPATAN (BAHAGIAN 1 DAGING PAHA (KECUALI BATANG PINANG - TENDERLOIN)","1kg","Kelantan",407,23,18,34.00,34.00,0,0.00
"2023-05-01",1431,"DAGING LEMBU TEMPATAN (BAHAGIAN 1 DAGING PAHA (KECUALI BATANG PINANG - TENDERLOIN)","1kg","Kelantan",400,24,18,34.00,34.00,0,0.00
"2023-06-01",1431,"DAGING LEMBU TEMPATAN (BAHAGIAN 1 DAGING PAHA (KECUALI BATANG PINANG - TENDERLOIN)","1kg","Kelantan",431,26,18,34.00,34.00,0,0.00
"2023-07-01",1431,"DAGING LEMBU TEMPATAN (BAHAGIAN 1 DAGING PAHA (KECUALI BATANG PINANG - TENDERLOIN)","1kg","Kelantan",461,30,18,34.00,34.00,0,0.00
"2023-08-01",1431,"DAGING LEMBU TEMPATAN (BAHAGIAN 1 DAGING PAHA (KECUALI BATANG PINANG - TENDERLOIN)","1kg","Kelantan",455,27,18,34.00,34.00,0,0.00
"2023-09-01",1431,"DAGING LEMBU TEMPATAN (BAHAGIAN 1 DAGING PAHA (KECUALI BATANG PINANG - TENDERLOIN)","1kg","Kelantan",399,24,18,34.00,34.00,0,0.00
"2023-10-01",1431,"DAGING LEMBU TEMPATAN (BAHAGIAN 1 DAGING PAHA (KECUALI BATANG PINANG - TENDERLOIN)","1kg","Kelantan",509,29,18,34.00,34.00,0,0.00
"2023-11-01",1431,"DAGING LEMBU TEMPATAN (BAHAGIAN 1 DAGING PAHA (KECUALI BATANG PINANG - TENDERLOIN)","1kg","Kelantan",480,27,18,34.00,34.00,0,0.00
"2023-12-01",1431,"DAGING LEMBU TEMPATAN (BAHAGIAN 1 DAGING PAHA (KECUALI BATANG PINANG - TENDERLOIN)","1kg","Kelantan",416,24,19,34.00,34.00,0,0.00
"2024-01-01",1431,"DAGING LEMBU TEMPATAN (BAHAGIAN 1 DAGING PAHA (KECUALI BATANG PINANG - TENDERLOIN)","1kg","Kelantan",553,31,19,34.00,34.00,0,0.00
"2024-02-01",1431,"DAGING LEMBU TEMPATAN (BAHAGIAN 1 DAGING PAHA (KECUALI BATANG PINANG - TENDERLOIN)","1kg","Kelantan",457,26,18,34.00,34.00,0,0.00
"2024-03-01",1431,"DAGING LEMBU TEMPATAN (BAHAGIAN 1 DAGING PAHA (KECUALI BATANG PINANG - TENDERLOIN)","1kg","Kelantan",487,27,20,34.00,34.00,0,0.00
"2024-04-01",1431,"DAGING LEMBU TEMPATAN (BAHAGIAN 1 DAGING PAHA (KECUALI BATANG PINANG - TENDERLOIN)","1kg","Kelantan",470,27,20,34.00,34.00,0,0.00
"2024-05-01",1431,"DAGING LEMBU TEMPATAN (BAHAGIAN 1 DAGING PAHA (KECUALI BATANG PINANG - TENDERLOIN)","1kg","Kelantan",489,29,19,34.00,34.00,0,0.00
"2024-06-01",1431,"DAGING LEMBU TEMPATAN (BAHAGIAN 1 DAGING PAHA (KECUALI BATANG PINANG - TENDERLOIN)","1kg","Kelantan",362,26,18,34.00,34.00,0,0.00
"2024-07-01",1431,"DAGING LEMBU TEMPATAN (BAHAGIAN 1 DAGING PAHA (KECUALI BATANG PINANG - TENDERLOIN)","1kg","Kelantan",417,29,18,34.00,34.00,0,0.00
"2024-08-01",1431,"DAGING LEMBU TEMPATAN (BAHAGIAN 1 DAGING PAHA (KECUALI BATANG PINANG - TENDERLOIN)","1kg","Kelantan",374,25,18,34.00,34.00,0,0.00
"2024-09-01",1431,"DAGING LEMBU TEMPATAN (BAHAGIAN 1 DAGING PAHA (KECUALI BATANG PINANG - TENDERLOIN)","1kg","Kelantan",427,26,18,32.00,32.00,0,0.00
"2024-10-01",1431,"DAGING LEMBU TEMPATAN (BAHAGIAN 1 DAGING PAHA (KECUALI BATANG PINANG - TENDERLOIN)","1kg","Kelantan",458,30,17,34.00,34.00,0,0.00
"2024-11-01",1431,"DAGING LEMBU TEMPATAN (BAHAGIAN 1 DAGING PAHA (KECUALI BATANG PINANG - TENDERLOIN)","1kg","Kelantan",412,28,18,30.00,30.00,0,0.00
"2024-12-01",1431,"DAGING LEMBU TEMPATAN (BAHAGIAN 1 DAGING PAHA (KECUALI BATANG PINANG - TENDERLOIN)","1kg","Kelantan",418,30,17,26.00,26.00,0,0.00
"2025-01-01",1431,"DAGING LEMBU TEMPATAN (BAHAGIAN 1 DAGING PAHA (KECUALI BATANG PINANG - TENDERLOIN)","1kg","Kelantan",422,29,17,25.00,25.00,0,0.00
"2025-02-01",1431,"DAGING LEMBU TEMPATAN (BAHAGIAN 1 DAGING PAHA (KECUALI BATANG PINANG - TENDERLOIN)","1kg","Kelantan",380,26,17,25.00,25.00,0,0.00
"2025-03-01",1431,"DAGING LEMBU TEMPATAN (BAHAGIAN 1 DAGING PAHA (KECUALI BATANG PINANG - TENDERLOIN)","1kg","Kelantan",467,28,19,27.00,27.00,0,0.00
"2025-04-01",1431,"DAGING LEMBU TEMPATAN (BAHAGIAN 1 DAGING PAHA (KECUALI BATANG PINANG - TENDERLOIN)","1kg","Kelantan",387,28,18,28.00,28.00,0,0.00
"2025-05-01",1431,"DAGING LEMBU TEMPATAN (BAHAGIAN 1 DAGING PAHA (KECUALI BATANG PINANG - TENDERLOIN)","1kg","Kelantan",421,29,18,28.00,28.00,0,0.00
"2025-06-01",1431,"DAGING LEMBU TEMPATAN (BAHAGIAN 1 DAGING PAHA (KECUALI BATANG PINANG - TENDERLOIN)","1kg","Kelantan",309,23,17,28.00,28.00,0,0.00
"2025-07-01",1431,"DAGING LEMBU TEMPATAN (BAHAGIAN 1 DAGING PAHA (KECUALI BATANG PINANG - TENDERLOIN)","1kg","Kelantan",277,19,16,28.00,28.00,0,0.00
"2025-08-01",1431,"DAGING LEMBU TEMPATAN (BAHAGIAN 1 DAGING PAHA (KECUALI BATANG PINANG - TENDERLOIN)","1kg","Kelantan",74,5,16,28.00,28.00,0,0.00
"2025-09-01",1431,"DAGING LEMBU TEMPATAN (BAHAGIAN 1 DAGING PAHA (KECUALI BATANG PINANG - TENDERLOIN)","1kg","Kelantan",60,4,16,28.00,28.00,0,0.00
"2025-10-01",1431,"DAGING LEMBU TEMPATAN (BAHAGIAN 1 DAGING PAHA (KECUALI BATANG PINANG - TENDERLOIN)","1kg","Kelantan",60,4,15,28.00,28.00,0,0.00
"2025-11-01",1431,"DAGING LEMBU TEMPATAN (BAHAGIAN 1 DAGING PAHA (KECUALI BATANG PINANG - TENDERLOIN)","1kg","Kelantan",59,4,15,28.00,28.00,0,0.00
"2025-12-01",1431,"DAGING LEMBU TEMPATAN (BAHAGIAN 1 DAGING PAHA (KECUALI BATANG PINANG - TENDERLOIN)","1kg","Kelantan",55,4,15,28.00,28.00,0,0.00
"2023-01-01",1431,"DAGING LEMBU TEMPATAN (BAHAGIAN 1 DAGING PAHA (KECUALI BATANG PINANG - TENDERLOIN)","1kg","Melaka",179,27,7,38.00,38.00,0,0.00
"2023-02-01",1431,"DAGING LEMBU TEMPATAN (BAHAGIAN 1 DAGING PAHA (KECUALI BATANG PINANG - TENDERLOIN)","1kg","Melaka",185,27,7,38.00,38.00,0,0.00
"2023-03-01",1431,"DAGING LEMBU TEMPATAN (BAHAGIAN 1 DAGING PAHA (KECUALI BATANG PINANG - TENDERLOIN)","1kg","Melaka",204,30,7,38.00,38.00,0,0.00
"2023-04-01",1431,"DAGING LEMBU TEMPATAN (BAHAGIAN 1 DAGING PAHA (KECUALI BATANG PINANG - TENDERLOIN)","1kg","Melaka",148,25,8,39.00,39.00,0,0.00
"2023-05-01",1431,"DAGING LEMBU TEMPATAN (BAHAGIAN 1 DAGING PAHA (KECUALI BATANG PINANG - TENDERLOIN)","1kg","Melaka",130,24,6,40.00,40.00,0,0.00
"2023-06-01",1431,"DAGING LEMBU TEMPATAN (BAHAGIAN 1 DAGING PAHA (KECUALI BATANG PINANG - TENDERLOIN)","1kg","Melaka",153,28,6,40.00,40.00,0,0.00
"2023-07-01",1431,"DAGING LEMBU TEMPATAN (BAHAGIAN 1 DAGING PAHA (KECUALI BATANG PINANG - TENDERLOIN)","1kg","Melaka",128,28,6,40.00,40.00,0,0.00
"2023-08-01",1431,"DAGING LEMBU TEMPATAN (BAHAGIAN 1 DAGING PAHA (KECUALI BATANG PINANG - TENDERLOIN)","1kg","Melaka",163,28,6,40.00,40.00,0,0.00
"2023-09-01",1431,"DAGING LEMBU TEMPATAN (BAHAGIAN 1 DAGING PAHA (KECUALI BATANG PINANG - TENDERLOIN)","1kg","Melaka",127,27,6,40.00,40.00,0,0.00
"2023-10-01",1431,"DAGING LEMBU TEMPATAN (BAHAGIAN 1 DAGING PAHA (KECUALI BATANG PINANG - TENDERLOIN)","1kg","Melaka",159,30,6,40.00,40.00,0,0.00
"2023-11-01",1431,"DAGING LEMBU TEMPATAN (BAHAGIAN 1 DAGING PAHA (KECUALI BATANG PINANG - TENDERLOIN)","1kg","Melaka",147,26,6,40.00,40.00,0,0.00
"2023-12-01",1431,"DAGING LEMBU TEMPATAN (BAHAGIAN 1 DAGING PAHA (KECUALI BATANG PINANG - TENDERLOIN)","1kg","Melaka",128,24,7,40.00,40.00,0,0.00
"2024-01-01",1431,"DAGING LEMBU TEMPATAN (BAHAGIAN 1 DAGING PAHA (KECUALI BATANG PINANG - TENDERLOIN)","1kg","Melaka",182,31,7,40.00,40.00,0,0.00
"2024-02-01",1431,"DAGING LEMBU TEMPATAN (BAHAGIAN 1 DAGING PAHA (KECUALI BATANG PINANG - TENDERLOIN)","1kg","Melaka",162,25,7,40.00,40.00,0,0.00
"2024-03-01",1431,"DAGING LEMBU TEMPATAN (BAHAGIAN 1 DAGING PAHA (KECUALI BATANG PINANG - TENDERLOIN)","1kg","Melaka",179,27,7,40.00,40.00,0,0.00
"2024-04-01",1431,"DAGING LEMBU TEMPATAN (BAHAGIAN 1 DAGING PAHA (KECUALI BATANG PINANG - TENDERLOIN)","1kg","Melaka",189,28,7,40.00,40.00,0,0.00
"2024-05-01",1431,"DAGING LEMBU TEMPATAN (BAHAGIAN 1 DAGING PAHA (KECUALI BATANG PINANG - TENDERLOIN)","1kg","Melaka",174,29,7,40.00,40.00,0,0.00
"2024-06-01",1431,"DAGING LEMBU TEMPATAN (BAHAGIAN 1 DAGING PAHA (KECUALI BATANG PINANG - TENDERLOIN)","1kg","Melaka",141,28,7,40.00,40.00,0,0.00
"2024-07-01",1431,"DAGING LEMBU TEMPATAN (BAHAGIAN 1 DAGING PAHA (KECUALI BATANG PINANG - TENDERLOIN)","1kg","Melaka",165,28,7,40.00,40.00,0,0.00
"2024-08-01",1431,"DAGING LEMBU TEMPATAN (BAHAGIAN 1 DAGING PAHA (KECUALI BATANG PINANG - TENDERLOIN)","1kg","Melaka",145,25,7,40.00,40.00,0,0.00
"2024-09-01",1431,"DAGING LEMBU TEMPATAN (BAHAGIAN 1 DAGING PAHA (KECUALI BATANG PINANG - TENDERLOIN)","1kg","Melaka",166,29,7,40.00,40.00,0,0.00
"2024-10-01",1431,"DAGING LEMBU TEMPATAN (BAHAGIAN 1 DAGING PAHA (KECUALI BATANG PINANG - TENDERLOIN)","1kg","Melaka",156,30,7,40.00,40.00,0,0.00
"2024-11-01",1431,"DAGING LEMBU TEMPATAN (BAHAGIAN 1 DAGING PAHA (KECUALI BATANG PINANG - TENDERLOIN)","1kg","Melaka",160,28,7,40.00,40.00,0,0.00
"2024-12-01",1431,"DAGING LEMBU TEMPATAN (BAHAGIAN 1 DAGING PAHA (KECUALI BATANG PINANG - TENDERLOIN)","1kg","Melaka",169,30,7,40.00,40.00,0,0.00
"2025-01-01",1431,"DAGING LEMBU TEMPATAN (BAHAGIAN 1 DAGING PAHA (KECUALI BATANG PINANG - TENDERLOIN)","1kg","Melaka",187,29,7,40.00,40.00,0,0.00
"2025-02-01",1431,"DAGING LEMBU TEMPATAN (BAHAGIAN 1 DAGING PAHA (KECUALI BATANG PINANG - TENDERLOIN)","1kg","Melaka",157,25,7,40.00,40.00,0,0.00
"2025-03-01",1431,"DAGING LEMBU TEMPATAN (BAHAGIAN 1 DAGING PAHA (KECUALI BATANG PINANG - TENDERLOIN)","1kg","Melaka",169,30,7,39.00,39.00,0,0.00
"2025-04-01",1431,"DAGING LEMBU TEMPATAN (BAHAGIAN 1 DAGING PAHA (KECUALI BATANG PINANG - TENDERLOIN)","1kg","Melaka",147,27,7,38.00,38.00,0,0.00
"2025-05-01",1431,"DAGING LEMBU TEMPATAN (BAHAGIAN 1 DAGING PAHA (KECUALI BATANG PINANG - TENDERLOIN)","1kg","Melaka",173,29,7,38.00,38.00,0,0.00
"2025-06-01",1431,"DAGING LEMBU TEMPATAN (BAHAGIAN 1 DAGING PAHA (KECUALI BATANG PINANG - TENDERLOIN)","1kg","Melaka",115,26,7,39.00,39.00,0,0.00
"2025-07-01",1431,"DAGING LEMBU TEMPATAN (BAHAGIAN 1 DAGING PAHA (KECUALI BATANG PINANG - TENDERLOIN)","1kg","Melaka",115,19,7,38.00,38.00,0,0.00
"2025-08-01",1431,"DAGING LEMBU TEMPATAN (BAHAGIAN 1 DAGING PAHA (KECUALI BATANG PINANG - TENDERLOIN)","1kg","Melaka",25,6,7,38.00,38.00,0,0.00
"2025-09-01",1431,"DAGING LEMBU TEMPATAN (BAHAGIAN 1 DAGING PAHA (KECUALI BATANG PINANG - TENDERLOIN)","1kg","Melaka",18,5,6,39.00,39.00,0,0.00
"2025-10-01",1431,"DAGING LEMBU TEMPATAN (BAHAGIAN 1 DAGING PAHA (KECUALI BATANG PINANG - TENDERLOIN)","1kg","Melaka",26,4,7,38.00,38.00,0,0.00
"2025-11-01",1431,"DAGING LEMBU TEMPATAN (BAHAGIAN 1 DAGING PAHA (KECUALI BATANG PINANG - TENDERLOIN)","1kg","Melaka",25,5,7,38.00,38.00,0,0.00
"2025-12-01",1431,"DAGING LEMBU TEMPATAN (BAHAGIAN 1 DAGING PAHA (KECUALI BATANG PINANG - TENDERLOIN)","1kg","Melaka",22,5,7,38.50,38.50,0,0.00
"2023-01-01",1431,"DAGING LEMBU TEMPATAN (BAHAGIAN 1 DAGING PAHA (KECUALI BATANG PINANG - TENDERLOIN)","1kg","Negeri Sembilan",188,26,10,40.00,40.00,0,0.00
"2023-02-01",1431,"DAGING LEMBU TEMPATAN (BAHAGIAN 1 DAGING PAHA (KECUALI BATANG PINANG - TENDERLOIN)","1kg","Negeri Sembilan",166,24,10,40.00,40.00,0,0.00
"2023-03-01",1431,"DAGING LEMBU TEMPATAN (BAHAGIAN 1 DAGING PAHA (KECUALI BATANG PINANG - TENDERLOIN)","1kg","Negeri Sembilan",189,31,9,40.00,40.00,0,0.00
"2023-04-01",1431,"DAGING LEMBU TEMPATAN (BAHAGIAN 1 DAGING PAHA (KECUALI BATANG PINANG - TENDERLOIN)","1kg","Negeri Sembilan",155,26,9,40.00,40.00,0,0.00
"2023-05-01",1431,"DAGING LEMBU TEMPATAN (BAHAGIAN 1 DAGING PAHA (KECUALI BATANG PINANG - TENDERLOIN)","1kg","Negeri Sembilan",116,24,8,40.00,40.00,0,0.00
"2023-06-01",1431,"DAGING LEMBU TEMPATAN (BAHAGIAN 1 DAGING PAHA (KECUALI BATANG PINANG - TENDERLOIN)","1kg","Negeri Sembilan",130,28,8,40.00,40.00,0,0.00
"2023-07-01",1431,"DAGING LEMBU TEMPATAN (BAHAGIAN 1 DAGING PAHA (KECUALI BATANG PINANG - TENDERLOIN)","1kg","Negeri Sembilan",89,30,6,40.00,40.00,0,0.00
"2023-08-01",1431,"DAGING LEMBU TEMPATAN (BAHAGIAN 1 DAGING PAHA (KECUALI BATANG PINANG - TENDERLOIN)","1kg","Negeri Sembilan",133,27,7,40.00,40.00,0,0.00
"2023-09-01",1431,"DAGING LEMBU TEMPATAN (BAHAGIAN 1 DAGING PAHA (KECUALI BATANG PINANG - TENDERLOIN)","1kg","Negeri Sembilan",138,27,7,40.00,40.00,0,0.00
"2023-10-01",1431,"DAGING LEMBU TEMPATAN (BAHAGIAN 1 DAGING PAHA (KECUALI BATANG PINANG - TENDERLOIN)","1kg","Negeri Sembilan",129,30,7,40.00,40.00,0,0.00
"2023-11-01",1431,"DAGING LEMBU TEMPATAN (BAHAGIAN 1 DAGING PAHA (KECUALI BATANG PINANG - TENDERLOIN)","1kg","Negeri Sembilan",144,26,7,40.00,40.00,0,0.00
"2023-12-01",1431,"DAGING LEMBU TEMPATAN (BAHAGIAN 1 DAGING PAHA (KECUALI BATANG PINANG - TENDERLOIN)","1kg","Negeri Sembilan",130,24,6,40.00,40.00,0,0.00
"2024-01-01",1431,"DAGING LEMBU TEMPATAN (BAHAGIAN 1 DAGING PAHA (KECUALI BATANG PINANG - TENDERLOIN)","1kg","Negeri Sembilan",156,28,7,40.00,40.00,0,0.00
"2024-02-01",1431,"DAGING LEMBU TEMPATAN (BAHAGIAN 1 DAGING PAHA (KECUALI BATANG PINANG - TENDERLOIN)","1kg","Negeri Sembilan",134,25,7,40.00,40.00,0,0.00
"2024-03-01",1431,"DAGING LEMBU TEMPATAN (BAHAGIAN 1 DAGING PAHA (KECUALI BATANG PINANG - TENDERLOIN)","1kg","Negeri Sembilan",140,28,7,40.00,40.00,0,0.00
"2024-04-01",1431,"DAGING LEMBU TEMPATAN (BAHAGIAN 1 DAGING PAHA (KECUALI BATANG PINANG - TENDERLOIN)","1kg","Negeri Sembilan",129,28,7,39.00,39.00,0,0.00
"2024-05-01",1431,"DAGING LEMBU TEMPATAN (BAHAGIAN 1 DAGING PAHA (KECUALI BATANG PINANG - TENDERLOIN)","1kg","Negeri Sembilan",155,29,7,40.00,40.00,0,0.00
"2024-06-01",1431,"DAGING LEMBU TEMPATAN (BAHAGIAN 1 DAGING PAHA (KECUALI BATANG PINANG - TENDERLOIN)","1kg","Negeri Sembilan",117,28,7,40.00,40.00,0,0.00
"2024-07-01",1431,"DAGING LEMBU TEMPATAN (BAHAGIAN 1 DAGING PAHA (KECUALI BATANG PINANG - TENDERLOIN)","1kg","Negeri Sembilan",120,28,8,40.00,40.00,0,0.00
"2024-08-01",1431,"DAGING LEMBU TEMPATAN (BAHAGIAN 1 DAGING PAHA (KECUALI BATANG PINANG - TENDERLOIN)","1kg","Negeri Sembilan",133,25,8,40.00,40.00,0,0.00
"2024-09-01",1431,"DAGING LEMBU TEMPATAN (BAHAGIAN 1 DAGING PAHA (KECUALI BATANG PINANG - TENDERLOIN)","1kg","Negeri Sembilan",174,29,8,40.00,40.00,0,0.00
"2024-10-01",1431,"DAGING LEMBU TEMPATAN (BAHAGIAN 1 DAGING PAHA (KECUALI BATANG PINANG - TENDERLOIN)","1kg","Negeri Sembilan",182,30,8,40.00,40.00,0,0.00
"2024-11-01",1431,"DAGING LEMBU TEMPATAN (BAHAGIAN 1 DAGING PAHA (KECUALI BATANG PINANG - TENDERLOIN)","1kg","Negeri Sembilan",171,28,9,40.00,40.00,0,0.00
"2024-12-01",1431,"DAGING LEMBU TEMPATAN (BAHAGIAN 1 DAGING PAHA (KECUALI BATANG PINANG - TENDERLOIN)","1kg","Negeri Sembilan",163,30,9,40.00,40.00,0,0.00
"2025-01-01",1431,"DAGING LEMBU TEMPATAN (BAHAGIAN 1 DAGING PAHA (KECUALI BATANG PINANG - TENDERLOIN)","1kg","Negeri Sembilan",156,27,8,40.00,40.00,0,0.00
"2025-02-01",1431,"DAGING LEMBU TEMPATAN (BAHAGIAN 1 DAGING PAHA (KECUALI BATANG PINANG - TENDERLOIN)","1kg","Negeri Sembilan",158,25,8,40.00,40.00,0,0.00
"2025-03-01",1431,"DAGING LEMBU TEMPATAN (BAHAGIAN 1 DAGING PAHA (KECUALI BATANG PINANG - TENDERLOIN)","1kg","Negeri Sembilan",187,30,8,39.00,39.00,0,0.00
"2025-04-01",1431,"DAGING LEMBU TEMPATAN (BAHAGIAN 1 DAGING PAHA (KECUALI BATANG PINANG - TENDERLOIN)","1kg","Negeri Sembilan",161,28,9,39.00,39.00,0,0.00
"2025-05-01",1431,"DAGING LEMBU TEMPATAN (BAHAGIAN 1 DAGING PAHA (KECUALI BATANG PINANG - TENDERLOIN)","1kg","Negeri Sembilan",177,29,9,39.00,39.00,0,0.00
"2025-06-01",1431,"DAGING LEMBU TEMPATAN (BAHAGIAN 1 DAGING PAHA (KECUALI BATANG PINANG - TENDERLOIN)","1kg","Negeri Sembilan",99,24,9,40.00,40.00,0,0.00
"2025-07-01",1431,"DAGING LEMBU TEMPATAN (BAHAGIAN 1 DAGING PAHA (KECUALI BATANG PINANG - TENDERLOIN)","1kg","Negeri Sembilan",105,19,9,39.00,39.00,0,0.00
"2025-08-01",1431,"DAGING LEMBU TEMPATAN (BAHAGIAN 1 DAGING PAHA (KECUALI BATANG PINANG - TENDERLOIN)","1kg","Negeri Sembilan",27,5,7,39.00,39.00,0,0.00
"2025-09-01",1431,"DAGING LEMBU TEMPATAN (BAHAGIAN 1 DAGING PAHA (KECUALI BATANG PINANG - TENDERLOIN)","1kg","Negeri Sembilan",22,4,7,39.00,39.00,0,0.00
"2025-10-01",1431,"DAGING LEMBU TEMPATAN (BAHAGIAN 1 DAGING PAHA (KECUALI BATANG PINANG - TENDERLOIN)","1kg","Negeri Sembilan",23,4,7,39.00,39.00,0,0.00
"2025-11-01",1431,"DAGING LEMBU TEMPATAN (BAHAGIAN 1 DAGING PAHA (KECUALI BATANG PINANG - TENDERLOIN)","1kg","Negeri Sembilan",22,4,6,39.50,39.50,0,0.00
"2025-12-01",1431,"DAGING LEMBU TEMPATAN (BAHAGIAN 1 DAGING PAHA (KECUALI BATANG PINANG - TENDERLOIN)","1kg","Negeri Sembilan",22,4,6,39.50,39.50,0,0.00
"2023-01-01",1431,"DAGING LEMBU TEMPATAN (BAHAGIAN 1 DAGING PAHA (KECUALI BATANG PINANG - TENDERLOIN)","1kg","Pahang",161,27,8,36.00,36.00,0,0.00
"2023-02-01",1431,"DAGING LEMBU TEMPATAN (BAHAGIAN 1 DAGING PAHA (KECUALI BATANG PINANG - TENDERLOIN)","1kg","Pahang",169,27,8,36.00,36.00,0,0.00
"2023-03-01",1431,"DAGING LEMBU TEMPATAN (BAHAGIAN 1 DAGING PAHA (KECUALI BATANG PINANG - TENDERLOIN)","1kg","Pahang",242,31,9,38.00,38.00,0,0.00
"2023-04-01",1431,"DAGING LEMBU TEMPATAN (BAHAGIAN 1 DAGING PAHA (KECUALI BATANG PINANG - TENDERLOIN)","1kg","Pahang",195,25,10,38.00,38.00,0,0.00
"2023-05-01",1431,"DAGING LEMBU TEMPATAN (BAHAGIAN 1 DAGING PAHA (KECUALI BATANG PINANG - TENDERLOIN)","1kg","Pahang",136,23,9,39.00,39.00,0,0.00
"2023-06-01",1431,"DAGING LEMBU TEMPATAN (BAHAGIAN 1 DAGING PAHA (KECUALI BATANG PINANG - TENDERLOIN)","1kg","Pahang",190,28,9,39.00,39.00,0,0.00
"2023-07-01",1431,"DAGING LEMBU TEMPATAN (BAHAGIAN 1 DAGING PAHA (KECUALI BATANG PINANG - TENDERLOIN)","1kg","Pahang",116,28,9,38.00,38.00,0,0.00
"2023-08-01",1431,"DAGING LEMBU TEMPATAN (BAHAGIAN 1 DAGING PAHA (KECUALI BATANG PINANG - TENDERLOIN)","1kg","Pahang",163,29,9,38.00,38.00,0,0.00
"2023-09-01",1431,"DAGING LEMBU TEMPATAN (BAHAGIAN 1 DAGING PAHA (KECUALI BATANG PINANG - TENDERLOIN)","1kg","Pahang",179,27,9,39.00,39.00,0,0.00
"2023-10-01",1431,"DAGING LEMBU TEMPATAN (BAHAGIAN 1 DAGING PAHA (KECUALI BATANG PINANG - TENDERLOIN)","1kg","Pahang",193,30,9,39.00,39.00,0,0.00
"2023-11-01",1431,"DAGING LEMBU TEMPATAN (BAHAGIAN 1 DAGING PAHA (KECUALI BATANG PINANG - TENDERLOIN)","1kg","Pahang",181,26,9,39.00,39.00,0,0.00
"2023-12-01",1431,"DAGING LEMBU TEMPATAN (BAHAGIAN 1 DAGING PAHA (KECUALI BATANG PINANG - TENDERLOIN)","1kg","Pahang",166,24,9,39.00,39.00,0,0.00
"2024-01-01",1431,"DAGING LEMBU TEMPATAN (BAHAGIAN 1 DAGING PAHA (KECUALI BATANG PINANG - TENDERLOIN)","1kg","Pahang",221,31,9,39.00,39.00,0,0.00
"2024-02-01",1431,"DAGING LEMBU TEMPATAN (BAHAGIAN 1 DAGING PAHA (KECUALI BATANG PINANG - TENDERLOIN)","1kg","Pahang",198,26,9,39.00,39.00,0,0.00
"2024-03-01",1431,"DAGING LEMBU TEMPATAN (BAHAGIAN 1 DAGING PAHA (KECUALI BATANG PINANG - TENDERLOIN)","1kg","Pahang",222,27,10,38.00,38.00,0,0.00
"2024-04-01",1431,"DAGING LEMBU TEMPATAN (BAHAGIAN 1 DAGING PAHA (KECUALI BATANG PINANG - TENDERLOIN)","1kg","Pahang",193,28,10,39.00,39.00,0,0.00
"2024-05-01",1431,"DAGING LEMBU TEMPATAN (BAHAGIAN 1 DAGING PAHA (KECUALI BATANG PINANG - TENDERLOIN)","1kg","Pahang",196,29,9,39.00,39.00,0,0.00
"2024-06-01",1431,"DAGING LEMBU TEMPATAN (BAHAGIAN 1 DAGING PAHA (KECUALI BATANG PINANG - TENDERLOIN)","1kg","Pahang",161,28,9,39.00,39.00,0,0.00
"2024-07-01",1431,"DAGING LEMBU TEMPATAN (BAHAGIAN 1 DAGING PAHA (KECUALI BATANG PINANG - TENDERLOIN)","1kg","Pahang",159,27,9,39.00,39.00,0,0.00
"2024-08-01",1431,"DAGING LEMBU TEMPATAN (BAHAGIAN 1 DAGING PAHA (KECUALI BATANG PINANG - TENDERLOIN)","1kg","Pahang",171,25,9,39.00,39.00,0,0.00
"2024-09-01",1431,"DAGING LEMBU TEMPATAN (BAHAGIAN 1 DAGING PAHA (KECUALI BATANG PINANG - TENDERLOIN)","1kg","Pahang",201,29,9,38.00,38.00,0,0.00
"2024-10-01",1431,"DAGING LEMBU TEMPATAN (BAHAGIAN 1 DAGING PAHA (KECUALI BATANG PINANG - TENDERLOIN)","1kg","Pahang",212,30,9,38.00,38.00,0,0.00
"2024-11-01",1431,"DAGING LEMBU TEMPATAN (BAHAGIAN 1 DAGING PAHA (KECUALI BATANG PINANG - TENDERLOIN)","1kg","Pahang",179,28,9,38.00,38.00,0,0.00
"2024-12-01",1431,"DAGING LEMBU TEMPATAN (BAHAGIAN 1 DAGING PAHA (KECUALI BATANG PINANG - TENDERLOIN)","1kg","Pahang",192,30,9,38.00,38.00,0,0.00
"2025-01-01",1431,"DAGING LEMBU TEMPATAN (BAHAGIAN 1 DAGING PAHA (KECUALI BATANG PINANG - TENDERLOIN)","1kg","Pahang",186,29,9,38.00,38.00,0,0.00
"2025-02-01",1431,"DAGING LEMBU TEMPATAN (BAHAGIAN 1 DAGING PAHA (KECUALI BATANG PINANG - TENDERLOIN)","1kg","Pahang",167,26,9,38.00,38.00,0,0.00
"2025-03-01",1431,"DAGING LEMBU TEMPATAN (BAHAGIAN 1 DAGING PAHA (KECUALI BATANG PINANG - TENDERLOIN)","1kg","Pahang",213,29,9,38.00,38.00,0,0.00
"2025-04-01",1431,"DAGING LEMBU TEMPATAN (BAHAGIAN 1 DAGING PAHA (KECUALI BATANG PINANG - TENDERLOIN)","1kg","Pahang",177,28,9,38.00,38.00,0,0.00
"2025-05-01",1431,"DAGING LEMBU TEMPATAN (BAHAGIAN 1 DAGING PAHA (KECUALI BATANG PINANG - TENDERLOIN)","1kg","Pahang",199,28,9,38.00,38.00,0,0.00
"2025-06-01",1431,"DAGING LEMBU TEMPATAN (BAHAGIAN 1 DAGING PAHA (KECUALI BATANG PINANG - TENDERLOIN)","1kg","Pahang",105,25,9,38.00,38.00,0,0.00
"2025-07-01",1431,"DAGING LEMBU TEMPATAN (BAHAGIAN 1 DAGING PAHA (KECUALI BATANG PINANG - TENDERLOIN)","1kg","Pahang",101,19,8,38.00,38.00,0,0.00
"2025-08-01",1431,"DAGING LEMBU TEMPATAN (BAHAGIAN 1 DAGING PAHA (KECUALI BATANG PINANG - TENDERLOIN)","1kg","Pahang",27,5,7,38.00,38.00,0,0.00
"2025-09-01",1431,"DAGING LEMBU TEMPATAN (BAHAGIAN 1 DAGING PAHA (KECUALI BATANG PINANG - TENDERLOIN)","1kg","Pahang",23,4,8,38.00,38.00,0,0.00
"2025-10-01",1431,"DAGING LEMBU TEMPATAN (BAHAGIAN 1 DAGING PAHA (KECUALI BATANG PINANG - TENDERLOIN)","1kg","Pahang",23,4,8,38.00,38.00,0,0.00
"2025-11-01",1431,"DAGING LEMBU TEMPATAN (BAHAGIAN 1 DAGING PAHA (KECUALI BATANG PINANG - TENDERLOIN)","1kg","Pahang",22,4,6,38.00,38.00,0,0.00
"2025-12-01",1431,"DAGING LEMBU TEMPATAN (BAHAGIAN 1 DAGING PAHA (KECUALI BATANG PINANG - TENDERLOIN)","1kg","Pahang",20,4,5,38.00,38.00,0,0.00
"2023-01-01",1431,"DAGING LEMBU TEMPATAN (BAHAGIAN 1 DAGING PAHA (KECUALI BATANG PINANG - TENDERLOIN)","1kg","Perak",468,27,19,38.00,38.00,0,0.00
"2023-02-01",1431,"DAGING LEMBU TEMPATAN (BAHAGIAN 1 DAGING PAHA (KECUALI BATANG PINANG - TENDERLOIN)","1kg","Perak",443,25,20,38.00,38.00,0,0.00
"2023-03-01",1431,"DAGING LEMBU TEMPATAN (BAHAGIAN 1 DAGING PAHA (KECUALI BATANG PINANG - TENDERLOIN)","1kg","Perak",536,31,21,38.00,38.00,0,0.00
"2023-04-01",1431,"DAGING LEMBU TEMPATAN (BAHAGIAN 1 DAGING PAHA (KECUALI BATANG PINANG - TENDERLOIN)","1kg","Perak",430,25,22,38.00,38.00,0,0.00
"2023-05-01",1431,"DAGING LEMBU TEMPATAN (BAHAGIAN 1 DAGING PAHA (KECUALI BATANG PINANG - TENDERLOIN)","1kg","Perak",394,24,19,38.00,38.00,0,0.00
"2023-06-01",1431,"DAGING LEMBU TEMPATAN (BAHAGIAN 1 DAGING PAHA (KECUALI BATANG PINANG - TENDERLOIN)","1kg","Perak",448,28,19,38.00,38.00,0,0.00
"2023-07-01",1431,"DAGING LEMBU TEMPATAN (BAHAGIAN 1 DAGING PAHA (KECUALI BATANG PINANG - TENDERLOIN)","1kg","Perak",408,30,17,38.00,38.00,0,0.00
"2023-08-01",1431,"DAGING LEMBU TEMPATAN (BAHAGIAN 1 DAGING PAHA (KECUALI BATANG PINANG - TENDERLOIN)","1kg","Perak",437,29,19,38.00,38.00,0,0.00
"2023-09-01",1431,"DAGING LEMBU TEMPATAN (BAHAGIAN 1 DAGING PAHA (KECUALI BATANG PINANG - TENDERLOIN)","1kg","Perak",408,27,18,38.00,38.00,0,0.00
"2023-10-01",1431,"DAGING LEMBU TEMPATAN (BAHAGIAN 1 DAGING PAHA (KECUALI BATANG PINANG - TENDERLOIN)","1kg","Perak",453,30,18,38.00,38.00,0,0.00
"2023-11-01",1431,"DAGING LEMBU TEMPATAN (BAHAGIAN 1 DAGING PAHA (KECUALI BATANG PINANG - TENDERLOIN)","1kg","Perak",401,25,19,36.00,36.00,0,0.00
"2023-12-01",1431,"DAGING LEMBU TEMPATAN (BAHAGIAN 1 DAGING PAHA (KECUALI BATANG PINANG - TENDERLOIN)","1kg","Perak",391,24,18,36.00,36.00,0,0.00
"2024-01-01",1431,"DAGING LEMBU TEMPATAN (BAHAGIAN 1 DAGING PAHA (KECUALI BATANG PINANG - TENDERLOIN)","1kg","Perak",480,30,18,36.00,36.00,0,0.00
"2024-02-01",1431,"DAGING LEMBU TEMPATAN (BAHAGIAN 1 DAGING PAHA (KECUALI BATANG PINANG - TENDERLOIN)","1kg","Perak",418,26,19,36.00,36.00,0,0.00
"2024-03-01",1431,"DAGING LEMBU TEMPATAN (BAHAGIAN 1 DAGING PAHA (KECUALI BATANG PINANG - TENDERLOIN)","1kg","Perak",461,27,22,38.00,38.00,0,0.00
"2024-04-01",1431,"DAGING LEMBU TEMPATAN (BAHAGIAN 1 DAGING PAHA (KECUALI BATANG PINANG - TENDERLOIN)","1kg","Perak",488,28,24,36.00,36.00,0,0.00
"2024-05-01",1431,"DAGING LEMBU TEMPATAN (BAHAGIAN 1 DAGING PAHA (KECUALI BATANG PINANG - TENDERLOIN)","1kg","Perak",496,29,20,36.00,36.00,0,0.00
"2024-06-01",1431,"DAGING LEMBU TEMPATAN (BAHAGIAN 1 DAGING PAHA (KECUALI BATANG PINANG - TENDERLOIN)","1kg","Perak",403,28,20,36.00,36.00,0,0.00
"2024-07-01",1431,"DAGING LEMBU TEMPATAN (BAHAGIAN 1 DAGING PAHA (KECUALI BATANG PINANG - TENDERLOIN)","1kg","Perak",401,28,18,36.00,36.00,0,0.00
"2024-08-01",1431,"DAGING LEMBU TEMPATAN (BAHAGIAN 1 DAGING PAHA (KECUALI BATANG PINANG - TENDERLOIN)","1kg","Perak",382,25,18,37.00,37.00,0,0.00
"2024-09-01",1431,"DAGING LEMBU TEMPATAN (BAHAGIAN 1 DAGING PAHA (KECUALI BATANG PINANG - TENDERLOIN)","1kg","Perak",459,29,20,38.00,38.00,0,0.00
"2024-10-01",1431,"DAGING LEMBU TEMPATAN (BAHAGIAN 1 DAGING PAHA (KECUALI BATANG PINANG - TENDERLOIN)","1kg","Perak",502,30,20,36.00,36.00,0,0.00
"2024-11-01",1431,"DAGING LEMBU TEMPATAN (BAHAGIAN 1 DAGING PAHA (KECUALI BATANG PINANG - TENDERLOIN)","1kg","Perak",460,27,21,36.00,36.00,0,0.00
"2024-12-01",1431,"DAGING LEMBU TEMPATAN (BAHAGIAN 1 DAGING PAHA (KECUALI BATANG PINANG - TENDERLOIN)","1kg","Perak",528,30,20,36.00,36.00,0,0.00
"2025-01-01",1431,"DAGING LEMBU TEMPATAN (BAHAGIAN 1 DAGING PAHA (KECUALI BATANG PINANG - TENDERLOIN)","1kg","Perak",403,29,17,38.00,38.00,0,0.00
"2025-02-01",1431,"DAGING LEMBU TEMPATAN (BAHAGIAN 1 DAGING PAHA (KECUALI BATANG PINANG - TENDERLOIN)","1kg","Perak",378,25,21,36.00,36.00,0,0.00
"2025-03-01",1431,"DAGING LEMBU TEMPATAN (BAHAGIAN 1 DAGING PAHA (KECUALI BATANG PINANG - TENDERLOIN)","1kg","Perak",500,29,22,36.00,36.00,0,0.00
"2025-04-01",1431,"DAGING LEMBU TEMPATAN (BAHAGIAN 1 DAGING PAHA (KECUALI BATANG PINANG - TENDERLOIN)","1kg","Perak",452,28,20,36.00,36.00,0,0.00
"2025-05-01",1431,"DAGING LEMBU TEMPATAN (BAHAGIAN 1 DAGING PAHA (KECUALI BATANG PINANG - TENDERLOIN)","1kg","Perak",481,29,19,36.00,36.00,0,0.00
"2025-06-01",1431,"DAGING LEMBU TEMPATAN (BAHAGIAN 1 DAGING PAHA (KECUALI BATANG PINANG - TENDERLOIN)","1kg","Perak",338,26,18,36.00,36.00,0,0.00
"2025-07-01",1431,"DAGING LEMBU TEMPATAN (BAHAGIAN 1 DAGING PAHA (KECUALI BATANG PINANG - TENDERLOIN)","1kg","Perak",297,19,19,36.00,36.00,0,0.00
"2025-08-01",1431,"DAGING LEMBU TEMPATAN (BAHAGIAN 1 DAGING PAHA (KECUALI BATANG PINANG - TENDERLOIN)","1kg","Perak",65,5,17,36.00,36.00,0,0.00
"2025-09-01",1431,"DAGING LEMBU TEMPATAN (BAHAGIAN 1 DAGING PAHA (KECUALI BATANG PINANG - TENDERLOIN)","1kg","Perak",58,4,17,37.00,37.00,0,0.00
"2025-10-01",1431,"DAGING LEMBU TEMPATAN (BAHAGIAN 1 DAGING PAHA (KECUALI BATANG PINANG - TENDERLOIN)","1kg","Perak",52,4,15,36.00,36.00,0,0.00
"2025-11-01",1431,"DAGING LEMBU TEMPATAN (BAHAGIAN 1 DAGING PAHA (KECUALI BATANG PINANG - TENDERLOIN)","1kg","Perak",48,4,12,37.00,37.00,0,0.00
"2025-12-01",1431,"DAGING LEMBU TEMPATAN (BAHAGIAN 1 DAGING PAHA (KECUALI BATANG PINANG - TENDERLOIN)","1kg","Perak",50,4,14,36.00,36.00,0,0.00
"2023-01-01",1431,"DAGING LEMBU TEMPATAN (BAHAGIAN 1 DAGING PAHA (KECUALI BATANG PINANG - TENDERLOIN)","1kg","Perlis",73,28,5,39.00,39.00,0,0.00
"2023-02-01",1431,"DAGING LEMBU TEMPATAN (BAHAGIAN 1 DAGING PAHA (KECUALI BATANG PINANG - TENDERLOIN)","1kg","Perlis",82,26,5,39.00,39.00,0,0.00
"2023-03-01",1431,"DAGING LEMBU TEMPATAN (BAHAGIAN 1 DAGING PAHA (KECUALI BATANG PINANG - TENDERLOIN)","1kg","Perlis",106,31,5,39.00,39.00,0,0.00
"2023-04-01",1431,"DAGING LEMBU TEMPATAN (BAHAGIAN 1 DAGING PAHA (KECUALI BATANG PINANG - TENDERLOIN)","1kg","Perlis",82,25,6,39.00,39.00,0,0.00
"2023-05-01",1431,"DAGING LEMBU TEMPATAN (BAHAGIAN 1 DAGING PAHA (KECUALI BATANG PINANG - TENDERLOIN)","1kg","Perlis",63,23,5,39.00,39.00,0,0.00
"2023-06-01",1431,"DAGING LEMBU TEMPATAN (BAHAGIAN 1 DAGING PAHA (KECUALI BATANG PINANG - TENDERLOIN)","1kg","Perlis",67,27,4,38.00,38.00,0,0.00
"2023-07-01",1431,"DAGING LEMBU TEMPATAN (BAHAGIAN 1 DAGING PAHA (KECUALI BATANG PINANG - TENDERLOIN)","1kg","Perlis",37,29,3,39.00,39.00,0,0.00
"2023-08-01",1431,"DAGING LEMBU TEMPATAN (BAHAGIAN 1 DAGING PAHA (KECUALI BATANG PINANG - TENDERLOIN)","1kg","Perlis",54,29,3,39.00,39.00,0,0.00
"2023-09-01",1431,"DAGING LEMBU TEMPATAN (BAHAGIAN 1 DAGING PAHA (KECUALI BATANG PINANG - TENDERLOIN)","1kg","Perlis",57,27,4,39.00,39.00,0,0.00
"2023-10-01",1431,"DAGING LEMBU TEMPATAN (BAHAGIAN 1 DAGING PAHA (KECUALI BATANG PINANG - TENDERLOIN)","1kg","Perlis",45,30,3,39.00,39.00,0,0.00
"2023-11-01",1431,"DAGING LEMBU TEMPATAN (BAHAGIAN 1 DAGING PAHA (KECUALI BATANG PINANG - TENDERLOIN)","1kg","Perlis",38,26,2,39.00,39.00,0,0.00
"2023-12-01",1431,"DAGING LEMBU TEMPATAN (BAHAGIAN 1 DAGING PAHA (KECUALI BATANG PINANG - TENDERLOIN)","1kg","Perlis",32,24,2,39.00,39.00,0,0.00
"2024-01-01",1431,"DAGING LEMBU TEMPATAN (BAHAGIAN 1 DAGING PAHA (KECUALI BATANG PINANG - TENDERLOIN)","1kg","Perlis",57,31,3,39.00,39.00,0,0.00
"2024-02-01",1431,"DAGING LEMBU TEMPATAN (BAHAGIAN 1 DAGING PAHA (KECUALI BATANG PINANG - TENDERLOIN)","1kg","Perlis",48,25,3,36.50,36.50,0,0.00
"2024-03-01",1431,"DAGING LEMBU TEMPATAN (BAHAGIAN 1 DAGING PAHA (KECUALI BATANG PINANG - TENDERLOIN)","1kg","Perlis",75,27,4,35.00,35.00,0,0.00
"2024-04-01",1431,"DAGING LEMBU TEMPATAN (BAHAGIAN 1 DAGING PAHA (KECUALI BATANG PINANG - TENDERLOIN)","1kg","Perlis",68,28,4,35.00,35.00,0,0.00
"2024-05-01",1431,"DAGING LEMBU TEMPATAN (BAHAGIAN 1 DAGING PAHA (KECUALI BATANG PINANG - TENDERLOIN)","1kg","Perlis",62,28,3,35.00,35.00,0,0.00
"2024-06-01",1431,"DAGING LEMBU TEMPATAN (BAHAGIAN 1 DAGING PAHA (KECUALI BATANG PINANG - TENDERLOIN)","1kg","Perlis",46,26,4,35.00,35.00,0,0.00
"2024-07-01",1431,"DAGING LEMBU TEMPATAN (BAHAGIAN 1 DAGING PAHA (KECUALI BATANG PINANG - TENDERLOIN)","1kg","Perlis",47,28,2,35.00,35.00,0,0.00
"2024-08-01",1431,"DAGING LEMBU TEMPATAN (BAHAGIAN 1 DAGING PAHA (KECUALI BATANG PINANG - TENDERLOIN)","1kg","Perlis",49,25,3,35.00,35.00,0,0.00
"2024-09-01",1431,"DAGING LEMBU TEMPATAN (BAHAGIAN 1 DAGING PAHA (KECUALI BATANG PINANG - TENDERLOIN)","1kg","Perlis",64,29,3,35.00,35.00,0,0.00
"2024-10-01",1431,"DAGING LEMBU TEMPATAN (BAHAGIAN 1 DAGING PAHA (KECUALI BATANG PINANG - TENDERLOIN)","1kg","Perlis",71,30,3,33.00,33.00,0,0.00
"2024-11-01",1431,"DAGING LEMBU TEMPATAN (BAHAGIAN 1 DAGING PAHA (KECUALI BATANG PINANG - TENDERLOIN)","1kg","Perlis",62,28,3,30.00,30.00,0,0.00
"2024-12-01",1431,"DAGING LEMBU TEMPATAN (BAHAGIAN 1 DAGING PAHA (KECUALI BATANG PINANG - TENDERLOIN)","1kg","Perlis",64,30,3,28.00,28.00,0,0.00
"2025-01-01",1431,"DAGING LEMBU TEMPATAN (BAHAGIAN 1 DAGING PAHA (KECUALI BATANG PINANG - TENDERLOIN)","1kg","Perlis",63,28,4,27.00,27.00,0,0.00
"2025-02-01",1431,"DAGING LEMBU TEMPATAN (BAHAGIAN 1 DAGING PAHA (KECUALI BATANG PINANG - TENDERLOIN)","1kg","Perlis",60,26,4,27.00,27.00,0,0.00
"2025-03-01",1431,"DAGING LEMBU TEMPATAN (BAHAGIAN 1 DAGING PAHA (KECUALI BATANG PINANG - TENDERLOIN)","1kg","Perlis",113,29,5,30.00,30.00,0,0.00
"2025-04-01",1431,"DAGING LEMBU TEMPATAN (BAHAGIAN 1 DAGING PAHA (KECUALI BATANG PINANG - TENDERLOIN)","1kg","Perlis",55,27,4,30.00,30.00,0,0.00
"2025-05-01",1431,"DAGING LEMBU TEMPATAN (BAHAGIAN 1 DAGING PAHA (KECUALI BATANG PINANG - TENDERLOIN)","1kg","Perlis",56,28,4,30.00,30.00,0,0.00
"2025-06-01",1431,"DAGING LEMBU TEMPATAN (BAHAGIAN 1 DAGING PAHA (KECUALI BATANG PINANG - TENDERLOIN)","1kg","Perlis",43,24,4,30.00,30.00,0,0.00
"2025-07-01",1431,"DAGING LEMBU TEMPATAN (BAHAGIAN 1 DAGING PAHA (KECUALI BATANG PINANG - TENDERLOIN)","1kg","Perlis",41,19,5,30.00,30.00,0,0.00
"2025-08-01",1431,"DAGING LEMBU TEMPATAN (BAHAGIAN 1 DAGING PAHA (KECUALI BATANG PINANG - TENDERLOIN)","1kg","Perlis",7,5,3,30.00,30.00,0,0.00
"2025-09-01",1431,"DAGING LEMBU TEMPATAN (BAHAGIAN 1 DAGING PAHA (KECUALI BATANG PINANG - TENDERLOIN)","1kg","Perlis",5,4,2,28.00,28.00,0,0.00
"2025-10-01",1431,"DAGING LEMBU TEMPATAN (BAHAGIAN 1 DAGING PAHA (KECUALI BATANG PINANG - TENDERLOIN)","1kg","Perlis",5,4,2,28.00,28.00,0,0.00
"2025-11-01",1431,"DAGING LEMBU TEMPATAN (BAHAGIAN 1 DAGING PAHA (KECUALI BATANG PINANG - TENDERLOIN)","1kg","Perlis",4,4,1,28.00,28.00,0,0.00
"2025-12-01",1431,"DAGING LEMBU TEMPATAN (BAHAGIAN 1 DAGING PAHA (KECUALI BATANG PINANG - TENDERLOIN)","1kg","Perlis",6,4,2,28.00,28.00,0,0.00
"2023-01-01",1431,"DAGING LEMBU TEMPATAN (BAHAGIAN 1 DAGING PAHA (KECUALI BATANG PINANG - TENDERLOIN)","1kg","Pulau Pinang",395,27,15,40.00,40.00,0,0.00
"2023-02-01",1431,"DAGING LEMBU TEMPATAN (BAHAGIAN 1 DAGING PAHA (KECUALI BATANG PINANG - TENDERLOIN)","1kg","Pulau Pinang",379,25,16,40.00,40.00,0,0.00
"2023-03-01",1431,"DAGING LEMBU TEMPATAN (BAHAGIAN 1 DAGING PAHA (KECUALI BATANG PINANG - TENDERLOIN)","1kg","Pulau Pinang",458,31,15,40.00,40.00,0,0.00
"2023-04-01",1431,"DAGING LEMBU TEMPATAN (BAHAGIAN 1 DAGING PAHA (KECUALI BATANG PINANG - TENDERLOIN)","1kg","Pulau Pinang",419,25,18,40.00,40.00,0,0.00
"2023-05-01",1431,"DAGING LEMBU TEMPATAN (BAHAGIAN 1 DAGING PAHA (KECUALI BATANG PINANG - TENDERLOIN)","1kg","Pulau Pinang",398,24,18,40.00,40.00,0,0.00
"2023-06-01",1431,"DAGING LEMBU TEMPATAN (BAHAGIAN 1 DAGING PAHA (KECUALI BATANG PINANG - TENDERLOIN)","1kg","Pulau Pinang",464,28,17,40.00,40.00,0,0.00
"2023-07-01",1431,"DAGING LEMBU TEMPATAN (BAHAGIAN 1 DAGING PAHA (KECUALI BATANG PINANG - TENDERLOIN)","1kg","Pulau Pinang",409,28,17,40.00,40.00,0,0.00
"2023-08-01",1431,"DAGING LEMBU TEMPATAN (BAHAGIAN 1 DAGING PAHA (KECUALI BATANG PINANG - TENDERLOIN)","1kg","Pulau Pinang",463,28,17,40.00,40.00,0,0.00
"2023-09-01",1431,"DAGING LEMBU TEMPATAN (BAHAGIAN 1 DAGING PAHA (KECUALI BATANG PINANG - TENDERLOIN)","1kg","Pulau Pinang",449,27,17,40.00,40.00,0,0.00
"2023-10-01",1431,"DAGING LEMBU TEMPATAN (BAHAGIAN 1 DAGING PAHA (KECUALI BATANG PINANG - TENDERLOIN)","1kg","Pulau Pinang",503,30,18,40.00,40.00,0,0.00
"2023-11-01",1431,"DAGING LEMBU TEMPATAN (BAHAGIAN 1 DAGING PAHA (KECUALI BATANG PINANG - TENDERLOIN)","1kg","Pulau Pinang",436,26,17,40.00,40.00,0,0.00
"2023-12-01",1431,"DAGING LEMBU TEMPATAN (BAHAGIAN 1 DAGING PAHA (KECUALI BATANG PINANG - TENDERLOIN)","1kg","Pulau Pinang",407,24,18,40.00,40.00,0,0.00
"2024-01-01",1431,"DAGING LEMBU TEMPATAN (BAHAGIAN 1 DAGING PAHA (KECUALI BATANG PINANG - TENDERLOIN)","1kg","Pulau Pinang",521,30,18,40.00,40.00,0,0.00
"2024-02-01",1431,"DAGING LEMBU TEMPATAN (BAHAGIAN 1 DAGING PAHA (KECUALI BATANG PINANG - TENDERLOIN)","1kg","Pulau Pinang",435,26,18,40.00,40.00,0,0.00
"2024-03-01",1431,"DAGING LEMBU TEMPATAN (BAHAGIAN 1 DAGING PAHA (KECUALI BATANG PINANG - TENDERLOIN)","1kg","Pulau Pinang",452,27,18,40.00,40.00,0,0.00
"2024-04-01",1431,"DAGING LEMBU TEMPATAN (BAHAGIAN 1 DAGING PAHA (KECUALI BATANG PINANG - TENDERLOIN)","1kg","Pulau Pinang",488,28,20,40.00,40.00,0,0.00
"2024-05-01",1431,"DAGING LEMBU TEMPATAN (BAHAGIAN 1 DAGING PAHA (KECUALI BATANG PINANG - TENDERLOIN)","1kg","Pulau Pinang",512,29,19,40.00,40.00,0,0.00
"2024-06-01",1431,"DAGING LEMBU TEMPATAN (BAHAGIAN 1 DAGING PAHA (KECUALI BATANG PINANG - TENDERLOIN)","1kg","Pulau Pinang",432,28,19,40.00,40.00,0,0.00
"2024-07-01",1431,"DAGING LEMBU TEMPATAN (BAHAGIAN 1 DAGING PAHA (KECUALI BATANG PINANG - TENDERLOIN)","1kg","Pulau Pinang",485,27,21,40.00,40.00,0,0.00
"2024-08-01",1431,"DAGING LEMBU TEMPATAN (BAHAGIAN 1 DAGING PAHA (KECUALI BATANG PINANG - TENDERLOIN)","1kg","Pulau Pinang",428,25,20,40.00,40.00,0,0.00
"2024-09-01",1431,"DAGING LEMBU TEMPATAN (BAHAGIAN 1 DAGING PAHA (KECUALI BATANG PINANG - TENDERLOIN)","1kg","Pulau Pinang",475,29,18,40.00,40.00,0,0.00
"2024-10-01",1431,"DAGING LEMBU TEMPATAN (BAHAGIAN 1 DAGING PAHA (KECUALI BATANG PINANG - TENDERLOIN)","1kg","Pulau Pinang",505,30,18,40.00,40.00,0,0.00
"2024-11-01",1431,"DAGING LEMBU TEMPATAN (BAHAGIAN 1 DAGING PAHA (KECUALI BATANG PINANG - TENDERLOIN)","1kg","Pulau Pinang",469,28,18,40.00,40.00,0,0.00
"2024-12-01",1431,"DAGING LEMBU TEMPATAN (BAHAGIAN 1 DAGING PAHA (KECUALI BATANG PINANG - TENDERLOIN)","1kg","Pulau Pinang",512,30,18,40.00,40.00,0,0.00
"2025-01-01",1431,"DAGING LEMBU TEMPATAN (BAHAGIAN 1 DAGING PAHA (KECUALI BATANG PINANG - TENDERLOIN)","1kg","Pulau Pinang",474,29,19,40.00,40.00,0,0.00
"2025-02-01",1431,"DAGING LEMBU TEMPATAN (BAHAGIAN 1 DAGING PAHA (KECUALI BATANG PINANG - TENDERLOIN)","1kg","Pulau Pinang",407,25,18,40.00,40.00,0,0.00
"2025-03-01",1431,"DAGING LEMBU TEMPATAN (BAHAGIAN 1 DAGING PAHA (KECUALI BATANG PINANG - TENDERLOIN)","1kg","Pulau Pinang",476,29,18,39.00,39.00,0,0.00
"2025-04-01",1431,"DAGING LEMBU TEMPATAN (BAHAGIAN 1 DAGING PAHA (KECUALI BATANG PINANG - TENDERLOIN)","1kg","Pulau Pinang",433,28,17,39.00,39.00,0,0.00
"2025-05-01",1431,"DAGING LEMBU TEMPATAN (BAHAGIAN 1 DAGING PAHA (KECUALI BATANG PINANG - TENDERLOIN)","1kg","Pulau Pinang",462,29,17,39.00,39.00,0,0.00
"2025-06-01",1431,"DAGING LEMBU TEMPATAN (BAHAGIAN 1 DAGING PAHA (KECUALI BATANG PINANG - TENDERLOIN)","1kg","Pulau Pinang",337,26,17,39.00,39.00,0,0.00
"2025-07-01",1431,"DAGING LEMBU TEMPATAN (BAHAGIAN 1 DAGING PAHA (KECUALI BATANG PINANG - TENDERLOIN)","1kg","Pulau Pinang",260,17,17,39.00,39.00,0,0.00
"2025-08-01",1431,"DAGING LEMBU TEMPATAN (BAHAGIAN 1 DAGING PAHA (KECUALI BATANG PINANG - TENDERLOIN)","1kg","Pulau Pinang",81,5,17,39.00,39.00,0,0.00
"2025-09-01",1431,"DAGING LEMBU TEMPATAN (BAHAGIAN 1 DAGING PAHA (KECUALI BATANG PINANG - TENDERLOIN)","1kg","Pulau Pinang",57,4,16,39.00,39.00,0,0.00
"2025-10-01",1431,"DAGING LEMBU TEMPATAN (BAHAGIAN 1 DAGING PAHA (KECUALI BATANG PINANG - TENDERLOIN)","1kg","Pulau Pinang",61,4,17,38.00,38.00,0,0.00
"2025-11-01",1431,"DAGING LEMBU TEMPATAN (BAHAGIAN 1 DAGING PAHA (KECUALI BATANG PINANG - TENDERLOIN)","1kg","Pulau Pinang",61,4,16,38.00,38.00,0,0.00
"2025-12-01",1431,"DAGING LEMBU TEMPATAN (BAHAGIAN 1 DAGING PAHA (KECUALI BATANG PINANG - TENDERLOIN)","1kg","Pulau Pinang",59,4,15,38.00,38.00,0,0.00
"2023-01-01",1431,"DAGING LEMBU TEMPATAN (BAHAGIAN 1 DAGING PAHA (KECUALI BATANG PINANG - TENDERLOIN)","1kg","Sabah",60,27,4,30.00,30.00,0,0.00
"2023-02-01",1431,"DAGING LEMBU TEMPATAN (BAHAGIAN 1 DAGING PAHA (KECUALI BATANG PINANG - TENDERLOIN)","1kg","Sabah",60,27,4,30.00,30.00,0,0.00
"2023-03-01",1431,"DAGING LEMBU TEMPATAN (BAHAGIAN 1 DAGING PAHA (KECUALI BATANG PINANG - TENDERLOIN)","1kg","Sabah",74,31,4,30.00,30.00,0,0.00
"2023-04-01",1431,"DAGING LEMBU TEMPATAN (BAHAGIAN 1 DAGING PAHA (KECUALI BATANG PINANG - TENDERLOIN)","1kg","Sabah",46,25,3,25.00,25.00,0,0.00
"2023-05-01",1431,"DAGING LEMBU TEMPATAN (BAHAGIAN 1 DAGING PAHA (KECUALI BATANG PINANG - TENDERLOIN)","1kg","Sabah",55,22,4,33.00,33.00,0,0.00
"2023-06-01",1431,"DAGING LEMBU TEMPATAN (BAHAGIAN 1 DAGING PAHA (KECUALI BATANG PINANG - TENDERLOIN)","1kg","Sabah",76,28,3,33.00,33.00,0,0.00
"2023-07-01",1431,"DAGING LEMBU TEMPATAN (BAHAGIAN 1 DAGING PAHA (KECUALI BATANG PINANG - TENDERLOIN)","1kg","Sabah",72,30,3,33.00,33.00,0,0.00
"2023-08-01",1431,"DAGING LEMBU TEMPATAN (BAHAGIAN 1 DAGING PAHA (KECUALI BATANG PINANG - TENDERLOIN)","1kg","Sabah",85,29,3,33.00,33.00,0,0.00
"2023-09-01",1431,"DAGING LEMBU TEMPATAN (BAHAGIAN 1 DAGING PAHA (KECUALI BATANG PINANG - TENDERLOIN)","1kg","Sabah",77,27,3,33.00,33.00,0,0.00
"2023-10-01",1431,"DAGING LEMBU TEMPATAN (BAHAGIAN 1 DAGING PAHA (KECUALI BATANG PINANG - TENDERLOIN)","1kg","Sabah",80,29,3,35.00,35.00,0,0.00
"2023-11-01",1431,"DAGING LEMBU TEMPATAN (BAHAGIAN 1 DAGING PAHA (KECUALI BATANG PINANG - TENDERLOIN)","1kg","Sabah",76,26,3,35.00,35.00,0,0.00
"2023-12-01",1431,"DAGING LEMBU TEMPATAN (BAHAGIAN 1 DAGING PAHA (KECUALI BATANG PINANG - TENDERLOIN)","1kg","Sabah",63,22,3,35.00,35.00,0,0.00
"2024-01-01",1431,"DAGING LEMBU TEMPATAN (BAHAGIAN 1 DAGING PAHA (KECUALI BATANG PINANG - TENDERLOIN)","1kg","Sabah",87,31,3,35.00,35.00,0,0.00
"2024-02-01",1431,"DAGING LEMBU TEMPATAN (BAHAGIAN 1 DAGING PAHA (KECUALI BATANG PINANG - TENDERLOIN)","1kg","Sabah",75,26,3,35.00,35.00,0,0.00
"2024-03-01",1431,"DAGING LEMBU TEMPATAN (BAHAGIAN 1 DAGING PAHA (KECUALI BATANG PINANG - TENDERLOIN)","1kg","Sabah",78,27,3,35.00,35.00,0,0.00
"2024-04-01",1431,"DAGING LEMBU TEMPATAN (BAHAGIAN 1 DAGING PAHA (KECUALI BATANG PINANG - TENDERLOIN)","1kg","Sabah",80,28,3,35.00,35.00,0,0.00
"2024-05-01",1431,"DAGING LEMBU TEMPATAN (BAHAGIAN 1 DAGING PAHA (KECUALI BATANG PINANG - TENDERLOIN)","1kg","Sabah",88,27,4,35.00,35.00,0,0.00
"2024-06-01",1431,"DAGING LEMBU TEMPATAN (BAHAGIAN 1 DAGING PAHA (KECUALI BATANG PINANG - TENDERLOIN)","1kg","Sabah",81,28,3,35.00,35.00,0,0.00
"2024-07-01",1431,"DAGING LEMBU TEMPATAN (BAHAGIAN 1 DAGING PAHA (KECUALI BATANG PINANG - TENDERLOIN)","1kg","Sabah",81,28,3,35.00,35.00,0,0.00
"2024-08-01",1431,"DAGING LEMBU TEMPATAN (BAHAGIAN 1 DAGING PAHA (KECUALI BATANG PINANG - TENDERLOIN)","1kg","Sabah",73,25,3,35.00,35.00,0,0.00
"2024-09-01",1431,"DAGING LEMBU TEMPATAN (BAHAGIAN 1 DAGING PAHA (KECUALI BATANG PINANG - TENDERLOIN)","1kg","Sabah",84,29,3,35.00,35.00,0,0.00
"2024-10-01",1431,"DAGING LEMBU TEMPATAN (BAHAGIAN 1 DAGING PAHA (KECUALI BATANG PINANG - TENDERLOIN)","1kg","Sabah",81,29,3,35.00,35.00,0,0.00
"2024-11-01",1431,"DAGING LEMBU TEMPATAN (BAHAGIAN 1 DAGING PAHA (KECUALI BATANG PINANG - TENDERLOIN)","1kg","Sabah",77,28,3,35.00,35.00,0,0.00
"2024-12-01",1431,"DAGING LEMBU TEMPATAN (BAHAGIAN 1 DAGING PAHA (KECUALI BATANG PINANG - TENDERLOIN)","1kg","Sabah",66,29,3,37.00,37.00,0,0.00
"2025-01-01",1431,"DAGING LEMBU TEMPATAN (BAHAGIAN 1 DAGING PAHA (KECUALI BATANG PINANG - TENDERLOIN)","1kg","Sabah",85,29,3,37.00,37.00,0,0.00
"2025-02-01",1431,"DAGING LEMBU TEMPATAN (BAHAGIAN 1 DAGING PAHA (KECUALI BATANG PINANG - TENDERLOIN)","1kg","Sabah",71,26,3,37.00,37.00,0,0.00
"2025-03-01",1431,"DAGING LEMBU TEMPATAN (BAHAGIAN 1 DAGING PAHA (KECUALI BATANG PINANG - TENDERLOIN)","1kg","Sabah",86,30,3,37.00,37.00,0,0.00
"2025-04-01",1431,"DAGING LEMBU TEMPATAN (BAHAGIAN 1 DAGING PAHA (KECUALI BATANG PINANG - TENDERLOIN)","1kg","Sabah",71,26,3,37.00,37.00,0,0.00
"2025-05-01",1431,"DAGING LEMBU TEMPATAN (BAHAGIAN 1 DAGING PAHA (KECUALI BATANG PINANG - TENDERLOIN)","1kg","Sabah",79,27,3,37.00,37.00,0,0.00
"2025-06-01",1431,"DAGING LEMBU TEMPATAN (BAHAGIAN 1 DAGING PAHA (KECUALI BATANG PINANG - TENDERLOIN)","1kg","Sabah",74,26,3,37.00,37.00,0,0.00
"2025-07-01",1431,"DAGING LEMBU TEMPATAN (BAHAGIAN 1 DAGING PAHA (KECUALI BATANG PINANG - TENDERLOIN)","1kg","Sabah",53,19,3,37.00,37.00,0,0.00
"2025-08-01",1431,"DAGING LEMBU TEMPATAN (BAHAGIAN 1 DAGING PAHA (KECUALI BATANG PINANG - TENDERLOIN)","1kg","Sabah",10,5,2,31.00,31.00,0,0.00
"2025-09-01",1431,"DAGING LEMBU TEMPATAN (BAHAGIAN 1 DAGING PAHA (KECUALI BATANG PINANG - TENDERLOIN)","1kg","Sabah",6,4,2,37.00,37.00,0,0.00
"2025-10-01",1431,"DAGING LEMBU TEMPATAN (BAHAGIAN 1 DAGING PAHA (KECUALI BATANG PINANG - TENDERLOIN)","1kg","Sabah",8,4,2,31.00,31.00,0,0.00
"2025-11-01",1431,"DAGING LEMBU TEMPATAN (BAHAGIAN 1 DAGING PAHA (KECUALI BATANG PINANG - TENDERLOIN)","1kg","Sabah",8,4,2,31.00,31.00,0,0.00
"2025-12-01",1431,"DAGING LEMBU TEMPATAN (BAHAGIAN 1 DAGING PAHA (KECUALI BATANG PINANG - TENDERLOIN)","1kg","Sabah",8,4,2,31.00,31.00,0,0.00
"2023-01-01",1431,"DAGING LEMBU TEMPATAN (BAHAGIAN 1 DAGING PAHA (KECUALI BATANG PINANG - TENDERLOIN)","1kg","Sarawak",75,27,4,65.00,65.00,0,0.00
"2023-02-01",1431,"DAGING LEMBU TEMPATAN (BAHAGIAN 1 DAGING PAHA (KECUALI BATANG PINANG - TENDERLOIN)","1kg","Sarawak",96,27,4,65.00,65.00,0,0.00
"2023-03-01",1431,"DAGING LEMBU TEMPATAN (BAHAGIAN 1 DAGING PAHA (KECUALI BATANG PINANG - TENDERLOIN)","1kg","Sarawak",98,31,4,65.00,65.00,0,0.00
"2023-04-01",1431,"DAGING LEMBU TEMPATAN (BAHAGIAN 1 DAGING PAHA (KECUALI BATANG PINANG - TENDERLOIN)","1kg","Sarawak",78,25,4,64.00,64.00,0,0.00
"2023-05-01",1431,"DAGING LEMBU TEMPATAN (BAHAGIAN 1 DAGING PAHA (KECUALI BATANG PINANG - TENDERLOIN)","1kg","Sarawak",78,24,4,65.00,65.00,0,0.00
"2023-06-01",1431,"DAGING LEMBU TEMPATAN (BAHAGIAN 1 DAGING PAHA (KECUALI BATANG PINANG - TENDERLOIN)","1kg","Sarawak",87,26,4,66.00,66.00,0,0.00
"2023-07-01",1431,"DAGING LEMBU TEMPATAN (BAHAGIAN 1 DAGING PAHA (KECUALI BATANG PINANG - TENDERLOIN)","1kg","Sarawak",62,29,4,65.00,65.00,0,0.00
"2023-08-01",1431,"DAGING LEMBU TEMPATAN (BAHAGIAN 1 DAGING PAHA (KECUALI BATANG PINANG - TENDERLOIN)","1kg","Sarawak",100,29,5,65.00,65.00,0,0.00
"2023-09-01",1431,"DAGING LEMBU TEMPATAN (BAHAGIAN 1 DAGING PAHA (KECUALI BATANG PINANG - TENDERLOIN)","1kg","Sarawak",87,27,5,65.00,65.00,0,0.00
"2023-10-01",1431,"DAGING LEMBU TEMPATAN (BAHAGIAN 1 DAGING PAHA (KECUALI BATANG PINANG - TENDERLOIN)","1kg","Sarawak",62,29,3,65.00,65.00,0,0.00
"2023-11-01",1431,"DAGING LEMBU TEMPATAN (BAHAGIAN 1 DAGING PAHA (KECUALI BATANG PINANG - TENDERLOIN)","1kg","Sarawak",75,28,3,65.00,65.00,0,0.00
"2023-12-01",1431,"DAGING LEMBU TEMPATAN (BAHAGIAN 1 DAGING PAHA (KECUALI BATANG PINANG - TENDERLOIN)","1kg","Sarawak",71,24,3,65.00,65.00,0,0.00
"2024-01-01",1431,"DAGING LEMBU TEMPATAN (BAHAGIAN 1 DAGING PAHA (KECUALI BATANG PINANG - TENDERLOIN)","1kg","Sarawak",71,31,3,65.00,65.00,0,0.00
"2024-02-01",1431,"DAGING LEMBU TEMPATAN (BAHAGIAN 1 DAGING PAHA (KECUALI BATANG PINANG - TENDERLOIN)","1kg","Sarawak",48,26,2,65.00,65.00,0,0.00
"2024-03-01",1431,"DAGING LEMBU TEMPATAN (BAHAGIAN 1 DAGING PAHA (KECUALI BATANG PINANG - TENDERLOIN)","1kg","Sarawak",70,26,3,65.00,65.00,0,0.00
"2024-04-01",1431,"DAGING LEMBU TEMPATAN (BAHAGIAN 1 DAGING PAHA (KECUALI BATANG PINANG - TENDERLOIN)","1kg","Sarawak",48,27,3,72.90,72.90,0,0.00
"2024-05-01",1431,"DAGING LEMBU TEMPATAN (BAHAGIAN 1 DAGING PAHA (KECUALI BATANG PINANG - TENDERLOIN)","1kg","Sarawak",39,28,3,65.00,65.00,0,0.00
"2024-06-01",1431,"DAGING LEMBU TEMPATAN (BAHAGIAN 1 DAGING PAHA (KECUALI BATANG PINANG - TENDERLOIN)","1kg","Sarawak",24,21,2,65.00,65.00,0,0.00
"2024-07-01",1431,"DAGING LEMBU TEMPATAN (BAHAGIAN 1 DAGING PAHA (KECUALI BATANG PINANG - TENDERLOIN)","1kg","Sarawak",39,26,2,65.00,65.00,0,0.00
"2024-08-01",1431,"DAGING LEMBU TEMPATAN (BAHAGIAN 1 DAGING PAHA (KECUALI BATANG PINANG - TENDERLOIN)","1kg","Sarawak",30,25,2,65.00,65.00,0,0.00
"2024-09-01",1431,"DAGING LEMBU TEMPATAN (BAHAGIAN 1 DAGING PAHA (KECUALI BATANG PINANG - TENDERLOIN)","1kg","Sarawak",35,28,2,65.00,65.00,0,0.00
"2024-10-01",1431,"DAGING LEMBU TEMPATAN (BAHAGIAN 1 DAGING PAHA (KECUALI BATANG PINANG - TENDERLOIN)","1kg","Sarawak",33,28,2,65.00,65.00,0,0.00
"2024-11-01",1431,"DAGING LEMBU TEMPATAN (BAHAGIAN 1 DAGING PAHA (KECUALI BATANG PINANG - TENDERLOIN)","1kg","Sarawak",22,22,1,65.00,65.00,0,0.00
"2024-12-01",1431,"DAGING LEMBU TEMPATAN (BAHAGIAN 1 DAGING PAHA (KECUALI BATANG PINANG - TENDERLOIN)","1kg","Sarawak",27,27,1,65.00,65.00,0,0.00
"2025-01-01",1431,"DAGING LEMBU TEMPATAN (BAHAGIAN 1 DAGING PAHA (KECUALI BATANG PINANG - TENDERLOIN)","1kg","Sarawak",22,22,1,65.00,65.00,0,0.00
"2025-02-01",1431,"DAGING LEMBU TEMPATAN (BAHAGIAN 1 DAGING PAHA (KECUALI BATANG PINANG - TENDERLOIN)","1kg","Sarawak",18,18,1,65.00,65.00,0,0.00
"2025-03-01",1431,"DAGING LEMBU TEMPATAN (BAHAGIAN 1 DAGING PAHA (KECUALI BATANG PINANG - TENDERLOIN)","1kg","Sarawak",28,28,1,65.00,65.00,0,0.00
"2025-04-01",1431,"DAGING LEMBU TEMPATAN (BAHAGIAN 1 DAGING PAHA (KECUALI BATANG PINANG - TENDERLOIN)","1kg","Sarawak",19,19,1,65.00,65.00,0,0.00
"2025-05-01",1431,"DAGING LEMBU TEMPATAN (BAHAGIAN 1 DAGING PAHA (KECUALI BATANG PINANG - TENDERLOIN)","1kg","Sarawak",26,23,2,65.00,65.00,0,0.00
"2025-06-01",1431,"DAGING LEMBU TEMPATAN (BAHAGIAN 1 DAGING PAHA (KECUALI BATANG PINANG - TENDERLOIN)","1kg","Sarawak",13,11,2,52.00,52.00,0,0.00
"2025-07-01",1431,"DAGING LEMBU TEMPATAN (BAHAGIAN 1 DAGING PAHA (KECUALI BATANG PINANG - TENDERLOIN)","1kg","Sarawak",23,15,3,65.00,65.00,0,0.00
"2025-08-01",1431,"DAGING LEMBU TEMPATAN (BAHAGIAN 1 DAGING PAHA (KECUALI BATANG PINANG - TENDERLOIN)","1kg","Sarawak",1,1,1,65.00,65.00,0,0.00
"2025-09-01",1431,"DAGING LEMBU TEMPATAN (BAHAGIAN 1 DAGING PAHA (KECUALI BATANG PINANG - TENDERLOIN)","1kg","Sarawak",3,3,1,65.00,65.00,0,0.00
"2025-10-01",1431,"DAGING LEMBU TEMPATAN (BAHAGIAN 1 DAGING PAHA (KECUALI BATANG PINANG - TENDERLOIN)","1kg","Sarawak",3,3,1,65.00,65.00,0,0.00
"2025-11-01",1431,"DAGING LEMBU TEMPATAN (BAHAGIAN 1 DAGING PAHA (KECUALI BATANG PINANG - TENDERLOIN)","1kg","Sarawak",4,4,1,52.00,52.00,0,0.00
"2025-12-01",1431,"DAGING LEMBU TEMPATAN (BAHAGIAN 1 DAGING PAHA (KECUALI BATANG PINANG - TENDERLOIN)","1kg","Sarawak",4,3,2,64.50,64.50,0,0.00
"2023-01-01",1431,"DAGING LEMBU TEMPATAN (BAHAGIAN 1 DAGING PAHA (KECUALI BATANG PINANG - TENDERLOIN)","1kg","Selangor",281,27,13,40.00,40.00,0,0.00
"2023-02-01",1431,"DAGING LEMBU TEMPATAN (BAHAGIAN 1 DAGING PAHA (KECUALI BATANG PINANG - TENDERLOIN)","1kg","Selangor",294,25,14,39.00,39.00,0,0.00
"2023-03-01",1431,"DAGING LEMBU TEMPATAN (BAHAGIAN 1 DAGING PAHA (KECUALI BATANG PINANG - TENDERLOIN)","1kg","Selangor",393,31,18,39.00,39.00,0,0.00
"2023-04-01",1431,"DAGING LEMBU TEMPATAN (BAHAGIAN 1 DAGING PAHA (KECUALI BATANG PINANG - TENDERLOIN)","1kg","Selangor",316,25,18,40.00,40.00,0,0.00
"2023-05-01",1431,"DAGING LEMBU TEMPATAN (BAHAGIAN 1 DAGING PAHA (KECUALI BATANG PINANG - TENDERLOIN)","1kg","Selangor",275,24,15,40.00,40.00,0,0.00
"2023-06-01",1431,"DAGING LEMBU TEMPATAN (BAHAGIAN 1 DAGING PAHA (KECUALI BATANG PINANG - TENDERLOIN)","1kg","Selangor",345,28,15,40.00,40.00,0,0.00
"2023-07-01",1431,"DAGING LEMBU TEMPATAN (BAHAGIAN 1 DAGING PAHA (KECUALI BATANG PINANG - TENDERLOIN)","1kg","Selangor",259,30,15,40.00,40.00,0,0.00
"2023-08-01",1431,"DAGING LEMBU TEMPATAN (BAHAGIAN 1 DAGING PAHA (KECUALI BATANG PINANG - TENDERLOIN)","1kg","Selangor",294,27,14,38.00,38.00,0,0.00
"2023-09-01",1431,"DAGING LEMBU TEMPATAN (BAHAGIAN 1 DAGING PAHA (KECUALI BATANG PINANG - TENDERLOIN)","1kg","Selangor",291,27,15,39.00,39.00,0,0.00
"2023-10-01",1431,"DAGING LEMBU TEMPATAN (BAHAGIAN 1 DAGING PAHA (KECUALI BATANG PINANG - TENDERLOIN)","1kg","Selangor",299,30,13,40.00,40.00,0,0.00
"2023-11-01",1431,"DAGING LEMBU TEMPATAN (BAHAGIAN 1 DAGING PAHA (KECUALI BATANG PINANG - TENDERLOIN)","1kg","Selangor",295,26,13,39.00,39.00,0,0.00
"2023-12-01",1431,"DAGING LEMBU TEMPATAN (BAHAGIAN 1 DAGING PAHA (KECUALI BATANG PINANG - TENDERLOIN)","1kg","Selangor",240,23,13,40.00,40.00,0,0.00
"2024-01-01",1431,"DAGING LEMBU TEMPATAN (BAHAGIAN 1 DAGING PAHA (KECUALI BATANG PINANG - TENDERLOIN)","1kg","Selangor",300,30,13,39.00,39.00,0,0.00
"2024-02-01",1431,"DAGING LEMBU TEMPATAN (BAHAGIAN 1 DAGING PAHA (KECUALI BATANG PINANG - TENDERLOIN)","1kg","Selangor",293,26,13,39.00,39.00,0,0.00
"2024-03-01",1431,"DAGING LEMBU TEMPATAN (BAHAGIAN 1 DAGING PAHA (KECUALI BATANG PINANG - TENDERLOIN)","1kg","Selangor",317,27,15,40.00,40.00,0,0.00
"2024-04-01",1431,"DAGING LEMBU TEMPATAN (BAHAGIAN 1 DAGING PAHA (KECUALI BATANG PINANG - TENDERLOIN)","1kg","Selangor",342,28,15,39.00,39.00,0,0.00
"2024-05-01",1431,"DAGING LEMBU TEMPATAN (BAHAGIAN 1 DAGING PAHA (KECUALI BATANG PINANG - TENDERLOIN)","1kg","Selangor",329,29,14,40.00,40.00,0,0.00
"2024-06-01",1431,"DAGING LEMBU TEMPATAN (BAHAGIAN 1 DAGING PAHA (KECUALI BATANG PINANG - TENDERLOIN)","1kg","Selangor",258,28,14,40.00,40.00,0,0.00
"2024-07-01",1431,"DAGING LEMBU TEMPATAN (BAHAGIAN 1 DAGING PAHA (KECUALI BATANG PINANG - TENDERLOIN)","1kg","Selangor",281,28,15,39.00,39.00,0,0.00
"2024-08-01",1431,"DAGING LEMBU TEMPATAN (BAHAGIAN 1 DAGING PAHA (KECUALI BATANG PINANG - TENDERLOIN)","1kg","Selangor",302,25,14,39.00,39.00,0,0.00
"2024-09-01",1431,"DAGING LEMBU TEMPATAN (BAHAGIAN 1 DAGING PAHA (KECUALI BATANG PINANG - TENDERLOIN)","1kg","Selangor",338,29,15,39.00,39.00,0,0.00
"2024-10-01",1431,"DAGING LEMBU TEMPATAN (BAHAGIAN 1 DAGING PAHA (KECUALI BATANG PINANG - TENDERLOIN)","1kg","Selangor",369,30,15,39.00,39.00,0,0.00
"2024-11-01",1431,"DAGING LEMBU TEMPATAN (BAHAGIAN 1 DAGING PAHA (KECUALI BATANG PINANG - TENDERLOIN)","1kg","Selangor",360,28,15,39.00,39.00,0,0.00
"2024-12-01",1431,"DAGING LEMBU TEMPATAN (BAHAGIAN 1 DAGING PAHA (KECUALI BATANG PINANG - TENDERLOIN)","1kg","Selangor",358,29,15,39.50,39.50,0,0.00
"2025-01-01",1431,"DAGING LEMBU TEMPATAN (BAHAGIAN 1 DAGING PAHA (KECUALI BATANG PINANG - TENDERLOIN)","1kg","Selangor",375,29,16,39.00,39.00,0,0.00
"2025-02-01",1431,"DAGING LEMBU TEMPATAN (BAHAGIAN 1 DAGING PAHA (KECUALI BATANG PINANG - TENDERLOIN)","1kg","Selangor",314,25,17,39.00,39.00,0,0.00
"2025-03-01",1431,"DAGING LEMBU TEMPATAN (BAHAGIAN 1 DAGING PAHA (KECUALI BATANG PINANG - TENDERLOIN)","1kg","Selangor",364,29,16,39.00,39.00,0,0.00
"2025-04-01",1431,"DAGING LEMBU TEMPATAN (BAHAGIAN 1 DAGING PAHA (KECUALI BATANG PINANG - TENDERLOIN)","1kg","Selangor",308,28,17,39.00,39.00,0,0.00
"2025-05-01",1431,"DAGING LEMBU TEMPATAN (BAHAGIAN 1 DAGING PAHA (KECUALI BATANG PINANG - TENDERLOIN)","1kg","Selangor",365,29,14,39.00,39.00,0,0.00
"2025-06-01",1431,"DAGING LEMBU TEMPATAN (BAHAGIAN 1 DAGING PAHA (KECUALI BATANG PINANG - TENDERLOIN)","1kg","Selangor",263,26,15,38.00,38.00,0,0.00
"2025-07-01",1431,"DAGING LEMBU TEMPATAN (BAHAGIAN 1 DAGING PAHA (KECUALI BATANG PINANG - TENDERLOIN)","1kg","Selangor",207,19,15,38.00,38.00,0,0.00
"2025-08-01",1431,"DAGING LEMBU TEMPATAN (BAHAGIAN 1 DAGING PAHA (KECUALI BATANG PINANG - TENDERLOIN)","1kg","Selangor",45,5,12,38.00,38.00,0,0.00
"2025-09-01",1431,"DAGING LEMBU TEMPATAN (BAHAGIAN 1 DAGING PAHA (KECUALI BATANG PINANG - TENDERLOIN)","1kg","Selangor",39,4,12,38.00,38.00,0,0.00
"2025-10-01",1431,"DAGING LEMBU TEMPATAN (BAHAGIAN 1 DAGING PAHA (KECUALI BATANG PINANG - TENDERLOIN)","1kg","Selangor",36,4,11,38.00,38.00,0,0.00
"2025-11-01",1431,"DAGING LEMBU TEMPATAN (BAHAGIAN 1 DAGING PAHA (KECUALI BATANG PINANG - TENDERLOIN)","1kg","Selangor",34,4,10,38.00,38.00,0,0.00
"2025-12-01",1431,"DAGING LEMBU TEMPATAN (BAHAGIAN 1 DAGING PAHA (KECUALI BATANG PINANG - TENDERLOIN)","1kg","Selangor",30,4,8,38.00,38.00,0,0.00
"2023-01-01",1431,"DAGING LEMBU TEMPATAN (BAHAGIAN 1 DAGING PAHA (KECUALI BATANG PINANG - TENDERLOIN)","1kg","Terengganu",282,29,14,36.00,36.00,0,0.00
"2023-02-01",1431,"DAGING LEMBU TEMPATAN (BAHAGIAN 1 DAGING PAHA (KECUALI BATANG PINANG - TENDERLOIN)","1kg","Terengganu",226,25,16,36.00,36.00,0,0.00
"2023-03-01",1431,"DAGING LEMBU TEMPATAN (BAHAGIAN 1 DAGING PAHA (KECUALI BATANG PINANG - TENDERLOIN)","1kg","Terengganu",285,29,17,36.00,36.00,0,0.00
"2023-04-01",1431,"DAGING LEMBU TEMPATAN (BAHAGIAN 1 DAGING PAHA (KECUALI BATANG PINANG - TENDERLOIN)","1kg","Terengganu",274,24,18,36.00,36.00,0,0.00
"2023-05-01",1431,"DAGING LEMBU TEMPATAN (BAHAGIAN 1 DAGING PAHA (KECUALI BATANG PINANG - TENDERLOIN)","1kg","Terengganu",225,24,17,36.00,36.00,0,0.00
"2023-06-01",1431,"DAGING LEMBU TEMPATAN (BAHAGIAN 1 DAGING PAHA (KECUALI BATANG PINANG - TENDERLOIN)","1kg","Terengganu",220,26,15,36.00,36.00,0,0.00
"2023-07-01",1431,"DAGING LEMBU TEMPATAN (BAHAGIAN 1 DAGING PAHA (KECUALI BATANG PINANG - TENDERLOIN)","1kg","Terengganu",166,30,12,36.00,36.00,0,0.00
"2023-08-01",1431,"DAGING LEMBU TEMPATAN (BAHAGIAN 1 DAGING PAHA (KECUALI BATANG PINANG - TENDERLOIN)","1kg","Terengganu",200,27,14,36.00,36.00,0,0.00
"2023-09-01",1431,"DAGING LEMBU TEMPATAN (BAHAGIAN 1 DAGING PAHA (KECUALI BATANG PINANG - TENDERLOIN)","1kg","Terengganu",215,26,15,36.00,36.00,0,0.00
"2023-10-01",1431,"DAGING LEMBU TEMPATAN (BAHAGIAN 1 DAGING PAHA (KECUALI BATANG PINANG - TENDERLOIN)","1kg","Terengganu",271,30,15,36.00,36.00,0,0.00
"2023-11-01",1431,"DAGING LEMBU TEMPATAN (BAHAGIAN 1 DAGING PAHA (KECUALI BATANG PINANG - TENDERLOIN)","1kg","Terengganu",250,27,15,36.00,36.00,0,0.00
"2023-12-01",1431,"DAGING LEMBU TEMPATAN (BAHAGIAN 1 DAGING PAHA (KECUALI BATANG PINANG - TENDERLOIN)","1kg","Terengganu",222,24,15,36.00,36.00,0,0.00
"2024-01-01",1431,"DAGING LEMBU TEMPATAN (BAHAGIAN 1 DAGING PAHA (KECUALI BATANG PINANG - TENDERLOIN)","1kg","Terengganu",277,31,14,36.00,36.00,0,0.00
"2024-02-01",1431,"DAGING LEMBU TEMPATAN (BAHAGIAN 1 DAGING PAHA (KECUALI BATANG PINANG - TENDERLOIN)","1kg","Terengganu",200,25,15,36.00,36.00,0,0.00
"2024-03-01",1431,"DAGING LEMBU TEMPATAN (BAHAGIAN 1 DAGING PAHA (KECUALI BATANG PINANG - TENDERLOIN)","1kg","Terengganu",308,26,18,36.00,36.00,0,0.00
"2024-04-01",1431,"DAGING LEMBU TEMPATAN (BAHAGIAN 1 DAGING PAHA (KECUALI BATANG PINANG - TENDERLOIN)","1kg","Terengganu",293,27,20,36.00,36.00,0,0.00
"2024-05-01",1431,"DAGING LEMBU TEMPATAN (BAHAGIAN 1 DAGING PAHA (KECUALI BATANG PINANG - TENDERLOIN)","1kg","Terengganu",243,29,18,36.00,36.00,0,0.00
"2024-06-01",1431,"DAGING LEMBU TEMPATAN (BAHAGIAN 1 DAGING PAHA (KECUALI BATANG PINANG - TENDERLOIN)","1kg","Terengganu",182,26,17,36.00,36.00,0,0.00
"2024-07-01",1431,"DAGING LEMBU TEMPATAN (BAHAGIAN 1 DAGING PAHA (KECUALI BATANG PINANG - TENDERLOIN)","1kg","Terengganu",216,29,15,36.00,36.00,0,0.00
"2024-08-01",1431,"DAGING LEMBU TEMPATAN (BAHAGIAN 1 DAGING PAHA (KECUALI BATANG PINANG - TENDERLOIN)","1kg","Terengganu",212,25,17,36.00,36.00,0,0.00
"2024-09-01",1431,"DAGING LEMBU TEMPATAN (BAHAGIAN 1 DAGING PAHA (KECUALI BATANG PINANG - TENDERLOIN)","1kg","Terengganu",243,28,16,36.00,36.00,0,0.00
"2024-10-01",1431,"DAGING LEMBU TEMPATAN (BAHAGIAN 1 DAGING PAHA (KECUALI BATANG PINANG - TENDERLOIN)","1kg","Terengganu",278,30,16,36.00,36.00,0,0.00
"2024-11-01",1431,"DAGING LEMBU TEMPATAN (BAHAGIAN 1 DAGING PAHA (KECUALI BATANG PINANG - TENDERLOIN)","1kg","Terengganu",249,28,14,36.00,36.00,0,0.00
"2024-12-01",1431,"DAGING LEMBU TEMPATAN (BAHAGIAN 1 DAGING PAHA (KECUALI BATANG PINANG - TENDERLOIN)","1kg","Terengganu",251,30,14,36.00,36.00,0,0.00
"2025-01-01",1431,"DAGING LEMBU TEMPATAN (BAHAGIAN 1 DAGING PAHA (KECUALI BATANG PINANG - TENDERLOIN)","1kg","Terengganu",220,28,14,35.00,35.00,0,0.00
"2025-02-01",1431,"DAGING LEMBU TEMPATAN (BAHAGIAN 1 DAGING PAHA (KECUALI BATANG PINANG - TENDERLOIN)","1kg","Terengganu",196,26,15,32.00,32.00,0,0.00
"2025-03-01",1431,"DAGING LEMBU TEMPATAN (BAHAGIAN 1 DAGING PAHA (KECUALI BATANG PINANG - TENDERLOIN)","1kg","Terengganu",263,27,19,30.00,30.00,0,0.00
"2025-04-01",1431,"DAGING LEMBU TEMPATAN (BAHAGIAN 1 DAGING PAHA (KECUALI BATANG PINANG - TENDERLOIN)","1kg","Terengganu",230,27,16,30.00,30.00,0,0.00
"2025-05-01",1431,"DAGING LEMBU TEMPATAN (BAHAGIAN 1 DAGING PAHA (KECUALI BATANG PINANG - TENDERLOIN)","1kg","Terengganu",249,29,14,30.00,30.00,0,0.00
"2025-06-01",1431,"DAGING LEMBU TEMPATAN (BAHAGIAN 1 DAGING PAHA (KECUALI BATANG PINANG - TENDERLOIN)","1kg","Terengganu",136,23,13,30.00,30.00,0,0.00
"2025-07-01",1431,"DAGING LEMBU TEMPATAN (BAHAGIAN 1 DAGING PAHA (KECUALI BATANG PINANG - TENDERLOIN)","1kg","Terengganu",137,19,11,30.00,30.00,0,0.00
"2025-08-01",1431,"DAGING LEMBU TEMPATAN (BAHAGIAN 1 DAGING PAHA (KECUALI BATANG PINANG - TENDERLOIN)","1kg","Terengganu",32,5,9,30.00,30.00,0,0.00
"2025-09-01",1431,"DAGING LEMBU TEMPATAN (BAHAGIAN 1 DAGING PAHA (KECUALI BATANG PINANG - TENDERLOIN)","1kg","Terengganu",29,4,8,30.00,30.00,0,0.00
"2025-10-01",1431,"DAGING LEMBU TEMPATAN (BAHAGIAN 1 DAGING PAHA (KECUALI BATANG PINANG - TENDERLOIN)","1kg","Terengganu",24,4,7,30.00,30.00,0,0.00
"2025-11-01",1431,"DAGING LEMBU TEMPATAN (BAHAGIAN 1 DAGING PAHA (KECUALI BATANG PINANG - TENDERLOIN)","1kg","Terengganu",27,4,7,30.00,30.00,0,0.00
"2025-12-01",1431,"DAGING LEMBU TEMPATAN (BAHAGIAN 1 DAGING PAHA (KECUALI BATANG PINANG - TENDERLOIN)","1kg","Terengganu",29,4,8,30.00,30.00,0,0.00
"2023-01-01",1431,"DAGING LEMBU TEMPATAN (BAHAGIAN 1 DAGING PAHA (KECUALI BATANG PINANG - TENDERLOIN)","1kg","W.P. Kuala Lumpur",115,27,9,44.29,44.29,0,0.00
"2023-02-01",1431,"DAGING LEMBU TEMPATAN (BAHAGIAN 1 DAGING PAHA (KECUALI BATANG PINANG - TENDERLOIN)","1kg","W.P. Kuala Lumpur",78,24,5,44.29,44.29,0,0.00
"2023-03-01",1431,"DAGING LEMBU TEMPATAN (BAHAGIAN 1 DAGING PAHA (KECUALI BATANG PINANG - TENDERLOIN)","1kg","W.P. Kuala Lumpur",90,31,5,44.29,44.29,0,0.00
"2023-04-01",1431,"DAGING LEMBU TEMPATAN (BAHAGIAN 1 DAGING PAHA (KECUALI BATANG PINANG - TENDERLOIN)","1kg","W.P. Kuala Lumpur",104,25,7,41.00,41.00,0,0.00
"2023-05-01",1431,"DAGING LEMBU TEMPATAN (BAHAGIAN 1 DAGING PAHA (KECUALI BATANG PINANG - TENDERLOIN)","1kg","W.P. Kuala Lumpur",86,24,8,44.29,44.29,0,0.00
"2023-06-01",1431,"DAGING LEMBU TEMPATAN (BAHAGIAN 1 DAGING PAHA (KECUALI BATANG PINANG - TENDERLOIN)","1kg","W.P. Kuala Lumpur",121,28,9,57.90,57.90,0,0.00
"2023-07-01",1431,"DAGING LEMBU TEMPATAN (BAHAGIAN 1 DAGING PAHA (KECUALI BATANG PINANG - TENDERLOIN)","1kg","W.P. Kuala Lumpur",93,30,7,44.29,44.29,0,0.00
"2023-08-01",1431,"DAGING LEMBU TEMPATAN (BAHAGIAN 1 DAGING PAHA (KECUALI BATANG PINANG - TENDERLOIN)","1kg","W.P. Kuala Lumpur",89,29,6,44.29,44.29,0,0.00
"2023-09-01",1431,"DAGING LEMBU TEMPATAN (BAHAGIAN 1 DAGING PAHA (KECUALI BATANG PINANG - TENDERLOIN)","1kg","W.P. Kuala Lumpur",87,27,5,44.29,44.29,0,0.00
"2023-10-01",1431,"DAGING LEMBU TEMPATAN (BAHAGIAN 1 DAGING PAHA (KECUALI BATANG PINANG - TENDERLOIN)","1kg","W.P. Kuala Lumpur",79,30,6,44.29,44.29,0,0.00
"2023-11-01",1431,"DAGING LEMBU TEMPATAN (BAHAGIAN 1 DAGING PAHA (KECUALI BATANG PINANG - TENDERLOIN)","1kg","W.P. Kuala Lumpur",100,26,6,57.90,57.90,0,0.00
"2023-12-01",1431,"DAGING LEMBU TEMPATAN (BAHAGIAN 1 DAGING PAHA (KECUALI BATANG PINANG - TENDERLOIN)","1kg","W.P. Kuala Lumpur",77,24,6,44.29,44.29,0,0.00
"2024-01-01",1431,"DAGING LEMBU TEMPATAN (BAHAGIAN 1 DAGING PAHA (KECUALI BATANG PINANG - TENDERLOIN)","1kg","W.P. Kuala Lumpur",98,30,5,44.29,44.29,0,0.00
"2024-02-01",1431,"DAGING LEMBU TEMPATAN (BAHAGIAN 1 DAGING PAHA (KECUALI BATANG PINANG - TENDERLOIN)","1kg","W.P. Kuala Lumpur",83,25,6,44.29,44.29,0,0.00
"2024-03-01",1431,"DAGING LEMBU TEMPATAN (BAHAGIAN 1 DAGING PAHA (KECUALI BATANG PINANG - TENDERLOIN)","1kg","W.P. Kuala Lumpur",80,27,7,42.00,42.00,0,0.00
"2024-04-01",1431,"DAGING LEMBU TEMPATAN (BAHAGIAN 1 DAGING PAHA (KECUALI BATANG PINANG - TENDERLOIN)","1kg","W.P. Kuala Lumpur",70,28,6,40.00,40.00,0,0.00
"2024-05-01",1431,"DAGING LEMBU TEMPATAN (BAHAGIAN 1 DAGING PAHA (KECUALI BATANG PINANG - TENDERLOIN)","1kg","W.P. Kuala Lumpur",99,29,6,44.29,44.29,0,0.00
"2024-06-01",1431,"DAGING LEMBU TEMPATAN (BAHAGIAN 1 DAGING PAHA (KECUALI BATANG PINANG - TENDERLOIN)","1kg","W.P. Kuala Lumpur",92,28,7,44.29,44.29,0,0.00
"2024-07-01",1431,"DAGING LEMBU TEMPATAN (BAHAGIAN 1 DAGING PAHA (KECUALI BATANG PINANG - TENDERLOIN)","1kg","W.P. Kuala Lumpur",75,28,7,44.29,44.29,0,0.00
"2024-08-01",1431,"DAGING LEMBU TEMPATAN (BAHAGIAN 1 DAGING PAHA (KECUALI BATANG PINANG - TENDERLOIN)","1kg","W.P. Kuala Lumpur",80,25,6,45.00,45.00,0,0.00
"2024-09-01",1431,"DAGING LEMBU TEMPATAN (BAHAGIAN 1 DAGING PAHA (KECUALI BATANG PINANG - TENDERLOIN)","1kg","W.P. Kuala Lumpur",102,29,6,45.00,45.00,0,0.00
"2024-10-01",1431,"DAGING LEMBU TEMPATAN (BAHAGIAN 1 DAGING PAHA (KECUALI BATANG PINANG - TENDERLOIN)","1kg","W.P. Kuala Lumpur",115,30,6,45.00,45.00,0,0.00
"2024-11-01",1431,"DAGING LEMBU TEMPATAN (BAHAGIAN 1 DAGING PAHA (KECUALI BATANG PINANG - TENDERLOIN)","1kg","W.P. Kuala Lumpur",96,28,9,45.00,45.00,0,0.00
"2024-12-01",1431,"DAGING LEMBU TEMPATAN (BAHAGIAN 1 DAGING PAHA (KECUALI BATANG PINANG - TENDERLOIN)","1kg","W.P. Kuala Lumpur",100,30,5,45.00,45.00,0,0.00
"2025-01-01",1431,"DAGING LEMBU TEMPATAN (BAHAGIAN 1 DAGING PAHA (KECUALI BATANG PINANG - TENDERLOIN)","1kg","W.P. Kuala Lumpur",106,29,5,45.00,45.00,0,0.00
"2025-02-01",1431,"DAGING LEMBU TEMPATAN (BAHAGIAN 1 DAGING PAHA (KECUALI BATANG PINANG - TENDERLOIN)","1kg","W.P. Kuala Lumpur",93,24,10,45.00,45.00,0,0.00
"2025-03-01",1431,"DAGING LEMBU TEMPATAN (BAHAGIAN 1 DAGING PAHA (KECUALI BATANG PINANG - TENDERLOIN)","1kg","W.P. Kuala Lumpur",128,28,12,45.00,45.00,0,0.00
"2025-04-01",1431,"DAGING LEMBU TEMPATAN (BAHAGIAN 1 DAGING PAHA (KECUALI BATANG PINANG - TENDERLOIN)","1kg","W.P. Kuala Lumpur",65,25,7,40.00,40.00,0,0.00
"2025-05-01",1431,"DAGING LEMBU TEMPATAN (BAHAGIAN 1 DAGING PAHA (KECUALI BATANG PINANG - TENDERLOIN)","1kg","W.P. Kuala Lumpur",84,27,8,45.00,45.00,0,0.00
"2025-06-01",1431,"DAGING LEMBU TEMPATAN (BAHAGIAN 1 DAGING PAHA (KECUALI BATANG PINANG - TENDERLOIN)","1kg","W.P. Kuala Lumpur",91,25,11,45.00,45.00,0,0.00
"2025-07-01",1431,"DAGING LEMBU TEMPATAN (BAHAGIAN 1 DAGING PAHA (KECUALI BATANG PINANG - TENDERLOIN)","1kg","W.P. Kuala Lumpur",93,19,10,57.90,57.90,0,0.00
"2025-08-01",1431,"DAGING LEMBU TEMPATAN (BAHAGIAN 1 DAGING PAHA (KECUALI BATANG PINANG - TENDERLOIN)","1kg","W.P. Kuala Lumpur",9,4,4,57.90,57.90,0,0.00
"2025-09-01",1431,"DAGING LEMBU TEMPATAN (BAHAGIAN 1 DAGING PAHA (KECUALI BATANG PINANG - TENDERLOIN)","1kg","W.P. Kuala Lumpur",8,4,3,57.90,57.90,0,0.00
"2025-10-01",1431,"DAGING LEMBU TEMPATAN (BAHAGIAN 1 DAGING PAHA (KECUALI BATANG PINANG - TENDERLOIN)","1kg","W.P. Kuala Lumpur",1,1,1,45.00,45.00,0,0.00
"2023-01-01",1431,"DAGING LEMBU TEMPATAN (BAHAGIAN 1 DAGING PAHA (KECUALI BATANG PINANG - TENDERLOIN)","1kg","W.P. Putrajaya",17,17,1,39.00,39.00,0,0.00
"2023-02-01",1431,"DAGING LEMBU TEMPATAN (BAHAGIAN 1 DAGING PAHA (KECUALI BATANG PINANG - TENDERLOIN)","1kg","W.P. Putrajaya",24,20,2,39.00,39.00,0,0.00
"2023-03-01",1431,"DAGING LEMBU TEMPATAN (BAHAGIAN 1 DAGING PAHA (KECUALI BATANG PINANG - TENDERLOIN)","1kg","W.P. Putrajaya",16,16,1,39.00,39.00,0,0.00
"2023-04-01",1431,"DAGING LEMBU TEMPATAN (BAHAGIAN 1 DAGING PAHA (KECUALI BATANG PINANG - TENDERLOIN)","1kg","W.P. Putrajaya",9,9,1,41.00,41.00,0,0.00
"2023-05-01",1431,"DAGING LEMBU TEMPATAN (BAHAGIAN 1 DAGING PAHA (KECUALI BATANG PINANG - TENDERLOIN)","1kg","W.P. Putrajaya",24,21,2,41.00,41.00,0,0.00
"2023-06-01",1431,"DAGING LEMBU TEMPATAN (BAHAGIAN 1 DAGING PAHA (KECUALI BATANG PINANG - TENDERLOIN)","1kg","W.P. Putrajaya",8,8,1,43.00,43.00,0,0.00
"2023-07-01",1431,"DAGING LEMBU TEMPATAN (BAHAGIAN 1 DAGING PAHA (KECUALI BATANG PINANG - TENDERLOIN)","1kg","W.P. Putrajaya",9,9,2,41.00,41.00,0,0.00
"2023-08-01",1431,"DAGING LEMBU TEMPATAN (BAHAGIAN 1 DAGING PAHA (KECUALI BATANG PINANG - TENDERLOIN)","1kg","W.P. Putrajaya",1,1,1,41.00,41.00,0,0.00
"2023-09-01",1431,"DAGING LEMBU TEMPATAN (BAHAGIAN 1 DAGING PAHA (KECUALI BATANG PINANG - TENDERLOIN)","1kg","W.P. Putrajaya",7,7,1,45.00,45.00,0,0.00
"2023-10-01",1431,"DAGING LEMBU TEMPATAN (BAHAGIAN 1 DAGING PAHA (KECUALI BATANG PINANG - TENDERLOIN)","1kg","W.P. Putrajaya",28,20,2,48.00,48.00,0,0.00
"2023-11-01",1431,"DAGING LEMBU TEMPATAN (BAHAGIAN 1 DAGING PAHA (KECUALI BATANG PINANG - TENDERLOIN)","1kg","W.P. Putrajaya",14,14,1,41.00,41.00,0,0.00
"2023-12-01",1431,"DAGING LEMBU TEMPATAN (BAHAGIAN 1 DAGING PAHA (KECUALI BATANG PINANG - TENDERLOIN)","1kg","W.P. Putrajaya",32,23,2,41.00,41.00,0,0.00
"2024-01-01",1431,"DAGING LEMBU TEMPATAN (BAHAGIAN 1 DAGING PAHA (KECUALI BATANG PINANG - TENDERLOIN)","1kg","W.P. Putrajaya",42,30,2,45.00,45.00,0,0.00
"2024-02-01",1431,"DAGING LEMBU TEMPATAN (BAHAGIAN 1 DAGING PAHA (KECUALI BATANG PINANG - TENDERLOIN)","1kg","W.P. Putrajaya",38,25,2,45.00,45.00,0,0.00
"2024-03-01",1431,"DAGING LEMBU TEMPATAN (BAHAGIAN 1 DAGING PAHA (KECUALI BATANG PINANG - TENDERLOIN)","1kg","W.P. Putrajaya",49,27,2,41.00,41.00,0,0.00
"2024-04-01",1431,"DAGING LEMBU TEMPATAN (BAHAGIAN 1 DAGING PAHA (KECUALI BATANG PINANG - TENDERLOIN)","1kg","W.P. Putrajaya",49,26,3,41.00,41.00,0,0.00
"2024-05-01",1431,"DAGING LEMBU TEMPATAN (BAHAGIAN 1 DAGING PAHA (KECUALI BATANG PINANG - TENDERLOIN)","1kg","W.P. Putrajaya",36,25,2,45.00,45.00,0,0.00
"2024-06-01",1431,"DAGING LEMBU TEMPATAN (BAHAGIAN 1 DAGING PAHA (KECUALI BATANG PINANG - TENDERLOIN)","1kg","W.P. Putrajaya",22,21,2,45.00,45.00,0,0.00
"2024-07-01",1431,"DAGING LEMBU TEMPATAN (BAHAGIAN 1 DAGING PAHA (KECUALI BATANG PINANG - TENDERLOIN)","1kg","W.P. Putrajaya",32,25,3,45.00,45.00,0,0.00
"2024-08-01",1431,"DAGING LEMBU TEMPATAN (BAHAGIAN 1 DAGING PAHA (KECUALI BATANG PINANG - TENDERLOIN)","1kg","W.P. Putrajaya",42,25,2,41.00,41.00,0,0.00
"2024-09-01",1431,"DAGING LEMBU TEMPATAN (BAHAGIAN 1 DAGING PAHA (KECUALI BATANG PINANG - TENDERLOIN)","1kg","W.P. Putrajaya",50,29,2,45.00,45.00,0,0.00
"2024-10-01",1431,"DAGING LEMBU TEMPATAN (BAHAGIAN 1 DAGING PAHA (KECUALI BATANG PINANG - TENDERLOIN)","1kg","W.P. Putrajaya",52,30,2,45.00,45.00,0,0.00
"2024-11-01",1431,"DAGING LEMBU TEMPATAN (BAHAGIAN 1 DAGING PAHA (KECUALI BATANG PINANG - TENDERLOIN)","1kg","W.P. Putrajaya",27,19,2,45.00,45.00,0,0.00
"2024-12-01",1431,"DAGING LEMBU TEMPATAN (BAHAGIAN 1 DAGING PAHA (KECUALI BATANG PINANG - TENDERLOIN)","1kg","W.P. Putrajaya",9,9,2,41.00,41.00,0,0.00
"2025-01-01",1431,"DAGING LEMBU TEMPATAN (BAHAGIAN 1 DAGING PAHA (KECUALI BATANG PINANG - TENDERLOIN)","1kg","W.P. Putrajaya",19,19,1,41.00,41.00,0,0.00
"2025-02-01",1431,"DAGING LEMBU TEMPATAN (BAHAGIAN 1 DAGING PAHA (KECUALI BATANG PINANG - TENDERLOIN)","1kg","W.P. Putrajaya",13,13,1,41.00,41.00,0,0.00
"2025-03-01",1431,"DAGING LEMBU TEMPATAN (BAHAGIAN 1 DAGING PAHA (KECUALI BATANG PINANG - TENDERLOIN)","1kg","W.P. Putrajaya",31,29,2,41.00,41.00,0,0.00
"2025-04-01",1431,"DAGING LEMBU TEMPATAN (BAHAGIAN 1 DAGING PAHA (KECUALI BATANG PINANG - TENDERLOIN)","1kg","W.P. Putrajaya",16,15,3,41.00,41.00,0,0.00
"2025-05-01",1431,"DAGING LEMBU TEMPATAN (BAHAGIAN 1 DAGING PAHA (KECUALI BATANG PINANG - TENDERLOIN)","1kg","W.P. Putrajaya",16,16,2,41.00,41.00,0,0.00
"2025-06-01",1431,"DAGING LEMBU TEMPATAN (BAHAGIAN 1 DAGING PAHA (KECUALI BATANG PINANG - TENDERLOIN)","1kg","W.P. Putrajaya",15,15,1,41.00,41.00,0,0.00
"2025-07-01",1431,"DAGING LEMBU TEMPATAN (BAHAGIAN 1 DAGING PAHA (KECUALI BATANG PINANG - TENDERLOIN)","1kg","W.P. Putrajaya",28,17,3,57.90,57.90,0,0.00
"2025-08-01",1431,"DAGING LEMBU TEMPATAN (BAHAGIAN 1 DAGING PAHA (KECUALI BATANG PINANG - TENDERLOIN)","1kg","W.P. Putrajaya",5,5,1,41.00,41.00,0,0.00
"2025-09-01",1431,"DAGING LEMBU TEMPATAN (BAHAGIAN 1 DAGING PAHA (KECUALI BATANG PINANG - TENDERLOIN)","1kg","W.P. Putrajaya",4,4,1,47.00,47.00,0,0.00
"2025-10-01",1431,"DAGING LEMBU TEMPATAN (BAHAGIAN 1 DAGING PAHA (KECUALI BATANG PINANG - TENDERLOIN)","1kg","W.P. Putrajaya",8,4,2,40.50,40.50,0,0.00
"2025-11-01",1431,"DAGING LEMBU TEMPATAN (BAHAGIAN 1 DAGING PAHA (KECUALI BATANG PINANG - TENDERLOIN)","1kg","W.P. Putrajaya",6,3,2,40.50,40.50,0,0.00
"2023-01-01",1555,"UDANG PUTIH/VANNAMEI (TERNAK) (ANTARA 41 HINGGA 60 EKOR SEKILOGRAM)","1kg","Johor",1538,29,98,35.00,35.00,0,0.00
"2023-02-01",1555,"UDANG PUTIH/VANNAMEI (TERNAK) (ANTARA 41 HINGGA 60 EKOR SEKILOGRAM)","1kg","Johor",1493,26,96,35.99,35.99,0,0.00
"2023-03-01",1555,"UDANG PUTIH/VANNAMEI (TERNAK) (ANTARA 41 HINGGA 60 EKOR SEKILOGRAM)","1kg","Johor",1639,29,96,35.99,35.99,0,0.00
"2023-04-01",1555,"UDANG PUTIH/VANNAMEI (TERNAK) (ANTARA 41 HINGGA 60 EKOR SEKILOGRAM)","1kg","Johor",1452,26,92,36.00,36.00,0,0.00
"2023-05-01",1555,"UDANG PUTIH/VANNAMEI (TERNAK) (ANTARA 41 HINGGA 60 EKOR SEKILOGRAM)","1kg","Johor",1446,24,101,35.90,35.90,0,0.00
"2023-06-01",1555,"UDANG PUTIH/VANNAMEI (TERNAK) (ANTARA 41 HINGGA 60 EKOR SEKILOGRAM)","1kg","Johor",1736,28,99,34.90,34.90,0,0.00
"2023-07-01",1555,"UDANG PUTIH/VANNAMEI (TERNAK) (ANTARA 41 HINGGA 60 EKOR SEKILOGRAM)","1kg","Johor",1885,29,103,33.99,33.99,0,0.00
"2023-08-01",1555,"UDANG PUTIH/VANNAMEI (TERNAK) (ANTARA 41 HINGGA 60 EKOR SEKILOGRAM)","1kg","Johor",1827,28,103,33.00,33.00,2,0.00
"2023-09-01",1555,"UDANG PUTIH/VANNAMEI (TERNAK) (ANTARA 41 HINGGA 60 EKOR SEKILOGRAM)","1kg","Johor",1665,27,101,33.00,33.00,0,0.00
"2023-10-01",1555,"UDANG PUTIH/VANNAMEI (TERNAK) (ANTARA 41 HINGGA 60 EKOR SEKILOGRAM)","1kg","Johor",1796,30,101,33.00,33.00,0,0.00
"2023-11-01",1555,"UDANG PUTIH/VANNAMEI (TERNAK) (ANTARA 41 HINGGA 60 EKOR SEKILOGRAM)","1kg","Johor",1596,27,101,32.99,32.99,0,0.00
"2023-12-01",1555,"UDANG PUTIH/VANNAMEI (TERNAK) (ANTARA 41 HINGGA 60 EKOR SEKILOGRAM)","1kg","Johor",1480,23,102,33.25,33.25,0,0.00
"2024-01-01",1555,"UDANG PUTIH/VANNAMEI (TERNAK) (ANTARA 41 HINGGA 60 EKOR SEKILOGRAM)","1kg","Johor",1889,30,102,34.00,34.00,0,0.00
"2024-02-01",1555,"UDANG PUTIH/VANNAMEI (TERNAK) (ANTARA 41 HINGGA 60 EKOR SEKILOGRAM)","1kg","Johor",1802,27,125,34.90,34.90,0,0.00
"2024-03-01",1555,"UDANG PUTIH/VANNAMEI (TERNAK) (ANTARA 41 HINGGA 60 EKOR SEKILOGRAM)","1kg","Johor",1841,26,127,34.99,34.99,0,0.00
"2024-04-01",1555,"UDANG PUTIH/VANNAMEI (TERNAK) (ANTARA 41 HINGGA 60 EKOR SEKILOGRAM)","1kg","Johor",2019,28,125,34.99,34.99,0,0.00
"2024-05-01",1555,"UDANG PUTIH/VANNAMEI (TERNAK) (ANTARA 41 HINGGA 60 EKOR SEKILOGRAM)","1kg","Johor",2296,29,136,33.99,33.99,0,0.00
"2024-06-01",1555,"UDANG PUTIH/VANNAMEI (TERNAK) (ANTARA 41 HINGGA 60 EKOR SEKILOGRAM)","1kg","Johor",2211,28,133,32.49,32.49,0,0.00
"2024-07-01",1555,"UDANG PUTIH/VANNAMEI (TERNAK) (ANTARA 41 HINGGA 60 EKOR SEKILOGRAM)","1kg","Johor",2360,29,134,31.99,31.99,0,0.00
"2024-08-01",1555,"UDANG PUTIH/VANNAMEI (TERNAK) (ANTARA 41 HINGGA 60 EKOR SEKILOGRAM)","1kg","Johor",1901,24,133,32.99,32.99,0,0.00
"2024-09-01",1555,"UDANG PUTIH/VANNAMEI (TERNAK) (ANTARA 41 HINGGA 60 EKOR SEKILOGRAM)","1kg","Johor",2334,29,132,33.99,33.99,0,0.00
"2024-10-01",1555,"UDANG PUTIH/VANNAMEI (TERNAK) (ANTARA 41 HINGGA 60 EKOR SEKILOGRAM)","1kg","Johor",2386,30,134,34.00,34.00,0,0.00
"2024-11-01",1555,"UDANG PUTIH/VANNAMEI (TERNAK) (ANTARA 41 HINGGA 60 EKOR SEKILOGRAM)","1kg","Johor",2215,28,133,34.00,34.00,0,0.00
"2024-12-01",1555,"UDANG PUTIH/VANNAMEI (TERNAK) (ANTARA 41 HINGGA 60 EKOR SEKILOGRAM)","1kg","Johor",2327,30,132,33.99,33.99,0,0.00
"2025-01-01",1555,"UDANG PUTIH/VANNAMEI (TERNAK) (ANTARA 41 HINGGA 60 EKOR SEKILOGRAM)","1kg","Johor",2197,28,133,35.99,35.99,0,0.00
"2025-02-01",1555,"UDANG PUTIH/VANNAMEI (TERNAK) (ANTARA 41 HINGGA 60 EKOR SEKILOGRAM)","1kg","Johor",1855,25,134,36.00,36.00,0,0.00
"2025-03-01",1555,"UDANG PUTIH/VANNAMEI (TERNAK) (ANTARA 41 HINGGA 60 EKOR SEKILOGRAM)","1kg","Johor",2025,26,134,36.90,36.90,0,0.00
"2025-04-01",1555,"UDANG PUTIH/VANNAMEI (TERNAK) (ANTARA 41 HINGGA 60 EKOR SEKILOGRAM)","1kg","Johor",2003,27,131,35.99,35.99,0,0.00
"2025-05-01",1555,"UDANG PUTIH/VANNAMEI (TERNAK) (ANTARA 41 HINGGA 60 EKOR SEKILOGRAM)","1kg","Johor",2398,29,133,34.80,34.80,0,0.00
"2025-06-01",1555,"UDANG PUTIH/VANNAMEI (TERNAK) (ANTARA 41 HINGGA 60 EKOR SEKILOGRAM)","1kg","Johor",2132,26,133,33.75,33.75,0,0.00
"2025-07-01",1555,"UDANG PUTIH/VANNAMEI (TERNAK) (ANTARA 41 HINGGA 60 EKOR SEKILOGRAM)","1kg","Johor",2655,29,182,32.80,32.80,0,0.00
"2025-08-01",1555,"UDANG PUTIH/VANNAMEI (TERNAK) (ANTARA 41 HINGGA 60 EKOR SEKILOGRAM)","1kg","Johor",2823,30,164,32.99,32.99,0,0.00
"2025-09-01",1555,"UDANG PUTIH/VANNAMEI (TERNAK) (ANTARA 41 HINGGA 60 EKOR SEKILOGRAM)","1kg","Johor",2400,26,157,34.00,34.00,0,0.00
"2025-10-01",1555,"UDANG PUTIH/VANNAMEI (TERNAK) (ANTARA 41 HINGGA 60 EKOR SEKILOGRAM)","1kg","Johor",2758,30,159,33.99,33.99,0,0.00
"2025-11-01",1555,"UDANG PUTIH/VANNAMEI (TERNAK) (ANTARA 41 HINGGA 60 EKOR SEKILOGRAM)","1kg","Johor",2706,30,163,33.90,33.90,0,0.00
"2025-12-01",1555,"UDANG PUTIH/VANNAMEI (TERNAK) (ANTARA 41 HINGGA 60 EKOR SEKILOGRAM)","1kg","Johor",2674,29,158,34.99,34.99,0,0.00
"2023-01-01",1555,"UDANG PUTIH/VANNAMEI (TERNAK) (ANTARA 41 HINGGA 60 EKOR SEKILOGRAM)","1kg","Kedah",943,29,43,30.00,30.00,0,0.00
"2023-02-01",1555,"UDANG PUTIH/VANNAMEI (TERNAK) (ANTARA 41 HINGGA 60 EKOR SEKILOGRAM)","1kg","Kedah",835,25,45,30.00,30.00,0,0.00
"2023-03-01",1555,"UDANG PUTIH/VANNAMEI (TERNAK) (ANTARA 41 HINGGA 60 EKOR SEKILOGRAM)","1kg","Kedah",998,30,44,30.00,30.00,0,0.00
"2023-04-01",1555,"UDANG PUTIH/VANNAMEI (TERNAK) (ANTARA 41 HINGGA 60 EKOR SEKILOGRAM)","1kg","Kedah",852,26,44,30.00,30.00,0,0.00
"2023-05-01",1555,"UDANG PUTIH/VANNAMEI (TERNAK) (ANTARA 41 HINGGA 60 EKOR SEKILOGRAM)","1kg","Kedah",797,24,44,30.00,30.00,0,0.00
"2023-06-01",1555,"UDANG PUTIH/VANNAMEI (TERNAK) (ANTARA 41 HINGGA 60 EKOR SEKILOGRAM)","1kg","Kedah",886,26,43,29.99,29.99,0,0.00
"2023-07-01",1555,"UDANG PUTIH/VANNAMEI (TERNAK) (ANTARA 41 HINGGA 60 EKOR SEKILOGRAM)","1kg","Kedah",978,29,44,29.99,29.99,0,0.00
"2023-08-01",1555,"UDANG PUTIH/VANNAMEI (TERNAK) (ANTARA 41 HINGGA 60 EKOR SEKILOGRAM)","1kg","Kedah",932,27,44,29.00,29.00,0,0.00
"2023-09-01",1555,"UDANG PUTIH/VANNAMEI (TERNAK) (ANTARA 41 HINGGA 60 EKOR SEKILOGRAM)","1kg","Kedah",924,27,44,28.00,28.00,0,0.00
"2023-10-01",1555,"UDANG PUTIH/VANNAMEI (TERNAK) (ANTARA 41 HINGGA 60 EKOR SEKILOGRAM)","1kg","Kedah",1014,30,43,28.00,28.00,0,0.00
"2023-11-01",1555,"UDANG PUTIH/VANNAMEI (TERNAK) (ANTARA 41 HINGGA 60 EKOR SEKILOGRAM)","1kg","Kedah",924,27,44,28.00,28.00,0,0.00
"2023-12-01",1555,"UDANG PUTIH/VANNAMEI (TERNAK) (ANTARA 41 HINGGA 60 EKOR SEKILOGRAM)","1kg","Kedah",817,24,44,28.00,28.00,0,0.00
"2024-01-01",1555,"UDANG PUTIH/VANNAMEI (TERNAK) (ANTARA 41 HINGGA 60 EKOR SEKILOGRAM)","1kg","Kedah",997,30,43,28.00,28.00,0,0.00
"2024-02-01",1555,"UDANG PUTIH/VANNAMEI (TERNAK) (ANTARA 41 HINGGA 60 EKOR SEKILOGRAM)","1kg","Kedah",804,26,44,28.00,28.00,0,0.00
"2024-03-01",1555,"UDANG PUTIH/VANNAMEI (TERNAK) (ANTARA 41 HINGGA 60 EKOR SEKILOGRAM)","1kg","Kedah",840,27,44,28.99,28.99,0,0.00
"2024-04-01",1555,"UDANG PUTIH/VANNAMEI (TERNAK) (ANTARA 41 HINGGA 60 EKOR SEKILOGRAM)","1kg","Kedah",879,28,43,29.50,29.50,0,0.00
"2024-05-01",1555,"UDANG PUTIH/VANNAMEI (TERNAK) (ANTARA 41 HINGGA 60 EKOR SEKILOGRAM)","1kg","Kedah",983,29,43,28.80,28.80,0,0.00
"2024-06-01",1555,"UDANG PUTIH/VANNAMEI (TERNAK) (ANTARA 41 HINGGA 60 EKOR SEKILOGRAM)","1kg","Kedah",956,26,50,28.00,28.00,0,0.00
"2024-07-01",1555,"UDANG PUTIH/VANNAMEI (TERNAK) (ANTARA 41 HINGGA 60 EKOR SEKILOGRAM)","1kg","Kedah",1017,29,49,28.00,28.00,0,0.00
"2024-08-01",1555,"UDANG PUTIH/VANNAMEI (TERNAK) (ANTARA 41 HINGGA 60 EKOR SEKILOGRAM)","1kg","Kedah",847,25,49,28.00,28.00,0,0.00
"2024-09-01",1555,"UDANG PUTIH/VANNAMEI (TERNAK) (ANTARA 41 HINGGA 60 EKOR SEKILOGRAM)","1kg","Kedah",957,29,49,29.00,29.00,0,0.00
"2024-10-01",1555,"UDANG PUTIH/VANNAMEI (TERNAK) (ANTARA 41 HINGGA 60 EKOR SEKILOGRAM)","1kg","Kedah",1067,30,49,28.90,28.90,0,0.00
"2024-11-01",1555,"UDANG PUTIH/VANNAMEI (TERNAK) (ANTARA 41 HINGGA 60 EKOR SEKILOGRAM)","1kg","Kedah",913,28,47,29.50,29.50,0,0.00
"2024-12-01",1555,"UDANG PUTIH/VANNAMEI (TERNAK) (ANTARA 41 HINGGA 60 EKOR SEKILOGRAM)","1kg","Kedah",1012,30,50,29.99,29.99,0,0.00
"2025-01-01",1555,"UDANG PUTIH/VANNAMEI (TERNAK) (ANTARA 41 HINGGA 60 EKOR SEKILOGRAM)","1kg","Kedah",925,28,49,28.90,28.90,0,0.00
"2025-02-01",1555,"UDANG PUTIH/VANNAMEI (TERNAK) (ANTARA 41 HINGGA 60 EKOR SEKILOGRAM)","1kg","Kedah",706,25,48,30.00,30.00,0,0.00
"2025-03-01",1555,"UDANG PUTIH/VANNAMEI (TERNAK) (ANTARA 41 HINGGA 60 EKOR SEKILOGRAM)","1kg","Kedah",772,28,48,30.99,30.99,0,0.00
"2025-04-01",1555,"UDANG PUTIH/VANNAMEI (TERNAK) (ANTARA 41 HINGGA 60 EKOR SEKILOGRAM)","1kg","Kedah",843,28,47,30.00,30.00,0,0.00
"2025-05-01",1555,"UDANG PUTIH/VANNAMEI (TERNAK) (ANTARA 41 HINGGA 60 EKOR SEKILOGRAM)","1kg","Kedah",1000,29,49,29.50,29.50,0,0.00
"2025-06-01",1555,"UDANG PUTIH/VANNAMEI (TERNAK) (ANTARA 41 HINGGA 60 EKOR SEKILOGRAM)","1kg","Kedah",748,23,50,28.99,28.99,0,0.00
"2025-07-01",1555,"UDANG PUTIH/VANNAMEI (TERNAK) (ANTARA 41 HINGGA 60 EKOR SEKILOGRAM)","1kg","Kedah",1116,30,61,28.00,28.00,0,0.00
"2025-08-01",1555,"UDANG PUTIH/VANNAMEI (TERNAK) (ANTARA 41 HINGGA 60 EKOR SEKILOGRAM)","1kg","Kedah",1166,30,59,29.00,29.00,0,0.00
"2025-09-01",1555,"UDANG PUTIH/VANNAMEI (TERNAK) (ANTARA 41 HINGGA 60 EKOR SEKILOGRAM)","1kg","Kedah",994,26,59,29.99,29.99,0,0.00
"2025-10-01",1555,"UDANG PUTIH/VANNAMEI (TERNAK) (ANTARA 41 HINGGA 60 EKOR SEKILOGRAM)","1kg","Kedah",1233,30,58,29.90,29.90,0,0.00
"2025-11-01",1555,"UDANG PUTIH/VANNAMEI (TERNAK) (ANTARA 41 HINGGA 60 EKOR SEKILOGRAM)","1kg","Kedah",1224,29,60,29.90,29.90,0,0.00
"2025-12-01",1555,"UDANG PUTIH/VANNAMEI (TERNAK) (ANTARA 41 HINGGA 60 EKOR SEKILOGRAM)","1kg","Kedah",1236,30,59,30.00,30.00,0,0.00
"2023-01-01",1555,"UDANG PUTIH/VANNAMEI (TERNAK) (ANTARA 41 HINGGA 60 EKOR SEKILOGRAM)","1kg","Kelantan",1418,29,67,34.00,34.00,0,0.00
"2023-02-01",1555,"UDANG PUTIH/VANNAMEI (TERNAK) (ANTARA 41 HINGGA 60 EKOR SEKILOGRAM)","1kg","Kelantan",1330,27,68,34.00,34.00,0,0.00
"2023-03-01",1555,"UDANG PUTIH/VANNAMEI (TERNAK) (ANTARA 41 HINGGA 60 EKOR SEKILOGRAM)","1kg","Kelantan",1608,31,73,34.99,34.99,0,0.00
"2023-04-01",1555,"UDANG PUTIH/VANNAMEI (TERNAK) (ANTARA 41 HINGGA 60 EKOR SEKILOGRAM)","1kg","Kelantan",1206,23,72,34.90,34.90,0,0.00
"2023-05-01",1555,"UDANG PUTIH/VANNAMEI (TERNAK) (ANTARA 41 HINGGA 60 EKOR SEKILOGRAM)","1kg","Kelantan",1318,24,74,33.00,33.00,0,0.00
"2023-06-01",1555,"UDANG PUTIH/VANNAMEI (TERNAK) (ANTARA 41 HINGGA 60 EKOR SEKILOGRAM)","1kg","Kelantan",1475,26,73,32.00,32.00,0,0.00
"2023-07-01",1555,"UDANG PUTIH/VANNAMEI (TERNAK) (ANTARA 41 HINGGA 60 EKOR SEKILOGRAM)","1kg","Kelantan",1649,30,72,32.90,32.90,0,0.00
"2023-08-01",1555,"UDANG PUTIH/VANNAMEI (TERNAK) (ANTARA 41 HINGGA 60 EKOR SEKILOGRAM)","1kg","Kelantan",1543,27,73,32.00,32.00,0,0.00
"2023-09-01",1555,"UDANG PUTIH/VANNAMEI (TERNAK) (ANTARA 41 HINGGA 60 EKOR SEKILOGRAM)","1kg","Kelantan",1341,24,71,32.00,32.00,0,0.00
"2023-10-01",1555,"UDANG PUTIH/VANNAMEI (TERNAK) (ANTARA 41 HINGGA 60 EKOR SEKILOGRAM)","1kg","Kelantan",1591,29,70,32.00,32.00,0,0.00
"2023-11-01",1555,"UDANG PUTIH/VANNAMEI (TERNAK) (ANTARA 41 HINGGA 60 EKOR SEKILOGRAM)","1kg","Kelantan",1506,27,72,32.00,32.00,0,0.00
"2023-12-01",1555,"UDANG PUTIH/VANNAMEI (TERNAK) (ANTARA 41 HINGGA 60 EKOR SEKILOGRAM)","1kg","Kelantan",1343,24,71,32.00,32.00,0,0.00
"2024-01-01",1555,"UDANG PUTIH/VANNAMEI (TERNAK) (ANTARA 41 HINGGA 60 EKOR SEKILOGRAM)","1kg","Kelantan",1654,31,71,32.00,32.00,0,0.00
"2024-02-01",1555,"UDANG PUTIH/VANNAMEI (TERNAK) (ANTARA 41 HINGGA 60 EKOR SEKILOGRAM)","1kg","Kelantan",1447,26,72,32.88,32.88,0,0.00
"2024-03-01",1555,"UDANG PUTIH/VANNAMEI (TERNAK) (ANTARA 41 HINGGA 60 EKOR SEKILOGRAM)","1kg","Kelantan",1445,27,73,32.90,32.90,0,0.00
"2024-04-01",1555,"UDANG PUTIH/VANNAMEI (TERNAK) (ANTARA 41 HINGGA 60 EKOR SEKILOGRAM)","1kg","Kelantan",1489,27,72,32.90,32.90,0,0.00
"2024-05-01",1555,"UDANG PUTIH/VANNAMEI (TERNAK) (ANTARA 41 HINGGA 60 EKOR SEKILOGRAM)","1kg","Kelantan",1602,29,68,31.00,31.00,0,0.00
"2024-06-01",1555,"UDANG PUTIH/VANNAMEI (TERNAK) (ANTARA 41 HINGGA 60 EKOR SEKILOGRAM)","1kg","Kelantan",1397,26,68,31.00,31.00,0,0.00
"2024-07-01",1555,"UDANG PUTIH/VANNAMEI (TERNAK) (ANTARA 41 HINGGA 60 EKOR SEKILOGRAM)","1kg","Kelantan",1584,29,70,30.00,30.00,0,0.00
"2024-08-01",1555,"UDANG PUTIH/VANNAMEI (TERNAK) (ANTARA 41 HINGGA 60 EKOR SEKILOGRAM)","1kg","Kelantan",1316,25,73,30.90,30.90,0,0.00
"2024-09-01",1555,"UDANG PUTIH/VANNAMEI (TERNAK) (ANTARA 41 HINGGA 60 EKOR SEKILOGRAM)","1kg","Kelantan",1407,26,73,32.99,32.99,0,0.00
"2024-10-01",1555,"UDANG PUTIH/VANNAMEI (TERNAK) (ANTARA 41 HINGGA 60 EKOR SEKILOGRAM)","1kg","Kelantan",1597,30,71,32.00,32.00,0,0.00
"2024-11-01",1555,"UDANG PUTIH/VANNAMEI (TERNAK) (ANTARA 41 HINGGA 60 EKOR SEKILOGRAM)","1kg","Kelantan",1354,28,70,32.99,32.99,0,0.00
"2024-12-01",1555,"UDANG PUTIH/VANNAMEI (TERNAK) (ANTARA 41 HINGGA 60 EKOR SEKILOGRAM)","1kg","Kelantan",1426,30,72,32.99,32.99,0,0.00
"2025-01-01",1555,"UDANG PUTIH/VANNAMEI (TERNAK) (ANTARA 41 HINGGA 60 EKOR SEKILOGRAM)","1kg","Kelantan",1543,29,73,33.99,33.99,0,0.00
"2025-02-01",1555,"UDANG PUTIH/VANNAMEI (TERNAK) (ANTARA 41 HINGGA 60 EKOR SEKILOGRAM)","1kg","Kelantan",1314,26,73,34.99,34.99,0,0.00
"2025-03-01",1555,"UDANG PUTIH/VANNAMEI (TERNAK) (ANTARA 41 HINGGA 60 EKOR SEKILOGRAM)","1kg","Kelantan",1513,28,75,35.00,35.00,0,0.00
"2025-04-01",1555,"UDANG PUTIH/VANNAMEI (TERNAK) (ANTARA 41 HINGGA 60 EKOR SEKILOGRAM)","1kg","Kelantan",1488,28,71,34.00,34.00,0,0.00
"2025-05-01",1555,"UDANG PUTIH/VANNAMEI (TERNAK) (ANTARA 41 HINGGA 60 EKOR SEKILOGRAM)","1kg","Kelantan",1667,29,73,32.00,32.00,0,0.00
"2025-06-01",1555,"UDANG PUTIH/VANNAMEI (TERNAK) (ANTARA 41 HINGGA 60 EKOR SEKILOGRAM)","1kg","Kelantan",1380,24,75,30.99,30.99,0,0.00
"2025-07-01",1555,"UDANG PUTIH/VANNAMEI (TERNAK) (ANTARA 41 HINGGA 60 EKOR SEKILOGRAM)","1kg","Kelantan",1826,30,84,31.99,31.99,0,0.00
"2025-08-01",1555,"UDANG PUTIH/VANNAMEI (TERNAK) (ANTARA 41 HINGGA 60 EKOR SEKILOGRAM)","1kg","Kelantan",1915,30,84,32.90,32.90,0,0.00
"2025-09-01",1555,"UDANG PUTIH/VANNAMEI (TERNAK) (ANTARA 41 HINGGA 60 EKOR SEKILOGRAM)","1kg","Kelantan",1568,25,84,32.90,32.90,0,0.00
"2025-10-01",1555,"UDANG PUTIH/VANNAMEI (TERNAK) (ANTARA 41 HINGGA 60 EKOR SEKILOGRAM)","1kg","Kelantan",1901,30,83,32.00,32.00,0,0.00
"2025-11-01",1555,"UDANG PUTIH/VANNAMEI (TERNAK) (ANTARA 41 HINGGA 60 EKOR SEKILOGRAM)","1kg","Kelantan",1827,29,83,32.00,32.00,0,0.00
"2025-12-01",1555,"UDANG PUTIH/VANNAMEI (TERNAK) (ANTARA 41 HINGGA 60 EKOR SEKILOGRAM)","1kg","Kelantan",1890,30,85,32.99,32.99,0,0.00
"2023-01-01",1555,"UDANG PUTIH/VANNAMEI (TERNAK) (ANTARA 41 HINGGA 60 EKOR SEKILOGRAM)","1kg","Melaka",370,27,20,35.90,35.90,0,0.00
"2023-02-01",1555,"UDANG PUTIH/VANNAMEI (TERNAK) (ANTARA 41 HINGGA 60 EKOR SEKILOGRAM)","1kg","Melaka",373,27,21,36.00,36.00,0,0.00
"2023-03-01",1555,"UDANG PUTIH/VANNAMEI (TERNAK) (ANTARA 41 HINGGA 60 EKOR SEKILOGRAM)","1kg","Melaka",413,30,20,36.00,36.00,0,0.00
"2023-04-01",1555,"UDANG PUTIH/VANNAMEI (TERNAK) (ANTARA 41 HINGGA 60 EKOR SEKILOGRAM)","1kg","Melaka",379,25,21,37.00,37.00,0,0.00
"2023-05-01",1555,"UDANG PUTIH/VANNAMEI (TERNAK) (ANTARA 41 HINGGA 60 EKOR SEKILOGRAM)","1kg","Melaka",373,24,19,35.99,35.99,0,0.00
"2023-06-01",1555,"UDANG PUTIH/VANNAMEI (TERNAK) (ANTARA 41 HINGGA 60 EKOR SEKILOGRAM)","1kg","Melaka",421,28,20,33.90,33.90,0,0.00
"2023-07-01",1555,"UDANG PUTIH/VANNAMEI (TERNAK) (ANTARA 41 HINGGA 60 EKOR SEKILOGRAM)","1kg","Melaka",449,30,19,33.99,33.99,0,0.00
"2023-08-01",1555,"UDANG PUTIH/VANNAMEI (TERNAK) (ANTARA 41 HINGGA 60 EKOR SEKILOGRAM)","1kg","Melaka",451,28,20,33.90,33.90,0,0.00
"2023-09-01",1555,"UDANG PUTIH/VANNAMEI (TERNAK) (ANTARA 41 HINGGA 60 EKOR SEKILOGRAM)","1kg","Melaka",397,27,20,33.90,33.90,0,0.00
"2023-10-01",1555,"UDANG PUTIH/VANNAMEI (TERNAK) (ANTARA 41 HINGGA 60 EKOR SEKILOGRAM)","1kg","Melaka",448,30,20,33.90,33.90,0,0.00
"2023-11-01",1555,"UDANG PUTIH/VANNAMEI (TERNAK) (ANTARA 41 HINGGA 60 EKOR SEKILOGRAM)","1kg","Melaka",399,26,20,34.00,34.00,0,0.00
"2023-12-01",1555,"UDANG PUTIH/VANNAMEI (TERNAK) (ANTARA 41 HINGGA 60 EKOR SEKILOGRAM)","1kg","Melaka",366,24,19,34.00,34.00,0,0.00
"2024-01-01",1555,"UDANG PUTIH/VANNAMEI (TERNAK) (ANTARA 41 HINGGA 60 EKOR SEKILOGRAM)","1kg","Melaka",442,31,21,34.00,34.00,0,0.00
"2024-02-01",1555,"UDANG PUTIH/VANNAMEI (TERNAK) (ANTARA 41 HINGGA 60 EKOR SEKILOGRAM)","1kg","Melaka",362,25,20,35.00,35.00,0,0.00
"2024-03-01",1555,"UDANG PUTIH/VANNAMEI (TERNAK) (ANTARA 41 HINGGA 60 EKOR SEKILOGRAM)","1kg","Melaka",423,27,20,34.90,34.90,0,0.00
"2024-04-01",1555,"UDANG PUTIH/VANNAMEI (TERNAK) (ANTARA 41 HINGGA 60 EKOR SEKILOGRAM)","1kg","Melaka",425,28,20,35.80,35.80,0,0.00
"2024-05-01",1555,"UDANG PUTIH/VANNAMEI (TERNAK) (ANTARA 41 HINGGA 60 EKOR SEKILOGRAM)","1kg","Melaka",446,29,19,34.00,34.00,0,0.00
"2024-06-01",1555,"UDANG PUTIH/VANNAMEI (TERNAK) (ANTARA 41 HINGGA 60 EKOR SEKILOGRAM)","1kg","Melaka",406,28,20,32.90,32.90,0,0.00
"2024-07-01",1555,"UDANG PUTIH/VANNAMEI (TERNAK) (ANTARA 41 HINGGA 60 EKOR SEKILOGRAM)","1kg","Melaka",450,28,20,32.00,32.00,0,0.00
"2024-08-01",1555,"UDANG PUTIH/VANNAMEI (TERNAK) (ANTARA 41 HINGGA 60 EKOR SEKILOGRAM)","1kg","Melaka",399,25,20,33.99,33.99,0,0.00
"2024-09-01",1555,"UDANG PUTIH/VANNAMEI (TERNAK) (ANTARA 41 HINGGA 60 EKOR SEKILOGRAM)","1kg","Melaka",447,29,20,34.00,34.00,0,0.00
"2024-10-01",1555,"UDANG PUTIH/VANNAMEI (TERNAK) (ANTARA 41 HINGGA 60 EKOR SEKILOGRAM)","1kg","Melaka",463,30,19,33.90,33.90,0,0.00
"2024-11-01",1555,"UDANG PUTIH/VANNAMEI (TERNAK) (ANTARA 41 HINGGA 60 EKOR SEKILOGRAM)","1kg","Melaka",438,28,20,34.99,34.99,0,0.00
"2024-12-01",1555,"UDANG PUTIH/VANNAMEI (TERNAK) (ANTARA 41 HINGGA 60 EKOR SEKILOGRAM)","1kg","Melaka",478,30,20,34.00,34.00,0,0.00
"2025-01-01",1555,"UDANG PUTIH/VANNAMEI (TERNAK) (ANTARA 41 HINGGA 60 EKOR SEKILOGRAM)","1kg","Melaka",431,29,19,35.90,35.90,0,0.00
"2025-02-01",1555,"UDANG PUTIH/VANNAMEI (TERNAK) (ANTARA 41 HINGGA 60 EKOR SEKILOGRAM)","1kg","Melaka",342,25,19,35.40,35.40,0,0.00
"2025-03-01",1555,"UDANG PUTIH/VANNAMEI (TERNAK) (ANTARA 41 HINGGA 60 EKOR SEKILOGRAM)","1kg","Melaka",443,30,20,36.99,36.99,0,0.00
"2025-04-01",1555,"UDANG PUTIH/VANNAMEI (TERNAK) (ANTARA 41 HINGGA 60 EKOR SEKILOGRAM)","1kg","Melaka",407,27,19,36.00,36.00,0,0.00
"2025-05-01",1555,"UDANG PUTIH/VANNAMEI (TERNAK) (ANTARA 41 HINGGA 60 EKOR SEKILOGRAM)","1kg","Melaka",448,29,20,35.90,35.90,0,0.00
"2025-06-01",1555,"UDANG PUTIH/VANNAMEI (TERNAK) (ANTARA 41 HINGGA 60 EKOR SEKILOGRAM)","1kg","Melaka",379,26,22,34.00,34.00,0,0.00
"2025-07-01",1555,"UDANG PUTIH/VANNAMEI (TERNAK) (ANTARA 41 HINGGA 60 EKOR SEKILOGRAM)","1kg","Melaka",550,30,38,32.90,32.90,0,0.00
"2025-08-01",1555,"UDANG PUTIH/VANNAMEI (TERNAK) (ANTARA 41 HINGGA 60 EKOR SEKILOGRAM)","1kg","Melaka",637,28,38,34.00,34.00,0,0.00
"2025-09-01",1555,"UDANG PUTIH/VANNAMEI (TERNAK) (ANTARA 41 HINGGA 60 EKOR SEKILOGRAM)","1kg","Melaka",574,26,36,34.00,34.00,0,0.00
"2025-10-01",1555,"UDANG PUTIH/VANNAMEI (TERNAK) (ANTARA 41 HINGGA 60 EKOR SEKILOGRAM)","1kg","Melaka",643,30,38,33.99,33.99,0,0.00
"2025-11-01",1555,"UDANG PUTIH/VANNAMEI (TERNAK) (ANTARA 41 HINGGA 60 EKOR SEKILOGRAM)","1kg","Melaka",641,29,38,33.99,33.99,0,0.00
"2025-12-01",1555,"UDANG PUTIH/VANNAMEI (TERNAK) (ANTARA 41 HINGGA 60 EKOR SEKILOGRAM)","1kg","Melaka",648,30,38,34.00,34.00,0,0.00
"2023-01-01",1555,"UDANG PUTIH/VANNAMEI (TERNAK) (ANTARA 41 HINGGA 60 EKOR SEKILOGRAM)","1kg","Negeri Sembilan",459,26,25,34.00,34.00,0,0.00
"2023-02-01",1555,"UDANG PUTIH/VANNAMEI (TERNAK) (ANTARA 41 HINGGA 60 EKOR SEKILOGRAM)","1kg","Negeri Sembilan",461,24,25,34.90,34.90,0,0.00
"2023-03-01",1555,"UDANG PUTIH/VANNAMEI (TERNAK) (ANTARA 41 HINGGA 60 EKOR SEKILOGRAM)","1kg","Negeri Sembilan",577,31,24,35.00,35.00,0,0.00
"2023-04-01",1555,"UDANG PUTIH/VANNAMEI (TERNAK) (ANTARA 41 HINGGA 60 EKOR SEKILOGRAM)","1kg","Negeri Sembilan",476,26,24,34.00,34.00,0,0.00
"2023-05-01",1555,"UDANG PUTIH/VANNAMEI (TERNAK) (ANTARA 41 HINGGA 60 EKOR SEKILOGRAM)","1kg","Negeri Sembilan",456,24,24,33.95,33.95,0,0.00
"2023-06-01",1555,"UDANG PUTIH/VANNAMEI (TERNAK) (ANTARA 41 HINGGA 60 EKOR SEKILOGRAM)","1kg","Negeri Sembilan",563,28,24,33.00,33.00,0,0.00
"2023-07-01",1555,"UDANG PUTIH/VANNAMEI (TERNAK) (ANTARA 41 HINGGA 60 EKOR SEKILOGRAM)","1kg","Negeri Sembilan",603,30,24,31.90,31.90,0,0.00
"2023-08-01",1555,"UDANG PUTIH/VANNAMEI (TERNAK) (ANTARA 41 HINGGA 60 EKOR SEKILOGRAM)","1kg","Negeri Sembilan",531,27,24,32.90,32.90,0,0.00
"2023-09-01",1555,"UDANG PUTIH/VANNAMEI (TERNAK) (ANTARA 41 HINGGA 60 EKOR SEKILOGRAM)","1kg","Negeri Sembilan",542,27,24,32.00,32.00,0,0.00
"2023-10-01",1555,"UDANG PUTIH/VANNAMEI (TERNAK) (ANTARA 41 HINGGA 60 EKOR SEKILOGRAM)","1kg","Negeri Sembilan",587,30,24,30.99,30.99,0,0.00
"2023-11-01",1555,"UDANG PUTIH/VANNAMEI (TERNAK) (ANTARA 41 HINGGA 60 EKOR SEKILOGRAM)","1kg","Negeri Sembilan",522,26,24,32.00,32.00,0,0.00
"2023-12-01",1555,"UDANG PUTIH/VANNAMEI (TERNAK) (ANTARA 41 HINGGA 60 EKOR SEKILOGRAM)","1kg","Negeri Sembilan",490,24,23,33.90,33.90,0,0.00
"2024-01-01",1555,"UDANG PUTIH/VANNAMEI (TERNAK) (ANTARA 41 HINGGA 60 EKOR SEKILOGRAM)","1kg","Negeri Sembilan",561,28,24,30.00,30.00,0,0.00
"2024-02-01",1555,"UDANG PUTIH/VANNAMEI (TERNAK) (ANTARA 41 HINGGA 60 EKOR SEKILOGRAM)","1kg","Negeri Sembilan",474,25,23,33.90,33.90,0,0.00
"2024-03-01",1555,"UDANG PUTIH/VANNAMEI (TERNAK) (ANTARA 41 HINGGA 60 EKOR SEKILOGRAM)","1kg","Negeri Sembilan",548,28,24,34.00,34.00,0,0.00
"2024-04-01",1555,"UDANG PUTIH/VANNAMEI (TERNAK) (ANTARA 41 HINGGA 60 EKOR SEKILOGRAM)","1kg","Negeri Sembilan",530,28,23,34.00,34.00,0,0.00
"2024-05-01",1555,"UDANG PUTIH/VANNAMEI (TERNAK) (ANTARA 41 HINGGA 60 EKOR SEKILOGRAM)","1kg","Negeri Sembilan",588,29,23,31.90,31.90,0,0.00
"2024-06-01",1555,"UDANG PUTIH/VANNAMEI (TERNAK) (ANTARA 41 HINGGA 60 EKOR SEKILOGRAM)","1kg","Negeri Sembilan",573,28,23,30.90,30.90,0,0.00
"2024-07-01",1555,"UDANG PUTIH/VANNAMEI (TERNAK) (ANTARA 41 HINGGA 60 EKOR SEKILOGRAM)","1kg","Negeri Sembilan",565,28,24,30.00,30.00,0,0.00
"2024-08-01",1555,"UDANG PUTIH/VANNAMEI (TERNAK) (ANTARA 41 HINGGA 60 EKOR SEKILOGRAM)","1kg","Negeri Sembilan",511,25,24,33.39,33.39,0,0.00
"2024-09-01",1555,"UDANG PUTIH/VANNAMEI (TERNAK) (ANTARA 41 HINGGA 60 EKOR SEKILOGRAM)","1kg","Negeri Sembilan",585,29,24,33.80,33.80,0,0.00
"2024-10-01",1555,"UDANG PUTIH/VANNAMEI (TERNAK) (ANTARA 41 HINGGA 60 EKOR SEKILOGRAM)","1kg","Negeri Sembilan",605,30,24,32.90,32.90,0,0.00
"2024-11-01",1555,"UDANG PUTIH/VANNAMEI (TERNAK) (ANTARA 41 HINGGA 60 EKOR SEKILOGRAM)","1kg","Negeri Sembilan",556,28,24,32.99,32.99,0,0.00
"2024-12-01",1555,"UDANG PUTIH/VANNAMEI (TERNAK) (ANTARA 41 HINGGA 60 EKOR SEKILOGRAM)","1kg","Negeri Sembilan",596,30,24,32.00,32.00,0,0.00
"2025-01-01",1555,"UDANG PUTIH/VANNAMEI (TERNAK) (ANTARA 41 HINGGA 60 EKOR SEKILOGRAM)","1kg","Negeri Sembilan",534,27,23,33.00,33.00,0,0.00
"2025-02-01",1555,"UDANG PUTIH/VANNAMEI (TERNAK) (ANTARA 41 HINGGA 60 EKOR SEKILOGRAM)","1kg","Negeri Sembilan",465,25,23,34.99,34.99,0,0.00
"2025-03-01",1555,"UDANG PUTIH/VANNAMEI (TERNAK) (ANTARA 41 HINGGA 60 EKOR SEKILOGRAM)","1kg","Negeri Sembilan",552,30,25,35.90,35.90,0,0.00
"2025-04-01",1555,"UDANG PUTIH/VANNAMEI (TERNAK) (ANTARA 41 HINGGA 60 EKOR SEKILOGRAM)","1kg","Negeri Sembilan",522,28,25,34.00,34.00,0,0.00
"2025-05-01",1555,"UDANG PUTIH/VANNAMEI (TERNAK) (ANTARA 41 HINGGA 60 EKOR SEKILOGRAM)","1kg","Negeri Sembilan",602,29,26,32.90,32.90,0,0.00
"2025-06-01",1555,"UDANG PUTIH/VANNAMEI (TERNAK) (ANTARA 41 HINGGA 60 EKOR SEKILOGRAM)","1kg","Negeri Sembilan",530,26,25,32.90,32.90,0,0.00
"2025-07-01",1555,"UDANG PUTIH/VANNAMEI (TERNAK) (ANTARA 41 HINGGA 60 EKOR SEKILOGRAM)","1kg","Negeri Sembilan",684,30,40,31.99,31.99,0,0.00
"2025-08-01",1555,"UDANG PUTIH/VANNAMEI (TERNAK) (ANTARA 41 HINGGA 60 EKOR SEKILOGRAM)","1kg","Negeri Sembilan",823,30,47,32.50,32.50,0,0.00
"2025-09-01",1555,"UDANG PUTIH/VANNAMEI (TERNAK) (ANTARA 41 HINGGA 60 EKOR SEKILOGRAM)","1kg","Negeri Sembilan",817,26,44,32.00,32.00,0,0.00
"2025-10-01",1555,"UDANG PUTIH/VANNAMEI (TERNAK) (ANTARA 41 HINGGA 60 EKOR SEKILOGRAM)","1kg","Negeri Sembilan",956,30,47,30.99,30.99,0,0.00
"2025-11-01",1555,"UDANG PUTIH/VANNAMEI (TERNAK) (ANTARA 41 HINGGA 60 EKOR SEKILOGRAM)","1kg","Negeri Sembilan",913,30,46,31.90,31.90,0,0.00
"2025-12-01",1555,"UDANG PUTIH/VANNAMEI (TERNAK) (ANTARA 41 HINGGA 60 EKOR SEKILOGRAM)","1kg","Negeri Sembilan",972,30,48,32.00,32.00,1,0.00
"2023-01-01",1555,"UDANG PUTIH/VANNAMEI (TERNAK) (ANTARA 41 HINGGA 60 EKOR SEKILOGRAM)","1kg","Pahang",1254,27,69,36.99,36.99,0,0.00
"2023-02-01",1555,"UDANG PUTIH/VANNAMEI (TERNAK) (ANTARA 41 HINGGA 60 EKOR SEKILOGRAM)","1kg","Pahang",1437,27,72,37.99,37.99,0,0.00
"2023-03-01",1555,"UDANG PUTIH/VANNAMEI (TERNAK) (ANTARA 41 HINGGA 60 EKOR SEKILOGRAM)","1kg","Pahang",1597,31,72,37.99,37.99,0,0.00
"2023-04-01",1555,"UDANG PUTIH/VANNAMEI (TERNAK) (ANTARA 41 HINGGA 60 EKOR SEKILOGRAM)","1kg","Pahang",1160,25,72,37.99,37.99,0,0.00
"2023-05-01",1555,"UDANG PUTIH/VANNAMEI (TERNAK) (ANTARA 41 HINGGA 60 EKOR SEKILOGRAM)","1kg","Pahang",1161,23,71,36.00,36.00,0,0.00
"2023-06-01",1555,"UDANG PUTIH/VANNAMEI (TERNAK) (ANTARA 41 HINGGA 60 EKOR SEKILOGRAM)","1kg","Pahang",1402,28,69,35.99,35.99,0,0.00
"2023-07-01",1555,"UDANG PUTIH/VANNAMEI (TERNAK) (ANTARA 41 HINGGA 60 EKOR SEKILOGRAM)","1kg","Pahang",1422,28,70,35.99,35.99,0,0.00
"2023-08-01",1555,"UDANG PUTIH/VANNAMEI (TERNAK) (ANTARA 41 HINGGA 60 EKOR SEKILOGRAM)","1kg","Pahang",1513,29,70,35.99,35.99,0,0.00
"2023-09-01",1555,"UDANG PUTIH/VANNAMEI (TERNAK) (ANTARA 41 HINGGA 60 EKOR SEKILOGRAM)","1kg","Pahang",1363,27,70,35.99,35.99,0,0.00
"2023-10-01",1555,"UDANG PUTIH/VANNAMEI (TERNAK) (ANTARA 41 HINGGA 60 EKOR SEKILOGRAM)","1kg","Pahang",1515,30,71,35.99,35.99,0,0.00
"2023-11-01",1555,"UDANG PUTIH/VANNAMEI (TERNAK) (ANTARA 41 HINGGA 60 EKOR SEKILOGRAM)","1kg","Pahang",1381,26,72,35.99,35.99,0,0.00
"2023-12-01",1555,"UDANG PUTIH/VANNAMEI (TERNAK) (ANTARA 41 HINGGA 60 EKOR SEKILOGRAM)","1kg","Pahang",1233,24,71,35.99,35.99,0,0.00
"2024-01-01",1555,"UDANG PUTIH/VANNAMEI (TERNAK) (ANTARA 41 HINGGA 60 EKOR SEKILOGRAM)","1kg","Pahang",1583,31,73,35.99,35.99,0,0.00
"2024-02-01",1555,"UDANG PUTIH/VANNAMEI (TERNAK) (ANTARA 41 HINGGA 60 EKOR SEKILOGRAM)","1kg","Pahang",1301,26,74,36.99,36.99,0,0.00
"2024-03-01",1555,"UDANG PUTIH/VANNAMEI (TERNAK) (ANTARA 41 HINGGA 60 EKOR SEKILOGRAM)","1kg","Pahang",1403,27,82,36.99,36.99,0,0.00
"2024-04-01",1555,"UDANG PUTIH/VANNAMEI (TERNAK) (ANTARA 41 HINGGA 60 EKOR SEKILOGRAM)","1kg","Pahang",1434,28,88,36.49,36.49,0,0.00
"2024-05-01",1555,"UDANG PUTIH/VANNAMEI (TERNAK) (ANTARA 41 HINGGA 60 EKOR SEKILOGRAM)","1kg","Pahang",1721,29,91,34.99,34.99,0,0.00
"2024-06-01",1555,"UDANG PUTIH/VANNAMEI (TERNAK) (ANTARA 41 HINGGA 60 EKOR SEKILOGRAM)","1kg","Pahang",1675,28,92,33.99,33.99,0,0.00
"2024-07-01",1555,"UDANG PUTIH/VANNAMEI (TERNAK) (ANTARA 41 HINGGA 60 EKOR SEKILOGRAM)","1kg","Pahang",1617,28,93,33.99,33.99,0,0.00
"2024-08-01",1555,"UDANG PUTIH/VANNAMEI (TERNAK) (ANTARA 41 HINGGA 60 EKOR SEKILOGRAM)","1kg","Pahang",1415,25,88,33.00,33.00,0,0.00
"2024-09-01",1555,"UDANG PUTIH/VANNAMEI (TERNAK) (ANTARA 41 HINGGA 60 EKOR SEKILOGRAM)","1kg","Pahang",1612,29,92,34.00,34.00,0,0.00
"2024-10-01",1555,"UDANG PUTIH/VANNAMEI (TERNAK) (ANTARA 41 HINGGA 60 EKOR SEKILOGRAM)","1kg","Pahang",1628,30,89,35.00,35.00,0,0.00
"2024-11-01",1555,"UDANG PUTIH/VANNAMEI (TERNAK) (ANTARA 41 HINGGA 60 EKOR SEKILOGRAM)","1kg","Pahang",1518,28,88,34.99,34.99,0,0.00
"2024-12-01",1555,"UDANG PUTIH/VANNAMEI (TERNAK) (ANTARA 41 HINGGA 60 EKOR SEKILOGRAM)","1kg","Pahang",1727,30,88,34.99,34.99,0,0.00
"2025-01-01",1555,"UDANG PUTIH/VANNAMEI (TERNAK) (ANTARA 41 HINGGA 60 EKOR SEKILOGRAM)","1kg","Pahang",1550,29,86,35.99,35.99,0,0.00
"2025-02-01",1555,"UDANG PUTIH/VANNAMEI (TERNAK) (ANTARA 41 HINGGA 60 EKOR SEKILOGRAM)","1kg","Pahang",1327,26,82,36.99,36.99,0,0.00
"2025-03-01",1555,"UDANG PUTIH/VANNAMEI (TERNAK) (ANTARA 41 HINGGA 60 EKOR SEKILOGRAM)","1kg","Pahang",1527,29,87,36.99,36.99,0,0.00
"2025-04-01",1555,"UDANG PUTIH/VANNAMEI (TERNAK) (ANTARA 41 HINGGA 60 EKOR SEKILOGRAM)","1kg","Pahang",1403,28,85,35.99,35.99,0,0.00
"2025-05-01",1555,"UDANG PUTIH/VANNAMEI (TERNAK) (ANTARA 41 HINGGA 60 EKOR SEKILOGRAM)","1kg","Pahang",1605,29,86,34.99,34.99,0,0.00
"2025-06-01",1555,"UDANG PUTIH/VANNAMEI (TERNAK) (ANTARA 41 HINGGA 60 EKOR SEKILOGRAM)","1kg","Pahang",1431,26,86,32.99,32.99,0,0.00
"2025-07-01",1555,"UDANG PUTIH/VANNAMEI (TERNAK) (ANTARA 41 HINGGA 60 EKOR SEKILOGRAM)","1kg","Pahang",1687,30,101,32.99,32.99,0,0.00
"2025-08-01",1555,"UDANG PUTIH/VANNAMEI (TERNAK) (ANTARA 41 HINGGA 60 EKOR SEKILOGRAM)","1kg","Pahang",1750,30,95,33.95,33.95,0,0.00
"2025-09-01",1555,"UDANG PUTIH/VANNAMEI (TERNAK) (ANTARA 41 HINGGA 60 EKOR SEKILOGRAM)","1kg","Pahang",1522,26,92,33.99,33.99,0,0.00
"2025-10-01",1555,"UDANG PUTIH/VANNAMEI (TERNAK) (ANTARA 41 HINGGA 60 EKOR SEKILOGRAM)","1kg","Pahang",1751,30,94,33.99,33.99,0,0.00
"2025-11-01",1555,"UDANG PUTIH/VANNAMEI (TERNAK) (ANTARA 41 HINGGA 60 EKOR SEKILOGRAM)","1kg","Pahang",1775,30,91,32.99,32.99,0,0.00
"2025-12-01",1555,"UDANG PUTIH/VANNAMEI (TERNAK) (ANTARA 41 HINGGA 60 EKOR SEKILOGRAM)","1kg","Pahang",1723,30,89,34.99,34.99,0,0.00
"2023-01-01",1555,"UDANG PUTIH/VANNAMEI (TERNAK) (ANTARA 41 HINGGA 60 EKOR SEKILOGRAM)","1kg","Perak",1681,27,78,32.90,32.90,0,0.00
"2023-02-01",1555,"UDANG PUTIH/VANNAMEI (TERNAK) (ANTARA 41 HINGGA 60 EKOR SEKILOGRAM)","1kg","Perak",1617,25,76,32.00,32.00,0,0.00
"2023-03-01",1555,"UDANG PUTIH/VANNAMEI (TERNAK) (ANTARA 41 HINGGA 60 EKOR SEKILOGRAM)","1kg","Perak",2064,31,79,33.00,33.00,0,0.00
"2023-04-01",1555,"UDANG PUTIH/VANNAMEI (TERNAK) (ANTARA 41 HINGGA 60 EKOR SEKILOGRAM)","1kg","Perak",1630,25,79,32.99,32.99,0,0.00
"2023-05-01",1555,"UDANG PUTIH/VANNAMEI (TERNAK) (ANTARA 41 HINGGA 60 EKOR SEKILOGRAM)","1kg","Perak",1648,24,79,31.99,31.99,0,0.00
"2023-06-01",1555,"UDANG PUTIH/VANNAMEI (TERNAK) (ANTARA 41 HINGGA 60 EKOR SEKILOGRAM)","1kg","Perak",1861,28,79,30.00,30.00,0,0.00
"2023-07-01",1555,"UDANG PUTIH/VANNAMEI (TERNAK) (ANTARA 41 HINGGA 60 EKOR SEKILOGRAM)","1kg","Perak",2014,30,79,30.00,30.00,0,0.00
"2023-08-01",1555,"UDANG PUTIH/VANNAMEI (TERNAK) (ANTARA 41 HINGGA 60 EKOR SEKILOGRAM)","1kg","Perak",1926,29,79,30.00,30.00,0,0.00
"2023-09-01",1555,"UDANG PUTIH/VANNAMEI (TERNAK) (ANTARA 41 HINGGA 60 EKOR SEKILOGRAM)","1kg","Perak",1790,27,78,29.99,29.99,0,0.00
"2023-10-01",1555,"UDANG PUTIH/VANNAMEI (TERNAK) (ANTARA 41 HINGGA 60 EKOR SEKILOGRAM)","1kg","Perak",1957,30,79,30.00,30.00,0,0.00
"2023-11-01",1555,"UDANG PUTIH/VANNAMEI (TERNAK) (ANTARA 41 HINGGA 60 EKOR SEKILOGRAM)","1kg","Perak",1638,25,78,30.00,30.00,0,0.00
"2023-12-01",1555,"UDANG PUTIH/VANNAMEI (TERNAK) (ANTARA 41 HINGGA 60 EKOR SEKILOGRAM)","1kg","Perak",1531,24,78,30.00,30.00,0,0.00
"2024-01-01",1555,"UDANG PUTIH/VANNAMEI (TERNAK) (ANTARA 41 HINGGA 60 EKOR SEKILOGRAM)","1kg","Perak",1895,30,78,30.00,30.00,0,0.00
"2024-02-01",1555,"UDANG PUTIH/VANNAMEI (TERNAK) (ANTARA 41 HINGGA 60 EKOR SEKILOGRAM)","1kg","Perak",1632,26,82,30.00,30.00,0,0.00
"2024-03-01",1555,"UDANG PUTIH/VANNAMEI (TERNAK) (ANTARA 41 HINGGA 60 EKOR SEKILOGRAM)","1kg","Perak",1728,27,82,30.00,30.00,0,0.00
"2024-04-01",1555,"UDANG PUTIH/VANNAMEI (TERNAK) (ANTARA 41 HINGGA 60 EKOR SEKILOGRAM)","1kg","Perak",1854,28,83,30.00,30.00,0,0.00
"2024-05-01",1555,"UDANG PUTIH/VANNAMEI (TERNAK) (ANTARA 41 HINGGA 60 EKOR SEKILOGRAM)","1kg","Perak",1969,29,82,29.99,29.99,0,0.00
"2024-06-01",1555,"UDANG PUTIH/VANNAMEI (TERNAK) (ANTARA 41 HINGGA 60 EKOR SEKILOGRAM)","1kg","Perak",1897,28,82,29.90,29.90,0,0.00
"2024-07-01",1555,"UDANG PUTIH/VANNAMEI (TERNAK) (ANTARA 41 HINGGA 60 EKOR SEKILOGRAM)","1kg","Perak",1922,28,85,29.00,29.00,0,0.00
"2024-08-01",1555,"UDANG PUTIH/VANNAMEI (TERNAK) (ANTARA 41 HINGGA 60 EKOR SEKILOGRAM)","1kg","Perak",1690,25,84,29.75,29.90,1,0.52
"2024-09-01",1555,"UDANG PUTIH/VANNAMEI (TERNAK) (ANTARA 41 HINGGA 60 EKOR SEKILOGRAM)","1kg","Perak",1927,29,84,29.99,29.99,0,0.00
"2024-10-01",1555,"UDANG PUTIH/VANNAMEI (TERNAK) (ANTARA 41 HINGGA 60 EKOR SEKILOGRAM)","1kg","Perak",1982,30,85,30.00,30.00,0,0.00
"2024-11-01",1555,"UDANG PUTIH/VANNAMEI (TERNAK) (ANTARA 41 HINGGA 60 EKOR SEKILOGRAM)","1kg","Perak",1737,27,83,30.00,30.00,0,0.00
"2024-12-01",1555,"UDANG PUTIH/VANNAMEI (TERNAK) (ANTARA 41 HINGGA 60 EKOR SEKILOGRAM)","1kg","Perak",1851,30,84,30.00,30.00,0,0.00
"2025-01-01",1555,"UDANG PUTIH/VANNAMEI (TERNAK) (ANTARA 41 HINGGA 60 EKOR SEKILOGRAM)","1kg","Perak",1670,29,78,30.00,30.00,0,0.00
"2025-02-01",1555,"UDANG PUTIH/VANNAMEI (TERNAK) (ANTARA 41 HINGGA 60 EKOR SEKILOGRAM)","1kg","Perak",1437,25,86,32.00,32.00,0,0.00
"2025-03-01",1555,"UDANG PUTIH/VANNAMEI (TERNAK) (ANTARA 41 HINGGA 60 EKOR SEKILOGRAM)","1kg","Perak",1826,29,86,32.90,32.90,0,0.00
"2025-04-01",1555,"UDANG PUTIH/VANNAMEI (TERNAK) (ANTARA 41 HINGGA 60 EKOR SEKILOGRAM)","1kg","Perak",1765,28,83,32.00,32.00,0,0.00
"2025-05-01",1555,"UDANG PUTIH/VANNAMEI (TERNAK) (ANTARA 41 HINGGA 60 EKOR SEKILOGRAM)","1kg","Perak",1965,29,86,30.00,30.00,0,0.00
"2025-06-01",1555,"UDANG PUTIH/VANNAMEI (TERNAK) (ANTARA 41 HINGGA 60 EKOR SEKILOGRAM)","1kg","Perak",1729,26,85,30.00,30.00,0,0.00
"2025-07-01",1555,"UDANG PUTIH/VANNAMEI (TERNAK) (ANTARA 41 HINGGA 60 EKOR SEKILOGRAM)","1kg","Perak",2250,30,123,29.99,29.99,0,0.00
"2025-08-01",1555,"UDANG PUTIH/VANNAMEI (TERNAK) (ANTARA 41 HINGGA 60 EKOR SEKILOGRAM)","1kg","Perak",2443,30,114,30.00,30.00,0,0.00
"2025-09-01",1555,"UDANG PUTIH/VANNAMEI (TERNAK) (ANTARA 41 HINGGA 60 EKOR SEKILOGRAM)","1kg","Perak",2096,26,112,30.00,30.00,0,0.00
"2025-10-01",1555,"UDANG PUTIH/VANNAMEI (TERNAK) (ANTARA 41 HINGGA 60 EKOR SEKILOGRAM)","1kg","Perak",2482,30,112,30.00,30.00,0,0.00
"2025-11-01",1555,"UDANG PUTIH/VANNAMEI (TERNAK) (ANTARA 41 HINGGA 60 EKOR SEKILOGRAM)","1kg","Perak",2310,29,112,30.00,30.00,0,0.00
"2025-12-01",1555,"UDANG PUTIH/VANNAMEI (TERNAK) (ANTARA 41 HINGGA 60 EKOR SEKILOGRAM)","1kg","Perak",2490,30,113,30.90,30.90,0,0.00
"2023-01-01",1555,"UDANG PUTIH/VANNAMEI (TERNAK) (ANTARA 41 HINGGA 60 EKOR SEKILOGRAM)","1kg","Perlis",217,28,14,34.00,34.00,0,0.00
"2023-02-01",1555,"UDANG PUTIH/VANNAMEI (TERNAK) (ANTARA 41 HINGGA 60 EKOR SEKILOGRAM)","1kg","Perlis",191,26,14,34.80,34.80,0,0.00
"2023-03-01",1555,"UDANG PUTIH/VANNAMEI (TERNAK) (ANTARA 41 HINGGA 60 EKOR SEKILOGRAM)","1kg","Perlis",228,31,14,34.00,34.00,0,0.00
"2023-04-01",1555,"UDANG PUTIH/VANNAMEI (TERNAK) (ANTARA 41 HINGGA 60 EKOR SEKILOGRAM)","1kg","Perlis",190,25,14,34.00,34.00,0,0.00
"2023-05-01",1555,"UDANG PUTIH/VANNAMEI (TERNAK) (ANTARA 41 HINGGA 60 EKOR SEKILOGRAM)","1kg","Perlis",166,23,13,32.00,32.00,0,0.00
"2023-06-01",1555,"UDANG PUTIH/VANNAMEI (TERNAK) (ANTARA 41 HINGGA 60 EKOR SEKILOGRAM)","1kg","Perlis",200,27,13,32.00,32.00,0,0.00
"2023-07-01",1555,"UDANG PUTIH/VANNAMEI (TERNAK) (ANTARA 41 HINGGA 60 EKOR SEKILOGRAM)","1kg","Perlis",221,30,15,30.00,30.00,0,0.00
"2023-08-01",1555,"UDANG PUTIH/VANNAMEI (TERNAK) (ANTARA 41 HINGGA 60 EKOR SEKILOGRAM)","1kg","Perlis",238,29,14,30.00,30.00,0,0.00
"2023-09-01",1555,"UDANG PUTIH/VANNAMEI (TERNAK) (ANTARA 41 HINGGA 60 EKOR SEKILOGRAM)","1kg","Perlis",206,27,15,30.00,30.00,0,0.00
"2023-10-01",1555,"UDANG PUTIH/VANNAMEI (TERNAK) (ANTARA 41 HINGGA 60 EKOR SEKILOGRAM)","1kg","Perlis",242,30,15,30.00,30.00,0,0.00
"2023-11-01",1555,"UDANG PUTIH/VANNAMEI (TERNAK) (ANTARA 41 HINGGA 60 EKOR SEKILOGRAM)","1kg","Perlis",210,26,14,32.00,32.00,0,0.00
"2023-12-01",1555,"UDANG PUTIH/VANNAMEI (TERNAK) (ANTARA 41 HINGGA 60 EKOR SEKILOGRAM)","1kg","Perlis",194,24,15,30.00,30.00,0,0.00
"2024-01-01",1555,"UDANG PUTIH/VANNAMEI (TERNAK) (ANTARA 41 HINGGA 60 EKOR SEKILOGRAM)","1kg","Perlis",239,31,16,30.00,30.00,0,0.00
"2024-02-01",1555,"UDANG PUTIH/VANNAMEI (TERNAK) (ANTARA 41 HINGGA 60 EKOR SEKILOGRAM)","1kg","Perlis",172,25,12,31.50,31.50,0,0.00
"2024-03-01",1555,"UDANG PUTIH/VANNAMEI (TERNAK) (ANTARA 41 HINGGA 60 EKOR SEKILOGRAM)","1kg","Perlis",212,27,16,31.90,31.90,0,0.00
"2024-04-01",1555,"UDANG PUTIH/VANNAMEI (TERNAK) (ANTARA 41 HINGGA 60 EKOR SEKILOGRAM)","1kg","Perlis",215,28,15,30.00,30.00,0,0.00
"2024-05-01",1555,"UDANG PUTIH/VANNAMEI (TERNAK) (ANTARA 41 HINGGA 60 EKOR SEKILOGRAM)","1kg","Perlis",217,28,16,30.00,30.00,0,0.00
"2024-06-01",1555,"UDANG PUTIH/VANNAMEI (TERNAK) (ANTARA 41 HINGGA 60 EKOR SEKILOGRAM)","1kg","Perlis",211,27,15,30.00,30.00,0,0.00
"2024-07-01",1555,"UDANG PUTIH/VANNAMEI (TERNAK) (ANTARA 41 HINGGA 60 EKOR SEKILOGRAM)","1kg","Perlis",209,28,15,30.00,30.00,0,0.00
"2024-08-01",1555,"UDANG PUTIH/VANNAMEI (TERNAK) (ANTARA 41 HINGGA 60 EKOR SEKILOGRAM)","1kg","Perlis",175,25,14,30.00,30.00,0,0.00
"2024-09-01",1555,"UDANG PUTIH/VANNAMEI (TERNAK) (ANTARA 41 HINGGA 60 EKOR SEKILOGRAM)","1kg","Perlis",206,29,16,31.50,31.50,0,0.00
"2024-10-01",1555,"UDANG PUTIH/VANNAMEI (TERNAK) (ANTARA 41 HINGGA 60 EKOR SEKILOGRAM)","1kg","Perlis",211,30,17,31.50,31.50,0,0.00
"2024-11-01",1555,"UDANG PUTIH/VANNAMEI (TERNAK) (ANTARA 41 HINGGA 60 EKOR SEKILOGRAM)","1kg","Perlis",205,28,17,30.00,30.00,0,0.00
"2024-12-01",1555,"UDANG PUTIH/VANNAMEI (TERNAK) (ANTARA 41 HINGGA 60 EKOR SEKILOGRAM)","1kg","Perlis",174,30,12,30.00,30.00,0,0.00
"2025-01-01",1555,"UDANG PUTIH/VANNAMEI (TERNAK) (ANTARA 41 HINGGA 60 EKOR SEKILOGRAM)","1kg","Perlis",162,28,16,30.25,30.25,0,0.00
"2025-02-01",1555,"UDANG PUTIH/VANNAMEI (TERNAK) (ANTARA 41 HINGGA 60 EKOR SEKILOGRAM)","1kg","Perlis",131,26,16,33.00,33.00,0,0.00
"2025-03-01",1555,"UDANG PUTIH/VANNAMEI (TERNAK) (ANTARA 41 HINGGA 60 EKOR SEKILOGRAM)","1kg","Perlis",199,29,18,32.99,32.99,0,0.00
"2025-04-01",1555,"UDANG PUTIH/VANNAMEI (TERNAK) (ANTARA 41 HINGGA 60 EKOR SEKILOGRAM)","1kg","Perlis",193,27,16,31.90,31.90,0,0.00
"2025-05-01",1555,"UDANG PUTIH/VANNAMEI (TERNAK) (ANTARA 41 HINGGA 60 EKOR SEKILOGRAM)","1kg","Perlis",224,28,16,30.70,30.70,0,0.00
"2025-06-01",1555,"UDANG PUTIH/VANNAMEI (TERNAK) (ANTARA 41 HINGGA 60 EKOR SEKILOGRAM)","1kg","Perlis",181,24,16,32.00,32.00,0,0.00
"2025-07-01",1555,"UDANG PUTIH/VANNAMEI (TERNAK) (ANTARA 41 HINGGA 60 EKOR SEKILOGRAM)","1kg","Perlis",232,30,17,31.70,31.70,0,0.00
"2025-08-01",1555,"UDANG PUTIH/VANNAMEI (TERNAK) (ANTARA 41 HINGGA 60 EKOR SEKILOGRAM)","1kg","Perlis",269,30,16,32.00,32.00,0,0.00
"2025-09-01",1555,"UDANG PUTIH/VANNAMEI (TERNAK) (ANTARA 41 HINGGA 60 EKOR SEKILOGRAM)","1kg","Perlis",222,26,17,32.00,32.00,0,0.00
"2025-10-01",1555,"UDANG PUTIH/VANNAMEI (TERNAK) (ANTARA 41 HINGGA 60 EKOR SEKILOGRAM)","1kg","Perlis",248,30,18,31.25,31.25,0,0.00
"2025-11-01",1555,"UDANG PUTIH/VANNAMEI (TERNAK) (ANTARA 41 HINGGA 60 EKOR SEKILOGRAM)","1kg","Perlis",230,29,18,32.00,32.00,0,0.00
"2025-12-01",1555,"UDANG PUTIH/VANNAMEI (TERNAK) (ANTARA 41 HINGGA 60 EKOR SEKILOGRAM)","1kg","Perlis",234,30,16,32.00,32.00,0,0.00
"2023-01-01",1555,"UDANG PUTIH/VANNAMEI (TERNAK) (ANTARA 41 HINGGA 60 EKOR SEKILOGRAM)","1kg","Pulau Pinang",1012,27,56,33.00,33.00,0,0.00
"2023-02-01",1555,"UDANG PUTIH/VANNAMEI (TERNAK) (ANTARA 41 HINGGA 60 EKOR SEKILOGRAM)","1kg","Pulau Pinang",1003,25,54,32.90,32.90,0,0.00
"2023-03-01",1555,"UDANG PUTIH/VANNAMEI (TERNAK) (ANTARA 41 HINGGA 60 EKOR SEKILOGRAM)","1kg","Pulau Pinang",1171,31,52,34.00,34.00,0,0.00
"2023-04-01",1555,"UDANG PUTIH/VANNAMEI (TERNAK) (ANTARA 41 HINGGA 60 EKOR SEKILOGRAM)","1kg","Pulau Pinang",945,25,53,34.00,34.00,0,0.00
"2023-05-01",1555,"UDANG PUTIH/VANNAMEI (TERNAK) (ANTARA 41 HINGGA 60 EKOR SEKILOGRAM)","1kg","Pulau Pinang",960,24,57,32.90,32.90,0,0.00
"2023-06-01",1555,"UDANG PUTIH/VANNAMEI (TERNAK) (ANTARA 41 HINGGA 60 EKOR SEKILOGRAM)","1kg","Pulau Pinang",1065,28,58,32.00,32.00,0,0.00
"2023-07-01",1555,"UDANG PUTIH/VANNAMEI (TERNAK) (ANTARA 41 HINGGA 60 EKOR SEKILOGRAM)","1kg","Pulau Pinang",1053,28,54,32.00,32.00,0,0.00
"2023-08-01",1555,"UDANG PUTIH/VANNAMEI (TERNAK) (ANTARA 41 HINGGA 60 EKOR SEKILOGRAM)","1kg","Pulau Pinang",1078,28,57,32.00,32.00,0,0.00
"2023-09-01",1555,"UDANG PUTIH/VANNAMEI (TERNAK) (ANTARA 41 HINGGA 60 EKOR SEKILOGRAM)","1kg","Pulau Pinang",1126,27,57,32.00,32.00,0,0.00
"2023-10-01",1555,"UDANG PUTIH/VANNAMEI (TERNAK) (ANTARA 41 HINGGA 60 EKOR SEKILOGRAM)","1kg","Pulau Pinang",1172,30,55,32.00,32.00,0,0.00
"2023-11-01",1555,"UDANG PUTIH/VANNAMEI (TERNAK) (ANTARA 41 HINGGA 60 EKOR SEKILOGRAM)","1kg","Pulau Pinang",1101,26,58,32.00,32.00,0,0.00
"2023-12-01",1555,"UDANG PUTIH/VANNAMEI (TERNAK) (ANTARA 41 HINGGA 60 EKOR SEKILOGRAM)","1kg","Pulau Pinang",982,24,51,32.00,32.00,0,0.00
"2024-01-01",1555,"UDANG PUTIH/VANNAMEI (TERNAK) (ANTARA 41 HINGGA 60 EKOR SEKILOGRAM)","1kg","Pulau Pinang",1116,30,53,32.00,32.00,0,0.00
"2024-02-01",1555,"UDANG PUTIH/VANNAMEI (TERNAK) (ANTARA 41 HINGGA 60 EKOR SEKILOGRAM)","1kg","Pulau Pinang",908,26,54,32.00,32.00,0,0.00
"2024-03-01",1555,"UDANG PUTIH/VANNAMEI (TERNAK) (ANTARA 41 HINGGA 60 EKOR SEKILOGRAM)","1kg","Pulau Pinang",1044,27,56,32.00,32.00,0,0.00
"2024-04-01",1555,"UDANG PUTIH/VANNAMEI (TERNAK) (ANTARA 41 HINGGA 60 EKOR SEKILOGRAM)","1kg","Pulau Pinang",1093,28,57,32.00,32.00,0,0.00
"2024-05-01",1555,"UDANG PUTIH/VANNAMEI (TERNAK) (ANTARA 41 HINGGA 60 EKOR SEKILOGRAM)","1kg","Pulau Pinang",1407,29,62,32.00,32.00,0,0.00
"2024-06-01",1555,"UDANG PUTIH/VANNAMEI (TERNAK) (ANTARA 41 HINGGA 60 EKOR SEKILOGRAM)","1kg","Pulau Pinang",1404,28,63,30.00,30.00,0,0.00
"2024-07-01",1555,"UDANG PUTIH/VANNAMEI (TERNAK) (ANTARA 41 HINGGA 60 EKOR SEKILOGRAM)","1kg","Pulau Pinang",1368,27,64,30.00,30.00,0,0.00
"2024-08-01",1555,"UDANG PUTIH/VANNAMEI (TERNAK) (ANTARA 41 HINGGA 60 EKOR SEKILOGRAM)","1kg","Pulau Pinang",1184,25,64,30.00,30.00,0,0.00
"2024-09-01",1555,"UDANG PUTIH/VANNAMEI (TERNAK) (ANTARA 41 HINGGA 60 EKOR SEKILOGRAM)","1kg","Pulau Pinang",1392,29,66,32.00,32.00,0,0.00
"2024-10-01",1555,"UDANG PUTIH/VANNAMEI (TERNAK) (ANTARA 41 HINGGA 60 EKOR SEKILOGRAM)","1kg","Pulau Pinang",1411,30,63,32.00,32.00,0,0.00
"2024-11-01",1555,"UDANG PUTIH/VANNAMEI (TERNAK) (ANTARA 41 HINGGA 60 EKOR SEKILOGRAM)","1kg","Pulau Pinang",1283,28,62,32.00,32.00,1,0.00
"2024-12-01",1555,"UDANG PUTIH/VANNAMEI (TERNAK) (ANTARA 41 HINGGA 60 EKOR SEKILOGRAM)","1kg","Pulau Pinang",1382,30,62,32.00,32.00,0,0.00
"2025-01-01",1555,"UDANG PUTIH/VANNAMEI (TERNAK) (ANTARA 41 HINGGA 60 EKOR SEKILOGRAM)","1kg","Pulau Pinang",1304,29,63,32.90,32.90,0,0.00
"2025-02-01",1555,"UDANG PUTIH/VANNAMEI (TERNAK) (ANTARA 41 HINGGA 60 EKOR SEKILOGRAM)","1kg","Pulau Pinang",1011,25,63,33.68,33.68,0,0.00
"2025-03-01",1555,"UDANG PUTIH/VANNAMEI (TERNAK) (ANTARA 41 HINGGA 60 EKOR SEKILOGRAM)","1kg","Pulau Pinang",1160,29,60,34.00,34.00,0,0.00
"2025-04-01",1555,"UDANG PUTIH/VANNAMEI (TERNAK) (ANTARA 41 HINGGA 60 EKOR SEKILOGRAM)","1kg","Pulau Pinang",1133,28,62,34.00,34.00,1,0.00
"2025-05-01",1555,"UDANG PUTIH/VANNAMEI (TERNAK) (ANTARA 41 HINGGA 60 EKOR SEKILOGRAM)","1kg","Pulau Pinang",1273,29,64,32.00,32.00,0,0.00
"2025-06-01",1555,"UDANG PUTIH/VANNAMEI (TERNAK) (ANTARA 41 HINGGA 60 EKOR SEKILOGRAM)","1kg","Pulau Pinang",1143,26,64,31.99,31.99,0,0.00
"2025-07-01",1555,"UDANG PUTIH/VANNAMEI (TERNAK) (ANTARA 41 HINGGA 60 EKOR SEKILOGRAM)","1kg","Pulau Pinang",1310,28,78,32.00,32.00,0,0.00
"2025-08-01",1555,"UDANG PUTIH/VANNAMEI (TERNAK) (ANTARA 41 HINGGA 60 EKOR SEKILOGRAM)","1kg","Pulau Pinang",1531,30,89,32.00,32.00,0,0.00
"2025-09-01",1555,"UDANG PUTIH/VANNAMEI (TERNAK) (ANTARA 41 HINGGA 60 EKOR SEKILOGRAM)","1kg","Pulau Pinang",1325,26,85,32.00,32.00,0,0.00
"2025-10-01",1555,"UDANG PUTIH/VANNAMEI (TERNAK) (ANTARA 41 HINGGA 60 EKOR SEKILOGRAM)","1kg","Pulau Pinang",1470,30,84,32.00,32.00,0,0.00
"2025-11-01",1555,"UDANG PUTIH/VANNAMEI (TERNAK) (ANTARA 41 HINGGA 60 EKOR SEKILOGRAM)","1kg","Pulau Pinang",1406,30,82,32.00,32.00,0,0.00
"2025-12-01",1555,"UDANG PUTIH/VANNAMEI (TERNAK) (ANTARA 41 HINGGA 60 EKOR SEKILOGRAM)","1kg","Pulau Pinang",1446,30,81,32.00,32.00,0,0.00
"2023-01-01",1555,"UDANG PUTIH/VANNAMEI (TERNAK) (ANTARA 41 HINGGA 60 EKOR SEKILOGRAM)","1kg","Sabah",370,27,28,30.00,30.00,1,0.00
"2023-02-01",1555,"UDANG PUTIH/VANNAMEI (TERNAK) (ANTARA 41 HINGGA 60 EKOR SEKILOGRAM)","1kg","Sabah",579,27,34,34.99,34.99,0,0.00
"2023-03-01",1555,"UDANG PUTIH/VANNAMEI (TERNAK) (ANTARA 41 HINGGA 60 EKOR SEKILOGRAM)","1kg","Sabah",772,31,36,35.00,35.00,0,0.00
"2023-04-01",1555,"UDANG PUTIH/VANNAMEI (TERNAK) (ANTARA 41 HINGGA 60 EKOR SEKILOGRAM)","1kg","Sabah",499,25,34,35.00,35.00,0,0.00
"2023-05-01",1555,"UDANG PUTIH/VANNAMEI (TERNAK) (ANTARA 41 HINGGA 60 EKOR SEKILOGRAM)","1kg","Sabah",491,22,30,36.50,36.50,0,0.00
"2023-06-01",1555,"UDANG PUTIH/VANNAMEI (TERNAK) (ANTARA 41 HINGGA 60 EKOR SEKILOGRAM)","1kg","Sabah",676,28,32,36.00,36.00,0,0.00
"2023-07-01",1555,"UDANG PUTIH/VANNAMEI (TERNAK) (ANTARA 41 HINGGA 60 EKOR SEKILOGRAM)","1kg","Sabah",579,30,32,36.50,36.50,0,0.00
"2023-08-01",1555,"UDANG PUTIH/VANNAMEI (TERNAK) (ANTARA 41 HINGGA 60 EKOR SEKILOGRAM)","1kg","Sabah",609,29,29,37.50,37.50,0,0.00
"2023-09-01",1555,"UDANG PUTIH/VANNAMEI (TERNAK) (ANTARA 41 HINGGA 60 EKOR SEKILOGRAM)","1kg","Sabah",567,27,31,35.99,35.99,0,0.00
"2023-10-01",1555,"UDANG PUTIH/VANNAMEI (TERNAK) (ANTARA 41 HINGGA 60 EKOR SEKILOGRAM)","1kg","Sabah",599,30,30,35.00,35.00,0,0.00
"2023-11-01",1555,"UDANG PUTIH/VANNAMEI (TERNAK) (ANTARA 41 HINGGA 60 EKOR SEKILOGRAM)","1kg","Sabah",516,26,32,33.00,33.00,0,0.00
"2023-12-01",1555,"UDANG PUTIH/VANNAMEI (TERNAK) (ANTARA 41 HINGGA 60 EKOR SEKILOGRAM)","1kg","Sabah",484,23,31,33.90,33.90,0,0.00
"2024-01-01",1555,"UDANG PUTIH/VANNAMEI (TERNAK) (ANTARA 41 HINGGA 60 EKOR SEKILOGRAM)","1kg","Sabah",711,31,32,32.90,32.90,0,0.00
"2024-02-01",1555,"UDANG PUTIH/VANNAMEI (TERNAK) (ANTARA 41 HINGGA 60 EKOR SEKILOGRAM)","1kg","Sabah",553,26,33,32.99,32.99,0,0.00
"2024-03-01",1555,"UDANG PUTIH/VANNAMEI (TERNAK) (ANTARA 41 HINGGA 60 EKOR SEKILOGRAM)","1kg","Sabah",652,27,36,33.00,33.00,0,0.00
"2024-04-01",1555,"UDANG PUTIH/VANNAMEI (TERNAK) (ANTARA 41 HINGGA 60 EKOR SEKILOGRAM)","1kg","Sabah",675,28,37,33.90,33.90,0,0.00
"2024-05-01",1555,"UDANG PUTIH/VANNAMEI (TERNAK) (ANTARA 41 HINGGA 60 EKOR SEKILOGRAM)","1kg","Sabah",697,27,35,35.00,35.00,0,0.00
"2024-06-01",1555,"UDANG PUTIH/VANNAMEI (TERNAK) (ANTARA 41 HINGGA 60 EKOR SEKILOGRAM)","1kg","Sabah",680,28,37,35.00,35.00,0,0.00
"2024-07-01",1555,"UDANG PUTIH/VANNAMEI (TERNAK) (ANTARA 41 HINGGA 60 EKOR SEKILOGRAM)","1kg","Sabah",690,29,38,35.00,35.00,0,0.00
"2024-08-01",1555,"UDANG PUTIH/VANNAMEI (TERNAK) (ANTARA 41 HINGGA 60 EKOR SEKILOGRAM)","1kg","Sabah",659,26,39,35.00,35.00,0,0.00
"2024-09-01",1555,"UDANG PUTIH/VANNAMEI (TERNAK) (ANTARA 41 HINGGA 60 EKOR SEKILOGRAM)","1kg","Sabah",743,29,41,35.00,35.00,0,0.00
"2024-10-01",1555,"UDANG PUTIH/VANNAMEI (TERNAK) (ANTARA 41 HINGGA 60 EKOR SEKILOGRAM)","1kg","Sabah",704,29,38,35.00,35.00,0,0.00
"2024-11-01",1555,"UDANG PUTIH/VANNAMEI (TERNAK) (ANTARA 41 HINGGA 60 EKOR SEKILOGRAM)","1kg","Sabah",650,28,39,35.00,35.00,0,0.00
"2024-12-01",1555,"UDANG PUTIH/VANNAMEI (TERNAK) (ANTARA 41 HINGGA 60 EKOR SEKILOGRAM)","1kg","Sabah",659,29,38,34.90,34.90,1,0.00
"2025-01-01",1555,"UDANG PUTIH/VANNAMEI (TERNAK) (ANTARA 41 HINGGA 60 EKOR SEKILOGRAM)","1kg","Sabah",719,29,41,33.00,33.00,0,0.00
"2025-02-01",1555,"UDANG PUTIH/VANNAMEI (TERNAK) (ANTARA 41 HINGGA 60 EKOR SEKILOGRAM)","1kg","Sabah",509,26,38,32.00,32.00,0,0.00
"2025-03-01",1555,"UDANG PUTIH/VANNAMEI (TERNAK) (ANTARA 41 HINGGA 60 EKOR SEKILOGRAM)","1kg","Sabah",666,30,41,33.00,33.00,0,0.00
"2025-04-01",1555,"UDANG PUTIH/VANNAMEI (TERNAK) (ANTARA 41 HINGGA 60 EKOR SEKILOGRAM)","1kg","Sabah",475,26,35,34.90,34.90,0,0.00
"2025-05-01",1555,"UDANG PUTIH/VANNAMEI (TERNAK) (ANTARA 41 HINGGA 60 EKOR SEKILOGRAM)","1kg","Sabah",576,27,38,36.30,36.30,0,0.00
"2025-06-01",1555,"UDANG PUTIH/VANNAMEI (TERNAK) (ANTARA 41 HINGGA 60 EKOR SEKILOGRAM)","1kg","Sabah",608,26,43,35.00,35.00,0,0.00
"2025-07-01",1555,"UDANG PUTIH/VANNAMEI (TERNAK) (ANTARA 41 HINGGA 60 EKOR SEKILOGRAM)","1kg","Sabah",766,30,54,35.70,35.70,0,0.00
"2025-08-01",1555,"UDANG PUTIH/VANNAMEI (TERNAK) (ANTARA 41 HINGGA 60 EKOR SEKILOGRAM)","1kg","Sabah",863,30,58,35.50,35.50,1,0.00
"2025-09-01",1555,"UDANG PUTIH/VANNAMEI (TERNAK) (ANTARA 41 HINGGA 60 EKOR SEKILOGRAM)","1kg","Sabah",643,26,55,34.99,34.99,0,0.00
"2025-10-01",1555,"UDANG PUTIH/VANNAMEI (TERNAK) (ANTARA 41 HINGGA 60 EKOR SEKILOGRAM)","1kg","Sabah",827,30,62,36.00,36.00,0,0.00
"2025-11-01",1555,"UDANG PUTIH/VANNAMEI (TERNAK) (ANTARA 41 HINGGA 60 EKOR SEKILOGRAM)","1kg","Sabah",787,28,62,35.50,35.50,0,0.00
"2025-12-01",1555,"UDANG PUTIH/VANNAMEI (TERNAK) (ANTARA 41 HINGGA 60 EKOR SEKILOGRAM)","1kg","Sabah",710,29,58,34.99,34.99,1,0.00
"2023-01-01",1555,"UDANG PUTIH/VANNAMEI (TERNAK) (ANTARA 41 HINGGA 60 EKOR SEKILOGRAM)","1kg","Sarawak",602,27,46,35.00,35.00,0,0.00
"2023-02-01",1555,"UDANG PUTIH/VANNAMEI (TERNAK) (ANTARA 41 HINGGA 60 EKOR SEKILOGRAM)","1kg","Sarawak",705,27,42,36.00,36.00,0,0.00
"2023-03-01",1555,"UDANG PUTIH/VANNAMEI (TERNAK) (ANTARA 41 HINGGA 60 EKOR SEKILOGRAM)","1kg","Sarawak",808,31,42,35.90,35.90,0,0.00
"2023-04-01",1555,"UDANG PUTIH/VANNAMEI (TERNAK) (ANTARA 41 HINGGA 60 EKOR SEKILOGRAM)","1kg","Sarawak",612,25,38,35.00,35.00,0,0.00
"2023-05-01",1555,"UDANG PUTIH/VANNAMEI (TERNAK) (ANTARA 41 HINGGA 60 EKOR SEKILOGRAM)","1kg","Sarawak",624,24,43,35.90,35.90,0,0.00
"2023-06-01",1555,"UDANG PUTIH/VANNAMEI (TERNAK) (ANTARA 41 HINGGA 60 EKOR SEKILOGRAM)","1kg","Sarawak",722,26,44,36.00,36.00,0,0.00
"2023-07-01",1555,"UDANG PUTIH/VANNAMEI (TERNAK) (ANTARA 41 HINGGA 60 EKOR SEKILOGRAM)","1kg","Sarawak",871,29,43,36.00,36.00,0,0.00
"2023-08-01",1555,"UDANG PUTIH/VANNAMEI (TERNAK) (ANTARA 41 HINGGA 60 EKOR SEKILOGRAM)","1kg","Sarawak",815,29,43,36.00,36.00,0,0.00
"2023-09-01",1555,"UDANG PUTIH/VANNAMEI (TERNAK) (ANTARA 41 HINGGA 60 EKOR SEKILOGRAM)","1kg","Sarawak",810,27,46,36.90,36.90,0,0.00
"2023-10-01",1555,"UDANG PUTIH/VANNAMEI (TERNAK) (ANTARA 41 HINGGA 60 EKOR SEKILOGRAM)","1kg","Sarawak",848,29,45,36.00,36.00,0,0.00
"2023-11-01",1555,"UDANG PUTIH/VANNAMEI (TERNAK) (ANTARA 41 HINGGA 60 EKOR SEKILOGRAM)","1kg","Sarawak",771,28,45,36.00,36.00,0,0.00
"2023-12-01",1555,"UDANG PUTIH/VANNAMEI (TERNAK) (ANTARA 41 HINGGA 60 EKOR SEKILOGRAM)","1kg","Sarawak",705,24,43,35.90,35.90,0,0.00
"2024-01-01",1555,"UDANG PUTIH/VANNAMEI (TERNAK) (ANTARA 41 HINGGA 60 EKOR SEKILOGRAM)","1kg","Sarawak",998,31,48,35.00,35.00,0,0.00
"2024-02-01",1555,"UDANG PUTIH/VANNAMEI (TERNAK) (ANTARA 41 HINGGA 60 EKOR SEKILOGRAM)","1kg","Sarawak",678,26,49,35.00,35.00,0,0.00
"2024-03-01",1555,"UDANG PUTIH/VANNAMEI (TERNAK) (ANTARA 41 HINGGA 60 EKOR SEKILOGRAM)","1kg","Sarawak",735,28,44,35.90,35.90,0,0.00
"2024-04-01",1555,"UDANG PUTIH/VANNAMEI (TERNAK) (ANTARA 41 HINGGA 60 EKOR SEKILOGRAM)","1kg","Sarawak",795,28,47,36.00,36.00,0,0.00
"2024-05-01",1555,"UDANG PUTIH/VANNAMEI (TERNAK) (ANTARA 41 HINGGA 60 EKOR SEKILOGRAM)","1kg","Sarawak",798,29,44,37.00,37.00,0,0.00
"2024-06-01",1555,"UDANG PUTIH/VANNAMEI (TERNAK) (ANTARA 41 HINGGA 60 EKOR SEKILOGRAM)","1kg","Sarawak",711,25,47,36.00,36.00,0,0.00
"2024-07-01",1555,"UDANG PUTIH/VANNAMEI (TERNAK) (ANTARA 41 HINGGA 60 EKOR SEKILOGRAM)","1kg","Sarawak",828,28,46,36.00,36.00,0,0.00
"2024-08-01",1555,"UDANG PUTIH/VANNAMEI (TERNAK) (ANTARA 41 HINGGA 60 EKOR SEKILOGRAM)","1kg","Sarawak",869,26,48,36.00,36.00,0,0.00
"2024-09-01",1555,"UDANG PUTIH/VANNAMEI (TERNAK) (ANTARA 41 HINGGA 60 EKOR SEKILOGRAM)","1kg","Sarawak",1026,29,47,36.00,36.00,0,0.00
"2024-10-01",1555,"UDANG PUTIH/VANNAMEI (TERNAK) (ANTARA 41 HINGGA 60 EKOR SEKILOGRAM)","1kg","Sarawak",993,30,47,36.00,36.00,0,0.00
"2024-11-01",1555,"UDANG PUTIH/VANNAMEI (TERNAK) (ANTARA 41 HINGGA 60 EKOR SEKILOGRAM)","1kg","Sarawak",1055,28,63,35.90,35.90,0,0.00
"2024-12-01",1555,"UDANG PUTIH/VANNAMEI (TERNAK) (ANTARA 41 HINGGA 60 EKOR SEKILOGRAM)","1kg","Sarawak",1189,30,62,35.90,35.90,0,0.00
"2025-01-01",1555,"UDANG PUTIH/VANNAMEI (TERNAK) (ANTARA 41 HINGGA 60 EKOR SEKILOGRAM)","1kg","Sarawak",1017,29,60,35.70,35.70,0,0.00
"2025-02-01",1555,"UDANG PUTIH/VANNAMEI (TERNAK) (ANTARA 41 HINGGA 60 EKOR SEKILOGRAM)","1kg","Sarawak",846,26,56,35.90,35.90,0,0.00
"2025-03-01",1555,"UDANG PUTIH/VANNAMEI (TERNAK) (ANTARA 41 HINGGA 60 EKOR SEKILOGRAM)","1kg","Sarawak",1114,30,62,37.00,37.00,0,0.00
"2025-04-01",1555,"UDANG PUTIH/VANNAMEI (TERNAK) (ANTARA 41 HINGGA 60 EKOR SEKILOGRAM)","1kg","Sarawak",909,27,64,37.50,37.50,0,0.00
"2025-05-01",1555,"UDANG PUTIH/VANNAMEI (TERNAK) (ANTARA 41 HINGGA 60 EKOR SEKILOGRAM)","1kg","Sarawak",874,29,62,36.00,36.00,0,0.00
"2025-06-01",1555,"UDANG PUTIH/VANNAMEI (TERNAK) (ANTARA 41 HINGGA 60 EKOR SEKILOGRAM)","1kg","Sarawak",907,24,70,36.00,36.00,0,0.00
"2025-07-01",1555,"UDANG PUTIH/VANNAMEI (TERNAK) (ANTARA 41 HINGGA 60 EKOR SEKILOGRAM)","1kg","Sarawak",1465,30,98,37.50,37.50,0,0.00
"2025-08-01",1555,"UDANG PUTIH/VANNAMEI (TERNAK) (ANTARA 41 HINGGA 60 EKOR SEKILOGRAM)","1kg","Sarawak",1713,30,93,35.90,35.90,0,0.00
"2025-09-01",1555,"UDANG PUTIH/VANNAMEI (TERNAK) (ANTARA 41 HINGGA 60 EKOR SEKILOGRAM)","1kg","Sarawak",1608,26,102,35.99,35.99,0,0.00
"2025-10-01",1555,"UDANG PUTIH/VANNAMEI (TERNAK) (ANTARA 41 HINGGA 60 EKOR SEKILOGRAM)","1kg","Sarawak",1908,30,98,36.00,36.00,0,0.00
"2025-11-01",1555,"UDANG PUTIH/VANNAMEI (TERNAK) (ANTARA 41 HINGGA 60 EKOR SEKILOGRAM)","1kg","Sarawak",1843,30,100,35.98,35.98,0,0.00
"2025-12-01",1555,"UDANG PUTIH/VANNAMEI (TERNAK) (ANTARA 41 HINGGA 60 EKOR SEKILOGRAM)","1kg","Sarawak",1872,30,99,35.90,35.90,0,0.00
"2023-01-01",1555,"UDANG PUTIH/VANNAMEI (TERNAK) (ANTARA 41 HINGGA 60 EKOR SEKILOGRAM)","1kg","Selangor",1691,27,83,33.90,33.90,0,0.00
"2023-02-01",1555,"UDANG PUTIH/VANNAMEI (TERNAK) (ANTARA 41 HINGGA 60 EKOR SEKILOGRAM)","1kg","Selangor",1610,25,85,33.90,33.90,0,0.00
"2023-03-01",1555,"UDANG PUTIH/VANNAMEI (TERNAK) (ANTARA 41 HINGGA 60 EKOR SEKILOGRAM)","1kg","Selangor",1988,31,82,33.00,33.00,1,0.00
"2023-04-01",1555,"UDANG PUTIH/VANNAMEI (TERNAK) (ANTARA 41 HINGGA 60 EKOR SEKILOGRAM)","1kg","Selangor",1573,25,82,33.99,33.99,0,0.00
"2023-05-01",1555,"UDANG PUTIH/VANNAMEI (TERNAK) (ANTARA 41 HINGGA 60 EKOR SEKILOGRAM)","1kg","Selangor",1567,24,81,32.50,32.50,0,0.00
"2023-06-01",1555,"UDANG PUTIH/VANNAMEI (TERNAK) (ANTARA 41 HINGGA 60 EKOR SEKILOGRAM)","1kg","Selangor",1802,28,81,32.00,32.00,0,0.00
"2023-07-01",1555,"UDANG PUTIH/VANNAMEI (TERNAK) (ANTARA 41 HINGGA 60 EKOR SEKILOGRAM)","1kg","Selangor",1988,30,80,30.90,30.90,0,0.00
"2023-08-01",1555,"UDANG PUTIH/VANNAMEI (TERNAK) (ANTARA 41 HINGGA 60 EKOR SEKILOGRAM)","1kg","Selangor",1780,29,79,32.00,32.00,0,0.00
"2023-09-01",1555,"UDANG PUTIH/VANNAMEI (TERNAK) (ANTARA 41 HINGGA 60 EKOR SEKILOGRAM)","1kg","Selangor",1702,27,79,30.00,30.00,2,0.00
"2023-10-01",1555,"UDANG PUTIH/VANNAMEI (TERNAK) (ANTARA 41 HINGGA 60 EKOR SEKILOGRAM)","1kg","Selangor",1794,30,76,30.00,30.00,0,0.00
"2023-11-01",1555,"UDANG PUTIH/VANNAMEI (TERNAK) (ANTARA 41 HINGGA 60 EKOR SEKILOGRAM)","1kg","Selangor",1600,26,78,30.00,30.00,0,0.00
"2023-12-01",1555,"UDANG PUTIH/VANNAMEI (TERNAK) (ANTARA 41 HINGGA 60 EKOR SEKILOGRAM)","1kg","Selangor",1463,24,77,32.00,32.00,0,0.00
"2024-01-01",1555,"UDANG PUTIH/VANNAMEI (TERNAK) (ANTARA 41 HINGGA 60 EKOR SEKILOGRAM)","1kg","Selangor",1931,30,80,32.00,32.00,0,0.00
"2024-02-01",1555,"UDANG PUTIH/VANNAMEI (TERNAK) (ANTARA 41 HINGGA 60 EKOR SEKILOGRAM)","1kg","Selangor",1578,26,79,32.00,32.00,0,0.00
"2024-03-01",1555,"UDANG PUTIH/VANNAMEI (TERNAK) (ANTARA 41 HINGGA 60 EKOR SEKILOGRAM)","1kg","Selangor",1656,27,80,32.00,32.00,0,0.00
"2024-04-01",1555,"UDANG PUTIH/VANNAMEI (TERNAK) (ANTARA 41 HINGGA 60 EKOR SEKILOGRAM)","1kg","Selangor",1756,28,79,32.00,32.00,0,0.00
"2024-05-01",1555,"UDANG PUTIH/VANNAMEI (TERNAK) (ANTARA 41 HINGGA 60 EKOR SEKILOGRAM)","1kg","Selangor",1953,29,80,32.00,32.00,0,0.00
"2024-06-01",1555,"UDANG PUTIH/VANNAMEI (TERNAK) (ANTARA 41 HINGGA 60 EKOR SEKILOGRAM)","1kg","Selangor",1898,28,79,30.00,30.00,1,0.00
"2024-07-01",1555,"UDANG PUTIH/VANNAMEI (TERNAK) (ANTARA 41 HINGGA 60 EKOR SEKILOGRAM)","1kg","Selangor",1877,28,79,30.80,30.80,0,0.00
"2024-08-01",1555,"UDANG PUTIH/VANNAMEI (TERNAK) (ANTARA 41 HINGGA 60 EKOR SEKILOGRAM)","1kg","Selangor",1637,25,78,31.90,31.90,0,0.00
"2024-09-01",1555,"UDANG PUTIH/VANNAMEI (TERNAK) (ANTARA 41 HINGGA 60 EKOR SEKILOGRAM)","1kg","Selangor",1924,29,76,32.00,32.00,0,0.00
"2024-10-01",1555,"UDANG PUTIH/VANNAMEI (TERNAK) (ANTARA 41 HINGGA 60 EKOR SEKILOGRAM)","1kg","Selangor",1992,30,79,32.00,32.00,0,0.00
"2024-11-01",1555,"UDANG PUTIH/VANNAMEI (TERNAK) (ANTARA 41 HINGGA 60 EKOR SEKILOGRAM)","1kg","Selangor",1796,28,80,32.00,32.00,0,0.00
"2024-12-01",1555,"UDANG PUTIH/VANNAMEI (TERNAK) (ANTARA 41 HINGGA 60 EKOR SEKILOGRAM)","1kg","Selangor",1879,30,81,32.00,32.00,0,0.00
"2025-01-01",1555,"UDANG PUTIH/VANNAMEI (TERNAK) (ANTARA 41 HINGGA 60 EKOR SEKILOGRAM)","1kg","Selangor",1757,29,80,32.00,32.00,0,0.00
"2025-02-01",1555,"UDANG PUTIH/VANNAMEI (TERNAK) (ANTARA 41 HINGGA 60 EKOR SEKILOGRAM)","1kg","Selangor",1441,25,78,33.58,33.58,0,0.00
"2025-03-01",1555,"UDANG PUTIH/VANNAMEI (TERNAK) (ANTARA 41 HINGGA 60 EKOR SEKILOGRAM)","1kg","Selangor",1679,29,77,34.00,34.00,0,0.00
"2025-04-01",1555,"UDANG PUTIH/VANNAMEI (TERNAK) (ANTARA 41 HINGGA 60 EKOR SEKILOGRAM)","1kg","Selangor",1655,28,78,33.99,33.99,0,0.00
"2025-05-01",1555,"UDANG PUTIH/VANNAMEI (TERNAK) (ANTARA 41 HINGGA 60 EKOR SEKILOGRAM)","1kg","Selangor",1828,29,78,32.00,32.00,0,0.00
"2025-06-01",1555,"UDANG PUTIH/VANNAMEI (TERNAK) (ANTARA 41 HINGGA 60 EKOR SEKILOGRAM)","1kg","Selangor",1616,26,77,32.00,32.00,0,0.00
"2025-07-01",1555,"UDANG PUTIH/VANNAMEI (TERNAK) (ANTARA 41 HINGGA 60 EKOR SEKILOGRAM)","1kg","Selangor",2046,30,100,32.00,32.00,0,0.00
"2025-08-01",1555,"UDANG PUTIH/VANNAMEI (TERNAK) (ANTARA 41 HINGGA 60 EKOR SEKILOGRAM)","1kg","Selangor",2205,30,98,32.00,32.00,0,0.00
"2025-09-01",1555,"UDANG PUTIH/VANNAMEI (TERNAK) (ANTARA 41 HINGGA 60 EKOR SEKILOGRAM)","1kg","Selangor",1924,26,98,32.00,32.00,0,0.00
"2025-10-01",1555,"UDANG PUTIH/VANNAMEI (TERNAK) (ANTARA 41 HINGGA 60 EKOR SEKILOGRAM)","1kg","Selangor",2210,30,98,32.00,32.00,0,0.00
"2025-11-01",1555,"UDANG PUTIH/VANNAMEI (TERNAK) (ANTARA 41 HINGGA 60 EKOR SEKILOGRAM)","1kg","Selangor",2113,29,97,32.00,32.00,0,0.00
"2025-12-01",1555,"UDANG PUTIH/VANNAMEI (TERNAK) (ANTARA 41 HINGGA 60 EKOR SEKILOGRAM)","1kg","Selangor",2091,30,97,33.00,33.00,0,0.00
"2023-01-01",1555,"UDANG PUTIH/VANNAMEI (TERNAK) (ANTARA 41 HINGGA 60 EKOR SEKILOGRAM)","1kg","Terengganu",823,29,66,34.00,34.00,0,0.00
"2023-02-01",1555,"UDANG PUTIH/VANNAMEI (TERNAK) (ANTARA 41 HINGGA 60 EKOR SEKILOGRAM)","1kg","Terengganu",759,25,62,34.00,34.00,0,0.00
"2023-03-01",1555,"UDANG PUTIH/VANNAMEI (TERNAK) (ANTARA 41 HINGGA 60 EKOR SEKILOGRAM)","1kg","Terengganu",795,29,62,34.00,34.00,0,0.00
"2023-04-01",1555,"UDANG PUTIH/VANNAMEI (TERNAK) (ANTARA 41 HINGGA 60 EKOR SEKILOGRAM)","1kg","Terengganu",662,24,63,34.75,34.75,0,0.00
"2023-05-01",1555,"UDANG PUTIH/VANNAMEI (TERNAK) (ANTARA 41 HINGGA 60 EKOR SEKILOGRAM)","1kg","Terengganu",703,24,66,33.50,33.50,0,0.00
"2023-06-01",1555,"UDANG PUTIH/VANNAMEI (TERNAK) (ANTARA 41 HINGGA 60 EKOR SEKILOGRAM)","1kg","Terengganu",820,26,67,32.00,32.00,0,0.00
"2023-07-01",1555,"UDANG PUTIH/VANNAMEI (TERNAK) (ANTARA 41 HINGGA 60 EKOR SEKILOGRAM)","1kg","Terengganu",880,30,60,32.00,32.00,0,0.00
"2023-08-01",1555,"UDANG PUTIH/VANNAMEI (TERNAK) (ANTARA 41 HINGGA 60 EKOR SEKILOGRAM)","1kg","Terengganu",841,27,64,32.90,32.90,0,0.00
"2023-09-01",1555,"UDANG PUTIH/VANNAMEI (TERNAK) (ANTARA 41 HINGGA 60 EKOR SEKILOGRAM)","1kg","Terengganu",747,26,62,32.00,32.00,0,0.00
"2023-10-01",1555,"UDANG PUTIH/VANNAMEI (TERNAK) (ANTARA 41 HINGGA 60 EKOR SEKILOGRAM)","1kg","Terengganu",970,30,61,32.00,32.00,0,0.00
"2023-11-01",1555,"UDANG PUTIH/VANNAMEI (TERNAK) (ANTARA 41 HINGGA 60 EKOR SEKILOGRAM)","1kg","Terengganu",825,27,64,32.00,32.00,0,0.00
"2023-12-01",1555,"UDANG PUTIH/VANNAMEI (TERNAK) (ANTARA 41 HINGGA 60 EKOR SEKILOGRAM)","1kg","Terengganu",720,24,60,32.00,32.00,0,0.00
"2024-01-01",1555,"UDANG PUTIH/VANNAMEI (TERNAK) (ANTARA 41 HINGGA 60 EKOR SEKILOGRAM)","1kg","Terengganu",915,31,67,32.00,32.00,0,0.00
"2024-02-01",1555,"UDANG PUTIH/VANNAMEI (TERNAK) (ANTARA 41 HINGGA 60 EKOR SEKILOGRAM)","1kg","Terengganu",691,25,60,32.00,32.00,0,0.00
"2024-03-01",1555,"UDANG PUTIH/VANNAMEI (TERNAK) (ANTARA 41 HINGGA 60 EKOR SEKILOGRAM)","1kg","Terengganu",840,26,69,32.00,32.00,0,0.00
"2024-04-01",1555,"UDANG PUTIH/VANNAMEI (TERNAK) (ANTARA 41 HINGGA 60 EKOR SEKILOGRAM)","1kg","Terengganu",791,27,62,32.99,32.99,0,0.00
"2024-05-01",1555,"UDANG PUTIH/VANNAMEI (TERNAK) (ANTARA 41 HINGGA 60 EKOR SEKILOGRAM)","1kg","Terengganu",929,29,65,32.00,32.00,0,0.00
"2024-06-01",1555,"UDANG PUTIH/VANNAMEI (TERNAK) (ANTARA 41 HINGGA 60 EKOR SEKILOGRAM)","1kg","Terengganu",806,26,60,32.00,32.00,0,0.00
"2024-07-01",1555,"UDANG PUTIH/VANNAMEI (TERNAK) (ANTARA 41 HINGGA 60 EKOR SEKILOGRAM)","1kg","Terengganu",910,29,64,30.90,30.90,0,0.00
"2024-08-01",1555,"UDANG PUTIH/VANNAMEI (TERNAK) (ANTARA 41 HINGGA 60 EKOR SEKILOGRAM)","1kg","Terengganu",791,25,65,32.00,32.00,0,0.00
"2024-09-01",1555,"UDANG PUTIH/VANNAMEI (TERNAK) (ANTARA 41 HINGGA 60 EKOR SEKILOGRAM)","1kg","Terengganu",832,28,68,32.00,32.00,0,0.00
"2024-10-01",1555,"UDANG PUTIH/VANNAMEI (TERNAK) (ANTARA 41 HINGGA 60 EKOR SEKILOGRAM)","1kg","Terengganu",811,30,62,32.00,32.00,0,0.00
"2024-11-01",1555,"UDANG PUTIH/VANNAMEI (TERNAK) (ANTARA 41 HINGGA 60 EKOR SEKILOGRAM)","1kg","Terengganu",711,28,58,32.00,32.00,0,0.00
"2024-12-01",1555,"UDANG PUTIH/VANNAMEI (TERNAK) (ANTARA 41 HINGGA 60 EKOR SEKILOGRAM)","1kg","Terengganu",762,30,56,32.00,32.00,0,0.00
"2025-01-01",1555,"UDANG PUTIH/VANNAMEI (TERNAK) (ANTARA 41 HINGGA 60 EKOR SEKILOGRAM)","1kg","Terengganu",690,28,55,32.00,32.00,0,0.00
"2025-02-01",1555,"UDANG PUTIH/VANNAMEI (TERNAK) (ANTARA 41 HINGGA 60 EKOR SEKILOGRAM)","1kg","Terengganu",626,26,54,34.00,34.00,0,0.00
"2025-03-01",1555,"UDANG PUTIH/VANNAMEI (TERNAK) (ANTARA 41 HINGGA 60 EKOR SEKILOGRAM)","1kg","Terengganu",660,27,58,34.00,34.00,0,0.00
"2025-04-01",1555,"UDANG PUTIH/VANNAMEI (TERNAK) (ANTARA 41 HINGGA 60 EKOR SEKILOGRAM)","1kg","Terengganu",619,27,55,32.90,32.90,0,0.00
"2025-05-01",1555,"UDANG PUTIH/VANNAMEI (TERNAK) (ANTARA 41 HINGGA 60 EKOR SEKILOGRAM)","1kg","Terengganu",835,29,56,32.99,32.99,0,0.00
"2025-06-01",1555,"UDANG PUTIH/VANNAMEI (TERNAK) (ANTARA 41 HINGGA 60 EKOR SEKILOGRAM)","1kg","Terengganu",693,23,57,32.00,32.00,0,0.00
"2025-07-01",1555,"UDANG PUTIH/VANNAMEI (TERNAK) (ANTARA 41 HINGGA 60 EKOR SEKILOGRAM)","1kg","Terengganu",976,30,69,32.00,32.00,0,0.00
"2025-08-01",1555,"UDANG PUTIH/VANNAMEI (TERNAK) (ANTARA 41 HINGGA 60 EKOR SEKILOGRAM)","1kg","Terengganu",982,30,64,32.00,32.00,0,0.00
"2025-09-01",1555,"UDANG PUTIH/VANNAMEI (TERNAK) (ANTARA 41 HINGGA 60 EKOR SEKILOGRAM)","1kg","Terengganu",828,27,59,32.00,32.00,0,0.00
"2025-10-01",1555,"UDANG PUTIH/VANNAMEI (TERNAK) (ANTARA 41 HINGGA 60 EKOR SEKILOGRAM)","1kg","Terengganu",1020,30,63,32.00,32.00,0,0.00
"2025-11-01",1555,"UDANG PUTIH/VANNAMEI (TERNAK) (ANTARA 41 HINGGA 60 EKOR SEKILOGRAM)","1kg","Terengganu",970,30,64,32.00,32.00,0,0.00
"2025-12-01",1555,"UDANG PUTIH/VANNAMEI (TERNAK) (ANTARA 41 HINGGA 60 EKOR SEKILOGRAM)","1kg","Terengganu",904,30,60,32.00,32.00,0,0.00
"2023-01-01",1555,"UDANG PUTIH/VANNAMEI (TERNAK) (ANTARA 41 HINGGA 60 EKOR SEKILOGRAM)","1kg","W.P. Kuala Lumpur",1453,27,92,38.00,38.00,0,0.00
"2023-02-01",1555,"UDANG PUTIH/VANNAMEI (TERNAK) (ANTARA 41 HINGGA 60 EKOR SEKILOGRAM)","1kg","W.P. Kuala Lumpur",1277,24,88,38.00,38.00,0,0.00
"2023-03-01",1555,"UDANG PUTIH/VANNAMEI (TERNAK) (ANTARA 41 HINGGA 60 EKOR SEKILOGRAM)","1kg","W.P. Kuala Lumpur",1840,31,88,38.80,38.80,0,0.00
"2023-04-01",1555,"UDANG PUTIH/VANNAMEI (TERNAK) (ANTARA 41 HINGGA 60 EKOR SEKILOGRAM)","1kg","W.P. Kuala Lumpur",1484,25,90,38.80,38.80,0,0.00
"2023-05-01",1555,"UDANG PUTIH/VANNAMEI (TERNAK) (ANTARA 41 HINGGA 60 EKOR SEKILOGRAM)","1kg","W.P. Kuala Lumpur",1418,24,86,36.00,36.00,0,0.00
"2023-06-01",1555,"UDANG PUTIH/VANNAMEI (TERNAK) (ANTARA 41 HINGGA 60 EKOR SEKILOGRAM)","1kg","W.P. Kuala Lumpur",1562,28,86,35.00,35.00,0,0.00
"2023-07-01",1555,"UDANG PUTIH/VANNAMEI (TERNAK) (ANTARA 41 HINGGA 60 EKOR SEKILOGRAM)","1kg","W.P. Kuala Lumpur",1740,30,91,34.90,34.90,0,0.00
"2023-08-01",1555,"UDANG PUTIH/VANNAMEI (TERNAK) (ANTARA 41 HINGGA 60 EKOR SEKILOGRAM)","1kg","W.P. Kuala Lumpur",1581,29,85,35.00,35.00,0,0.00
"2023-09-01",1555,"UDANG PUTIH/VANNAMEI (TERNAK) (ANTARA 41 HINGGA 60 EKOR SEKILOGRAM)","1kg","W.P. Kuala Lumpur",1464,27,85,34.99,34.99,0,0.00
"2023-10-01",1555,"UDANG PUTIH/VANNAMEI (TERNAK) (ANTARA 41 HINGGA 60 EKOR SEKILOGRAM)","1kg","W.P. Kuala Lumpur",1547,30,86,35.00,35.00,0,0.00
"2023-11-01",1555,"UDANG PUTIH/VANNAMEI (TERNAK) (ANTARA 41 HINGGA 60 EKOR SEKILOGRAM)","1kg","W.P. Kuala Lumpur",1419,26,83,35.60,35.60,0,0.00
"2023-12-01",1555,"UDANG PUTIH/VANNAMEI (TERNAK) (ANTARA 41 HINGGA 60 EKOR SEKILOGRAM)","1kg","W.P. Kuala Lumpur",1301,24,81,35.00,35.00,0,0.00
"2024-01-01",1555,"UDANG PUTIH/VANNAMEI (TERNAK) (ANTARA 41 HINGGA 60 EKOR SEKILOGRAM)","1kg","W.P. Kuala Lumpur",1671,30,82,35.90,35.90,0,0.00
"2024-02-01",1555,"UDANG PUTIH/VANNAMEI (TERNAK) (ANTARA 41 HINGGA 60 EKOR SEKILOGRAM)","1kg","W.P. Kuala Lumpur",1315,25,87,36.00,36.00,0,0.00
"2024-03-01",1555,"UDANG PUTIH/VANNAMEI (TERNAK) (ANTARA 41 HINGGA 60 EKOR SEKILOGRAM)","1kg","W.P. Kuala Lumpur",1514,27,87,35.90,35.90,0,0.00
"2024-04-01",1555,"UDANG PUTIH/VANNAMEI (TERNAK) (ANTARA 41 HINGGA 60 EKOR SEKILOGRAM)","1kg","W.P. Kuala Lumpur",1552,28,90,36.00,36.00,0,0.00
"2024-05-01",1555,"UDANG PUTIH/VANNAMEI (TERNAK) (ANTARA 41 HINGGA 60 EKOR SEKILOGRAM)","1kg","W.P. Kuala Lumpur",1760,29,92,35.00,35.00,0,0.00
"2024-06-01",1555,"UDANG PUTIH/VANNAMEI (TERNAK) (ANTARA 41 HINGGA 60 EKOR SEKILOGRAM)","1kg","W.P. Kuala Lumpur",1745,28,96,34.00,34.00,0,0.00
"2024-07-01",1555,"UDANG PUTIH/VANNAMEI (TERNAK) (ANTARA 41 HINGGA 60 EKOR SEKILOGRAM)","1kg","W.P. Kuala Lumpur",1825,28,95,35.00,35.00,0,0.00
"2024-08-01",1555,"UDANG PUTIH/VANNAMEI (TERNAK) (ANTARA 41 HINGGA 60 EKOR SEKILOGRAM)","1kg","W.P. Kuala Lumpur",1532,25,91,35.00,35.00,0,0.00
"2024-09-01",1555,"UDANG PUTIH/VANNAMEI (TERNAK) (ANTARA 41 HINGGA 60 EKOR SEKILOGRAM)","1kg","W.P. Kuala Lumpur",1848,29,91,35.90,35.90,0,0.00
"2024-10-01",1555,"UDANG PUTIH/VANNAMEI (TERNAK) (ANTARA 41 HINGGA 60 EKOR SEKILOGRAM)","1kg","W.P. Kuala Lumpur",1854,30,90,35.00,35.00,0,0.00
"2024-11-01",1555,"UDANG PUTIH/VANNAMEI (TERNAK) (ANTARA 41 HINGGA 60 EKOR SEKILOGRAM)","1kg","W.P. Kuala Lumpur",1646,28,89,35.90,35.90,1,0.00
"2024-12-01",1555,"UDANG PUTIH/VANNAMEI (TERNAK) (ANTARA 41 HINGGA 60 EKOR SEKILOGRAM)","1kg","W.P. Kuala Lumpur",1831,30,92,35.99,35.99,0,0.00
"2025-01-01",1555,"UDANG PUTIH/VANNAMEI (TERNAK) (ANTARA 41 HINGGA 60 EKOR SEKILOGRAM)","1kg","W.P. Kuala Lumpur",1614,29,87,36.25,36.25,0,0.00
"2025-02-01",1555,"UDANG PUTIH/VANNAMEI (TERNAK) (ANTARA 41 HINGGA 60 EKOR SEKILOGRAM)","1kg","W.P. Kuala Lumpur",1231,24,84,36.90,36.90,0,0.00
"2025-03-01",1555,"UDANG PUTIH/VANNAMEI (TERNAK) (ANTARA 41 HINGGA 60 EKOR SEKILOGRAM)","1kg","W.P. Kuala Lumpur",1645,29,89,36.99,36.99,0,0.00
"2025-04-01",1555,"UDANG PUTIH/VANNAMEI (TERNAK) (ANTARA 41 HINGGA 60 EKOR SEKILOGRAM)","1kg","W.P. Kuala Lumpur",1460,28,90,36.00,36.00,0,0.00
"2025-05-01",1555,"UDANG PUTIH/VANNAMEI (TERNAK) (ANTARA 41 HINGGA 60 EKOR SEKILOGRAM)","1kg","W.P. Kuala Lumpur",1799,29,84,35.00,35.00,0,0.00
"2025-06-01",1555,"UDANG PUTIH/VANNAMEI (TERNAK) (ANTARA 41 HINGGA 60 EKOR SEKILOGRAM)","1kg","W.P. Kuala Lumpur",1544,26,90,35.00,35.00,0,0.00
"2025-07-01",1555,"UDANG PUTIH/VANNAMEI (TERNAK) (ANTARA 41 HINGGA 60 EKOR SEKILOGRAM)","1kg","W.P. Kuala Lumpur",2118,30,116,34.99,34.99,0,0.00
"2025-08-01",1555,"UDANG PUTIH/VANNAMEI (TERNAK) (ANTARA 41 HINGGA 60 EKOR SEKILOGRAM)","1kg","W.P. Kuala Lumpur",2456,30,116,35.90,35.90,0,0.00
"2025-09-01",1555,"UDANG PUTIH/VANNAMEI (TERNAK) (ANTARA 41 HINGGA 60 EKOR SEKILOGRAM)","1kg","W.P. Kuala Lumpur",2148,26,109,35.80,35.80,1,0.00
"2025-10-01",1555,"UDANG PUTIH/VANNAMEI (TERNAK) (ANTARA 41 HINGGA 60 EKOR SEKILOGRAM)","1kg","W.P. Kuala Lumpur",2444,30,113,35.00,35.00,0,0.00
"2025-11-01",1555,"UDANG PUTIH/VANNAMEI (TERNAK) (ANTARA 41 HINGGA 60 EKOR SEKILOGRAM)","1kg","W.P. Kuala Lumpur",2371,30,118,35.80,35.80,0,0.00
"2025-12-01",1555,"UDANG PUTIH/VANNAMEI (TERNAK) (ANTARA 41 HINGGA 60 EKOR SEKILOGRAM)","1kg","W.P. Kuala Lumpur",2452,30,117,36.29,36.29,1,0.00
"2025-02-01",1555,"UDANG PUTIH/VANNAMEI (TERNAK) (ANTARA 41 HINGGA 60 EKOR SEKILOGRAM)","1kg","W.P. Labuan",15,10,7,42.90,42.90,0,0.00
"2025-03-01",1555,"UDANG PUTIH/VANNAMEI (TERNAK) (ANTARA 41 HINGGA 60 EKOR SEKILOGRAM)","1kg","W.P. Labuan",19,15,6,42.90,42.90,0,0.00
"2025-04-01",1555,"UDANG PUTIH/VANNAMEI (TERNAK) (ANTARA 41 HINGGA 60 EKOR SEKILOGRAM)","1kg","W.P. Labuan",37,21,7,39.90,39.90,0,0.00
"2025-05-01",1555,"UDANG PUTIH/VANNAMEI (TERNAK) (ANTARA 41 HINGGA 60 EKOR SEKILOGRAM)","1kg","W.P. Labuan",80,23,11,37.90,37.90,0,0.00
"2025-06-01",1555,"UDANG PUTIH/VANNAMEI (TERNAK) (ANTARA 41 HINGGA 60 EKOR SEKILOGRAM)","1kg","W.P. Labuan",121,25,8,37.90,37.90,0,0.00
"2025-07-01",1555,"UDANG PUTIH/VANNAMEI (TERNAK) (ANTARA 41 HINGGA 60 EKOR SEKILOGRAM)","1kg","W.P. Labuan",194,30,10,38.00,38.00,0,0.00
"2025-08-01",1555,"UDANG PUTIH/VANNAMEI (TERNAK) (ANTARA 41 HINGGA 60 EKOR SEKILOGRAM)","1kg","W.P. Labuan",177,30,10,39.90,39.90,0,0.00
"2025-09-01",1555,"UDANG PUTIH/VANNAMEI (TERNAK) (ANTARA 41 HINGGA 60 EKOR SEKILOGRAM)","1kg","W.P. Labuan",130,26,9,39.90,39.90,0,0.00
"2025-10-01",1555,"UDANG PUTIH/VANNAMEI (TERNAK) (ANTARA 41 HINGGA 60 EKOR SEKILOGRAM)","1kg","W.P. Labuan",205,30,11,39.00,39.00,0,0.00
"2025-11-01",1555,"UDANG PUTIH/VANNAMEI (TERNAK) (ANTARA 41 HINGGA 60 EKOR SEKILOGRAM)","1kg","W.P. Labuan",184,29,10,39.90,39.90,0,0.00
"2025-12-01",1555,"UDANG PUTIH/VANNAMEI (TERNAK) (ANTARA 41 HINGGA 60 EKOR SEKILOGRAM)","1kg","W.P. Labuan",200,30,11,39.90,39.90,0,0.00
"2023-01-01",1555,"UDANG PUTIH/VANNAMEI (TERNAK) (ANTARA 41 HINGGA 60 EKOR SEKILOGRAM)","1kg","W.P. Putrajaya",208,27,15,39.90,39.90,0,0.00
"2023-02-01",1555,"UDANG PUTIH/VANNAMEI (TERNAK) (ANTARA 41 HINGGA 60 EKOR SEKILOGRAM)","1kg","W.P. Putrajaya",162,24,15,39.90,39.90,0,0.00
"2023-03-01",1555,"UDANG PUTIH/VANNAMEI (TERNAK) (ANTARA 41 HINGGA 60 EKOR SEKILOGRAM)","1kg","W.P. Putrajaya",208,31,15,39.25,39.25,0,0.00
"2023-04-01",1555,"UDANG PUTIH/VANNAMEI (TERNAK) (ANTARA 41 HINGGA 60 EKOR SEKILOGRAM)","1kg","W.P. Putrajaya",175,25,15,38.90,38.90,0,0.00
"2023-05-01",1555,"UDANG PUTIH/VANNAMEI (TERNAK) (ANTARA 41 HINGGA 60 EKOR SEKILOGRAM)","1kg","W.P. Putrajaya",188,24,16,37.25,37.25,0,0.00
"2023-06-01",1555,"UDANG PUTIH/VANNAMEI (TERNAK) (ANTARA 41 HINGGA 60 EKOR SEKILOGRAM)","1kg","W.P. Putrajaya",243,28,16,36.90,36.90,0,0.00
"2023-07-01",1555,"UDANG PUTIH/VANNAMEI (TERNAK) (ANTARA 41 HINGGA 60 EKOR SEKILOGRAM)","1kg","W.P. Putrajaya",262,30,16,35.90,35.90,0,0.00
"2023-08-01",1555,"UDANG PUTIH/VANNAMEI (TERNAK) (ANTARA 41 HINGGA 60 EKOR SEKILOGRAM)","1kg","W.P. Putrajaya",255,29,16,35.90,35.90,0,0.00
"2023-09-01",1555,"UDANG PUTIH/VANNAMEI (TERNAK) (ANTARA 41 HINGGA 60 EKOR SEKILOGRAM)","1kg","W.P. Putrajaya",234,27,15,35.55,35.55,0,0.00
"2023-10-01",1555,"UDANG PUTIH/VANNAMEI (TERNAK) (ANTARA 41 HINGGA 60 EKOR SEKILOGRAM)","1kg","W.P. Putrajaya",268,30,15,35.55,35.55,0,0.00
"2023-11-01",1555,"UDANG PUTIH/VANNAMEI (TERNAK) (ANTARA 41 HINGGA 60 EKOR SEKILOGRAM)","1kg","W.P. Putrajaya",237,26,15,35.90,35.90,0,0.00
"2023-12-01",1555,"UDANG PUTIH/VANNAMEI (TERNAK) (ANTARA 41 HINGGA 60 EKOR SEKILOGRAM)","1kg","W.P. Putrajaya",213,24,15,37.90,37.90,0,0.00
"2024-01-01",1555,"UDANG PUTIH/VANNAMEI (TERNAK) (ANTARA 41 HINGGA 60 EKOR SEKILOGRAM)","1kg","W.P. Putrajaya",253,30,16,35.90,35.90,0,0.00
"2024-02-01",1555,"UDANG PUTIH/VANNAMEI (TERNAK) (ANTARA 41 HINGGA 60 EKOR SEKILOGRAM)","1kg","W.P. Putrajaya",213,25,17,37.90,37.90,0,0.00
"2024-03-01",1555,"UDANG PUTIH/VANNAMEI (TERNAK) (ANTARA 41 HINGGA 60 EKOR SEKILOGRAM)","1kg","W.P. Putrajaya",259,27,18,36.00,36.00,0,0.00
"2024-04-01",1555,"UDANG PUTIH/VANNAMEI (TERNAK) (ANTARA 41 HINGGA 60 EKOR SEKILOGRAM)","1kg","W.P. Putrajaya",238,28,18,37.00,37.00,0,0.00
"2024-05-01",1555,"UDANG PUTIH/VANNAMEI (TERNAK) (ANTARA 41 HINGGA 60 EKOR SEKILOGRAM)","1kg","W.P. Putrajaya",274,29,18,37.50,37.50,0,0.00
"2024-06-01",1555,"UDANG PUTIH/VANNAMEI (TERNAK) (ANTARA 41 HINGGA 60 EKOR SEKILOGRAM)","1kg","W.P. Putrajaya",245,28,18,33.99,33.99,0,0.00
"2024-07-01",1555,"UDANG PUTIH/VANNAMEI (TERNAK) (ANTARA 41 HINGGA 60 EKOR SEKILOGRAM)","1kg","W.P. Putrajaya",272,28,18,35.95,35.95,0,0.00
"2024-08-01",1555,"UDANG PUTIH/VANNAMEI (TERNAK) (ANTARA 41 HINGGA 60 EKOR SEKILOGRAM)","1kg","W.P. Putrajaya",218,25,17,35.99,35.99,0,0.00
"2024-09-01",1555,"UDANG PUTIH/VANNAMEI (TERNAK) (ANTARA 41 HINGGA 60 EKOR SEKILOGRAM)","1kg","W.P. Putrajaya",260,29,17,36.50,36.50,0,0.00
"2024-10-01",1555,"UDANG PUTIH/VANNAMEI (TERNAK) (ANTARA 41 HINGGA 60 EKOR SEKILOGRAM)","1kg","W.P. Putrajaya",261,30,16,37.00,37.00,0,0.00
"2024-11-01",1555,"UDANG PUTIH/VANNAMEI (TERNAK) (ANTARA 41 HINGGA 60 EKOR SEKILOGRAM)","1kg","W.P. Putrajaya",234,28,16,37.50,37.50,0,0.00
"2024-12-01",1555,"UDANG PUTIH/VANNAMEI (TERNAK) (ANTARA 41 HINGGA 60 EKOR SEKILOGRAM)","1kg","W.P. Putrajaya",206,30,15,35.80,35.80,0,0.00
"2025-01-01",1555,"UDANG PUTIH/VANNAMEI (TERNAK) (ANTARA 41 HINGGA 60 EKOR SEKILOGRAM)","1kg","W.P. Putrajaya",219,29,16,34.90,34.90,1,0.00
"2025-02-01",1555,"UDANG PUTIH/VANNAMEI (TERNAK) (ANTARA 41 HINGGA 60 EKOR SEKILOGRAM)","1kg","W.P. Putrajaya",192,24,15,36.00,36.00,0,0.00
"2025-03-01",1555,"UDANG PUTIH/VANNAMEI (TERNAK) (ANTARA 41 HINGGA 60 EKOR SEKILOGRAM)","1kg","W.P. Putrajaya",238,29,15,37.50,37.50,0,0.00
"2025-04-01",1555,"UDANG PUTIH/VANNAMEI (TERNAK) (ANTARA 41 HINGGA 60 EKOR SEKILOGRAM)","1kg","W.P. Putrajaya",218,28,15,36.50,36.50,0,0.00
"2025-05-01",1555,"UDANG PUTIH/VANNAMEI (TERNAK) (ANTARA 41 HINGGA 60 EKOR SEKILOGRAM)","1kg","W.P. Putrajaya",245,29,15,32.99,32.99,0,0.00
"2025-06-01",1555,"UDANG PUTIH/VANNAMEI (TERNAK) (ANTARA 41 HINGGA 60 EKOR SEKILOGRAM)","1kg","W.P. Putrajaya",235,26,15,32.80,32.80,0,0.00
"2025-07-01",1555,"UDANG PUTIH/VANNAMEI (TERNAK) (ANTARA 41 HINGGA 60 EKOR SEKILOGRAM)","1kg","W.P. Putrajaya",314,30,20,34.50,34.50,0,0.00
"2025-08-01",1555,"UDANG PUTIH/VANNAMEI (TERNAK) (ANTARA 41 HINGGA 60 EKOR SEKILOGRAM)","1kg","W.P. Putrajaya",378,30,20,36.00,36.00,0,0.00
"2025-09-01",1555,"UDANG PUTIH/VANNAMEI (TERNAK) (ANTARA 41 HINGGA 60 EKOR SEKILOGRAM)","1kg","W.P. Putrajaya",329,26,20,37.99,37.99,0,0.00
"2025-10-01",1555,"UDANG PUTIH/VANNAMEI (TERNAK) (ANTARA 41 HINGGA 60 EKOR SEKILOGRAM)","1kg","W.P. Putrajaya",446,30,22,36.50,36.50,0,0.00
"2025-11-01",1555,"UDANG PUTIH/VANNAMEI (TERNAK) (ANTARA 41 HINGGA 60 EKOR SEKILOGRAM)","1kg","W.P. Putrajaya",434,29,22,36.99,36.99,1,0.00
"2025-12-01",1555,"UDANG PUTIH/VANNAMEI (TERNAK) (ANTARA 41 HINGGA 60 EKOR SEKILOGRAM)","1kg","W.P. Putrajaya",395,30,22,37.90,37.90,0,0.00
"2023-01-01",1564,"BAWANG PUTIH IMPORT (CHINA)","1kg","Johor",2621,29,137,7.49,7.49,0,0.00
"2023-02-01",1564,"BAWANG PUTIH IMPORT (CHINA)","1kg","Johor",2334,26,137,6.99,6.99,0,0.00
"2023-03-01",1564,"BAWANG PUTIH IMPORT (CHINA)","1kg","Johor",2528,29,135,6.99,6.99,0,0.00
"2023-04-01",1564,"BAWANG PUTIH IMPORT (CHINA)","1kg","Johor",2409,26,138,6.99,6.99,0,0.00
"2023-05-01",1564,"BAWANG PUTIH IMPORT (CHINA)","1kg","Johor",2140,24,134,7.99,7.99,0,0.00
"2023-06-01",1564,"BAWANG PUTIH IMPORT (CHINA)","1kg","Johor",2485,28,132,9.90,9.90,0,0.00
"2023-07-01",1564,"BAWANG PUTIH IMPORT (CHINA)","1kg","Johor",2633,29,136,9.99,9.99,0,0.00
"2023-08-01",1564,"BAWANG PUTIH IMPORT (CHINA)","1kg","Johor",2512,28,137,10.99,10.99,0,0.00
"2023-09-01",1564,"BAWANG PUTIH IMPORT (CHINA)","1kg","Johor",2449,27,136,11.90,11.90,0,0.00
"2023-10-01",1564,"BAWANG PUTIH IMPORT (CHINA)","1kg","Johor",2715,30,137,11.99,11.99,0,0.00
"2023-11-01",1564,"BAWANG PUTIH IMPORT (CHINA)","1kg","Johor",2428,27,135,11.99,11.99,0,0.00
"2023-12-01",1564,"BAWANG PUTIH IMPORT (CHINA)","1kg","Johor",2105,23,136,11.99,11.99,0,0.00
"2024-01-01",1564,"BAWANG PUTIH IMPORT (CHINA)","1kg","Johor",2720,30,137,12.00,12.00,0,0.00
"2024-02-01",1564,"BAWANG PUTIH IMPORT (CHINA)","1kg","Johor",2842,27,168,10.99,10.99,0,0.00
"2024-03-01",1564,"BAWANG PUTIH IMPORT (CHINA)","1kg","Johor",2736,26,170,12.00,12.00,0,0.00
"2024-04-01",1564,"BAWANG PUTIH IMPORT (CHINA)","1kg","Johor",3029,28,167,11.00,11.00,0,0.00
"2024-05-01",1564,"BAWANG PUTIH IMPORT (CHINA)","1kg","Johor",3157,29,170,12.29,12.29,0,0.00
"2024-06-01",1564,"BAWANG PUTIH IMPORT (CHINA)","1kg","Johor",2906,28,167,12.29,12.29,0,0.00
"2024-07-01",1564,"BAWANG PUTIH IMPORT (CHINA)","1kg","Johor",3128,29,164,11.99,11.99,0,0.00
"2024-08-01",1564,"BAWANG PUTIH IMPORT (CHINA)","1kg","Johor",2541,24,166,12.49,12.49,0,0.00
"2024-09-01",1564,"BAWANG PUTIH IMPORT (CHINA)","1kg","Johor",3180,29,167,12.29,12.29,0,0.00
"2024-10-01",1564,"BAWANG PUTIH IMPORT (CHINA)","1kg","Johor",3244,30,168,12.29,12.29,0,0.00
"2024-11-01",1564,"BAWANG PUTIH IMPORT (CHINA)","1kg","Johor",3003,28,167,12.29,12.29,0,0.00
"2024-12-01",1564,"BAWANG PUTIH IMPORT (CHINA)","1kg","Johor",3181,30,166,12.50,12.50,0,0.00
"2025-01-01",1564,"BAWANG PUTIH IMPORT (CHINA)","1kg","Johor",3054,28,167,11.50,11.50,0,0.00
"2025-02-01",1564,"BAWANG PUTIH IMPORT (CHINA)","1kg","Johor",2762,25,166,11.99,11.99,1,0.00
"2025-03-01",1564,"BAWANG PUTIH IMPORT (CHINA)","1kg","Johor",2821,26,166,11.00,11.00,0,0.00
"2025-04-01",1564,"BAWANG PUTIH IMPORT (CHINA)","1kg","Johor",2847,27,165,11.00,11.00,0,0.00
"2025-05-01",1564,"BAWANG PUTIH IMPORT (CHINA)","1kg","Johor",3177,29,169,12.00,12.00,1,0.00
"2025-06-01",1564,"BAWANG PUTIH IMPORT (CHINA)","1kg","Johor",2829,26,172,11.99,11.99,0,0.00
"2025-07-01",1564,"BAWANG PUTIH IMPORT (CHINA)","1kg","Johor",3459,29,238,10.00,10.00,0,0.00
"2025-08-01",1564,"BAWANG PUTIH IMPORT (CHINA)","1kg","Johor",3772,30,206,9.50,9.50,0,0.00
"2025-09-01",1564,"BAWANG PUTIH IMPORT (CHINA)","1kg","Johor",3242,26,203,8.99,8.99,0,0.00
"2025-10-01",1564,"BAWANG PUTIH IMPORT (CHINA)","1kg","Johor",3695,30,203,8.99,8.99,0,0.00
"2025-11-01",1564,"BAWANG PUTIH IMPORT (CHINA)","1kg","Johor",3596,30,206,8.99,8.99,0,0.00
"2025-12-01",1564,"BAWANG PUTIH IMPORT (CHINA)","1kg","Johor",3609,29,207,8.99,8.99,0,0.00
"2023-01-01",1564,"BAWANG PUTIH IMPORT (CHINA)","1kg","Kedah",1428,29,77,8.00,8.00,0,0.00
"2023-02-01",1564,"BAWANG PUTIH IMPORT (CHINA)","1kg","Kedah",1188,25,75,8.00,8.00,0,0.00
"2023-03-01",1564,"BAWANG PUTIH IMPORT (CHINA)","1kg","Kedah",1418,30,76,8.00,8.00,0,0.00
"2023-04-01",1564,"BAWANG PUTIH IMPORT (CHINA)","1kg","Kedah",1272,26,74,8.00,8.00,0,0.00
"2023-05-01",1564,"BAWANG PUTIH IMPORT (CHINA)","1kg","Kedah",1146,24,74,8.69,8.69,0,0.00
"2023-06-01",1564,"BAWANG PUTIH IMPORT (CHINA)","1kg","Kedah",1250,26,75,9.99,9.99,0,0.00
"2023-07-01",1564,"BAWANG PUTIH IMPORT (CHINA)","1kg","Kedah",1315,29,73,10.50,10.50,0,0.00
"2023-08-01",1564,"BAWANG PUTIH IMPORT (CHINA)","1kg","Kedah",1229,27,71,11.99,11.99,0,0.00
"2023-09-01",1564,"BAWANG PUTIH IMPORT (CHINA)","1kg","Kedah",1270,27,72,12.00,12.00,0,0.00
"2023-10-01",1564,"BAWANG PUTIH IMPORT (CHINA)","1kg","Kedah",1398,30,71,12.00,12.00,0,0.00
"2023-11-01",1564,"BAWANG PUTIH IMPORT (CHINA)","1kg","Kedah",1262,27,71,12.00,12.00,0,0.00
"2023-12-01",1564,"BAWANG PUTIH IMPORT (CHINA)","1kg","Kedah",1112,24,70,12.00,12.00,0,0.00
"2024-01-01",1564,"BAWANG PUTIH IMPORT (CHINA)","1kg","Kedah",1410,30,74,12.50,12.50,0,0.00
"2024-02-01",1564,"BAWANG PUTIH IMPORT (CHINA)","1kg","Kedah",1216,26,74,11.00,11.00,0,0.00
"2024-03-01",1564,"BAWANG PUTIH IMPORT (CHINA)","1kg","Kedah",1265,27,73,12.50,12.50,0,0.00
"2024-04-01",1564,"BAWANG PUTIH IMPORT (CHINA)","1kg","Kedah",1282,28,73,11.00,11.00,0,0.00
"2024-05-01",1564,"BAWANG PUTIH IMPORT (CHINA)","1kg","Kedah",1379,29,73,12.90,12.90,0,0.00
"2024-06-01",1564,"BAWANG PUTIH IMPORT (CHINA)","1kg","Kedah",1291,26,76,12.99,12.99,0,0.00
"2024-07-01",1564,"BAWANG PUTIH IMPORT (CHINA)","1kg","Kedah",1491,29,76,12.90,12.90,0,0.00
"2024-08-01",1564,"BAWANG PUTIH IMPORT (CHINA)","1kg","Kedah",1249,25,74,12.99,12.99,0,0.00
"2024-09-01",1564,"BAWANG PUTIH IMPORT (CHINA)","1kg","Kedah",1494,29,74,12.99,12.99,0,0.00
"2024-10-01",1564,"BAWANG PUTIH IMPORT (CHINA)","1kg","Kedah",1514,30,72,12.99,12.99,0,0.00
"2024-11-01",1564,"BAWANG PUTIH IMPORT (CHINA)","1kg","Kedah",1380,28,70,12.99,12.99,0,0.00
"2024-12-01",1564,"BAWANG PUTIH IMPORT (CHINA)","1kg","Kedah",1522,30,75,13.00,13.00,0,0.00
"2025-01-01",1564,"BAWANG PUTIH IMPORT (CHINA)","1kg","Kedah",1498,28,76,12.50,12.50,0,0.00
"2025-02-01",1564,"BAWANG PUTIH IMPORT (CHINA)","1kg","Kedah",1310,25,76,12.00,12.00,0,0.00
"2025-03-01",1564,"BAWANG PUTIH IMPORT (CHINA)","1kg","Kedah",1463,28,75,11.79,11.79,0,0.00
"2025-04-01",1564,"BAWANG PUTIH IMPORT (CHINA)","1kg","Kedah",1382,28,74,11.00,11.00,1,0.00
"2025-05-01",1564,"BAWANG PUTIH IMPORT (CHINA)","1kg","Kedah",1557,29,77,12.00,12.00,0,0.00
"2025-06-01",1564,"BAWANG PUTIH IMPORT (CHINA)","1kg","Kedah",1225,23,77,12.00,12.00,0,0.00
"2025-07-01",1564,"BAWANG PUTIH IMPORT (CHINA)","1kg","Kedah",1670,30,99,10.99,10.99,0,0.00
"2025-08-01",1564,"BAWANG PUTIH IMPORT (CHINA)","1kg","Kedah",1762,30,94,8.99,8.99,0,0.00
"2025-09-01",1564,"BAWANG PUTIH IMPORT (CHINA)","1kg","Kedah",1487,26,94,8.90,8.90,0,0.00
"2025-10-01",1564,"BAWANG PUTIH IMPORT (CHINA)","1kg","Kedah",1698,30,95,8.99,8.99,0,0.00
"2025-11-01",1564,"BAWANG PUTIH IMPORT (CHINA)","1kg","Kedah",1725,29,95,8.99,8.99,0,0.00
"2025-12-01",1564,"BAWANG PUTIH IMPORT (CHINA)","1kg","Kedah",1763,30,97,8.90,8.90,1,0.00
"2023-01-01",1564,"BAWANG PUTIH IMPORT (CHINA)","1kg","Kelantan",1510,29,77,7.89,7.89,0,0.00
"2023-02-01",1564,"BAWANG PUTIH IMPORT (CHINA)","1kg","Kelantan",1308,27,76,7.88,7.88,0,0.00
"2023-03-01",1564,"BAWANG PUTIH IMPORT (CHINA)","1kg","Kelantan",1507,31,76,7.50,7.50,0,0.00
"2023-04-01",1564,"BAWANG PUTIH IMPORT (CHINA)","1kg","Kelantan",1229,23,79,7.90,7.90,0,0.00
"2023-05-01",1564,"BAWANG PUTIH IMPORT (CHINA)","1kg","Kelantan",1276,24,83,8.00,8.00,0,0.00
"2023-06-01",1564,"BAWANG PUTIH IMPORT (CHINA)","1kg","Kelantan",1340,26,79,8.90,8.90,0,0.00
"2023-07-01",1564,"BAWANG PUTIH IMPORT (CHINA)","1kg","Kelantan",1522,30,75,9.99,9.99,0,0.00
"2023-08-01",1564,"BAWANG PUTIH IMPORT (CHINA)","1kg","Kelantan",1399,27,73,10.90,10.90,0,0.00
"2023-09-01",1564,"BAWANG PUTIH IMPORT (CHINA)","1kg","Kelantan",1248,24,73,11.50,11.50,0,0.00
"2023-10-01",1564,"BAWANG PUTIH IMPORT (CHINA)","1kg","Kelantan",1489,29,71,11.99,11.99,0,0.00
"2023-11-01",1564,"BAWANG PUTIH IMPORT (CHINA)","1kg","Kelantan",1349,27,69,12.00,12.00,0,0.00
"2023-12-01",1564,"BAWANG PUTIH IMPORT (CHINA)","1kg","Kelantan",1221,24,70,12.00,12.00,0,0.00
"2024-01-01",1564,"BAWANG PUTIH IMPORT (CHINA)","1kg","Kelantan",1495,31,67,12.00,12.00,0,0.00
"2024-02-01",1564,"BAWANG PUTIH IMPORT (CHINA)","1kg","Kelantan",1270,26,67,11.00,11.00,0,0.00
"2024-03-01",1564,"BAWANG PUTIH IMPORT (CHINA)","1kg","Kelantan",1350,27,67,12.00,12.00,0,0.00
"2024-04-01",1564,"BAWANG PUTIH IMPORT (CHINA)","1kg","Kelantan",1327,27,63,11.00,11.00,0,0.00
"2024-05-01",1564,"BAWANG PUTIH IMPORT (CHINA)","1kg","Kelantan",1475,29,69,12.90,12.90,0,0.00
"2024-06-01",1564,"BAWANG PUTIH IMPORT (CHINA)","1kg","Kelantan",1289,26,69,12.00,12.00,0,0.00
"2024-07-01",1564,"BAWANG PUTIH IMPORT (CHINA)","1kg","Kelantan",1448,29,70,12.00,12.00,0,0.00
"2024-08-01",1564,"BAWANG PUTIH IMPORT (CHINA)","1kg","Kelantan",1146,25,60,12.00,12.00,0,0.00
"2024-09-01",1564,"BAWANG PUTIH IMPORT (CHINA)","1kg","Kelantan",1202,26,61,11.99,11.99,0,0.00
"2024-10-01",1564,"BAWANG PUTIH IMPORT (CHINA)","1kg","Kelantan",1340,30,57,11.90,11.90,0,0.00
"2024-11-01",1564,"BAWANG PUTIH IMPORT (CHINA)","1kg","Kelantan",1165,28,61,11.90,11.90,0,0.00
"2024-12-01",1564,"BAWANG PUTIH IMPORT (CHINA)","1kg","Kelantan",1307,30,63,11.99,11.99,0,0.00
"2025-01-01",1564,"BAWANG PUTIH IMPORT (CHINA)","1kg","Kelantan",1349,29,60,11.00,11.00,0,0.00
"2025-02-01",1564,"BAWANG PUTIH IMPORT (CHINA)","1kg","Kelantan",1185,26,62,11.50,11.50,0,0.00
"2025-03-01",1564,"BAWANG PUTIH IMPORT (CHINA)","1kg","Kelantan",1309,28,65,11.00,11.00,0,0.00
"2025-04-01",1564,"BAWANG PUTIH IMPORT (CHINA)","1kg","Kelantan",1296,28,68,11.00,11.00,0,0.00
"2025-05-01",1564,"BAWANG PUTIH IMPORT (CHINA)","1kg","Kelantan",1409,29,63,11.90,11.90,0,0.00
"2025-06-01",1564,"BAWANG PUTIH IMPORT (CHINA)","1kg","Kelantan",1184,23,67,11.90,11.90,0,0.00
"2025-07-01",1564,"BAWANG PUTIH IMPORT (CHINA)","1kg","Kelantan",1659,30,93,10.00,10.00,0,0.00
"2025-08-01",1564,"BAWANG PUTIH IMPORT (CHINA)","1kg","Kelantan",1792,30,95,9.49,9.49,0,0.00
"2025-09-01",1564,"BAWANG PUTIH IMPORT (CHINA)","1kg","Kelantan",1499,25,86,8.99,8.99,0,0.00
"2025-10-01",1564,"BAWANG PUTIH IMPORT (CHINA)","1kg","Kelantan",1764,30,90,8.90,8.90,0,0.00
"2025-11-01",1564,"BAWANG PUTIH IMPORT (CHINA)","1kg","Kelantan",1783,29,90,8.90,8.90,0,0.00
"2025-12-01",1564,"BAWANG PUTIH IMPORT (CHINA)","1kg","Kelantan",1854,30,95,8.99,8.99,0,0.00
"2023-01-01",1564,"BAWANG PUTIH IMPORT (CHINA)","1kg","Melaka",517,27,27,8.50,8.50,0,0.00
"2023-02-01",1564,"BAWANG PUTIH IMPORT (CHINA)","1kg","Melaka",507,27,27,8.50,8.50,0,0.00
"2023-03-01",1564,"BAWANG PUTIH IMPORT (CHINA)","1kg","Melaka",564,30,27,8.00,8.00,0,0.00
"2023-04-01",1564,"BAWANG PUTIH IMPORT (CHINA)","1kg","Melaka",490,25,27,8.00,8.00,0,0.00
"2023-05-01",1564,"BAWANG PUTIH IMPORT (CHINA)","1kg","Melaka",457,24,27,8.90,8.90,0,0.00
"2023-06-01",1564,"BAWANG PUTIH IMPORT (CHINA)","1kg","Melaka",532,28,27,10.00,10.00,0,0.00
"2023-07-01",1564,"BAWANG PUTIH IMPORT (CHINA)","1kg","Melaka",569,30,27,11.90,11.90,0,0.00
"2023-08-01",1564,"BAWANG PUTIH IMPORT (CHINA)","1kg","Melaka",528,28,27,12.80,12.80,0,0.00
"2023-09-01",1564,"BAWANG PUTIH IMPORT (CHINA)","1kg","Melaka",517,27,27,12.90,12.90,0,0.00
"2023-10-01",1564,"BAWANG PUTIH IMPORT (CHINA)","1kg","Melaka",576,30,27,13.75,13.75,0,0.00
"2023-11-01",1564,"BAWANG PUTIH IMPORT (CHINA)","1kg","Melaka",497,26,27,13.50,13.50,0,0.00
"2023-12-01",1564,"BAWANG PUTIH IMPORT (CHINA)","1kg","Melaka",457,24,27,13.80,13.80,0,0.00
"2024-01-01",1564,"BAWANG PUTIH IMPORT (CHINA)","1kg","Melaka",595,31,27,13.90,13.90,0,0.00
"2024-02-01",1564,"BAWANG PUTIH IMPORT (CHINA)","1kg","Melaka",456,25,27,11.70,11.70,0,0.00
"2024-03-01",1564,"BAWANG PUTIH IMPORT (CHINA)","1kg","Melaka",498,27,27,14.00,14.00,0,0.00
"2024-04-01",1564,"BAWANG PUTIH IMPORT (CHINA)","1kg","Melaka",499,28,27,11.00,11.00,0,0.00
"2024-05-01",1564,"BAWANG PUTIH IMPORT (CHINA)","1kg","Melaka",556,29,27,14.00,14.00,0,0.00
"2024-06-01",1564,"BAWANG PUTIH IMPORT (CHINA)","1kg","Melaka",522,28,27,14.00,14.00,0,0.00
"2024-07-01",1564,"BAWANG PUTIH IMPORT (CHINA)","1kg","Melaka",541,28,27,14.00,14.00,0,0.00
"2024-08-01",1564,"BAWANG PUTIH IMPORT (CHINA)","1kg","Melaka",466,25,27,13.99,13.99,0,0.00
"2024-09-01",1564,"BAWANG PUTIH IMPORT (CHINA)","1kg","Melaka",546,29,27,13.99,13.99,0,0.00
"2024-10-01",1564,"BAWANG PUTIH IMPORT (CHINA)","1kg","Melaka",558,30,27,13.99,13.99,0,0.00
"2024-11-01",1564,"BAWANG PUTIH IMPORT (CHINA)","1kg","Melaka",532,28,27,14.00,14.00,0,0.00
"2024-12-01",1564,"BAWANG PUTIH IMPORT (CHINA)","1kg","Melaka",553,30,28,14.00,14.00,0,0.00
"2025-01-01",1564,"BAWANG PUTIH IMPORT (CHINA)","1kg","Melaka",545,29,27,13.90,13.90,0,0.00
"2025-02-01",1564,"BAWANG PUTIH IMPORT (CHINA)","1kg","Melaka",472,25,27,13.80,13.80,0,0.00
"2025-03-01",1564,"BAWANG PUTIH IMPORT (CHINA)","1kg","Melaka",559,30,27,12.90,12.90,1,0.00
"2025-04-01",1564,"BAWANG PUTIH IMPORT (CHINA)","1kg","Melaka",501,27,27,12.50,12.50,1,0.00
"2025-05-01",1564,"BAWANG PUTIH IMPORT (CHINA)","1kg","Melaka",554,29,27,14.00,14.00,0,0.00
"2025-06-01",1564,"BAWANG PUTIH IMPORT (CHINA)","1kg","Melaka",500,26,31,14.00,14.00,0,0.00
"2025-07-01",1564,"BAWANG PUTIH IMPORT (CHINA)","1kg","Melaka",659,30,55,12.00,12.00,0,0.00
"2025-08-01",1564,"BAWANG PUTIH IMPORT (CHINA)","1kg","Melaka",734,28,52,10.00,10.00,0,0.00
"2025-09-01",1564,"BAWANG PUTIH IMPORT (CHINA)","1kg","Melaka",693,26,53,9.99,9.99,0,0.00
"2025-10-01",1564,"BAWANG PUTIH IMPORT (CHINA)","1kg","Melaka",795,30,53,10.00,10.00,0,0.00
"2025-11-01",1564,"BAWANG PUTIH IMPORT (CHINA)","1kg","Melaka",766,29,53,10.90,10.90,0,0.00
"2025-12-01",1564,"BAWANG PUTIH IMPORT (CHINA)","1kg","Melaka",788,30,53,10.50,10.50,0,0.00
"2023-01-01",1564,"BAWANG PUTIH IMPORT (CHINA)","1kg","Negeri Sembilan",748,26,40,7.78,7.78,0,0.00
"2023-02-01",1564,"BAWANG PUTIH IMPORT (CHINA)","1kg","Negeri Sembilan",686,24,40,7.50,7.50,0,0.00
"2023-03-01",1564,"BAWANG PUTIH IMPORT (CHINA)","1kg","Negeri Sembilan",885,31,41,7.90,7.90,0,0.00
"2023-04-01",1564,"BAWANG PUTIH IMPORT (CHINA)","1kg","Negeri Sembilan",764,26,41,7.99,7.99,0,0.00
"2023-05-01",1564,"BAWANG PUTIH IMPORT (CHINA)","1kg","Negeri Sembilan",688,24,42,8.00,8.00,0,0.00
"2023-06-01",1564,"BAWANG PUTIH IMPORT (CHINA)","1kg","Negeri Sembilan",804,28,41,9.99,9.99,0,0.00
"2023-07-01",1564,"BAWANG PUTIH IMPORT (CHINA)","1kg","Negeri Sembilan",861,30,40,11.50,11.50,0,0.00
"2023-08-01",1564,"BAWANG PUTIH IMPORT (CHINA)","1kg","Negeri Sembilan",760,27,40,12.00,12.00,0,0.00
"2023-09-01",1564,"BAWANG PUTIH IMPORT (CHINA)","1kg","Negeri Sembilan",788,27,41,12.00,12.00,0,0.00
"2023-10-01",1564,"BAWANG PUTIH IMPORT (CHINA)","1kg","Negeri Sembilan",864,30,40,12.90,12.90,0,0.00
"2023-11-01",1564,"BAWANG PUTIH IMPORT (CHINA)","1kg","Negeri Sembilan",754,26,40,12.90,12.90,0,0.00
"2023-12-01",1564,"BAWANG PUTIH IMPORT (CHINA)","1kg","Negeri Sembilan",691,24,39,12.99,12.99,0,0.00
"2024-01-01",1564,"BAWANG PUTIH IMPORT (CHINA)","1kg","Negeri Sembilan",810,28,40,12.99,12.99,0,0.00
"2024-02-01",1564,"BAWANG PUTIH IMPORT (CHINA)","1kg","Negeri Sembilan",699,25,40,11.00,11.00,0,0.00
"2024-03-01",1564,"BAWANG PUTIH IMPORT (CHINA)","1kg","Negeri Sembilan",806,28,41,12.99,12.99,0,0.00
"2024-04-01",1564,"BAWANG PUTIH IMPORT (CHINA)","1kg","Negeri Sembilan",791,28,41,11.00,11.00,0,0.00
"2024-05-01",1564,"BAWANG PUTIH IMPORT (CHINA)","1kg","Negeri Sembilan",842,29,42,13.00,13.00,0,0.00
"2024-06-01",1564,"BAWANG PUTIH IMPORT (CHINA)","1kg","Negeri Sembilan",790,28,41,13.00,13.00,0,0.00
"2024-07-01",1564,"BAWANG PUTIH IMPORT (CHINA)","1kg","Negeri Sembilan",820,28,42,13.00,13.00,0,0.00
"2024-08-01",1564,"BAWANG PUTIH IMPORT (CHINA)","1kg","Negeri Sembilan",729,25,42,13.00,13.00,0,0.00
"2024-09-01",1564,"BAWANG PUTIH IMPORT (CHINA)","1kg","Negeri Sembilan",854,29,41,12.99,12.99,0,0.00
"2024-10-01",1564,"BAWANG PUTIH IMPORT (CHINA)","1kg","Negeri Sembilan",860,30,40,12.00,12.00,0,0.00
"2024-11-01",1564,"BAWANG PUTIH IMPORT (CHINA)","1kg","Negeri Sembilan",798,28,40,12.99,12.99,0,0.00
"2024-12-01",1564,"BAWANG PUTIH IMPORT (CHINA)","1kg","Negeri Sembilan",838,30,39,13.00,13.00,0,0.00
"2025-01-01",1564,"BAWANG PUTIH IMPORT (CHINA)","1kg","Negeri Sembilan",787,27,40,12.90,12.90,0,0.00
"2025-02-01",1564,"BAWANG PUTIH IMPORT (CHINA)","1kg","Negeri Sembilan",725,25,39,12.50,12.50,0,0.00
"2025-03-01",1564,"BAWANG PUTIH IMPORT (CHINA)","1kg","Negeri Sembilan",877,30,42,11.50,11.50,0,0.00
"2025-04-01",1564,"BAWANG PUTIH IMPORT (CHINA)","1kg","Negeri Sembilan",813,28,41,11.00,11.00,0,0.00
"2025-05-01",1564,"BAWANG PUTIH IMPORT (CHINA)","1kg","Negeri Sembilan",869,29,43,12.00,12.00,0,0.00
"2025-06-01",1564,"BAWANG PUTIH IMPORT (CHINA)","1kg","Negeri Sembilan",777,26,42,11.99,11.99,0,0.00
"2025-07-01",1564,"BAWANG PUTIH IMPORT (CHINA)","1kg","Negeri Sembilan",983,30,64,10.00,10.00,0,0.00
"2025-08-01",1564,"BAWANG PUTIH IMPORT (CHINA)","1kg","Negeri Sembilan",1143,30,64,9.00,9.00,0,0.00
"2025-09-01",1564,"BAWANG PUTIH IMPORT (CHINA)","1kg","Negeri Sembilan",996,26,63,9.00,9.00,0,0.00
"2025-10-01",1564,"BAWANG PUTIH IMPORT (CHINA)","1kg","Negeri Sembilan",1125,30,61,9.00,9.00,1,0.00
"2025-11-01",1564,"BAWANG PUTIH IMPORT (CHINA)","1kg","Negeri Sembilan",1095,30,62,9.00,9.00,0,0.00
"2025-12-01",1564,"BAWANG PUTIH IMPORT (CHINA)","1kg","Negeri Sembilan",1121,30,62,8.90,8.90,0,0.00
"2023-01-01",1564,"BAWANG PUTIH IMPORT (CHINA)","1kg","Pahang",1803,27,79,7.99,7.99,0,0.00
"2023-02-01",1564,"BAWANG PUTIH IMPORT (CHINA)","1kg","Pahang",1786,27,78,7.99,7.99,0,0.00
"2023-03-01",1564,"BAWANG PUTIH IMPORT (CHINA)","1kg","Pahang",2000,31,74,7.99,7.99,0,0.00
"2023-04-01",1564,"BAWANG PUTIH IMPORT (CHINA)","1kg","Pahang",1647,25,76,7.99,7.99,0,0.00
"2023-05-01",1564,"BAWANG PUTIH IMPORT (CHINA)","1kg","Pahang",1477,24,75,8.50,8.50,0,0.00
"2023-06-01",1564,"BAWANG PUTIH IMPORT (CHINA)","1kg","Pahang",1747,28,73,9.39,9.39,0,0.00
"2023-07-01",1564,"BAWANG PUTIH IMPORT (CHINA)","1kg","Pahang",1817,30,74,10.99,10.99,0,0.00
"2023-08-01",1564,"BAWANG PUTIH IMPORT (CHINA)","1kg","Pahang",1870,29,73,11.99,11.99,0,0.00
"2023-09-01",1564,"BAWANG PUTIH IMPORT (CHINA)","1kg","Pahang",1708,27,74,11.99,11.99,0,0.00
"2023-10-01",1564,"BAWANG PUTIH IMPORT (CHINA)","1kg","Pahang",1878,30,74,12.00,12.00,0,0.00
"2023-11-01",1564,"BAWANG PUTIH IMPORT (CHINA)","1kg","Pahang",1584,26,71,12.90,12.90,0,0.00
"2023-12-01",1564,"BAWANG PUTIH IMPORT (CHINA)","1kg","Pahang",1488,24,72,12.99,12.99,0,0.00
"2024-01-01",1564,"BAWANG PUTIH IMPORT (CHINA)","1kg","Pahang",1923,31,73,12.99,12.99,0,0.00
"2024-02-01",1564,"BAWANG PUTIH IMPORT (CHINA)","1kg","Pahang",1688,26,79,11.00,11.00,0,0.00
"2024-03-01",1564,"BAWANG PUTIH IMPORT (CHINA)","1kg","Pahang",1890,27,97,12.90,12.90,0,0.00
"2024-04-01",1564,"BAWANG PUTIH IMPORT (CHINA)","1kg","Pahang",2004,28,110,11.00,11.00,0,0.00
"2024-05-01",1564,"BAWANG PUTIH IMPORT (CHINA)","1kg","Pahang",2190,29,111,12.99,12.99,0,0.00
"2024-06-01",1564,"BAWANG PUTIH IMPORT (CHINA)","1kg","Pahang",2034,28,110,13.00,13.00,0,0.00
"2024-07-01",1564,"BAWANG PUTIH IMPORT (CHINA)","1kg","Pahang",2037,29,107,13.00,13.00,0,0.00
"2024-08-01",1564,"BAWANG PUTIH IMPORT (CHINA)","1kg","Pahang",1813,25,108,12.99,12.99,0,0.00
"2024-09-01",1564,"BAWANG PUTIH IMPORT (CHINA)","1kg","Pahang",2199,29,109,13.00,13.00,0,0.00
"2024-10-01",1564,"BAWANG PUTIH IMPORT (CHINA)","1kg","Pahang",2210,30,111,13.00,13.00,0,0.00
"2024-11-01",1564,"BAWANG PUTIH IMPORT (CHINA)","1kg","Pahang",2049,28,113,13.99,13.99,0,0.00
"2024-12-01",1564,"BAWANG PUTIH IMPORT (CHINA)","1kg","Pahang",2233,30,113,13.99,13.99,0,0.00
"2025-01-01",1564,"BAWANG PUTIH IMPORT (CHINA)","1kg","Pahang",2200,29,114,13.00,13.00,0,0.00
"2025-02-01",1564,"BAWANG PUTIH IMPORT (CHINA)","1kg","Pahang",2007,26,115,13.00,13.00,0,0.00
"2025-03-01",1564,"BAWANG PUTIH IMPORT (CHINA)","1kg","Pahang",2266,29,115,12.99,12.99,0,0.00
"2025-04-01",1564,"BAWANG PUTIH IMPORT (CHINA)","1kg","Pahang",2118,28,118,12.49,12.49,0,0.00
"2025-05-01",1564,"BAWANG PUTIH IMPORT (CHINA)","1kg","Pahang",2197,29,119,12.99,12.99,0,0.00
"2025-06-01",1564,"BAWANG PUTIH IMPORT (CHINA)","1kg","Pahang",2007,26,119,12.99,12.99,0,0.00
"2025-07-01",1564,"BAWANG PUTIH IMPORT (CHINA)","1kg","Pahang",2348,30,159,11.99,11.99,0,0.00
"2025-08-01",1564,"BAWANG PUTIH IMPORT (CHINA)","1kg","Pahang",2567,30,159,10.99,10.99,0,0.00
"2025-09-01",1564,"BAWANG PUTIH IMPORT (CHINA)","1kg","Pahang",2151,26,159,10.00,10.00,0,0.00
"2025-10-01",1564,"BAWANG PUTIH IMPORT (CHINA)","1kg","Pahang",2434,30,160,9.00,9.00,0,0.00
"2025-11-01",1564,"BAWANG PUTIH IMPORT (CHINA)","1kg","Pahang",2358,30,157,9.90,9.90,0,0.00
"2025-12-01",1564,"BAWANG PUTIH IMPORT (CHINA)","1kg","Pahang",2417,30,157,9.90,9.90,0,0.00
"2023-01-01",1564,"BAWANG PUTIH IMPORT (CHINA)","1kg","Perak",2168,27,91,8.00,8.00,0,0.00
"2023-02-01",1564,"BAWANG PUTIH IMPORT (CHINA)","1kg","Perak",1977,25,90,8.00,8.00,0,0.00
"2023-03-01",1564,"BAWANG PUTIH IMPORT (CHINA)","1kg","Perak",2455,31,90,8.00,8.00,0,0.00
"2023-04-01",1564,"BAWANG PUTIH IMPORT (CHINA)","1kg","Perak",2001,25,90,8.00,8.00,0,0.00
"2023-05-01",1564,"BAWANG PUTIH IMPORT (CHINA)","1kg","Perak",1873,24,88,9.00,9.00,0,0.00
"2023-06-01",1564,"BAWANG PUTIH IMPORT (CHINA)","1kg","Perak",2186,28,89,9.99,9.99,0,0.00
"2023-07-01",1564,"BAWANG PUTIH IMPORT (CHINA)","1kg","Perak",2364,30,90,11.90,11.90,0,0.00
"2023-08-01",1564,"BAWANG PUTIH IMPORT (CHINA)","1kg","Perak",2280,29,90,12.00,12.00,0,0.00
"2023-09-01",1564,"BAWANG PUTIH IMPORT (CHINA)","1kg","Perak",2133,27,90,12.90,12.90,0,0.00
"2023-10-01",1564,"BAWANG PUTIH IMPORT (CHINA)","1kg","Perak",2369,30,90,12.99,12.99,0,0.00
"2023-11-01",1564,"BAWANG PUTIH IMPORT (CHINA)","1kg","Perak",1982,25,90,12.99,12.99,0,0.00
"2023-12-01",1564,"BAWANG PUTIH IMPORT (CHINA)","1kg","Perak",1881,24,90,12.99,12.99,0,0.00
"2024-01-01",1564,"BAWANG PUTIH IMPORT (CHINA)","1kg","Perak",2352,30,90,12.99,12.99,0,0.00
"2024-02-01",1564,"BAWANG PUTIH IMPORT (CHINA)","1kg","Perak",2102,26,111,11.00,11.00,0,0.00
"2024-03-01",1564,"BAWANG PUTIH IMPORT (CHINA)","1kg","Perak",2170,27,111,12.99,12.99,0,0.00
"2024-04-01",1564,"BAWANG PUTIH IMPORT (CHINA)","1kg","Perak",2327,28,108,11.00,11.00,0,0.00
"2024-05-01",1564,"BAWANG PUTIH IMPORT (CHINA)","1kg","Perak",2423,29,109,13.00,13.00,0,0.00
"2024-06-01",1564,"BAWANG PUTIH IMPORT (CHINA)","1kg","Perak",2283,28,111,13.00,13.00,0,0.00
"2024-07-01",1564,"BAWANG PUTIH IMPORT (CHINA)","1kg","Perak",2327,28,119,13.00,13.00,0,0.00
"2024-08-01",1564,"BAWANG PUTIH IMPORT (CHINA)","1kg","Perak",2101,25,120,13.00,13.00,0,0.00
"2024-09-01",1564,"BAWANG PUTIH IMPORT (CHINA)","1kg","Perak",2509,29,122,13.00,13.00,0,0.00
"2024-10-01",1564,"BAWANG PUTIH IMPORT (CHINA)","1kg","Perak",2525,30,122,13.00,13.00,0,0.00
"2024-11-01",1564,"BAWANG PUTIH IMPORT (CHINA)","1kg","Perak",2268,27,120,13.00,13.00,0,0.00
"2024-12-01",1564,"BAWANG PUTIH IMPORT (CHINA)","1kg","Perak",2504,30,123,13.90,13.90,0,0.00
"2025-01-01",1564,"BAWANG PUTIH IMPORT (CHINA)","1kg","Perak",2333,29,126,12.90,12.90,0,0.00
"2025-02-01",1564,"BAWANG PUTIH IMPORT (CHINA)","1kg","Perak",2083,25,136,12.90,12.90,0,0.00
"2025-03-01",1564,"BAWANG PUTIH IMPORT (CHINA)","1kg","Perak",2588,29,138,11.99,11.99,0,0.00
"2025-04-01",1564,"BAWANG PUTIH IMPORT (CHINA)","1kg","Perak",2404,28,137,11.90,11.90,0,0.00
"2025-05-01",1564,"BAWANG PUTIH IMPORT (CHINA)","1kg","Perak",2568,29,136,13.00,13.00,0,0.00
"2025-06-01",1564,"BAWANG PUTIH IMPORT (CHINA)","1kg","Perak",2292,26,139,12.49,12.49,0,0.00
"2025-07-01",1564,"BAWANG PUTIH IMPORT (CHINA)","1kg","Perak",2967,30,191,10.50,10.50,0,0.00
"2025-08-01",1564,"BAWANG PUTIH IMPORT (CHINA)","1kg","Perak",3215,30,174,9.90,9.90,1,0.00
"2025-09-01",1564,"BAWANG PUTIH IMPORT (CHINA)","1kg","Perak",2734,26,170,9.90,9.90,0,0.00
"2025-10-01",1564,"BAWANG PUTIH IMPORT (CHINA)","1kg","Perak",3127,30,169,9.90,9.90,0,0.00
"2025-11-01",1564,"BAWANG PUTIH IMPORT (CHINA)","1kg","Perak",2985,29,177,9.50,9.50,0,0.00
"2025-12-01",1564,"BAWANG PUTIH IMPORT (CHINA)","1kg","Perak",3131,30,175,9.50,9.50,0,0.00
"2023-01-01",1564,"BAWANG PUTIH IMPORT (CHINA)","1kg","Perlis",411,28,30,7.99,7.99,0,0.00
"2023-02-01",1564,"BAWANG PUTIH IMPORT (CHINA)","1kg","Perlis",382,26,29,7.99,7.99,0,0.00
"2023-03-01",1564,"BAWANG PUTIH IMPORT (CHINA)","1kg","Perlis",423,31,29,7.80,7.80,0,0.00
"2023-04-01",1564,"BAWANG PUTIH IMPORT (CHINA)","1kg","Perlis",334,25,28,8.00,8.00,0,0.00
"2023-05-01",1564,"BAWANG PUTIH IMPORT (CHINA)","1kg","Perlis",319,23,28,8.00,8.00,0,0.00
"2023-06-01",1564,"BAWANG PUTIH IMPORT (CHINA)","1kg","Perlis",345,27,27,9.50,9.50,0,0.00
"2023-07-01",1564,"BAWANG PUTIH IMPORT (CHINA)","1kg","Perlis",357,30,28,10.00,10.00,0,0.00
"2023-08-01",1564,"BAWANG PUTIH IMPORT (CHINA)","1kg","Perlis",366,29,28,10.00,10.00,0,0.00
"2023-09-01",1564,"BAWANG PUTIH IMPORT (CHINA)","1kg","Perlis",367,27,28,11.00,11.00,0,0.00
"2023-10-01",1564,"BAWANG PUTIH IMPORT (CHINA)","1kg","Perlis",410,30,29,11.00,11.00,0,0.00
"2023-11-01",1564,"BAWANG PUTIH IMPORT (CHINA)","1kg","Perlis",341,26,28,11.00,11.00,0,0.00
"2023-12-01",1564,"BAWANG PUTIH IMPORT (CHINA)","1kg","Perlis",355,24,28,11.00,11.00,0,0.00
"2024-01-01",1564,"BAWANG PUTIH IMPORT (CHINA)","1kg","Perlis",446,31,28,11.00,11.00,0,0.00
"2024-02-01",1564,"BAWANG PUTIH IMPORT (CHINA)","1kg","Perlis",334,25,27,10.00,10.00,0,0.00
"2024-03-01",1564,"BAWANG PUTIH IMPORT (CHINA)","1kg","Perlis",348,27,30,10.90,10.90,0,0.00
"2024-04-01",1564,"BAWANG PUTIH IMPORT (CHINA)","1kg","Perlis",388,28,30,11.00,11.00,0,0.00
"2024-05-01",1564,"BAWANG PUTIH IMPORT (CHINA)","1kg","Perlis",406,28,29,11.00,11.00,0,0.00
"2024-06-01",1564,"BAWANG PUTIH IMPORT (CHINA)","1kg","Perlis",355,27,27,11.90,11.90,0,0.00
"2024-07-01",1564,"BAWANG PUTIH IMPORT (CHINA)","1kg","Perlis",396,28,26,12.00,12.00,0,0.00
"2024-08-01",1564,"BAWANG PUTIH IMPORT (CHINA)","1kg","Perlis",339,25,26,12.00,12.00,0,0.00
"2024-09-01",1564,"BAWANG PUTIH IMPORT (CHINA)","1kg","Perlis",417,29,27,11.99,11.99,0,0.00
"2024-10-01",1564,"BAWANG PUTIH IMPORT (CHINA)","1kg","Perlis",410,30,29,11.99,11.99,0,0.00
"2024-11-01",1564,"BAWANG PUTIH IMPORT (CHINA)","1kg","Perlis",387,28,29,11.99,11.99,0,0.00
"2024-12-01",1564,"BAWANG PUTIH IMPORT (CHINA)","1kg","Perlis",410,30,29,11.99,11.99,0,0.00
"2025-01-01",1564,"BAWANG PUTIH IMPORT (CHINA)","1kg","Perlis",403,28,31,11.90,11.90,0,0.00
"2025-02-01",1564,"BAWANG PUTIH IMPORT (CHINA)","1kg","Perlis",351,26,30,11.50,11.50,0,0.00
"2025-03-01",1564,"BAWANG PUTIH IMPORT (CHINA)","1kg","Perlis",435,29,30,11.00,11.00,0,0.00
"2025-04-01",1564,"BAWANG PUTIH IMPORT (CHINA)","1kg","Perlis",370,27,30,11.00,11.00,0,0.00
"2025-05-01",1564,"BAWANG PUTIH IMPORT (CHINA)","1kg","Perlis",414,28,30,12.00,12.00,0,0.00
"2025-06-01",1564,"BAWANG PUTIH IMPORT (CHINA)","1kg","Perlis",364,24,30,11.90,11.90,0,0.00
"2025-07-01",1564,"BAWANG PUTIH IMPORT (CHINA)","1kg","Perlis",416,30,31,11.00,11.00,0,0.00
"2025-08-01",1564,"BAWANG PUTIH IMPORT (CHINA)","1kg","Perlis",458,30,26,10.90,10.90,0,0.00
"2025-09-01",1564,"BAWANG PUTIH IMPORT (CHINA)","1kg","Perlis",380,26,26,10.00,10.00,0,0.00
"2025-10-01",1564,"BAWANG PUTIH IMPORT (CHINA)","1kg","Perlis",456,30,26,10.00,10.00,0,0.00
"2025-11-01",1564,"BAWANG PUTIH IMPORT (CHINA)","1kg","Perlis",431,29,26,10.00,10.00,0,0.00
"2025-12-01",1564,"BAWANG PUTIH IMPORT (CHINA)","1kg","Perlis",458,30,26,10.00,10.00,0,0.00
"2023-01-01",1564,"BAWANG PUTIH IMPORT (CHINA)","1kg","Pulau Pinang",1983,27,85,8.00,8.00,0,0.00
"2023-02-01",1564,"BAWANG PUTIH IMPORT (CHINA)","1kg","Pulau Pinang",1793,25,84,8.00,8.00,0,0.00
"2023-03-01",1564,"BAWANG PUTIH IMPORT (CHINA)","1kg","Pulau Pinang",2192,31,81,8.00,8.00,0,0.00
"2023-04-01",1564,"BAWANG PUTIH IMPORT (CHINA)","1kg","Pulau Pinang",1798,25,82,8.00,8.00,0,0.00
"2023-05-01",1564,"BAWANG PUTIH IMPORT (CHINA)","1kg","Pulau Pinang",1687,24,82,8.50,8.50,0,0.00
"2023-06-01",1564,"BAWANG PUTIH IMPORT (CHINA)","1kg","Pulau Pinang",1979,28,82,10.00,10.00,0,0.00
"2023-07-01",1564,"BAWANG PUTIH IMPORT (CHINA)","1kg","Pulau Pinang",1994,28,82,11.99,11.99,0,0.00
"2023-08-01",1564,"BAWANG PUTIH IMPORT (CHINA)","1kg","Pulau Pinang",1931,28,81,12.00,12.00,0,0.00
"2023-09-01",1564,"BAWANG PUTIH IMPORT (CHINA)","1kg","Pulau Pinang",1902,27,82,13.00,13.00,0,0.00
"2023-10-01",1564,"BAWANG PUTIH IMPORT (CHINA)","1kg","Pulau Pinang",2126,30,82,13.00,13.00,0,0.00
"2023-11-01",1564,"BAWANG PUTIH IMPORT (CHINA)","1kg","Pulau Pinang",1830,26,82,13.00,13.00,0,0.00
"2023-12-01",1564,"BAWANG PUTIH IMPORT (CHINA)","1kg","Pulau Pinang",1684,24,81,13.00,13.00,0,0.00
"2024-01-01",1564,"BAWANG PUTIH IMPORT (CHINA)","1kg","Pulau Pinang",2106,30,81,13.00,13.00,0,0.00
"2024-02-01",1564,"BAWANG PUTIH IMPORT (CHINA)","1kg","Pulau Pinang",1817,26,82,11.00,11.00,0,0.00
"2024-03-01",1564,"BAWANG PUTIH IMPORT (CHINA)","1kg","Pulau Pinang",1895,27,83,13.00,13.00,0,0.00
"2024-04-01",1564,"BAWANG PUTIH IMPORT (CHINA)","1kg","Pulau Pinang",2005,28,87,11.00,11.00,0,0.00
"2024-05-01",1564,"BAWANG PUTIH IMPORT (CHINA)","1kg","Pulau Pinang",2105,29,86,13.50,13.50,0,0.00
"2024-06-01",1564,"BAWANG PUTIH IMPORT (CHINA)","1kg","Pulau Pinang",1998,28,88,13.00,13.00,0,0.00
"2024-07-01",1564,"BAWANG PUTIH IMPORT (CHINA)","1kg","Pulau Pinang",1995,27,94,13.00,13.00,0,0.00
"2024-08-01",1564,"BAWANG PUTIH IMPORT (CHINA)","1kg","Pulau Pinang",1853,25,100,13.00,13.00,0,0.00
"2024-09-01",1564,"BAWANG PUTIH IMPORT (CHINA)","1kg","Pulau Pinang",2186,29,97,13.00,13.00,0,0.00
"2024-10-01",1564,"BAWANG PUTIH IMPORT (CHINA)","1kg","Pulau Pinang",2235,30,97,13.00,13.00,0,0.00
"2024-11-01",1564,"BAWANG PUTIH IMPORT (CHINA)","1kg","Pulau Pinang",2082,28,97,13.00,13.00,0,0.00
"2024-12-01",1564,"BAWANG PUTIH IMPORT (CHINA)","1kg","Pulau Pinang",2231,30,97,13.00,13.00,0,0.00
"2025-01-01",1564,"BAWANG PUTIH IMPORT (CHINA)","1kg","Pulau Pinang",2176,29,99,12.99,12.99,1,0.00
"2025-02-01",1564,"BAWANG PUTIH IMPORT (CHINA)","1kg","Pulau Pinang",1866,25,98,12.80,12.80,0,0.00
"2025-03-01",1564,"BAWANG PUTIH IMPORT (CHINA)","1kg","Pulau Pinang",2182,29,95,12.00,12.00,0,0.00
"2025-04-01",1564,"BAWANG PUTIH IMPORT (CHINA)","1kg","Pulau Pinang",2057,28,95,11.00,11.00,0,0.00
"2025-05-01",1564,"BAWANG PUTIH IMPORT (CHINA)","1kg","Pulau Pinang",2181,29,95,12.99,12.99,0,0.00
"2025-06-01",1564,"BAWANG PUTIH IMPORT (CHINA)","1kg","Pulau Pinang",1949,26,96,12.99,12.99,0,0.00
"2025-07-01",1564,"BAWANG PUTIH IMPORT (CHINA)","1kg","Pulau Pinang",2141,28,117,11.90,11.90,0,0.00
"2025-08-01",1564,"BAWANG PUTIH IMPORT (CHINA)","1kg","Pulau Pinang",2525,30,136,10.00,10.00,0,0.00
"2025-09-01",1564,"BAWANG PUTIH IMPORT (CHINA)","1kg","Pulau Pinang",2171,26,140,10.00,10.00,0,0.00
"2025-10-01",1564,"BAWANG PUTIH IMPORT (CHINA)","1kg","Pulau Pinang",2474,30,139,10.00,10.00,1,0.00
"2025-11-01",1564,"BAWANG PUTIH IMPORT (CHINA)","1kg","Pulau Pinang",2393,30,138,10.00,10.00,0,0.00
"2025-12-01",1564,"BAWANG PUTIH IMPORT (CHINA)","1kg","Pulau Pinang",2456,30,138,10.00,10.00,0,0.00
"2023-01-01",1564,"BAWANG PUTIH IMPORT (CHINA)","1kg","Sabah",2359,27,134,7.50,7.50,0,0.00
"2023-02-01",1564,"BAWANG PUTIH IMPORT (CHINA)","1kg","Sabah",2332,27,132,7.00,7.00,0,0.00
"2023-03-01",1564,"BAWANG PUTIH IMPORT (CHINA)","1kg","Sabah",2807,31,133,7.19,7.19,0,0.00
"2023-04-01",1564,"BAWANG PUTIH IMPORT (CHINA)","1kg","Sabah",2329,25,133,7.20,7.20,0,0.00
"2023-05-01",1564,"BAWANG PUTIH IMPORT (CHINA)","1kg","Sabah",1948,22,131,7.99,7.99,0,0.00
"2023-06-01",1564,"BAWANG PUTIH IMPORT (CHINA)","1kg","Sabah",2431,28,127,8.50,8.50,0,0.00
"2023-07-01",1564,"BAWANG PUTIH IMPORT (CHINA)","1kg","Sabah",2626,30,127,9.80,9.80,0,0.00
"2023-08-01",1564,"BAWANG PUTIH IMPORT (CHINA)","1kg","Sabah",2538,29,127,10.05,10.05,0,0.00
"2023-09-01",1564,"BAWANG PUTIH IMPORT (CHINA)","1kg","Sabah",2513,28,131,10.00,10.00,0,0.00
"2023-10-01",1564,"BAWANG PUTIH IMPORT (CHINA)","1kg","Sabah",2635,30,129,9.99,9.99,0,0.00
"2023-11-01",1564,"BAWANG PUTIH IMPORT (CHINA)","1kg","Sabah",2374,27,128,10.00,10.00,0,0.00
"2023-12-01",1564,"BAWANG PUTIH IMPORT (CHINA)","1kg","Sabah",1968,23,129,10.00,10.00,0,0.00
"2024-01-01",1564,"BAWANG PUTIH IMPORT (CHINA)","1kg","Sabah",2853,31,132,10.00,10.00,2,0.00
"2024-02-01",1564,"BAWANG PUTIH IMPORT (CHINA)","1kg","Sabah",2445,27,131,10.00,10.00,0,0.00
"2024-03-01",1564,"BAWANG PUTIH IMPORT (CHINA)","1kg","Sabah",2438,27,130,10.00,10.00,0,0.00
"2024-04-01",1564,"BAWANG PUTIH IMPORT (CHINA)","1kg","Sabah",2567,28,130,10.90,10.90,0,0.00
"2024-05-01",1564,"BAWANG PUTIH IMPORT (CHINA)","1kg","Sabah",2553,28,130,11.00,11.00,0,0.00
"2024-06-01",1564,"BAWANG PUTIH IMPORT (CHINA)","1kg","Sabah",2533,28,128,11.00,11.00,0,0.00
"2024-07-01",1564,"BAWANG PUTIH IMPORT (CHINA)","1kg","Sabah",2601,29,131,11.00,11.00,0,0.00
"2024-08-01",1564,"BAWANG PUTIH IMPORT (CHINA)","1kg","Sabah",2314,26,131,11.00,11.00,0,0.00
"2024-09-01",1564,"BAWANG PUTIH IMPORT (CHINA)","1kg","Sabah",2745,29,132,10.99,10.99,0,0.00
"2024-10-01",1564,"BAWANG PUTIH IMPORT (CHINA)","1kg","Sabah",2726,30,136,10.80,10.80,0,0.00
"2024-11-01",1564,"BAWANG PUTIH IMPORT (CHINA)","1kg","Sabah",2563,28,136,10.99,10.99,0,0.00
"2024-12-01",1564,"BAWANG PUTIH IMPORT (CHINA)","1kg","Sabah",2611,29,132,10.99,10.99,0,0.00
"2025-01-01",1564,"BAWANG PUTIH IMPORT (CHINA)","1kg","Sabah",2706,29,133,10.89,10.89,1,0.00
"2025-02-01",1564,"BAWANG PUTIH IMPORT (CHINA)","1kg","Sabah",2264,26,129,10.50,10.50,0,0.00
"2025-03-01",1564,"BAWANG PUTIH IMPORT (CHINA)","1kg","Sabah",2774,30,142,10.50,10.50,0,0.00
"2025-04-01",1564,"BAWANG PUTIH IMPORT (CHINA)","1kg","Sabah",2486,27,137,10.50,10.50,0,0.00
"2025-05-01",1564,"BAWANG PUTIH IMPORT (CHINA)","1kg","Sabah",2744,27,142,10.50,10.50,0,0.00
"2025-06-01",1564,"BAWANG PUTIH IMPORT (CHINA)","1kg","Sabah",2589,27,142,9.99,9.99,0,0.00
"2025-07-01",1564,"BAWANG PUTIH IMPORT (CHINA)","1kg","Sabah",3429,30,194,9.90,9.90,0,0.00
"2025-08-01",1564,"BAWANG PUTIH IMPORT (CHINA)","1kg","Sabah",3642,31,201,8.99,8.99,0,0.00
"2025-09-01",1564,"BAWANG PUTIH IMPORT (CHINA)","1kg","Sabah",2987,27,175,8.99,8.99,0,0.00
"2025-10-01",1564,"BAWANG PUTIH IMPORT (CHINA)","1kg","Sabah",3526,30,177,8.99,8.99,1,0.00
"2025-11-01",1564,"BAWANG PUTIH IMPORT (CHINA)","1kg","Sabah",3222,28,173,8.99,8.99,0,0.00
"2025-12-01",1564,"BAWANG PUTIH IMPORT (CHINA)","1kg","Sabah",3266,29,178,8.99,8.99,0,0.00
"2023-01-01",1564,"BAWANG PUTIH IMPORT (CHINA)","1kg","Sarawak",2368,28,138,7.30,7.30,0,0.00
"2023-02-01",1564,"BAWANG PUTIH IMPORT (CHINA)","1kg","Sarawak",2425,27,133,7.30,7.30,0,0.00
"2023-03-01",1564,"BAWANG PUTIH IMPORT (CHINA)","1kg","Sarawak",2820,31,139,7.50,7.50,0,0.00
"2023-04-01",1564,"BAWANG PUTIH IMPORT (CHINA)","1kg","Sarawak",2333,25,136,7.50,7.50,0,0.00
"2023-05-01",1564,"BAWANG PUTIH IMPORT (CHINA)","1kg","Sarawak",2210,24,137,7.90,7.90,0,0.00
"2023-06-01",1564,"BAWANG PUTIH IMPORT (CHINA)","1kg","Sarawak",2270,26,133,8.50,8.50,0,0.00
"2023-07-01",1564,"BAWANG PUTIH IMPORT (CHINA)","1kg","Sarawak",2690,29,135,9.90,9.90,0,0.00
"2023-08-01",1564,"BAWANG PUTIH IMPORT (CHINA)","1kg","Sarawak",2589,29,134,10.00,10.00,0,0.00
"2023-09-01",1564,"BAWANG PUTIH IMPORT (CHINA)","1kg","Sarawak",2457,28,135,10.00,10.00,0,0.00
"2023-10-01",1564,"BAWANG PUTIH IMPORT (CHINA)","1kg","Sarawak",2678,29,136,10.00,10.00,0,0.00
"2023-11-01",1564,"BAWANG PUTIH IMPORT (CHINA)","1kg","Sarawak",2551,28,133,10.50,10.50,0,0.00
"2023-12-01",1564,"BAWANG PUTIH IMPORT (CHINA)","1kg","Sarawak",2201,24,133,10.50,10.50,0,0.00
"2024-01-01",1564,"BAWANG PUTIH IMPORT (CHINA)","1kg","Sarawak",2866,31,137,10.50,10.50,0,0.00
"2024-02-01",1564,"BAWANG PUTIH IMPORT (CHINA)","1kg","Sarawak",2341,26,136,10.00,10.00,0,0.00
"2024-03-01",1564,"BAWANG PUTIH IMPORT (CHINA)","1kg","Sarawak",2401,28,136,10.90,10.90,0,0.00
"2024-04-01",1564,"BAWANG PUTIH IMPORT (CHINA)","1kg","Sarawak",2460,28,138,10.50,10.50,0,0.00
"2024-05-01",1564,"BAWANG PUTIH IMPORT (CHINA)","1kg","Sarawak",2687,29,143,10.99,10.99,0,0.00
"2024-06-01",1564,"BAWANG PUTIH IMPORT (CHINA)","1kg","Sarawak",2222,25,139,10.50,10.50,0,0.00
"2024-07-01",1564,"BAWANG PUTIH IMPORT (CHINA)","1kg","Sarawak",2510,28,143,10.50,10.50,0,0.00
"2024-08-01",1564,"BAWANG PUTIH IMPORT (CHINA)","1kg","Sarawak",2253,26,139,10.50,10.50,0,0.00
"2024-09-01",1564,"BAWANG PUTIH IMPORT (CHINA)","1kg","Sarawak",2761,29,143,10.50,10.50,0,0.00
"2024-10-01",1564,"BAWANG PUTIH IMPORT (CHINA)","1kg","Sarawak",2763,30,141,10.50,10.50,0,0.00
"2024-11-01",1564,"BAWANG PUTIH IMPORT (CHINA)","1kg","Sarawak",2780,28,163,10.50,10.50,0,0.00
"2024-12-01",1564,"BAWANG PUTIH IMPORT (CHINA)","1kg","Sarawak",3069,30,160,10.59,10.59,0,0.00
"2025-01-01",1564,"BAWANG PUTIH IMPORT (CHINA)","1kg","Sarawak",2966,29,158,10.40,10.40,1,0.00
"2025-02-01",1564,"BAWANG PUTIH IMPORT (CHINA)","1kg","Sarawak",2532,26,156,10.50,10.50,0,0.00
"2025-03-01",1564,"BAWANG PUTIH IMPORT (CHINA)","1kg","Sarawak",3052,30,160,10.00,10.00,0,0.00
"2025-04-01",1564,"BAWANG PUTIH IMPORT (CHINA)","1kg","Sarawak",2704,27,160,10.00,10.00,0,0.00
"2025-05-01",1564,"BAWANG PUTIH IMPORT (CHINA)","1kg","Sarawak",3006,29,160,10.00,10.00,0,0.00
"2025-06-01",1564,"BAWANG PUTIH IMPORT (CHINA)","1kg","Sarawak",2454,24,164,9.99,9.99,0,0.00
"2025-07-01",1564,"BAWANG PUTIH IMPORT (CHINA)","1kg","Sarawak",3743,30,266,9.90,9.90,0,0.00
"2025-08-01",1564,"BAWANG PUTIH IMPORT (CHINA)","1kg","Sarawak",4387,30,218,8.80,8.80,0,0.00
"2025-09-01",1564,"BAWANG PUTIH IMPORT (CHINA)","1kg","Sarawak",3738,26,217,8.00,8.00,1,0.00
"2025-10-01",1564,"BAWANG PUTIH IMPORT (CHINA)","1kg","Sarawak",4302,31,218,7.90,7.90,0,0.00
"2025-11-01",1564,"BAWANG PUTIH IMPORT (CHINA)","1kg","Sarawak",4233,30,215,7.90,7.90,0,0.00
"2025-12-01",1564,"BAWANG PUTIH IMPORT (CHINA)","1kg","Sarawak",4331,30,215,7.90,7.90,0,0.00
"2023-01-01",1564,"BAWANG PUTIH IMPORT (CHINA)","1kg","Selangor",2045,27,89,7.50,7.50,0,0.00
"2023-02-01",1564,"BAWANG PUTIH IMPORT (CHINA)","1kg","Selangor",1859,25,87,7.50,7.50,0,0.00
"2023-03-01",1564,"BAWANG PUTIH IMPORT (CHINA)","1kg","Selangor",2303,31,86,7.40,7.40,0,0.00
"2023-04-01",1564,"BAWANG PUTIH IMPORT (CHINA)","1kg","Selangor",1866,25,88,7.40,7.40,0,0.00
"2023-05-01",1564,"BAWANG PUTIH IMPORT (CHINA)","1kg","Selangor",1776,24,89,8.00,8.00,0,0.00
"2023-06-01",1564,"BAWANG PUTIH IMPORT (CHINA)","1kg","Selangor",2036,28,87,9.00,9.00,0,0.00
"2023-07-01",1564,"BAWANG PUTIH IMPORT (CHINA)","1kg","Selangor",2197,30,87,9.99,9.99,0,0.00
"2023-08-01",1564,"BAWANG PUTIH IMPORT (CHINA)","1kg","Selangor",1976,29,86,10.00,10.00,0,0.00
"2023-09-01",1564,"BAWANG PUTIH IMPORT (CHINA)","1kg","Selangor",1881,27,81,10.89,10.89,0,0.00
"2023-10-01",1564,"BAWANG PUTIH IMPORT (CHINA)","1kg","Selangor",2082,30,81,10.99,10.99,0,0.00
"2023-11-01",1564,"BAWANG PUTIH IMPORT (CHINA)","1kg","Selangor",1823,26,82,11.99,11.99,0,0.00
"2023-12-01",1564,"BAWANG PUTIH IMPORT (CHINA)","1kg","Selangor",1578,24,81,11.99,11.99,0,0.00
"2024-01-01",1564,"BAWANG PUTIH IMPORT (CHINA)","1kg","Selangor",2056,30,81,11.99,11.99,0,0.00
"2024-02-01",1564,"BAWANG PUTIH IMPORT (CHINA)","1kg","Selangor",1778,26,82,10.99,10.99,0,0.00
"2024-03-01",1564,"BAWANG PUTIH IMPORT (CHINA)","1kg","Selangor",1818,27,81,12.50,12.50,0,0.00
"2024-04-01",1564,"BAWANG PUTIH IMPORT (CHINA)","1kg","Selangor",1935,28,83,11.00,11.00,0,0.00
"2024-05-01",1564,"BAWANG PUTIH IMPORT (CHINA)","1kg","Selangor",2014,29,83,13.00,13.00,0,0.00
"2024-06-01",1564,"BAWANG PUTIH IMPORT (CHINA)","1kg","Selangor",1924,28,80,12.00,12.00,0,0.00
"2024-07-01",1564,"BAWANG PUTIH IMPORT (CHINA)","1kg","Selangor",1949,28,83,12.00,12.00,0,0.00
"2024-08-01",1564,"BAWANG PUTIH IMPORT (CHINA)","1kg","Selangor",1752,25,82,12.50,12.50,0,0.00
"2024-09-01",1564,"BAWANG PUTIH IMPORT (CHINA)","1kg","Selangor",2036,29,80,12.50,12.50,0,0.00
"2024-10-01",1564,"BAWANG PUTIH IMPORT (CHINA)","1kg","Selangor",2080,30,82,12.50,12.50,0,0.00
"2024-11-01",1564,"BAWANG PUTIH IMPORT (CHINA)","1kg","Selangor",1941,28,82,12.50,12.50,0,0.00
"2024-12-01",1564,"BAWANG PUTIH IMPORT (CHINA)","1kg","Selangor",2000,30,82,12.50,12.50,0,0.00
"2025-01-01",1564,"BAWANG PUTIH IMPORT (CHINA)","1kg","Selangor",2025,29,83,11.80,11.80,0,0.00
"2025-02-01",1564,"BAWANG PUTIH IMPORT (CHINA)","1kg","Selangor",1728,25,83,11.69,11.69,0,0.00
"2025-03-01",1564,"BAWANG PUTIH IMPORT (CHINA)","1kg","Selangor",2064,29,84,11.00,11.00,0,0.00
"2025-04-01",1564,"BAWANG PUTIH IMPORT (CHINA)","1kg","Selangor",1933,28,85,11.00,11.00,1,0.00
"2025-05-01",1564,"BAWANG PUTIH IMPORT (CHINA)","1kg","Selangor",2048,29,86,11.90,11.90,0,0.00
"2025-06-01",1564,"BAWANG PUTIH IMPORT (CHINA)","1kg","Selangor",1803,26,85,11.00,11.00,0,0.00
"2025-07-01",1564,"BAWANG PUTIH IMPORT (CHINA)","1kg","Selangor",2287,30,122,9.99,9.99,1,0.00
"2025-08-01",1564,"BAWANG PUTIH IMPORT (CHINA)","1kg","Selangor",2577,30,120,9.00,9.00,0,0.00
"2025-09-01",1564,"BAWANG PUTIH IMPORT (CHINA)","1kg","Selangor",2221,26,120,8.99,8.99,0,0.00
"2025-10-01",1564,"BAWANG PUTIH IMPORT (CHINA)","1kg","Selangor",2548,30,124,8.99,8.99,0,0.00
"2025-11-01",1564,"BAWANG PUTIH IMPORT (CHINA)","1kg","Selangor",2406,29,120,8.99,8.99,0,0.00
"2025-12-01",1564,"BAWANG PUTIH IMPORT (CHINA)","1kg","Selangor",2417,30,119,8.99,8.99,0,0.00
"2023-01-01",1564,"BAWANG PUTIH IMPORT (CHINA)","1kg","Terengganu",1334,29,80,7.90,7.90,0,0.00
"2023-02-01",1564,"BAWANG PUTIH IMPORT (CHINA)","1kg","Terengganu",1160,25,76,7.80,7.80,0,0.00
"2023-03-01",1564,"BAWANG PUTIH IMPORT (CHINA)","1kg","Terengganu",1369,29,83,7.49,7.49,0,0.00
"2023-04-01",1564,"BAWANG PUTIH IMPORT (CHINA)","1kg","Terengganu",1180,24,84,7.49,7.49,0,0.00
"2023-05-01",1564,"BAWANG PUTIH IMPORT (CHINA)","1kg","Terengganu",1137,24,80,8.00,8.00,0,0.00
"2023-06-01",1564,"BAWANG PUTIH IMPORT (CHINA)","1kg","Terengganu",1201,26,81,8.90,8.90,0,0.00
"2023-07-01",1564,"BAWANG PUTIH IMPORT (CHINA)","1kg","Terengganu",1312,30,76,10.00,10.00,0,0.00
"2023-08-01",1564,"BAWANG PUTIH IMPORT (CHINA)","1kg","Terengganu",1148,27,74,11.99,11.99,0,0.00
"2023-09-01",1564,"BAWANG PUTIH IMPORT (CHINA)","1kg","Terengganu",1112,26,74,11.99,11.99,0,0.00
"2023-10-01",1564,"BAWANG PUTIH IMPORT (CHINA)","1kg","Terengganu",1298,30,74,11.99,11.99,0,0.00
"2023-11-01",1564,"BAWANG PUTIH IMPORT (CHINA)","1kg","Terengganu",1132,27,74,12.00,12.00,0,0.00
"2023-12-01",1564,"BAWANG PUTIH IMPORT (CHINA)","1kg","Terengganu",1001,24,73,12.00,12.00,0,0.00
"2024-01-01",1564,"BAWANG PUTIH IMPORT (CHINA)","1kg","Terengganu",1303,31,71,12.00,12.00,0,0.00
"2024-02-01",1564,"BAWANG PUTIH IMPORT (CHINA)","1kg","Terengganu",1076,25,70,11.20,11.20,0,0.00
"2024-03-01",1564,"BAWANG PUTIH IMPORT (CHINA)","1kg","Terengganu",1068,26,72,12.00,12.00,0,0.00
"2024-04-01",1564,"BAWANG PUTIH IMPORT (CHINA)","1kg","Terengganu",1135,27,74,11.00,11.00,0,0.00
"2024-05-01",1564,"BAWANG PUTIH IMPORT (CHINA)","1kg","Terengganu",1197,29,72,12.90,12.90,0,0.00
"2024-06-01",1564,"BAWANG PUTIH IMPORT (CHINA)","1kg","Terengganu",1057,26,73,12.90,12.90,0,0.00
"2024-07-01",1564,"BAWANG PUTIH IMPORT (CHINA)","1kg","Terengganu",1234,29,74,12.00,12.00,0,0.00
"2024-08-01",1564,"BAWANG PUTIH IMPORT (CHINA)","1kg","Terengganu",1050,25,75,12.99,12.99,0,0.00
"2024-09-01",1564,"BAWANG PUTIH IMPORT (CHINA)","1kg","Terengganu",1253,28,75,12.99,12.99,0,0.00
"2024-10-01",1564,"BAWANG PUTIH IMPORT (CHINA)","1kg","Terengganu",1309,30,74,11.99,11.99,0,0.00
"2024-11-01",1564,"BAWANG PUTIH IMPORT (CHINA)","1kg","Terengganu",1205,28,77,12.00,12.00,0,0.00
"2024-12-01",1564,"BAWANG PUTIH IMPORT (CHINA)","1kg","Terengganu",1271,30,76,12.50,12.50,0,0.00
"2025-01-01",1564,"BAWANG PUTIH IMPORT (CHINA)","1kg","Terengganu",1214,28,74,11.99,11.99,0,0.00
"2025-02-01",1564,"BAWANG PUTIH IMPORT (CHINA)","1kg","Terengganu",1148,26,75,11.99,11.99,0,0.00
"2025-03-01",1564,"BAWANG PUTIH IMPORT (CHINA)","1kg","Terengganu",1224,27,77,11.49,11.49,0,0.00
"2025-04-01",1564,"BAWANG PUTIH IMPORT (CHINA)","1kg","Terengganu",1210,27,78,11.00,11.00,0,0.00
"2025-05-01",1564,"BAWANG PUTIH IMPORT (CHINA)","1kg","Terengganu",1318,29,76,12.00,12.00,0,0.00
"2025-06-01",1564,"BAWANG PUTIH IMPORT (CHINA)","1kg","Terengganu",1043,23,74,12.00,12.00,0,0.00
"2025-07-01",1564,"BAWANG PUTIH IMPORT (CHINA)","1kg","Terengganu",1401,30,109,11.99,11.99,0,0.00
"2025-08-01",1564,"BAWANG PUTIH IMPORT (CHINA)","1kg","Terengganu",1574,30,96,10.00,10.00,0,0.00
"2025-09-01",1564,"BAWANG PUTIH IMPORT (CHINA)","1kg","Terengganu",1392,27,95,9.50,9.50,0,0.00
"2025-10-01",1564,"BAWANG PUTIH IMPORT (CHINA)","1kg","Terengganu",1564,30,96,9.20,9.20,0,0.00
"2025-11-01",1564,"BAWANG PUTIH IMPORT (CHINA)","1kg","Terengganu",1504,30,97,9.99,9.99,0,0.00
"2025-12-01",1564,"BAWANG PUTIH IMPORT (CHINA)","1kg","Terengganu",1530,30,92,8.99,8.99,0,0.00
"2024-02-01",1564,"BAWANG PUTIH IMPORT (CHINA)","1kg","Unknown",3,3,1,12.99,12.99,0,0.00
"2023-01-01",1564,"BAWANG PUTIH IMPORT (CHINA)","1kg","W.P. Kuala Lumpur",2305,27,111,7.99,7.99,0,0.00
"2023-02-01",1564,"BAWANG PUTIH IMPORT (CHINA)","1kg","W.P. Kuala Lumpur",1997,24,106,7.90,7.90,0,0.00
"2023-03-01",1564,"BAWANG PUTIH IMPORT (CHINA)","1kg","W.P. Kuala Lumpur",2489,31,106,7.90,7.90,0,0.00
"2023-04-01",1564,"BAWANG PUTIH IMPORT (CHINA)","1kg","W.P. Kuala Lumpur",2055,25,107,7.60,7.60,0,0.00
"2023-05-01",1564,"BAWANG PUTIH IMPORT (CHINA)","1kg","W.P. Kuala Lumpur",1925,24,104,8.00,8.00,0,0.00
"2023-06-01",1564,"BAWANG PUTIH IMPORT (CHINA)","1kg","W.P. Kuala Lumpur",2269,28,105,9.90,9.90,0,0.00
"2023-07-01",1564,"BAWANG PUTIH IMPORT (CHINA)","1kg","W.P. Kuala Lumpur",2442,30,104,11.00,11.00,0,0.00
"2023-08-01",1564,"BAWANG PUTIH IMPORT (CHINA)","1kg","W.P. Kuala Lumpur",2334,29,104,12.00,12.00,0,0.00
"2023-09-01",1564,"BAWANG PUTIH IMPORT (CHINA)","1kg","W.P. Kuala Lumpur",2143,27,103,12.90,12.90,0,0.00
"2023-10-01",1564,"BAWANG PUTIH IMPORT (CHINA)","1kg","W.P. Kuala Lumpur",2363,30,104,12.99,12.99,0,0.00
"2023-11-01",1564,"BAWANG PUTIH IMPORT (CHINA)","1kg","W.P. Kuala Lumpur",2098,26,104,13.00,13.00,0,0.00
"2023-12-01",1564,"BAWANG PUTIH IMPORT (CHINA)","1kg","W.P. Kuala Lumpur",1930,24,104,13.50,13.50,0,0.00
"2024-01-01",1564,"BAWANG PUTIH IMPORT (CHINA)","1kg","W.P. Kuala Lumpur",2410,30,105,13.90,13.90,0,0.00
"2024-02-01",1564,"BAWANG PUTIH IMPORT (CHINA)","1kg","W.P. Kuala Lumpur",2019,25,107,11.00,11.00,0,0.00
"2024-03-01",1564,"BAWANG PUTIH IMPORT (CHINA)","1kg","W.P. Kuala Lumpur",1977,27,102,14.00,14.00,0,0.00
"2024-04-01",1564,"BAWANG PUTIH IMPORT (CHINA)","1kg","W.P. Kuala Lumpur",2185,28,105,11.00,11.00,0,0.00
"2024-05-01",1564,"BAWANG PUTIH IMPORT (CHINA)","1kg","W.P. Kuala Lumpur",2514,29,116,14.00,14.00,0,0.00
"2024-06-01",1564,"BAWANG PUTIH IMPORT (CHINA)","1kg","W.P. Kuala Lumpur",2538,28,117,14.00,14.00,0,0.00
"2024-07-01",1564,"BAWANG PUTIH IMPORT (CHINA)","1kg","W.P. Kuala Lumpur",2669,28,123,14.00,14.00,0,0.00
"2024-08-01",1564,"BAWANG PUTIH IMPORT (CHINA)","1kg","W.P. Kuala Lumpur",2397,25,123,14.00,14.00,0,0.00
"2024-09-01",1564,"BAWANG PUTIH IMPORT (CHINA)","1kg","W.P. Kuala Lumpur",2824,29,123,14.00,14.00,0,0.00
"2024-10-01",1564,"BAWANG PUTIH IMPORT (CHINA)","1kg","W.P. Kuala Lumpur",2901,30,122,14.00,14.00,0,0.00
"2024-11-01",1564,"BAWANG PUTIH IMPORT (CHINA)","1kg","W.P. Kuala Lumpur",2668,28,123,14.00,14.00,0,0.00
"2024-12-01",1564,"BAWANG PUTIH IMPORT (CHINA)","1kg","W.P. Kuala Lumpur",2870,30,123,14.00,14.00,0,0.00
"2025-01-01",1564,"BAWANG PUTIH IMPORT (CHINA)","1kg","W.P. Kuala Lumpur",2800,29,123,13.00,13.00,1,0.00
"2025-02-01",1564,"BAWANG PUTIH IMPORT (CHINA)","1kg","W.P. Kuala Lumpur",2271,24,120,13.00,13.00,0,0.00
"2025-03-01",1564,"BAWANG PUTIH IMPORT (CHINA)","1kg","W.P. Kuala Lumpur",2750,29,119,12.00,12.00,0,0.00
"2025-04-01",1564,"BAWANG PUTIH IMPORT (CHINA)","1kg","W.P. Kuala Lumpur",2573,28,119,11.99,11.99,0,0.00
"2025-05-01",1564,"BAWANG PUTIH IMPORT (CHINA)","1kg","W.P. Kuala Lumpur",2765,29,118,13.99,13.99,0,0.00
"2025-06-01",1564,"BAWANG PUTIH IMPORT (CHINA)","1kg","W.P. Kuala Lumpur",2423,26,118,13.89,13.89,0,0.00
"2025-07-01",1564,"BAWANG PUTIH IMPORT (CHINA)","1kg","W.P. Kuala Lumpur",3373,30,181,11.49,11.49,1,0.00
"2025-08-01",1564,"BAWANG PUTIH IMPORT (CHINA)","1kg","W.P. Kuala Lumpur",3839,30,160,10.00,10.00,0,0.00
"2025-09-01",1564,"BAWANG PUTIH IMPORT (CHINA)","1kg","W.P. Kuala Lumpur",3317,26,157,9.99,9.99,0,0.00
"2025-10-01",1564,"BAWANG PUTIH IMPORT (CHINA)","1kg","W.P. Kuala Lumpur",3792,30,156,10.00,10.00,0,0.00
"2025-11-01",1564,"BAWANG PUTIH IMPORT (CHINA)","1kg","W.P. Kuala Lumpur",3701,30,160,10.00,10.00,0,0.00
"2025-12-01",1564,"BAWANG PUTIH IMPORT (CHINA)","1kg","W.P. Kuala Lumpur",3823,30,161,10.00,10.00,0,0.00
"2023-01-01",1564,"BAWANG PUTIH IMPORT (CHINA)","1kg","W.P. Labuan",325,27,14,7.90,7.90,0,0.00
"2023-02-01",1564,"BAWANG PUTIH IMPORT (CHINA)","1kg","W.P. Labuan",311,26,14,6.90,6.90,0,0.00
"2023-03-01",1564,"BAWANG PUTIH IMPORT (CHINA)","1kg","W.P. Labuan",371,31,14,6.90,6.90,0,0.00
"2023-04-01",1564,"BAWANG PUTIH IMPORT (CHINA)","1kg","W.P. Labuan",283,25,14,7.90,7.90,0,0.00
"2023-05-01",1564,"BAWANG PUTIH IMPORT (CHINA)","1kg","W.P. Labuan",244,22,14,8.00,8.00,0,0.00
"2023-06-01",1564,"BAWANG PUTIH IMPORT (CHINA)","1kg","W.P. Labuan",335,28,14,8.00,8.00,0,0.00
"2023-07-01",1564,"BAWANG PUTIH IMPORT (CHINA)","1kg","W.P. Labuan",360,30,14,10.90,10.90,0,0.00
"2023-08-01",1564,"BAWANG PUTIH IMPORT (CHINA)","1kg","W.P. Labuan",336,29,14,11.90,11.90,0,0.00
"2023-09-01",1564,"BAWANG PUTIH IMPORT (CHINA)","1kg","W.P. Labuan",328,27,14,11.90,11.90,0,0.00
"2023-10-01",1564,"BAWANG PUTIH IMPORT (CHINA)","1kg","W.P. Labuan",369,30,14,11.90,11.90,0,0.00
"2023-11-01",1564,"BAWANG PUTIH IMPORT (CHINA)","1kg","W.P. Labuan",301,26,14,11.90,11.90,0,0.00
"2023-12-01",1564,"BAWANG PUTIH IMPORT (CHINA)","1kg","W.P. Labuan",294,24,14,12.00,12.00,0,0.00
"2024-01-01",1564,"BAWANG PUTIH IMPORT (CHINA)","1kg","W.P. Labuan",377,31,14,10.90,10.90,0,0.00
"2024-02-01",1564,"BAWANG PUTIH IMPORT (CHINA)","1kg","W.P. Labuan",283,25,14,10.90,10.90,0,0.00
"2024-03-01",1564,"BAWANG PUTIH IMPORT (CHINA)","1kg","W.P. Labuan",302,27,14,11.20,11.20,0,0.00
"2024-04-01",1564,"BAWANG PUTIH IMPORT (CHINA)","1kg","W.P. Labuan",324,28,14,11.00,11.00,0,0.00
"2024-05-01",1564,"BAWANG PUTIH IMPORT (CHINA)","1kg","W.P. Labuan",321,27,14,11.50,11.50,0,0.00
"2024-06-01",1564,"BAWANG PUTIH IMPORT (CHINA)","1kg","W.P. Labuan",336,28,14,11.50,11.50,0,0.00
"2024-07-01",1564,"BAWANG PUTIH IMPORT (CHINA)","1kg","W.P. Labuan",339,28,14,11.50,11.50,0,0.00
"2024-08-01",1564,"BAWANG PUTIH IMPORT (CHINA)","1kg","W.P. Labuan",300,25,14,11.60,11.60,0,0.00
"2024-09-01",1564,"BAWANG PUTIH IMPORT (CHINA)","1kg","W.P. Labuan",347,29,14,11.50,11.50,0,0.00
"2024-10-01",1564,"BAWANG PUTIH IMPORT (CHINA)","1kg","W.P. Labuan",360,30,14,11.55,11.55,0,0.00
"2024-11-01",1564,"BAWANG PUTIH IMPORT (CHINA)","1kg","W.P. Labuan",328,28,14,11.60,11.60,0,0.00
"2024-12-01",1564,"BAWANG PUTIH IMPORT (CHINA)","1kg","W.P. Labuan",345,30,14,10.90,10.90,0,0.00
"2025-01-01",1564,"BAWANG PUTIH IMPORT (CHINA)","1kg","W.P. Labuan",334,29,14,11.55,11.55,0,0.00
"2025-02-01",1564,"BAWANG PUTIH IMPORT (CHINA)","1kg","W.P. Labuan",299,25,14,11.60,11.60,0,0.00
"2025-03-01",1564,"BAWANG PUTIH IMPORT (CHINA)","1kg","W.P. Labuan",326,29,14,11.60,11.60,0,0.00
"2025-04-01",1564,"BAWANG PUTIH IMPORT (CHINA)","1kg","W.P. Labuan",315,28,13,11.00,11.00,0,0.00
"2025-05-01",1564,"BAWANG PUTIH IMPORT (CHINA)","1kg","W.P. Labuan",297,27,13,11.00,11.00,0,0.00
"2025-06-01",1564,"BAWANG PUTIH IMPORT (CHINA)","1kg","W.P. Labuan",284,26,13,10.50,10.50,1,0.00
"2025-07-01",1564,"BAWANG PUTIH IMPORT (CHINA)","1kg","W.P. Labuan",345,30,14,9.10,9.10,0,0.00
"2025-08-01",1564,"BAWANG PUTIH IMPORT (CHINA)","1kg","W.P. Labuan",359,30,14,8.90,8.90,0,0.00
"2025-09-01",1564,"BAWANG PUTIH IMPORT (CHINA)","1kg","W.P. Labuan",305,26,14,8.00,8.00,0,0.00
"2025-10-01",1564,"BAWANG PUTIH IMPORT (CHINA)","1kg","W.P. Labuan",354,30,14,8.00,8.00,0,0.00
"2025-11-01",1564,"BAWANG PUTIH IMPORT (CHINA)","1kg","W.P. Labuan",348,29,14,7.90,7.90,0,0.00
"2025-12-01",1564,"BAWANG PUTIH IMPORT (CHINA)","1kg","W.P. Labuan",358,30,14,8.50,8.50,0,0.00
"2023-01-01",1564,"BAWANG PUTIH IMPORT (CHINA)","1kg","W.P. Putrajaya",240,27,18,8.00,8.00,0,0.00
"2023-02-01",1564,"BAWANG PUTIH IMPORT (CHINA)","1kg","W.P. Putrajaya",205,24,18,7.50,7.50,0,0.00
"2023-03-01",1564,"BAWANG PUTIH IMPORT (CHINA)","1kg","W.P. Putrajaya",253,31,18,7.50,7.50,0,0.00
"2023-04-01",1564,"BAWANG PUTIH IMPORT (CHINA)","1kg","W.P. Putrajaya",227,25,19,7.00,7.00,0,0.00
"2023-05-01",1564,"BAWANG PUTIH IMPORT (CHINA)","1kg","W.P. Putrajaya",214,24,19,8.00,8.00,0,0.00
"2023-06-01",1564,"BAWANG PUTIH IMPORT (CHINA)","1kg","W.P. Putrajaya",263,28,19,8.59,8.59,0,0.00
"2023-07-01",1564,"BAWANG PUTIH IMPORT (CHINA)","1kg","W.P. Putrajaya",287,30,19,9.95,9.95,0,0.00
"2023-08-01",1564,"BAWANG PUTIH IMPORT (CHINA)","1kg","W.P. Putrajaya",264,29,18,10.99,10.99,0,0.00
"2023-09-01",1564,"BAWANG PUTIH IMPORT (CHINA)","1kg","W.P. Putrajaya",251,27,18,12.00,12.00,0,0.00
"2023-10-01",1564,"BAWANG PUTIH IMPORT (CHINA)","1kg","W.P. Putrajaya",283,30,19,12.90,12.90,0,0.00
"2023-11-01",1564,"BAWANG PUTIH IMPORT (CHINA)","1kg","W.P. Putrajaya",227,26,19,11.90,11.90,0,0.00
"2023-12-01",1564,"BAWANG PUTIH IMPORT (CHINA)","1kg","W.P. Putrajaya",207,24,18,12.00,12.00,0,0.00
"2024-01-01",1564,"BAWANG PUTIH IMPORT (CHINA)","1kg","W.P. Putrajaya",280,30,18,12.90,12.90,0,0.00
"2024-02-01",1564,"BAWANG PUTIH IMPORT (CHINA)","1kg","W.P. Putrajaya",228,25,20,11.00,11.00,0,0.00
"2024-03-01",1564,"BAWANG PUTIH IMPORT (CHINA)","1kg","W.P. Putrajaya",255,27,20,13.90,13.90,0,0.00
"2024-04-01",1564,"BAWANG PUTIH IMPORT (CHINA)","1kg","W.P. Putrajaya",291,28,20,11.00,11.00,0,0.00
"2024-05-01",1564,"BAWANG PUTIH IMPORT (CHINA)","1kg","W.P. Putrajaya",309,29,20,14.00,14.00,0,0.00
"2024-06-01",1564,"BAWANG PUTIH IMPORT (CHINA)","1kg","W.P. Putrajaya",266,28,20,13.80,13.80,0,0.00
"2024-07-01",1564,"BAWANG PUTIH IMPORT (CHINA)","1kg","W.P. Putrajaya",292,28,21,12.90,12.90,0,0.00
"2024-08-01",1564,"BAWANG PUTIH IMPORT (CHINA)","1kg","W.P. Putrajaya",254,25,20,12.90,12.90,0,0.00
"2024-09-01",1564,"BAWANG PUTIH IMPORT (CHINA)","1kg","W.P. Putrajaya",309,29,21,12.90,12.90,0,0.00
"2024-10-01",1564,"BAWANG PUTIH IMPORT (CHINA)","1kg","W.P. Putrajaya",309,30,19,12.50,12.50,0,0.00
"2024-11-01",1564,"BAWANG PUTIH IMPORT (CHINA)","1kg","W.P. Putrajaya",286,28,19,12.50,12.50,0,0.00
"2024-12-01",1564,"BAWANG PUTIH IMPORT (CHINA)","1kg","W.P. Putrajaya",273,30,19,12.50,12.50,0,0.00
"2025-01-01",1564,"BAWANG PUTIH IMPORT (CHINA)","1kg","W.P. Putrajaya",274,29,20,11.65,11.80,1,1.29
"2025-02-01",1564,"BAWANG PUTIH IMPORT (CHINA)","1kg","W.P. Putrajaya",249,24,20,12.90,12.90,0,0.00
"2025-03-01",1564,"BAWANG PUTIH IMPORT (CHINA)","1kg","W.P. Putrajaya",311,29,20,11.80,11.80,0,0.00
"2025-04-01",1564,"BAWANG PUTIH IMPORT (CHINA)","1kg","W.P. Putrajaya",285,28,20,11.80,11.80,0,0.00
"2025-05-01",1564,"BAWANG PUTIH IMPORT (CHINA)","1kg","W.P. Putrajaya",314,29,21,12.90,12.90,0,0.00
"2025-06-01",1564,"BAWANG PUTIH IMPORT (CHINA)","1kg","W.P. Putrajaya",265,26,20,11.90,11.90,0,0.00
"2025-07-01",1564,"BAWANG PUTIH IMPORT (CHINA)","1kg","W.P. Putrajaya",361,30,24,10.90,10.90,0,0.00
"2025-08-01",1564,"BAWANG PUTIH IMPORT (CHINA)","1kg","W.P. Putrajaya",441,30,25,9.99,9.99,0,0.00
"2025-09-01",1564,"BAWANG PUTIH IMPORT (CHINA)","1kg","W.P. Putrajaya",378,26,24,10.90,10.90,0,0.00
"2025-10-01",1564,"BAWANG PUTIH IMPORT (CHINA)","1kg","W.P. Putrajaya",486,30,25,8.99,8.99,0,0.00
"2025-11-01",1564,"BAWANG PUTIH IMPORT (CHINA)","1kg","W.P. Putrajaya",466,29,26,9.90,9.90,0,0.00
"2025-12-01",1564,"BAWANG PUTIH IMPORT (CHINA)","1kg","W.P. Putrajaya",489,30,26,9.90,9.90,0,0.00
"2023-01-01",1589,"GULA PUTIH BERTAPIS KASAR (PELBAGAI JENAMA)","1kg","Johor",625,8,132,2.85,2.85,0,0.00
"2023-02-01",1589,"GULA PUTIH BERTAPIS KASAR (PELBAGAI JENAMA)","1kg","Johor",497,8,130,2.85,2.85,0,0.00
"2023-03-01",1589,"GULA PUTIH BERTAPIS KASAR (PELBAGAI JENAMA)","1kg","Johor",504,8,130,2.85,2.85,0,0.00
"2023-04-01",1589,"GULA PUTIH BERTAPIS KASAR (PELBAGAI JENAMA)","1kg","Johor",637,9,130,2.85,2.85,0,0.00
"2023-05-01",1589,"GULA PUTIH BERTAPIS KASAR (PELBAGAI JENAMA)","1kg","Johor",489,7,129,2.85,2.85,0,0.00
"2023-06-01",1589,"GULA PUTIH BERTAPIS KASAR (PELBAGAI JENAMA)","1kg","Johor",488,7,128,2.85,2.85,0,0.00
"2023-07-01",1589,"GULA PUTIH BERTAPIS KASAR (PELBAGAI JENAMA)","1kg","Johor",621,10,129,2.85,2.85,0,0.00
"2023-08-01",1589,"GULA PUTIH BERTAPIS KASAR (PELBAGAI JENAMA)","1kg","Johor",502,8,132,2.85,2.85,0,0.00
"2023-09-01",1589,"GULA PUTIH BERTAPIS KASAR (PELBAGAI JENAMA)","1kg","Johor",420,9,130,2.85,2.85,0,0.00
"2023-10-01",1589,"GULA PUTIH BERTAPIS KASAR (PELBAGAI JENAMA)","1kg","Johor",375,10,107,2.85,2.85,0,0.00
"2023-11-01",1589,"GULA PUTIH BERTAPIS KASAR (PELBAGAI JENAMA)","1kg","Johor",308,7,100,2.85,2.85,0,0.00
"2023-12-01",1589,"GULA PUTIH BERTAPIS KASAR (PELBAGAI JENAMA)","1kg","Johor",357,7,106,2.85,2.85,0,0.00
"2024-01-01",1589,"GULA PUTIH BERTAPIS KASAR (PELBAGAI JENAMA)","1kg","Johor",506,10,118,2.85,2.85,0,0.00
"2024-02-01",1589,"GULA PUTIH BERTAPIS KASAR (PELBAGAI JENAMA)","1kg","Johor",561,7,154,2.85,2.85,0,0.00
"2024-03-01",1589,"GULA PUTIH BERTAPIS KASAR (PELBAGAI JENAMA)","1kg","Johor",591,8,164,2.85,2.85,0,0.00
"2024-04-01",1589,"GULA PUTIH BERTAPIS KASAR (PELBAGAI JENAMA)","1kg","Johor",717,9,160,2.85,2.85,0,0.00
"2024-05-01",1589,"GULA PUTIH BERTAPIS KASAR (PELBAGAI JENAMA)","1kg","Johor",774,12,171,2.85,2.85,0,0.00
"2024-06-01",1589,"GULA PUTIH BERTAPIS KASAR (PELBAGAI JENAMA)","1kg","Johor",469,8,166,2.85,2.85,0,0.00
"2024-07-01",1589,"GULA PUTIH BERTAPIS KASAR (PELBAGAI JENAMA)","1kg","Johor",765,9,167,2.85,2.85,0,0.00
"2024-08-01",1589,"GULA PUTIH BERTAPIS KASAR (PELBAGAI JENAMA)","1kg","Johor",483,6,168,2.85,2.85,0,0.00
"2024-09-01",1589,"GULA PUTIH BERTAPIS KASAR (PELBAGAI JENAMA)","1kg","Johor",803,11,169,2.85,2.85,0,0.00
"2024-10-01",1589,"GULA PUTIH BERTAPIS KASAR (PELBAGAI JENAMA)","1kg","Johor",647,8,168,2.85,2.85,0,0.00
"2024-11-01",1589,"GULA PUTIH BERTAPIS KASAR (PELBAGAI JENAMA)","1kg","Johor",643,8,168,2.85,2.85,0,0.00
"2024-12-01",1589,"GULA PUTIH BERTAPIS KASAR (PELBAGAI JENAMA)","1kg","Johor",647,9,169,2.85,2.85,0,0.00
"2025-01-01",1589,"GULA PUTIH BERTAPIS KASAR (PELBAGAI JENAMA)","1kg","Johor",805,9,169,2.85,2.85,1,0.00
"2025-02-01",1589,"GULA PUTIH BERTAPIS KASAR (PELBAGAI JENAMA)","1kg","Johor",806,10,168,2.85,2.85,0,0.00
"2025-03-01",1589,"GULA PUTIH BERTAPIS KASAR (PELBAGAI JENAMA)","1kg","Johor",652,8,169,2.85,2.85,0,0.00
"2025-04-01",1589,"GULA PUTIH BERTAPIS KASAR (PELBAGAI JENAMA)","1kg","Johor",636,7,168,2.85,2.85,0,0.00
"2025-05-01",1589,"GULA PUTIH BERTAPIS KASAR (PELBAGAI JENAMA)","1kg","Johor",814,9,171,2.85,2.85,0,0.00
"2025-06-01",1589,"GULA PUTIH BERTAPIS KASAR (PELBAGAI JENAMA)","1kg","Johor",664,8,170,2.85,2.85,0,0.00
"2025-07-01",1589,"GULA PUTIH BERTAPIS KASAR (PELBAGAI JENAMA)","1kg","Johor",763,8,243,2.85,2.85,0,0.00
"2025-08-01",1589,"GULA PUTIH BERTAPIS KASAR (PELBAGAI JENAMA)","1kg","Johor",1007,10,208,2.85,2.85,0,0.00
"2025-09-01",1589,"GULA PUTIH BERTAPIS KASAR (PELBAGAI JENAMA)","1kg","Johor",789,8,207,2.85,2.85,0,0.00
"2025-10-01",1589,"GULA PUTIH BERTAPIS KASAR (PELBAGAI JENAMA)","1kg","Johor",810,8,209,2.85,2.85,0,0.00
"2025-11-01",1589,"GULA PUTIH BERTAPIS KASAR (PELBAGAI JENAMA)","1kg","Johor",798,9,205,2.85,2.85,0,0.00
"2025-12-01",1589,"GULA PUTIH BERTAPIS KASAR (PELBAGAI JENAMA)","1kg","Johor",785,8,206,2.85,2.85,0,0.00
"2023-01-01",1589,"GULA PUTIH BERTAPIS KASAR (PELBAGAI JENAMA)","1kg","Kedah",407,5,84,2.85,2.85,0,0.00
"2023-02-01",1589,"GULA PUTIH BERTAPIS KASAR (PELBAGAI JENAMA)","1kg","Kedah",323,4,84,2.85,2.85,0,0.00
"2023-03-01",1589,"GULA PUTIH BERTAPIS KASAR (PELBAGAI JENAMA)","1kg","Kedah",321,4,82,2.85,2.85,0,0.00
"2023-04-01",1589,"GULA PUTIH BERTAPIS KASAR (PELBAGAI JENAMA)","1kg","Kedah",412,6,84,2.85,2.85,0,0.00
"2023-05-01",1589,"GULA PUTIH BERTAPIS KASAR (PELBAGAI JENAMA)","1kg","Kedah",228,4,81,2.85,2.85,0,0.00
"2023-06-01",1589,"GULA PUTIH BERTAPIS KASAR (PELBAGAI JENAMA)","1kg","Kedah",226,4,67,2.85,2.85,0,0.00
"2023-07-01",1589,"GULA PUTIH BERTAPIS KASAR (PELBAGAI JENAMA)","1kg","Kedah",364,5,77,2.85,2.85,0,0.00
"2023-08-01",1589,"GULA PUTIH BERTAPIS KASAR (PELBAGAI JENAMA)","1kg","Kedah",300,4,78,2.85,2.85,0,0.00
"2023-09-01",1589,"GULA PUTIH BERTAPIS KASAR (PELBAGAI JENAMA)","1kg","Kedah",260,5,74,2.85,2.85,0,0.00
"2023-10-01",1589,"GULA PUTIH BERTAPIS KASAR (PELBAGAI JENAMA)","1kg","Kedah",247,5,69,2.85,2.85,0,0.00
"2023-11-01",1589,"GULA PUTIH BERTAPIS KASAR (PELBAGAI JENAMA)","1kg","Kedah",166,4,57,2.85,2.85,0,0.00
"2023-12-01",1589,"GULA PUTIH BERTAPIS KASAR (PELBAGAI JENAMA)","1kg","Kedah",229,5,68,2.85,2.85,0,0.00
"2024-01-01",1589,"GULA PUTIH BERTAPIS KASAR (PELBAGAI JENAMA)","1kg","Kedah",322,5,73,2.85,2.85,0,0.00
"2024-02-01",1589,"GULA PUTIH BERTAPIS KASAR (PELBAGAI JENAMA)","1kg","Kedah",269,4,73,2.85,2.85,0,0.00
"2024-03-01",1589,"GULA PUTIH BERTAPIS KASAR (PELBAGAI JENAMA)","1kg","Kedah",287,4,75,2.85,2.85,0,0.00
"2024-04-01",1589,"GULA PUTIH BERTAPIS KASAR (PELBAGAI JENAMA)","1kg","Kedah",335,5,72,2.85,2.85,0,0.00
"2024-05-01",1589,"GULA PUTIH BERTAPIS KASAR (PELBAGAI JENAMA)","1kg","Kedah",338,5,71,2.85,2.85,0,0.00
"2024-06-01",1589,"GULA PUTIH BERTAPIS KASAR (PELBAGAI JENAMA)","1kg","Kedah",225,4,78,2.85,2.85,0,0.00
"2024-07-01",1589,"GULA PUTIH BERTAPIS KASAR (PELBAGAI JENAMA)","1kg","Kedah",390,5,83,2.85,2.85,0,0.00
"2024-08-01",1589,"GULA PUTIH BERTAPIS KASAR (PELBAGAI JENAMA)","1kg","Kedah",242,5,82,2.85,2.85,0,0.00
"2024-09-01",1589,"GULA PUTIH BERTAPIS KASAR (PELBAGAI JENAMA)","1kg","Kedah",403,5,84,2.85,2.85,0,0.00
"2024-10-01",1589,"GULA PUTIH BERTAPIS KASAR (PELBAGAI JENAMA)","1kg","Kedah",329,4,83,2.85,2.85,0,0.00
"2024-11-01",1589,"GULA PUTIH BERTAPIS KASAR (PELBAGAI JENAMA)","1kg","Kedah",317,4,84,2.85,2.85,0,0.00
"2024-12-01",1589,"GULA PUTIH BERTAPIS KASAR (PELBAGAI JENAMA)","1kg","Kedah",323,4,81,2.85,2.85,0,0.00
"2025-01-01",1589,"GULA PUTIH BERTAPIS KASAR (PELBAGAI JENAMA)","1kg","Kedah",399,5,81,2.85,2.85,0,0.00
"2025-02-01",1589,"GULA PUTIH BERTAPIS KASAR (PELBAGAI JENAMA)","1kg","Kedah",330,4,84,2.85,2.85,0,0.00
"2025-03-01",1589,"GULA PUTIH BERTAPIS KASAR (PELBAGAI JENAMA)","1kg","Kedah",419,5,85,2.85,2.85,0,0.00
"2025-04-01",1589,"GULA PUTIH BERTAPIS KASAR (PELBAGAI JENAMA)","1kg","Kedah",331,4,85,2.85,2.85,0,0.00
"2025-05-01",1589,"GULA PUTIH BERTAPIS KASAR (PELBAGAI JENAMA)","1kg","Kedah",414,5,84,2.85,2.85,0,0.00
"2025-06-01",1589,"GULA PUTIH BERTAPIS KASAR (PELBAGAI JENAMA)","1kg","Kedah",333,4,85,2.85,2.85,0,0.00
"2025-07-01",1589,"GULA PUTIH BERTAPIS KASAR (PELBAGAI JENAMA)","1kg","Kedah",391,4,120,2.85,2.85,0,0.00
"2025-08-01",1589,"GULA PUTIH BERTAPIS KASAR (PELBAGAI JENAMA)","1kg","Kedah",537,5,109,2.85,2.85,0,0.00
"2025-09-01",1589,"GULA PUTIH BERTAPIS KASAR (PELBAGAI JENAMA)","1kg","Kedah",427,4,109,2.85,2.85,0,0.00
"2025-10-01",1589,"GULA PUTIH BERTAPIS KASAR (PELBAGAI JENAMA)","1kg","Kedah",434,4,110,2.85,2.85,0,0.00
"2025-11-01",1589,"GULA PUTIH BERTAPIS KASAR (PELBAGAI JENAMA)","1kg","Kedah",436,4,110,2.85,2.85,0,0.00
"2025-12-01",1589,"GULA PUTIH BERTAPIS KASAR (PELBAGAI JENAMA)","1kg","Kedah",427,4,111,2.85,2.85,0,0.00
"2023-01-01",1589,"GULA PUTIH BERTAPIS KASAR (PELBAGAI JENAMA)","1kg","Kelantan",722,6,146,2.85,2.85,0,0.00
"2023-02-01",1589,"GULA PUTIH BERTAPIS KASAR (PELBAGAI JENAMA)","1kg","Kelantan",583,5,146,2.85,2.85,0,0.00
"2023-03-01",1589,"GULA PUTIH BERTAPIS KASAR (PELBAGAI JENAMA)","1kg","Kelantan",588,5,147,2.85,2.85,0,0.00
"2023-04-01",1589,"GULA PUTIH BERTAPIS KASAR (PELBAGAI JENAMA)","1kg","Kelantan",715,5,146,2.85,2.85,0,0.00
"2023-05-01",1589,"GULA PUTIH BERTAPIS KASAR (PELBAGAI JENAMA)","1kg","Kelantan",507,5,143,2.85,2.85,0,0.00
"2023-06-01",1589,"GULA PUTIH BERTAPIS KASAR (PELBAGAI JENAMA)","1kg","Kelantan",544,7,141,2.85,2.85,0,0.00
"2023-07-01",1589,"GULA PUTIH BERTAPIS KASAR (PELBAGAI JENAMA)","1kg","Kelantan",675,7,138,2.85,2.85,0,0.00
"2023-08-01",1589,"GULA PUTIH BERTAPIS KASAR (PELBAGAI JENAMA)","1kg","Kelantan",552,7,141,2.85,2.85,0,0.00
"2023-09-01",1589,"GULA PUTIH BERTAPIS KASAR (PELBAGAI JENAMA)","1kg","Kelantan",436,4,132,2.85,2.85,0,0.00
"2023-10-01",1589,"GULA PUTIH BERTAPIS KASAR (PELBAGAI JENAMA)","1kg","Kelantan",526,5,131,2.85,2.85,0,0.00
"2023-11-01",1589,"GULA PUTIH BERTAPIS KASAR (PELBAGAI JENAMA)","1kg","Kelantan",419,4,122,2.85,2.85,0,0.00
"2023-12-01",1589,"GULA PUTIH BERTAPIS KASAR (PELBAGAI JENAMA)","1kg","Kelantan",478,6,129,2.85,2.85,0,0.00
"2024-01-01",1589,"GULA PUTIH BERTAPIS KASAR (PELBAGAI JENAMA)","1kg","Kelantan",596,5,135,2.85,2.85,0,0.00
"2024-02-01",1589,"GULA PUTIH BERTAPIS KASAR (PELBAGAI JENAMA)","1kg","Kelantan",470,4,128,2.85,2.85,0,0.00
"2024-03-01",1589,"GULA PUTIH BERTAPIS KASAR (PELBAGAI JENAMA)","1kg","Kelantan",489,7,129,2.85,2.85,0,0.00
"2024-04-01",1589,"GULA PUTIH BERTAPIS KASAR (PELBAGAI JENAMA)","1kg","Kelantan",626,5,134,2.85,2.85,0,0.00
"2024-05-01",1589,"GULA PUTIH BERTAPIS KASAR (PELBAGAI JENAMA)","1kg","Kelantan",602,6,133,2.85,2.85,0,0.00
"2024-06-01",1589,"GULA PUTIH BERTAPIS KASAR (PELBAGAI JENAMA)","1kg","Kelantan",367,4,128,2.85,2.85,0,0.00
"2024-07-01",1589,"GULA PUTIH BERTAPIS KASAR (PELBAGAI JENAMA)","1kg","Kelantan",602,5,134,2.85,2.85,0,0.00
"2024-08-01",1589,"GULA PUTIH BERTAPIS KASAR (PELBAGAI JENAMA)","1kg","Kelantan",374,3,131,2.85,2.85,0,0.00
"2024-09-01",1589,"GULA PUTIH BERTAPIS KASAR (PELBAGAI JENAMA)","1kg","Kelantan",634,5,133,2.85,2.85,0,0.00
"2024-10-01",1589,"GULA PUTIH BERTAPIS KASAR (PELBAGAI JENAMA)","1kg","Kelantan",510,4,134,2.85,2.85,0,0.00
"2024-11-01",1589,"GULA PUTIH BERTAPIS KASAR (PELBAGAI JENAMA)","1kg","Kelantan",519,4,139,2.85,2.85,0,0.00
"2024-12-01",1589,"GULA PUTIH BERTAPIS KASAR (PELBAGAI JENAMA)","1kg","Kelantan",527,5,143,2.85,2.85,0,0.00
"2025-01-01",1589,"GULA PUTIH BERTAPIS KASAR (PELBAGAI JENAMA)","1kg","Kelantan",693,6,144,2.85,2.85,0,0.00
"2025-02-01",1589,"GULA PUTIH BERTAPIS KASAR (PELBAGAI JENAMA)","1kg","Kelantan",546,4,144,2.85,2.85,0,0.00
"2025-03-01",1589,"GULA PUTIH BERTAPIS KASAR (PELBAGAI JENAMA)","1kg","Kelantan",714,5,146,2.85,2.85,0,0.00
"2025-04-01",1589,"GULA PUTIH BERTAPIS KASAR (PELBAGAI JENAMA)","1kg","Kelantan",578,4,146,2.85,2.85,0,0.00
"2025-05-01",1589,"GULA PUTIH BERTAPIS KASAR (PELBAGAI JENAMA)","1kg","Kelantan",710,5,145,2.85,2.85,0,0.00
"2025-06-01",1589,"GULA PUTIH BERTAPIS KASAR (PELBAGAI JENAMA)","1kg","Kelantan",575,4,146,2.85,2.85,0,0.00
"2025-07-01",1589,"GULA PUTIH BERTAPIS KASAR (PELBAGAI JENAMA)","1kg","Kelantan",695,4,216,2.85,2.85,0,0.00
"2025-08-01",1589,"GULA PUTIH BERTAPIS KASAR (PELBAGAI JENAMA)","1kg","Kelantan",1000,5,203,2.85,2.85,0,0.00
"2025-09-01",1589,"GULA PUTIH BERTAPIS KASAR (PELBAGAI JENAMA)","1kg","Kelantan",797,4,203,2.85,2.85,0,0.00
"2025-10-01",1589,"GULA PUTIH BERTAPIS KASAR (PELBAGAI JENAMA)","1kg","Kelantan",807,4,203,2.85,2.85,0,0.00
"2025-11-01",1589,"GULA PUTIH BERTAPIS KASAR (PELBAGAI JENAMA)","1kg","Kelantan",792,4,201,2.85,2.85,0,0.00
"2025-12-01",1589,"GULA PUTIH BERTAPIS KASAR (PELBAGAI JENAMA)","1kg","Kelantan",800,4,202,2.85,2.85,0,0.00
"2023-01-01",1589,"GULA PUTIH BERTAPIS KASAR (PELBAGAI JENAMA)","1kg","Melaka",134,6,27,2.85,2.85,0,0.00
"2023-02-01",1589,"GULA PUTIH BERTAPIS KASAR (PELBAGAI JENAMA)","1kg","Melaka",103,5,27,2.85,2.85,0,0.00
"2023-03-01",1589,"GULA PUTIH BERTAPIS KASAR (PELBAGAI JENAMA)","1kg","Melaka",106,5,27,2.85,2.85,0,0.00
"2023-04-01",1589,"GULA PUTIH BERTAPIS KASAR (PELBAGAI JENAMA)","1kg","Melaka",132,6,27,2.85,2.85,0,0.00
"2023-05-01",1589,"GULA PUTIH BERTAPIS KASAR (PELBAGAI JENAMA)","1kg","Melaka",101,5,26,2.85,2.85,0,0.00
"2023-06-01",1589,"GULA PUTIH BERTAPIS KASAR (PELBAGAI JENAMA)","1kg","Melaka",97,4,25,2.85,2.85,0,0.00
"2023-07-01",1589,"GULA PUTIH BERTAPIS KASAR (PELBAGAI JENAMA)","1kg","Melaka",125,6,27,2.85,2.85,0,0.00
"2023-08-01",1589,"GULA PUTIH BERTAPIS KASAR (PELBAGAI JENAMA)","1kg","Melaka",106,5,27,2.85,2.85,0,0.00
"2023-09-01",1589,"GULA PUTIH BERTAPIS KASAR (PELBAGAI JENAMA)","1kg","Melaka",92,5,26,2.85,2.85,0,0.00
"2023-10-01",1589,"GULA PUTIH BERTAPIS KASAR (PELBAGAI JENAMA)","1kg","Melaka",72,5,22,2.85,2.85,0,0.00
"2023-11-01",1589,"GULA PUTIH BERTAPIS KASAR (PELBAGAI JENAMA)","1kg","Melaka",31,5,14,2.85,2.85,0,0.00
"2023-12-01",1589,"GULA PUTIH BERTAPIS KASAR (PELBAGAI JENAMA)","1kg","Melaka",59,4,20,2.85,2.85,0,0.00
"2024-01-01",1589,"GULA PUTIH BERTAPIS KASAR (PELBAGAI JENAMA)","1kg","Melaka",108,6,25,2.85,2.85,0,0.00
"2024-02-01",1589,"GULA PUTIH BERTAPIS KASAR (PELBAGAI JENAMA)","1kg","Melaka",88,5,26,2.85,2.85,0,0.00
"2024-03-01",1589,"GULA PUTIH BERTAPIS KASAR (PELBAGAI JENAMA)","1kg","Melaka",96,5,26,2.85,2.85,0,0.00
"2024-04-01",1589,"GULA PUTIH BERTAPIS KASAR (PELBAGAI JENAMA)","1kg","Melaka",116,6,25,2.85,2.85,0,0.00
"2024-05-01",1589,"GULA PUTIH BERTAPIS KASAR (PELBAGAI JENAMA)","1kg","Melaka",122,6,25,2.85,2.85,0,0.00
"2024-06-01",1589,"GULA PUTIH BERTAPIS KASAR (PELBAGAI JENAMA)","1kg","Melaka",72,3,25,2.85,2.85,0,0.00
"2024-07-01",1589,"GULA PUTIH BERTAPIS KASAR (PELBAGAI JENAMA)","1kg","Melaka",117,5,25,2.85,2.85,0,0.00
"2024-08-01",1589,"GULA PUTIH BERTAPIS KASAR (PELBAGAI JENAMA)","1kg","Melaka",98,5,25,2.85,2.85,0,0.00
"2024-09-01",1589,"GULA PUTIH BERTAPIS KASAR (PELBAGAI JENAMA)","1kg","Melaka",121,6,25,2.85,2.85,0,0.00
"2024-10-01",1589,"GULA PUTIH BERTAPIS KASAR (PELBAGAI JENAMA)","1kg","Melaka",94,5,24,2.85,2.85,0,0.00
"2024-11-01",1589,"GULA PUTIH BERTAPIS KASAR (PELBAGAI JENAMA)","1kg","Melaka",97,5,25,2.85,2.85,0,0.00
"2024-12-01",1589,"GULA PUTIH BERTAPIS KASAR (PELBAGAI JENAMA)","1kg","Melaka",93,4,26,2.85,2.85,0,0.00
"2025-01-01",1589,"GULA PUTIH BERTAPIS KASAR (PELBAGAI JENAMA)","1kg","Melaka",121,5,26,2.85,2.85,0,0.00
"2025-02-01",1589,"GULA PUTIH BERTAPIS KASAR (PELBAGAI JENAMA)","1kg","Melaka",92,5,25,2.85,2.85,0,0.00
"2025-03-01",1589,"GULA PUTIH BERTAPIS KASAR (PELBAGAI JENAMA)","1kg","Melaka",120,6,26,2.85,2.85,0,0.00
"2025-04-01",1589,"GULA PUTIH BERTAPIS KASAR (PELBAGAI JENAMA)","1kg","Melaka",104,5,26,2.85,2.85,0,0.00
"2025-05-01",1589,"GULA PUTIH BERTAPIS KASAR (PELBAGAI JENAMA)","1kg","Melaka",121,5,25,2.85,2.85,0,0.00
"2025-06-01",1589,"GULA PUTIH BERTAPIS KASAR (PELBAGAI JENAMA)","1kg","Melaka",107,5,29,2.85,2.85,0,0.00
"2025-07-01",1589,"GULA PUTIH BERTAPIS KASAR (PELBAGAI JENAMA)","1kg","Melaka",161,5,56,2.85,2.85,0,0.00
"2025-08-01",1589,"GULA PUTIH BERTAPIS KASAR (PELBAGAI JENAMA)","1kg","Melaka",256,6,52,2.85,2.85,0,0.00
"2025-09-01",1589,"GULA PUTIH BERTAPIS KASAR (PELBAGAI JENAMA)","1kg","Melaka",204,5,52,2.85,2.85,0,0.00
"2025-10-01",1589,"GULA PUTIH BERTAPIS KASAR (PELBAGAI JENAMA)","1kg","Melaka",202,4,52,2.85,2.85,0,0.00
"2025-11-01",1589,"GULA PUTIH BERTAPIS KASAR (PELBAGAI JENAMA)","1kg","Melaka",202,5,51,2.85,2.85,0,0.00
"2025-12-01",1589,"GULA PUTIH BERTAPIS KASAR (PELBAGAI JENAMA)","1kg","Melaka",201,5,51,2.85,2.85,0,0.00
"2023-01-01",1589,"GULA PUTIH BERTAPIS KASAR (PELBAGAI JENAMA)","1kg","Negeri Sembilan",202,5,42,2.85,2.85,0,0.00
"2023-02-01",1589,"GULA PUTIH BERTAPIS KASAR (PELBAGAI JENAMA)","1kg","Negeri Sembilan",164,5,42,2.85,2.85,0,0.00
"2023-03-01",1589,"GULA PUTIH BERTAPIS KASAR (PELBAGAI JENAMA)","1kg","Negeri Sembilan",162,4,41,2.85,2.85,0,0.00
"2023-04-01",1589,"GULA PUTIH BERTAPIS KASAR (PELBAGAI JENAMA)","1kg","Negeri Sembilan",202,5,42,2.85,2.85,0,0.00
"2023-05-01",1589,"GULA PUTIH BERTAPIS KASAR (PELBAGAI JENAMA)","1kg","Negeri Sembilan",154,4,41,2.85,2.85,0,0.00
"2023-06-01",1589,"GULA PUTIH BERTAPIS KASAR (PELBAGAI JENAMA)","1kg","Negeri Sembilan",147,4,41,2.85,2.85,0,0.00
"2023-07-01",1589,"GULA PUTIH BERTAPIS KASAR (PELBAGAI JENAMA)","1kg","Negeri Sembilan",195,5,41,2.85,2.85,0,0.00
"2023-08-01",1589,"GULA PUTIH BERTAPIS KASAR (PELBAGAI JENAMA)","1kg","Negeri Sembilan",149,4,40,2.85,2.85,0,0.00
"2023-09-01",1589,"GULA PUTIH BERTAPIS KASAR (PELBAGAI JENAMA)","1kg","Negeri Sembilan",112,4,34,2.85,2.85,0,0.00
"2023-10-01",1589,"GULA PUTIH BERTAPIS KASAR (PELBAGAI JENAMA)","1kg","Negeri Sembilan",81,5,29,2.85,2.85,0,0.00
"2023-11-01",1589,"GULA PUTIH BERTAPIS KASAR (PELBAGAI JENAMA)","1kg","Negeri Sembilan",72,4,26,2.85,2.85,0,0.00
"2023-12-01",1589,"GULA PUTIH BERTAPIS KASAR (PELBAGAI JENAMA)","1kg","Negeri Sembilan",96,4,31,2.85,2.85,0,0.00
"2024-01-01",1589,"GULA PUTIH BERTAPIS KASAR (PELBAGAI JENAMA)","1kg","Negeri Sembilan",144,5,35,2.85,2.85,0,0.00
"2024-02-01",1589,"GULA PUTIH BERTAPIS KASAR (PELBAGAI JENAMA)","1kg","Negeri Sembilan",110,4,36,2.85,2.85,0,0.00
"2024-03-01",1589,"GULA PUTIH BERTAPIS KASAR (PELBAGAI JENAMA)","1kg","Negeri Sembilan",126,5,37,2.85,2.85,0,0.00
"2024-04-01",1589,"GULA PUTIH BERTAPIS KASAR (PELBAGAI JENAMA)","1kg","Negeri Sembilan",166,5,38,2.85,2.85,0,0.00
"2024-05-01",1589,"GULA PUTIH BERTAPIS KASAR (PELBAGAI JENAMA)","1kg","Negeri Sembilan",180,5,39,2.85,2.85,0,0.00
"2024-06-01",1589,"GULA PUTIH BERTAPIS KASAR (PELBAGAI JENAMA)","1kg","Negeri Sembilan",107,3,39,2.85,2.85,0,0.00
"2024-07-01",1589,"GULA PUTIH BERTAPIS KASAR (PELBAGAI JENAMA)","1kg","Negeri Sembilan",186,5,39,2.85,2.85,0,0.00
"2024-08-01",1589,"GULA PUTIH BERTAPIS KASAR (PELBAGAI JENAMA)","1kg","Negeri Sembilan",120,3,40,2.85,2.85,0,0.00
"2024-09-01",1589,"GULA PUTIH BERTAPIS KASAR (PELBAGAI JENAMA)","1kg","Negeri Sembilan",191,5,40,2.85,2.85,0,0.00
"2024-10-01",1589,"GULA PUTIH BERTAPIS KASAR (PELBAGAI JENAMA)","1kg","Negeri Sembilan",156,4,40,2.85,2.85,0,0.00
"2024-11-01",1589,"GULA PUTIH BERTAPIS KASAR (PELBAGAI JENAMA)","1kg","Negeri Sembilan",152,4,39,2.85,2.85,0,0.00
"2024-12-01",1589,"GULA PUTIH BERTAPIS KASAR (PELBAGAI JENAMA)","1kg","Negeri Sembilan",153,4,39,2.85,2.85,0,0.00
"2025-01-01",1589,"GULA PUTIH BERTAPIS KASAR (PELBAGAI JENAMA)","1kg","Negeri Sembilan",189,5,39,2.85,2.85,0,0.00
"2025-02-01",1589,"GULA PUTIH BERTAPIS KASAR (PELBAGAI JENAMA)","1kg","Negeri Sembilan",134,4,38,2.85,2.85,0,0.00
"2025-03-01",1589,"GULA PUTIH BERTAPIS KASAR (PELBAGAI JENAMA)","1kg","Negeri Sembilan",181,5,39,2.85,2.85,0,0.00
"2025-04-01",1589,"GULA PUTIH BERTAPIS KASAR (PELBAGAI JENAMA)","1kg","Negeri Sembilan",149,4,39,2.85,2.85,0,0.00
"2025-05-01",1589,"GULA PUTIH BERTAPIS KASAR (PELBAGAI JENAMA)","1kg","Negeri Sembilan",185,5,39,2.85,2.85,0,0.00
"2025-06-01",1589,"GULA PUTIH BERTAPIS KASAR (PELBAGAI JENAMA)","1kg","Negeri Sembilan",152,4,39,2.85,2.85,0,0.00
"2025-07-01",1589,"GULA PUTIH BERTAPIS KASAR (PELBAGAI JENAMA)","1kg","Negeri Sembilan",192,4,62,2.85,2.85,0,0.00
"2025-08-01",1589,"GULA PUTIH BERTAPIS KASAR (PELBAGAI JENAMA)","1kg","Negeri Sembilan",303,5,62,2.85,2.85,0,0.00
"2025-09-01",1589,"GULA PUTIH BERTAPIS KASAR (PELBAGAI JENAMA)","1kg","Negeri Sembilan",237,4,61,2.85,2.85,0,0.00
"2025-10-01",1589,"GULA PUTIH BERTAPIS KASAR (PELBAGAI JENAMA)","1kg","Negeri Sembilan",237,4,60,2.85,2.85,0,0.00
"2025-11-01",1589,"GULA PUTIH BERTAPIS KASAR (PELBAGAI JENAMA)","1kg","Negeri Sembilan",236,4,60,2.85,2.85,0,0.00
"2025-12-01",1589,"GULA PUTIH BERTAPIS KASAR (PELBAGAI JENAMA)","1kg","Negeri Sembilan",237,5,61,2.85,2.85,0,0.00
"2023-01-01",1589,"GULA PUTIH BERTAPIS KASAR (PELBAGAI JENAMA)","1kg","Pahang",394,8,82,2.85,2.85,0,0.00
"2023-02-01",1589,"GULA PUTIH BERTAPIS KASAR (PELBAGAI JENAMA)","1kg","Pahang",318,7,82,2.85,2.85,0,0.00
"2023-03-01",1589,"GULA PUTIH BERTAPIS KASAR (PELBAGAI JENAMA)","1kg","Pahang",320,8,81,2.85,2.85,0,0.00
"2023-04-01",1589,"GULA PUTIH BERTAPIS KASAR (PELBAGAI JENAMA)","1kg","Pahang",393,9,80,2.85,2.85,0,0.00
"2023-05-01",1589,"GULA PUTIH BERTAPIS KASAR (PELBAGAI JENAMA)","1kg","Pahang",264,6,78,2.85,2.85,0,0.00
"2023-06-01",1589,"GULA PUTIH BERTAPIS KASAR (PELBAGAI JENAMA)","1kg","Pahang",278,7,74,2.85,2.85,0,0.00
"2023-07-01",1589,"GULA PUTIH BERTAPIS KASAR (PELBAGAI JENAMA)","1kg","Pahang",366,10,78,2.85,2.85,0,0.00
"2023-08-01",1589,"GULA PUTIH BERTAPIS KASAR (PELBAGAI JENAMA)","1kg","Pahang",296,8,78,2.85,2.85,0,0.00
"2023-09-01",1589,"GULA PUTIH BERTAPIS KASAR (PELBAGAI JENAMA)","1kg","Pahang",230,8,71,2.85,2.85,0,0.00
"2023-10-01",1589,"GULA PUTIH BERTAPIS KASAR (PELBAGAI JENAMA)","1kg","Pahang",226,9,65,2.85,2.85,0,0.00
"2023-11-01",1589,"GULA PUTIH BERTAPIS KASAR (PELBAGAI JENAMA)","1kg","Pahang",189,4,68,2.85,2.85,0,0.00
"2023-12-01",1589,"GULA PUTIH BERTAPIS KASAR (PELBAGAI JENAMA)","1kg","Pahang",234,4,69,2.85,2.85,0,0.00
"2024-01-01",1589,"GULA PUTIH BERTAPIS KASAR (PELBAGAI JENAMA)","1kg","Pahang",325,7,75,2.85,2.85,0,0.00
"2024-02-01",1589,"GULA PUTIH BERTAPIS KASAR (PELBAGAI JENAMA)","1kg","Pahang",273,4,76,2.85,2.85,0,0.00
"2024-03-01",1589,"GULA PUTIH BERTAPIS KASAR (PELBAGAI JENAMA)","1kg","Pahang",413,5,113,2.85,2.85,0,0.00
"2024-04-01",1589,"GULA PUTIH BERTAPIS KASAR (PELBAGAI JENAMA)","1kg","Pahang",554,9,131,2.85,2.85,0,0.00
"2024-05-01",1589,"GULA PUTIH BERTAPIS KASAR (PELBAGAI JENAMA)","1kg","Pahang",586,11,134,2.85,2.85,0,0.00
"2024-06-01",1589,"GULA PUTIH BERTAPIS KASAR (PELBAGAI JENAMA)","1kg","Pahang",367,6,130,2.85,2.85,0,0.00
"2024-07-01",1589,"GULA PUTIH BERTAPIS KASAR (PELBAGAI JENAMA)","1kg","Pahang",605,7,135,2.85,2.85,0,0.00
"2024-08-01",1589,"GULA PUTIH BERTAPIS KASAR (PELBAGAI JENAMA)","1kg","Pahang",372,6,132,2.85,2.85,0,0.00
"2024-09-01",1589,"GULA PUTIH BERTAPIS KASAR (PELBAGAI JENAMA)","1kg","Pahang",632,11,137,2.85,2.85,0,0.00
"2024-10-01",1589,"GULA PUTIH BERTAPIS KASAR (PELBAGAI JENAMA)","1kg","Pahang",539,8,141,2.85,2.85,0,0.00
"2024-11-01",1589,"GULA PUTIH BERTAPIS KASAR (PELBAGAI JENAMA)","1kg","Pahang",546,8,143,2.85,2.85,0,0.00
"2024-12-01",1589,"GULA PUTIH BERTAPIS KASAR (PELBAGAI JENAMA)","1kg","Pahang",533,9,142,2.85,2.85,0,0.00
"2025-01-01",1589,"GULA PUTIH BERTAPIS KASAR (PELBAGAI JENAMA)","1kg","Pahang",646,9,144,2.85,2.85,0,0.00
"2025-02-01",1589,"GULA PUTIH BERTAPIS KASAR (PELBAGAI JENAMA)","1kg","Pahang",521,8,140,2.85,2.85,0,0.00
"2025-03-01",1589,"GULA PUTIH BERTAPIS KASAR (PELBAGAI JENAMA)","1kg","Pahang",686,9,142,2.85,2.85,0,0.00
"2025-04-01",1589,"GULA PUTIH BERTAPIS KASAR (PELBAGAI JENAMA)","1kg","Pahang",552,8,142,2.85,2.85,0,0.00
"2025-05-01",1589,"GULA PUTIH BERTAPIS KASAR (PELBAGAI JENAMA)","1kg","Pahang",681,8,140,2.85,2.85,0,0.00
"2025-06-01",1589,"GULA PUTIH BERTAPIS KASAR (PELBAGAI JENAMA)","1kg","Pahang",540,8,141,2.85,2.85,0,0.00
"2025-07-01",1589,"GULA PUTIH BERTAPIS KASAR (PELBAGAI JENAMA)","1kg","Pahang",620,9,183,2.85,2.85,0,0.00
"2025-08-01",1589,"GULA PUTIH BERTAPIS KASAR (PELBAGAI JENAMA)","1kg","Pahang",862,9,180,2.85,2.85,0,0.00
"2025-09-01",1589,"GULA PUTIH BERTAPIS KASAR (PELBAGAI JENAMA)","1kg","Pahang",660,7,177,2.85,2.85,0,0.00
"2025-10-01",1589,"GULA PUTIH BERTAPIS KASAR (PELBAGAI JENAMA)","1kg","Pahang",680,7,177,2.85,2.85,0,0.00
"2025-11-01",1589,"GULA PUTIH BERTAPIS KASAR (PELBAGAI JENAMA)","1kg","Pahang",684,9,178,2.85,2.85,0,0.00
"2025-12-01",1589,"GULA PUTIH BERTAPIS KASAR (PELBAGAI JENAMA)","1kg","Pahang",635,7,176,2.85,2.85,0,0.00
"2023-01-01",1589,"GULA PUTIH BERTAPIS KASAR (PELBAGAI JENAMA)","1kg","Perak",474,5,102,2.85,2.85,0,0.00
"2023-02-01",1589,"GULA PUTIH BERTAPIS KASAR (PELBAGAI JENAMA)","1kg","Perak",389,4,102,2.85,2.85,0,0.00
"2023-03-01",1589,"GULA PUTIH BERTAPIS KASAR (PELBAGAI JENAMA)","1kg","Perak",403,4,103,2.85,2.85,0,0.00
"2023-04-01",1589,"GULA PUTIH BERTAPIS KASAR (PELBAGAI JENAMA)","1kg","Perak",494,5,102,2.85,2.85,0,0.00
"2023-05-01",1589,"GULA PUTIH BERTAPIS KASAR (PELBAGAI JENAMA)","1kg","Perak",317,5,97,2.85,2.85,0,0.00
"2023-06-01",1589,"GULA PUTIH BERTAPIS KASAR (PELBAGAI JENAMA)","1kg","Perak",295,6,93,2.85,2.85,0,0.00
"2023-07-01",1589,"GULA PUTIH BERTAPIS KASAR (PELBAGAI JENAMA)","1kg","Perak",420,5,93,2.85,2.85,0,0.00
"2023-08-01",1589,"GULA PUTIH BERTAPIS KASAR (PELBAGAI JENAMA)","1kg","Perak",346,5,95,2.85,2.85,0,0.00
"2023-09-01",1589,"GULA PUTIH BERTAPIS KASAR (PELBAGAI JENAMA)","1kg","Perak",320,5,93,2.85,2.85,0,0.00
"2023-10-01",1589,"GULA PUTIH BERTAPIS KASAR (PELBAGAI JENAMA)","1kg","Perak",281,5,85,2.85,2.85,0,0.00
"2023-11-01",1589,"GULA PUTIH BERTAPIS KASAR (PELBAGAI JENAMA)","1kg","Perak",197,4,79,2.85,2.85,0,0.00
"2023-12-01",1589,"GULA PUTIH BERTAPIS KASAR (PELBAGAI JENAMA)","1kg","Perak",283,4,85,2.85,2.85,0,0.00
"2024-01-01",1589,"GULA PUTIH BERTAPIS KASAR (PELBAGAI JENAMA)","1kg","Perak",340,5,88,2.85,2.85,0,0.00
"2024-02-01",1589,"GULA PUTIH BERTAPIS KASAR (PELBAGAI JENAMA)","1kg","Perak",348,6,116,2.85,2.85,0,0.00
"2024-03-01",1589,"GULA PUTIH BERTAPIS KASAR (PELBAGAI JENAMA)","1kg","Perak",408,5,118,2.85,2.85,0,0.00
"2024-04-01",1589,"GULA PUTIH BERTAPIS KASAR (PELBAGAI JENAMA)","1kg","Perak",513,6,122,2.85,2.85,0,0.00
"2024-05-01",1589,"GULA PUTIH BERTAPIS KASAR (PELBAGAI JENAMA)","1kg","Perak",555,6,122,2.85,2.85,0,0.00
"2024-06-01",1589,"GULA PUTIH BERTAPIS KASAR (PELBAGAI JENAMA)","1kg","Perak",310,4,114,2.85,2.85,0,0.00
"2024-07-01",1589,"GULA PUTIH BERTAPIS KASAR (PELBAGAI JENAMA)","1kg","Perak",541,5,126,2.85,2.85,0,0.00
"2024-08-01",1589,"GULA PUTIH BERTAPIS KASAR (PELBAGAI JENAMA)","1kg","Perak",335,3,120,2.85,2.85,0,0.00
"2024-09-01",1589,"GULA PUTIH BERTAPIS KASAR (PELBAGAI JENAMA)","1kg","Perak",580,5,127,2.85,2.85,0,0.00
"2024-10-01",1589,"GULA PUTIH BERTAPIS KASAR (PELBAGAI JENAMA)","1kg","Perak",481,4,127,2.85,2.85,0,0.00
"2024-11-01",1589,"GULA PUTIH BERTAPIS KASAR (PELBAGAI JENAMA)","1kg","Perak",483,4,130,2.85,2.85,0,0.00
"2024-12-01",1589,"GULA PUTIH BERTAPIS KASAR (PELBAGAI JENAMA)","1kg","Perak",470,5,130,2.85,2.85,0,0.00
"2025-01-01",1589,"GULA PUTIH BERTAPIS KASAR (PELBAGAI JENAMA)","1kg","Perak",552,5,119,2.85,2.85,0,0.00
"2025-02-01",1589,"GULA PUTIH BERTAPIS KASAR (PELBAGAI JENAMA)","1kg","Perak",459,4,126,2.85,2.85,0,0.00
"2025-03-01",1589,"GULA PUTIH BERTAPIS KASAR (PELBAGAI JENAMA)","1kg","Perak",591,5,126,2.85,2.85,0,0.00
"2025-04-01",1589,"GULA PUTIH BERTAPIS KASAR (PELBAGAI JENAMA)","1kg","Perak",465,4,127,2.85,2.85,0,0.00
"2025-05-01",1589,"GULA PUTIH BERTAPIS KASAR (PELBAGAI JENAMA)","1kg","Perak",606,5,127,2.85,2.85,0,0.00
"2025-06-01",1589,"GULA PUTIH BERTAPIS KASAR (PELBAGAI JENAMA)","1kg","Perak",472,4,126,2.85,2.85,0,0.00
"2025-07-01",1589,"GULA PUTIH BERTAPIS KASAR (PELBAGAI JENAMA)","1kg","Perak",608,4,193,2.85,2.85,0,0.00
"2025-08-01",1589,"GULA PUTIH BERTAPIS KASAR (PELBAGAI JENAMA)","1kg","Perak",847,5,174,2.85,2.85,0,0.00
"2025-09-01",1589,"GULA PUTIH BERTAPIS KASAR (PELBAGAI JENAMA)","1kg","Perak",661,4,174,2.85,2.85,0,0.00
"2025-10-01",1589,"GULA PUTIH BERTAPIS KASAR (PELBAGAI JENAMA)","1kg","Perak",670,4,174,2.85,2.85,0,0.00
"2025-11-01",1589,"GULA PUTIH BERTAPIS KASAR (PELBAGAI JENAMA)","1kg","Perak",670,4,174,2.85,2.85,0,0.00
"2025-12-01",1589,"GULA PUTIH BERTAPIS KASAR (PELBAGAI JENAMA)","1kg","Perak",648,4,174,2.85,2.85,0,0.00
"2023-01-01",1589,"GULA PUTIH BERTAPIS KASAR (PELBAGAI JENAMA)","1kg","Perlis",190,5,40,2.85,2.85,0,0.00
"2023-02-01",1589,"GULA PUTIH BERTAPIS KASAR (PELBAGAI JENAMA)","1kg","Perlis",154,4,39,2.85,2.85,0,0.00
"2023-03-01",1589,"GULA PUTIH BERTAPIS KASAR (PELBAGAI JENAMA)","1kg","Perlis",156,4,39,2.85,2.85,0,0.00
"2023-04-01",1589,"GULA PUTIH BERTAPIS KASAR (PELBAGAI JENAMA)","1kg","Perlis",189,5,38,2.85,2.85,0,0.00
"2023-05-01",1589,"GULA PUTIH BERTAPIS KASAR (PELBAGAI JENAMA)","1kg","Perlis",124,4,39,2.85,2.85,0,0.00
"2023-06-01",1589,"GULA PUTIH BERTAPIS KASAR (PELBAGAI JENAMA)","1kg","Perlis",117,4,35,2.85,2.85,0,0.00
"2023-07-01",1589,"GULA PUTIH BERTAPIS KASAR (PELBAGAI JENAMA)","1kg","Perlis",180,5,43,2.85,2.85,0,0.00
"2023-08-01",1589,"GULA PUTIH BERTAPIS KASAR (PELBAGAI JENAMA)","1kg","Perlis",152,4,43,2.85,2.85,0,0.00
"2023-09-01",1589,"GULA PUTIH BERTAPIS KASAR (PELBAGAI JENAMA)","1kg","Perlis",71,4,35,2.85,2.85,0,0.00
"2023-10-01",1589,"GULA PUTIH BERTAPIS KASAR (PELBAGAI JENAMA)","1kg","Perlis",75,5,31,2.85,2.85,0,0.00
"2023-11-01",1589,"GULA PUTIH BERTAPIS KASAR (PELBAGAI JENAMA)","1kg","Perlis",66,4,30,2.85,2.85,0,0.00
"2023-12-01",1589,"GULA PUTIH BERTAPIS KASAR (PELBAGAI JENAMA)","1kg","Perlis",104,4,34,2.85,2.85,0,0.00
"2024-01-01",1589,"GULA PUTIH BERTAPIS KASAR (PELBAGAI JENAMA)","1kg","Perlis",145,6,38,2.85,2.85,0,0.00
"2024-02-01",1589,"GULA PUTIH BERTAPIS KASAR (PELBAGAI JENAMA)","1kg","Perlis",118,4,41,2.85,2.85,0,0.00
"2024-03-01",1589,"GULA PUTIH BERTAPIS KASAR (PELBAGAI JENAMA)","1kg","Perlis",132,4,38,2.85,2.85,0,0.00
"2024-04-01",1589,"GULA PUTIH BERTAPIS KASAR (PELBAGAI JENAMA)","1kg","Perlis",168,5,38,2.85,2.85,0,0.00
"2024-05-01",1589,"GULA PUTIH BERTAPIS KASAR (PELBAGAI JENAMA)","1kg","Perlis",179,5,40,2.85,2.85,0,0.00
"2024-06-01",1589,"GULA PUTIH BERTAPIS KASAR (PELBAGAI JENAMA)","1kg","Perlis",103,3,39,2.85,2.85,0,0.00
"2024-07-01",1589,"GULA PUTIH BERTAPIS KASAR (PELBAGAI JENAMA)","1kg","Perlis",187,5,40,2.85,2.85,0,0.00
"2024-08-01",1589,"GULA PUTIH BERTAPIS KASAR (PELBAGAI JENAMA)","1kg","Perlis",114,3,39,2.85,2.85,0,0.00
"2024-09-01",1589,"GULA PUTIH BERTAPIS KASAR (PELBAGAI JENAMA)","1kg","Perlis",190,5,40,2.85,2.85,0,0.00
"2024-10-01",1589,"GULA PUTIH BERTAPIS KASAR (PELBAGAI JENAMA)","1kg","Perlis",154,4,40,2.85,2.85,0,0.00
"2024-11-01",1589,"GULA PUTIH BERTAPIS KASAR (PELBAGAI JENAMA)","1kg","Perlis",148,4,40,2.85,2.85,0,0.00
"2024-12-01",1589,"GULA PUTIH BERTAPIS KASAR (PELBAGAI JENAMA)","1kg","Perlis",152,4,40,2.85,2.85,0,0.00
"2025-01-01",1589,"GULA PUTIH BERTAPIS KASAR (PELBAGAI JENAMA)","1kg","Perlis",184,5,40,2.85,2.85,0,0.00
"2025-02-01",1589,"GULA PUTIH BERTAPIS KASAR (PELBAGAI JENAMA)","1kg","Perlis",141,4,40,2.85,2.85,0,0.00
"2025-03-01",1589,"GULA PUTIH BERTAPIS KASAR (PELBAGAI JENAMA)","1kg","Perlis",185,5,39,2.85,2.85,0,0.00
"2025-04-01",1589,"GULA PUTIH BERTAPIS KASAR (PELBAGAI JENAMA)","1kg","Perlis",154,4,40,2.85,2.85,0,0.00
"2025-05-01",1589,"GULA PUTIH BERTAPIS KASAR (PELBAGAI JENAMA)","1kg","Perlis",194,5,39,2.85,2.85,0,0.00
"2025-06-01",1589,"GULA PUTIH BERTAPIS KASAR (PELBAGAI JENAMA)","1kg","Perlis",155,4,40,2.85,2.85,0,0.00
"2025-07-01",1589,"GULA PUTIH BERTAPIS KASAR (PELBAGAI JENAMA)","1kg","Perlis",143,4,41,2.85,2.85,0,0.00
"2025-08-01",1589,"GULA PUTIH BERTAPIS KASAR (PELBAGAI JENAMA)","1kg","Perlis",144,5,29,2.85,2.85,0,0.00
"2025-09-01",1589,"GULA PUTIH BERTAPIS KASAR (PELBAGAI JENAMA)","1kg","Perlis",107,4,29,2.85,2.85,0,0.00
"2025-10-01",1589,"GULA PUTIH BERTAPIS KASAR (PELBAGAI JENAMA)","1kg","Perlis",114,4,29,2.85,2.85,0,0.00
"2025-11-01",1589,"GULA PUTIH BERTAPIS KASAR (PELBAGAI JENAMA)","1kg","Perlis",112,4,29,2.85,2.85,0,0.00
"2025-12-01",1589,"GULA PUTIH BERTAPIS KASAR (PELBAGAI JENAMA)","1kg","Perlis",108,4,28,2.85,2.85,0,0.00
"2023-01-01",1589,"GULA PUTIH BERTAPIS KASAR (PELBAGAI JENAMA)","1kg","Pulau Pinang",427,5,92,2.85,2.85,0,0.00
"2023-02-01",1589,"GULA PUTIH BERTAPIS KASAR (PELBAGAI JENAMA)","1kg","Pulau Pinang",346,5,93,2.85,2.85,0,0.00
"2023-03-01",1589,"GULA PUTIH BERTAPIS KASAR (PELBAGAI JENAMA)","1kg","Pulau Pinang",352,6,89,2.85,2.85,0,0.00
"2023-04-01",1589,"GULA PUTIH BERTAPIS KASAR (PELBAGAI JENAMA)","1kg","Pulau Pinang",433,8,89,2.85,2.85,0,0.00
"2023-05-01",1589,"GULA PUTIH BERTAPIS KASAR (PELBAGAI JENAMA)","1kg","Pulau Pinang",271,5,82,2.85,2.85,0,0.00
"2023-06-01",1589,"GULA PUTIH BERTAPIS KASAR (PELBAGAI JENAMA)","1kg","Pulau Pinang",270,6,79,2.85,2.85,0,0.00
"2023-07-01",1589,"GULA PUTIH BERTAPIS KASAR (PELBAGAI JENAMA)","1kg","Pulau Pinang",369,7,79,2.85,2.85,0,0.00
"2023-08-01",1589,"GULA PUTIH BERTAPIS KASAR (PELBAGAI JENAMA)","1kg","Pulau Pinang",303,5,80,2.85,2.85,0,0.00
"2023-09-01",1589,"GULA PUTIH BERTAPIS KASAR (PELBAGAI JENAMA)","1kg","Pulau Pinang",301,7,79,2.85,2.85,0,0.00
"2023-10-01",1589,"GULA PUTIH BERTAPIS KASAR (PELBAGAI JENAMA)","1kg","Pulau Pinang",322,6,76,2.85,2.85,0,0.00
"2023-11-01",1589,"GULA PUTIH BERTAPIS KASAR (PELBAGAI JENAMA)","1kg","Pulau Pinang",228,6,71,2.85,2.85,0,0.00
"2023-12-01",1589,"GULA PUTIH BERTAPIS KASAR (PELBAGAI JENAMA)","1kg","Pulau Pinang",259,4,70,2.85,2.85,0,0.00
"2024-01-01",1589,"GULA PUTIH BERTAPIS KASAR (PELBAGAI JENAMA)","1kg","Pulau Pinang",357,6,75,2.85,2.85,0,0.00
"2024-02-01",1589,"GULA PUTIH BERTAPIS KASAR (PELBAGAI JENAMA)","1kg","Pulau Pinang",286,4,76,2.85,2.85,0,0.00
"2024-03-01",1589,"GULA PUTIH BERTAPIS KASAR (PELBAGAI JENAMA)","1kg","Pulau Pinang",296,5,80,2.85,2.85,0,0.00
"2024-04-01",1589,"GULA PUTIH BERTAPIS KASAR (PELBAGAI JENAMA)","1kg","Pulau Pinang",379,5,80,2.85,2.85,0,0.00
"2024-05-01",1589,"GULA PUTIH BERTAPIS KASAR (PELBAGAI JENAMA)","1kg","Pulau Pinang",398,7,82,2.85,2.85,0,0.00
"2024-06-01",1589,"GULA PUTIH BERTAPIS KASAR (PELBAGAI JENAMA)","1kg","Pulau Pinang",236,4,80,2.85,2.85,0,0.00
"2024-07-01",1589,"GULA PUTIH BERTAPIS KASAR (PELBAGAI JENAMA)","1kg","Pulau Pinang",403,7,82,2.85,2.85,0,0.00
"2024-08-01",1589,"GULA PUTIH BERTAPIS KASAR (PELBAGAI JENAMA)","1kg","Pulau Pinang",234,3,80,2.85,2.85,0,0.00
"2024-09-01",1589,"GULA PUTIH BERTAPIS KASAR (PELBAGAI JENAMA)","1kg","Pulau Pinang",404,5,83,2.85,2.85,0,0.00
"2024-10-01",1589,"GULA PUTIH BERTAPIS KASAR (PELBAGAI JENAMA)","1kg","Pulau Pinang",327,4,84,2.85,2.85,0,0.00
"2024-11-01",1589,"GULA PUTIH BERTAPIS KASAR (PELBAGAI JENAMA)","1kg","Pulau Pinang",334,4,85,2.85,2.85,0,0.00
"2024-12-01",1589,"GULA PUTIH BERTAPIS KASAR (PELBAGAI JENAMA)","1kg","Pulau Pinang",328,4,85,2.85,2.85,0,0.00
"2025-01-01",1589,"GULA PUTIH BERTAPIS KASAR (PELBAGAI JENAMA)","1kg","Pulau Pinang",409,5,86,2.85,2.85,0,0.00
"2025-02-01",1589,"GULA PUTIH BERTAPIS KASAR (PELBAGAI JENAMA)","1kg","Pulau Pinang",333,4,85,2.85,2.85,0,0.00
"2025-03-01",1589,"GULA PUTIH BERTAPIS KASAR (PELBAGAI JENAMA)","1kg","Pulau Pinang",422,5,86,2.85,2.85,0,0.00
"2025-04-01",1589,"GULA PUTIH BERTAPIS KASAR (PELBAGAI JENAMA)","1kg","Pulau Pinang",347,4,89,2.85,2.85,0,0.00
"2025-05-01",1589,"GULA PUTIH BERTAPIS KASAR (PELBAGAI JENAMA)","1kg","Pulau Pinang",444,6,91,2.85,2.85,0,0.00
"2025-06-01",1589,"GULA PUTIH BERTAPIS KASAR (PELBAGAI JENAMA)","1kg","Pulau Pinang",363,4,91,2.85,2.85,0,0.00
"2025-07-01",1589,"GULA PUTIH BERTAPIS KASAR (PELBAGAI JENAMA)","1kg","Pulau Pinang",388,4,112,2.85,2.85,0,0.00
"2025-08-01",1589,"GULA PUTIH BERTAPIS KASAR (PELBAGAI JENAMA)","1kg","Pulau Pinang",651,5,135,2.85,2.85,0,0.00
"2025-09-01",1589,"GULA PUTIH BERTAPIS KASAR (PELBAGAI JENAMA)","1kg","Pulau Pinang",531,4,137,2.85,2.85,0,0.00
"2025-10-01",1589,"GULA PUTIH BERTAPIS KASAR (PELBAGAI JENAMA)","1kg","Pulau Pinang",533,4,137,2.85,2.85,0,0.00
"2025-11-01",1589,"GULA PUTIH BERTAPIS KASAR (PELBAGAI JENAMA)","1kg","Pulau Pinang",526,4,134,2.85,2.85,0,0.00
"2025-12-01",1589,"GULA PUTIH BERTAPIS KASAR (PELBAGAI JENAMA)","1kg","Pulau Pinang",509,4,133,2.85,2.85,0,0.00
"2023-01-01",1589,"GULA PUTIH BERTAPIS KASAR (PELBAGAI JENAMA)","1kg","Sabah",432,5,90,2.85,2.85,0,0.00
"2023-02-01",1589,"GULA PUTIH BERTAPIS KASAR (PELBAGAI JENAMA)","1kg","Sabah",354,5,91,2.85,2.85,1,0.00
"2023-03-01",1589,"GULA PUTIH BERTAPIS KASAR (PELBAGAI JENAMA)","1kg","Sabah",357,6,93,2.85,2.85,0,0.00
"2023-04-01",1589,"GULA PUTIH BERTAPIS KASAR (PELBAGAI JENAMA)","1kg","Sabah",448,6,93,2.85,2.85,0,0.00
"2023-05-01",1589,"GULA PUTIH BERTAPIS KASAR (PELBAGAI JENAMA)","1kg","Sabah",365,6,92,2.85,2.85,0,0.00
"2023-06-01",1589,"GULA PUTIH BERTAPIS KASAR (PELBAGAI JENAMA)","1kg","Sabah",360,4,94,2.85,2.85,0,0.00
"2023-07-01",1589,"GULA PUTIH BERTAPIS KASAR (PELBAGAI JENAMA)","1kg","Sabah",409,7,95,2.85,2.85,0,0.00
"2023-08-01",1589,"GULA PUTIH BERTAPIS KASAR (PELBAGAI JENAMA)","1kg","Sabah",328,4,91,2.85,2.85,0,0.00
"2023-09-01",1589,"GULA PUTIH BERTAPIS KASAR (PELBAGAI JENAMA)","1kg","Sabah",299,6,88,2.85,2.85,0,0.00
"2023-10-01",1589,"GULA PUTIH BERTAPIS KASAR (PELBAGAI JENAMA)","1kg","Sabah",348,6,83,2.85,2.85,0,0.00
"2023-11-01",1589,"GULA PUTIH BERTAPIS KASAR (PELBAGAI JENAMA)","1kg","Sabah",251,5,74,2.85,2.85,0,0.00
"2023-12-01",1589,"GULA PUTIH BERTAPIS KASAR (PELBAGAI JENAMA)","1kg","Sabah",204,4,64,2.85,2.85,0,0.00
"2024-01-01",1589,"GULA PUTIH BERTAPIS KASAR (PELBAGAI JENAMA)","1kg","Sabah",262,8,63,2.85,2.85,0,0.00
"2024-02-01",1589,"GULA PUTIH BERTAPIS KASAR (PELBAGAI JENAMA)","1kg","Sabah",213,4,57,2.85,2.85,0,0.00
"2024-03-01",1589,"GULA PUTIH BERTAPIS KASAR (PELBAGAI JENAMA)","1kg","Sabah",221,4,60,2.85,2.85,0,0.00
"2024-04-01",1589,"GULA PUTIH BERTAPIS KASAR (PELBAGAI JENAMA)","1kg","Sabah",266,6,67,2.85,2.85,0,0.00
"2024-05-01",1589,"GULA PUTIH BERTAPIS KASAR (PELBAGAI JENAMA)","1kg","Sabah",265,6,63,2.85,2.85,0,0.00
"2024-06-01",1589,"GULA PUTIH BERTAPIS KASAR (PELBAGAI JENAMA)","1kg","Sabah",153,3,58,2.85,2.85,0,0.00
"2024-07-01",1589,"GULA PUTIH BERTAPIS KASAR (PELBAGAI JENAMA)","1kg","Sabah",291,6,69,2.85,2.85,0,0.00
"2024-08-01",1589,"GULA PUTIH BERTAPIS KASAR (PELBAGAI JENAMA)","1kg","Sabah",184,3,70,2.85,2.85,0,0.00
"2024-09-01",1589,"GULA PUTIH BERTAPIS KASAR (PELBAGAI JENAMA)","1kg","Sabah",340,7,84,2.85,2.85,0,0.00
"2024-10-01",1589,"GULA PUTIH BERTAPIS KASAR (PELBAGAI JENAMA)","1kg","Sabah",284,5,82,2.85,2.85,0,0.00
"2024-11-01",1589,"GULA PUTIH BERTAPIS KASAR (PELBAGAI JENAMA)","1kg","Sabah",269,4,81,2.85,2.85,0,0.00
"2024-12-01",1589,"GULA PUTIH BERTAPIS KASAR (PELBAGAI JENAMA)","1kg","Sabah",305,5,85,2.85,2.85,0,0.00
"2025-01-01",1589,"GULA PUTIH BERTAPIS KASAR (PELBAGAI JENAMA)","1kg","Sabah",367,5,87,2.85,2.85,0,0.00
"2025-02-01",1589,"GULA PUTIH BERTAPIS KASAR (PELBAGAI JENAMA)","1kg","Sabah",260,4,76,2.85,2.85,0,0.00
"2025-03-01",1589,"GULA PUTIH BERTAPIS KASAR (PELBAGAI JENAMA)","1kg","Sabah",337,5,85,2.85,2.85,0,0.00
"2025-04-01",1589,"GULA PUTIH BERTAPIS KASAR (PELBAGAI JENAMA)","1kg","Sabah",305,4,87,2.85,2.85,0,0.00
"2025-05-01",1589,"GULA PUTIH BERTAPIS KASAR (PELBAGAI JENAMA)","1kg","Sabah",377,5,87,2.85,2.85,0,0.00
"2025-06-01",1589,"GULA PUTIH BERTAPIS KASAR (PELBAGAI JENAMA)","1kg","Sabah",317,4,98,2.85,2.85,0,0.00
"2025-07-01",1589,"GULA PUTIH BERTAPIS KASAR (PELBAGAI JENAMA)","1kg","Sabah",407,4,141,2.85,2.85,0,0.00
"2025-08-01",1589,"GULA PUTIH BERTAPIS KASAR (PELBAGAI JENAMA)","1kg","Sabah",567,5,151,2.85,2.85,0,0.00
"2025-09-01",1589,"GULA PUTIH BERTAPIS KASAR (PELBAGAI JENAMA)","1kg","Sabah",393,5,121,2.85,2.85,0,0.00
"2025-10-01",1589,"GULA PUTIH BERTAPIS KASAR (PELBAGAI JENAMA)","1kg","Sabah",457,5,131,2.85,2.85,0,0.00
"2025-11-01",1589,"GULA PUTIH BERTAPIS KASAR (PELBAGAI JENAMA)","1kg","Sabah",483,4,139,2.85,2.85,0,0.00
"2025-12-01",1589,"GULA PUTIH BERTAPIS KASAR (PELBAGAI JENAMA)","1kg","Sabah",471,4,136,2.85,2.85,0,0.00
"2023-01-01",1589,"GULA PUTIH BERTAPIS KASAR (PELBAGAI JENAMA)","1kg","Sarawak",616,6,132,2.85,2.85,0,0.00
"2023-02-01",1589,"GULA PUTIH BERTAPIS KASAR (PELBAGAI JENAMA)","1kg","Sarawak",486,5,129,2.85,2.85,0,0.00
"2023-03-01",1589,"GULA PUTIH BERTAPIS KASAR (PELBAGAI JENAMA)","1kg","Sarawak",471,4,128,2.85,2.85,0,0.00
"2023-04-01",1589,"GULA PUTIH BERTAPIS KASAR (PELBAGAI JENAMA)","1kg","Sarawak",619,6,129,2.85,2.85,0,0.00
"2023-05-01",1589,"GULA PUTIH BERTAPIS KASAR (PELBAGAI JENAMA)","1kg","Sarawak",507,6,118,2.85,2.85,0,0.00
"2023-06-01",1589,"GULA PUTIH BERTAPIS KASAR (PELBAGAI JENAMA)","1kg","Sarawak",286,4,110,2.85,2.85,0,0.00
"2023-07-01",1589,"GULA PUTIH BERTAPIS KASAR (PELBAGAI JENAMA)","1kg","Sarawak",438,5,104,2.85,2.85,0,0.00
"2023-08-01",1589,"GULA PUTIH BERTAPIS KASAR (PELBAGAI JENAMA)","1kg","Sarawak",356,5,103,2.85,2.85,0,0.00
"2023-09-01",1589,"GULA PUTIH BERTAPIS KASAR (PELBAGAI JENAMA)","1kg","Sarawak",377,4,108,2.85,2.85,0,0.00
"2023-10-01",1589,"GULA PUTIH BERTAPIS KASAR (PELBAGAI JENAMA)","1kg","Sarawak",373,11,98,2.85,2.85,0,0.00
"2023-11-01",1589,"GULA PUTIH BERTAPIS KASAR (PELBAGAI JENAMA)","1kg","Sarawak",206,18,71,2.85,2.85,0,0.00
"2023-12-01",1589,"GULA PUTIH BERTAPIS KASAR (PELBAGAI JENAMA)","1kg","Sarawak",166,9,62,2.85,2.85,0,0.00
"2024-01-01",1589,"GULA PUTIH BERTAPIS KASAR (PELBAGAI JENAMA)","1kg","Sarawak",254,11,88,2.85,2.85,0,0.00
"2024-02-01",1589,"GULA PUTIH BERTAPIS KASAR (PELBAGAI JENAMA)","1kg","Sarawak",233,6,88,2.85,2.85,0,0.00
"2024-03-01",1589,"GULA PUTIH BERTAPIS KASAR (PELBAGAI JENAMA)","1kg","Sarawak",240,5,87,2.85,2.85,0,0.00
"2024-04-01",1589,"GULA PUTIH BERTAPIS KASAR (PELBAGAI JENAMA)","1kg","Sarawak",322,6,94,2.85,2.85,0,0.00
"2024-05-01",1589,"GULA PUTIH BERTAPIS KASAR (PELBAGAI JENAMA)","1kg","Sarawak",342,6,97,2.85,2.85,0,0.00
"2024-06-01",1589,"GULA PUTIH BERTAPIS KASAR (PELBAGAI JENAMA)","1kg","Sarawak",198,4,91,2.85,2.85,0,0.00
"2024-07-01",1589,"GULA PUTIH BERTAPIS KASAR (PELBAGAI JENAMA)","1kg","Sarawak",343,6,101,2.85,2.85,0,0.00
"2024-08-01",1589,"GULA PUTIH BERTAPIS KASAR (PELBAGAI JENAMA)","1kg","Sarawak",191,3,82,2.85,2.85,0,0.00
"2024-09-01",1589,"GULA PUTIH BERTAPIS KASAR (PELBAGAI JENAMA)","1kg","Sarawak",309,5,93,2.85,2.85,0,0.00
"2024-10-01",1589,"GULA PUTIH BERTAPIS KASAR (PELBAGAI JENAMA)","1kg","Sarawak",280,4,95,2.85,2.85,0,0.00
"2024-11-01",1589,"GULA PUTIH BERTAPIS KASAR (PELBAGAI JENAMA)","1kg","Sarawak",289,4,111,2.85,2.85,0,0.00
"2024-12-01",1589,"GULA PUTIH BERTAPIS KASAR (PELBAGAI JENAMA)","1kg","Sarawak",306,6,110,2.85,2.85,0,0.00
"2025-01-01",1589,"GULA PUTIH BERTAPIS KASAR (PELBAGAI JENAMA)","1kg","Sarawak",417,5,123,2.85,2.85,0,0.00
"2025-02-01",1589,"GULA PUTIH BERTAPIS KASAR (PELBAGAI JENAMA)","1kg","Sarawak",312,4,115,2.85,2.85,0,0.00
"2025-03-01",1589,"GULA PUTIH BERTAPIS KASAR (PELBAGAI JENAMA)","1kg","Sarawak",464,5,129,2.85,2.85,0,0.00
"2025-04-01",1589,"GULA PUTIH BERTAPIS KASAR (PELBAGAI JENAMA)","1kg","Sarawak",366,4,123,2.85,2.85,1,0.00
"2025-05-01",1589,"GULA PUTIH BERTAPIS KASAR (PELBAGAI JENAMA)","1kg","Sarawak",497,5,135,2.85,2.85,0,0.00
"2025-06-01",1589,"GULA PUTIH BERTAPIS KASAR (PELBAGAI JENAMA)","1kg","Sarawak",381,4,127,2.85,2.85,0,0.00
"2025-07-01",1589,"GULA PUTIH BERTAPIS KASAR (PELBAGAI JENAMA)","1kg","Sarawak",484,4,194,2.85,2.85,0,0.00
"2025-08-01",1589,"GULA PUTIH BERTAPIS KASAR (PELBAGAI JENAMA)","1kg","Sarawak",676,5,172,2.85,2.85,0,0.00
"2025-09-01",1589,"GULA PUTIH BERTAPIS KASAR (PELBAGAI JENAMA)","1kg","Sarawak",545,4,173,2.85,2.85,2,0.00
"2025-10-01",1589,"GULA PUTIH BERTAPIS KASAR (PELBAGAI JENAMA)","1kg","Sarawak",592,4,176,2.85,2.85,0,0.00
"2025-11-01",1589,"GULA PUTIH BERTAPIS KASAR (PELBAGAI JENAMA)","1kg","Sarawak",606,4,181,2.85,2.85,0,0.00
"2025-12-01",1589,"GULA PUTIH BERTAPIS KASAR (PELBAGAI JENAMA)","1kg","Sarawak",642,5,183,2.85,2.85,0,0.00
"2023-01-01",1589,"GULA PUTIH BERTAPIS KASAR (PELBAGAI JENAMA)","1kg","Selangor",410,8,90,2.85,2.85,0,0.00
"2023-02-01",1589,"GULA PUTIH BERTAPIS KASAR (PELBAGAI JENAMA)","1kg","Selangor",321,5,88,2.85,2.85,0,0.00
"2023-03-01",1589,"GULA PUTIH BERTAPIS KASAR (PELBAGAI JENAMA)","1kg","Selangor",312,5,81,2.85,2.85,0,0.00
"2023-04-01",1589,"GULA PUTIH BERTAPIS KASAR (PELBAGAI JENAMA)","1kg","Selangor",408,6,90,2.85,2.85,0,0.00
"2023-05-01",1589,"GULA PUTIH BERTAPIS KASAR (PELBAGAI JENAMA)","1kg","Selangor",316,5,84,2.85,2.85,0,0.00
"2023-06-01",1589,"GULA PUTIH BERTAPIS KASAR (PELBAGAI JENAMA)","1kg","Selangor",307,4,87,2.85,2.85,0,0.00
"2023-07-01",1589,"GULA PUTIH BERTAPIS KASAR (PELBAGAI JENAMA)","1kg","Selangor",375,6,78,2.85,2.85,0,0.00
"2023-08-01",1589,"GULA PUTIH BERTAPIS KASAR (PELBAGAI JENAMA)","1kg","Selangor",298,5,84,2.85,2.85,0,0.00
"2023-09-01",1589,"GULA PUTIH BERTAPIS KASAR (PELBAGAI JENAMA)","1kg","Selangor",258,4,76,2.85,2.85,0,0.00
"2023-10-01",1589,"GULA PUTIH BERTAPIS KASAR (PELBAGAI JENAMA)","1kg","Selangor",229,5,69,2.85,2.85,0,0.00
"2023-11-01",1589,"GULA PUTIH BERTAPIS KASAR (PELBAGAI JENAMA)","1kg","Selangor",205,5,67,2.85,2.85,0,0.00
"2023-12-01",1589,"GULA PUTIH BERTAPIS KASAR (PELBAGAI JENAMA)","1kg","Selangor",241,6,74,2.85,2.85,0,0.00
"2024-01-01",1589,"GULA PUTIH BERTAPIS KASAR (PELBAGAI JENAMA)","1kg","Selangor",289,5,73,2.85,2.85,0,0.00
"2024-02-01",1589,"GULA PUTIH BERTAPIS KASAR (PELBAGAI JENAMA)","1kg","Selangor",249,5,74,2.85,2.85,0,0.00
"2024-03-01",1589,"GULA PUTIH BERTAPIS KASAR (PELBAGAI JENAMA)","1kg","Selangor",260,5,70,2.85,2.85,0,0.00
"2024-04-01",1589,"GULA PUTIH BERTAPIS KASAR (PELBAGAI JENAMA)","1kg","Selangor",331,7,74,2.85,2.85,0,0.00
"2024-05-01",1589,"GULA PUTIH BERTAPIS KASAR (PELBAGAI JENAMA)","1kg","Selangor",344,6,78,2.85,2.85,0,0.00
"2024-06-01",1589,"GULA PUTIH BERTAPIS KASAR (PELBAGAI JENAMA)","1kg","Selangor",220,4,79,2.85,2.85,0,0.00
"2024-07-01",1589,"GULA PUTIH BERTAPIS KASAR (PELBAGAI JENAMA)","1kg","Selangor",361,6,81,2.85,2.85,0,0.00
"2024-08-01",1589,"GULA PUTIH BERTAPIS KASAR (PELBAGAI JENAMA)","1kg","Selangor",204,3,73,2.85,2.85,0,0.00
"2024-09-01",1589,"GULA PUTIH BERTAPIS KASAR (PELBAGAI JENAMA)","1kg","Selangor",345,5,78,2.85,2.85,0,0.00
"2024-10-01",1589,"GULA PUTIH BERTAPIS KASAR (PELBAGAI JENAMA)","1kg","Selangor",282,5,74,2.85,2.85,0,0.00
"2024-11-01",1589,"GULA PUTIH BERTAPIS KASAR (PELBAGAI JENAMA)","1kg","Selangor",283,4,75,2.85,2.85,0,0.00
"2024-12-01",1589,"GULA PUTIH BERTAPIS KASAR (PELBAGAI JENAMA)","1kg","Selangor",284,4,73,2.85,2.85,0,0.00
"2025-01-01",1589,"GULA PUTIH BERTAPIS KASAR (PELBAGAI JENAMA)","1kg","Selangor",359,5,82,2.85,2.85,0,0.00
"2025-02-01",1589,"GULA PUTIH BERTAPIS KASAR (PELBAGAI JENAMA)","1kg","Selangor",291,4,75,2.85,2.85,0,0.00
"2025-03-01",1589,"GULA PUTIH BERTAPIS KASAR (PELBAGAI JENAMA)","1kg","Selangor",378,5,82,2.85,2.85,0,0.00
"2025-04-01",1589,"GULA PUTIH BERTAPIS KASAR (PELBAGAI JENAMA)","1kg","Selangor",287,4,74,2.85,2.85,0,0.00
"2025-05-01",1589,"GULA PUTIH BERTAPIS KASAR (PELBAGAI JENAMA)","1kg","Selangor",371,5,84,2.85,2.85,0,0.00
"2025-06-01",1589,"GULA PUTIH BERTAPIS KASAR (PELBAGAI JENAMA)","1kg","Selangor",283,4,75,2.85,2.85,0,0.00
"2025-07-01",1589,"GULA PUTIH BERTAPIS KASAR (PELBAGAI JENAMA)","1kg","Selangor",363,4,119,2.85,2.85,0,0.00
"2025-08-01",1589,"GULA PUTIH BERTAPIS KASAR (PELBAGAI JENAMA)","1kg","Selangor",563,5,124,2.85,2.85,0,0.00
"2025-09-01",1589,"GULA PUTIH BERTAPIS KASAR (PELBAGAI JENAMA)","1kg","Selangor",447,4,124,2.85,2.85,0,0.00
"2025-10-01",1589,"GULA PUTIH BERTAPIS KASAR (PELBAGAI JENAMA)","1kg","Selangor",453,4,122,2.85,2.85,0,0.00
"2025-11-01",1589,"GULA PUTIH BERTAPIS KASAR (PELBAGAI JENAMA)","1kg","Selangor",430,4,115,2.85,2.85,0,0.00
"2025-12-01",1589,"GULA PUTIH BERTAPIS KASAR (PELBAGAI JENAMA)","1kg","Selangor",412,4,111,2.85,2.85,0,0.00
"2023-01-01",1589,"GULA PUTIH BERTAPIS KASAR (PELBAGAI JENAMA)","1kg","Terengganu",522,5,109,2.85,2.85,0,0.00
"2023-02-01",1589,"GULA PUTIH BERTAPIS KASAR (PELBAGAI JENAMA)","1kg","Terengganu",419,4,106,2.85,2.85,0,0.00
"2023-03-01",1589,"GULA PUTIH BERTAPIS KASAR (PELBAGAI JENAMA)","1kg","Terengganu",425,5,108,2.85,2.85,0,0.00
"2023-04-01",1589,"GULA PUTIH BERTAPIS KASAR (PELBAGAI JENAMA)","1kg","Terengganu",523,5,107,2.85,2.85,0,0.00
"2023-05-01",1589,"GULA PUTIH BERTAPIS KASAR (PELBAGAI JENAMA)","1kg","Terengganu",354,5,106,2.85,2.85,0,0.00
"2023-06-01",1589,"GULA PUTIH BERTAPIS KASAR (PELBAGAI JENAMA)","1kg","Terengganu",384,4,105,2.85,2.85,0,0.00
"2023-07-01",1589,"GULA PUTIH BERTAPIS KASAR (PELBAGAI JENAMA)","1kg","Terengganu",431,5,100,2.85,2.85,0,0.00
"2023-08-01",1589,"GULA PUTIH BERTAPIS KASAR (PELBAGAI JENAMA)","1kg","Terengganu",375,4,106,2.85,2.85,0,0.00
"2023-09-01",1589,"GULA PUTIH BERTAPIS KASAR (PELBAGAI JENAMA)","1kg","Terengganu",287,4,94,2.85,2.85,0,0.00
"2023-10-01",1589,"GULA PUTIH BERTAPIS KASAR (PELBAGAI JENAMA)","1kg","Terengganu",229,5,75,2.85,2.85,0,0.00
"2023-11-01",1589,"GULA PUTIH BERTAPIS KASAR (PELBAGAI JENAMA)","1kg","Terengganu",211,4,76,2.85,2.85,0,0.00
"2023-12-01",1589,"GULA PUTIH BERTAPIS KASAR (PELBAGAI JENAMA)","1kg","Terengganu",314,4,96,2.85,2.85,0,0.00
"2024-01-01",1589,"GULA PUTIH BERTAPIS KASAR (PELBAGAI JENAMA)","1kg","Terengganu",469,6,106,2.85,2.85,0,0.00
"2024-02-01",1589,"GULA PUTIH BERTAPIS KASAR (PELBAGAI JENAMA)","1kg","Terengganu",436,5,100,2.85,2.85,0,0.00
"2024-03-01",1589,"GULA PUTIH BERTAPIS KASAR (PELBAGAI JENAMA)","1kg","Terengganu",266,3,97,2.85,2.85,0,0.00
"2024-04-01",1589,"GULA PUTIH BERTAPIS KASAR (PELBAGAI JENAMA)","1kg","Terengganu",434,5,102,2.85,2.85,0,0.00
"2024-05-01",1589,"GULA PUTIH BERTAPIS KASAR (PELBAGAI JENAMA)","1kg","Terengganu",391,5,99,2.85,2.85,0,0.00
"2024-06-01",1589,"GULA PUTIH BERTAPIS KASAR (PELBAGAI JENAMA)","1kg","Terengganu",232,3,89,2.85,2.85,0,0.00
"2024-07-01",1589,"GULA PUTIH BERTAPIS KASAR (PELBAGAI JENAMA)","1kg","Terengganu",394,5,97,2.85,2.85,0,0.00
"2024-08-01",1589,"GULA PUTIH BERTAPIS KASAR (PELBAGAI JENAMA)","1kg","Terengganu",254,3,97,2.85,2.85,0,0.00
"2024-09-01",1589,"GULA PUTIH BERTAPIS KASAR (PELBAGAI JENAMA)","1kg","Terengganu",419,5,99,2.85,2.85,0,0.00
"2024-10-01",1589,"GULA PUTIH BERTAPIS KASAR (PELBAGAI JENAMA)","1kg","Terengganu",378,5,103,2.85,2.85,0,0.00
"2024-11-01",1589,"GULA PUTIH BERTAPIS KASAR (PELBAGAI JENAMA)","1kg","Terengganu",369,4,104,2.85,2.85,0,0.00
"2024-12-01",1589,"GULA PUTIH BERTAPIS KASAR (PELBAGAI JENAMA)","1kg","Terengganu",379,4,103,2.85,2.85,0,0.00
"2025-01-01",1589,"GULA PUTIH BERTAPIS KASAR (PELBAGAI JENAMA)","1kg","Terengganu",495,6,106,2.85,2.85,0,0.00
"2025-02-01",1589,"GULA PUTIH BERTAPIS KASAR (PELBAGAI JENAMA)","1kg","Terengganu",391,4,103,2.85,2.85,0,0.00
"2025-03-01",1589,"GULA PUTIH BERTAPIS KASAR (PELBAGAI JENAMA)","1kg","Terengganu",509,5,105,2.85,2.85,0,0.00
"2025-04-01",1589,"GULA PUTIH BERTAPIS KASAR (PELBAGAI JENAMA)","1kg","Terengganu",396,4,105,2.85,2.85,0,0.00
"2025-05-01",1589,"GULA PUTIH BERTAPIS KASAR (PELBAGAI JENAMA)","1kg","Terengganu",506,5,106,2.85,2.85,0,0.00
"2025-06-01",1589,"GULA PUTIH BERTAPIS KASAR (PELBAGAI JENAMA)","1kg","Terengganu",401,4,106,2.85,2.85,0,0.00
"2025-07-01",1589,"GULA PUTIH BERTAPIS KASAR (PELBAGAI JENAMA)","1kg","Terengganu",468,4,151,2.85,2.85,0,0.00
"2025-08-01",1589,"GULA PUTIH BERTAPIS KASAR (PELBAGAI JENAMA)","1kg","Terengganu",633,5,133,2.85,2.85,0,0.00
"2025-09-01",1589,"GULA PUTIH BERTAPIS KASAR (PELBAGAI JENAMA)","1kg","Terengganu",515,4,131,2.85,2.85,0,0.00
"2025-10-01",1589,"GULA PUTIH BERTAPIS KASAR (PELBAGAI JENAMA)","1kg","Terengganu",510,4,130,2.85,2.85,0,0.00
"2025-11-01",1589,"GULA PUTIH BERTAPIS KASAR (PELBAGAI JENAMA)","1kg","Terengganu",510,4,132,2.85,2.85,0,0.00
"2025-12-01",1589,"GULA PUTIH BERTAPIS KASAR (PELBAGAI JENAMA)","1kg","Terengganu",499,4,129,2.85,2.85,0,0.00
"2024-02-01",1589,"GULA PUTIH BERTAPIS KASAR (PELBAGAI JENAMA)","1kg","Unknown",2,2,1,2.85,2.85,0,0.00
"2023-01-01",1589,"GULA PUTIH BERTAPIS KASAR (PELBAGAI JENAMA)","1kg","W.P. Kuala Lumpur",513,6,110,2.85,2.85,0,0.00
"2023-02-01",1589,"GULA PUTIH BERTAPIS KASAR (PELBAGAI JENAMA)","1kg","W.P. Kuala Lumpur",415,5,109,2.85,2.85,0,0.00
"2023-03-01",1589,"GULA PUTIH BERTAPIS KASAR (PELBAGAI JENAMA)","1kg","W.P. Kuala Lumpur",400,5,103,2.85,2.85,0,0.00
"2023-04-01",1589,"GULA PUTIH BERTAPIS KASAR (PELBAGAI JENAMA)","1kg","W.P. Kuala Lumpur",503,7,104,2.85,2.85,0,0.00
"2023-05-01",1589,"GULA PUTIH BERTAPIS KASAR (PELBAGAI JENAMA)","1kg","W.P. Kuala Lumpur",398,5,103,2.85,2.85,0,0.00
"2023-06-01",1589,"GULA PUTIH BERTAPIS KASAR (PELBAGAI JENAMA)","1kg","W.P. Kuala Lumpur",401,4,107,2.85,2.85,0,0.00
"2023-07-01",1589,"GULA PUTIH BERTAPIS KASAR (PELBAGAI JENAMA)","1kg","W.P. Kuala Lumpur",507,7,103,2.85,2.85,0,0.00
"2023-08-01",1589,"GULA PUTIH BERTAPIS KASAR (PELBAGAI JENAMA)","1kg","W.P. Kuala Lumpur",396,4,102,2.85,2.85,0,0.00
"2023-09-01",1589,"GULA PUTIH BERTAPIS KASAR (PELBAGAI JENAMA)","1kg","W.P. Kuala Lumpur",355,6,102,2.85,2.85,0,0.00
"2023-10-01",1589,"GULA PUTIH BERTAPIS KASAR (PELBAGAI JENAMA)","1kg","W.P. Kuala Lumpur",346,7,85,2.85,2.85,0,0.00
"2023-11-01",1589,"GULA PUTIH BERTAPIS KASAR (PELBAGAI JENAMA)","1kg","W.P. Kuala Lumpur",249,6,82,2.85,2.85,0,0.00
"2023-12-01",1589,"GULA PUTIH BERTAPIS KASAR (PELBAGAI JENAMA)","1kg","W.P. Kuala Lumpur",307,5,89,2.85,2.85,0,0.00
"2024-01-01",1589,"GULA PUTIH BERTAPIS KASAR (PELBAGAI JENAMA)","1kg","W.P. Kuala Lumpur",376,5,94,2.85,2.85,0,0.00
"2024-02-01",1589,"GULA PUTIH BERTAPIS KASAR (PELBAGAI JENAMA)","1kg","W.P. Kuala Lumpur",324,4,94,2.85,2.85,0,0.00
"2024-03-01",1589,"GULA PUTIH BERTAPIS KASAR (PELBAGAI JENAMA)","1kg","W.P. Kuala Lumpur",355,4,95,2.85,2.85,0,0.00
"2024-04-01",1589,"GULA PUTIH BERTAPIS KASAR (PELBAGAI JENAMA)","1kg","W.P. Kuala Lumpur",429,6,96,2.85,2.85,0,0.00
"2024-05-01",1589,"GULA PUTIH BERTAPIS KASAR (PELBAGAI JENAMA)","1kg","W.P. Kuala Lumpur",493,5,109,2.85,2.85,0,0.00
"2024-06-01",1589,"GULA PUTIH BERTAPIS KASAR (PELBAGAI JENAMA)","1kg","W.P. Kuala Lumpur",303,3,106,2.85,2.85,0,0.00
"2024-07-01",1589,"GULA PUTIH BERTAPIS KASAR (PELBAGAI JENAMA)","1kg","W.P. Kuala Lumpur",541,5,116,2.85,2.85,0,0.00
"2024-08-01",1589,"GULA PUTIH BERTAPIS KASAR (PELBAGAI JENAMA)","1kg","W.P. Kuala Lumpur",331,3,113,2.85,2.85,0,0.00
"2024-09-01",1589,"GULA PUTIH BERTAPIS KASAR (PELBAGAI JENAMA)","1kg","W.P. Kuala Lumpur",563,6,118,2.85,2.85,0,0.00
"2024-10-01",1589,"GULA PUTIH BERTAPIS KASAR (PELBAGAI JENAMA)","1kg","W.P. Kuala Lumpur",451,4,116,2.85,2.85,0,0.00
"2024-11-01",1589,"GULA PUTIH BERTAPIS KASAR (PELBAGAI JENAMA)","1kg","W.P. Kuala Lumpur",436,4,115,2.85,2.85,0,0.00
"2024-12-01",1589,"GULA PUTIH BERTAPIS KASAR (PELBAGAI JENAMA)","1kg","W.P. Kuala Lumpur",442,4,115,2.85,2.85,0,0.00
"2025-01-01",1589,"GULA PUTIH BERTAPIS KASAR (PELBAGAI JENAMA)","1kg","W.P. Kuala Lumpur",554,5,115,2.85,2.85,0,0.00
"2025-02-01",1589,"GULA PUTIH BERTAPIS KASAR (PELBAGAI JENAMA)","1kg","W.P. Kuala Lumpur",448,4,114,2.85,2.85,0,0.00
"2025-03-01",1589,"GULA PUTIH BERTAPIS KASAR (PELBAGAI JENAMA)","1kg","W.P. Kuala Lumpur",558,5,118,2.85,2.85,0,0.00
"2025-04-01",1589,"GULA PUTIH BERTAPIS KASAR (PELBAGAI JENAMA)","1kg","W.P. Kuala Lumpur",439,4,115,2.85,2.85,0,0.00
"2025-05-01",1589,"GULA PUTIH BERTAPIS KASAR (PELBAGAI JENAMA)","1kg","W.P. Kuala Lumpur",568,5,118,2.85,2.85,0,0.00
"2025-06-01",1589,"GULA PUTIH BERTAPIS KASAR (PELBAGAI JENAMA)","1kg","W.P. Kuala Lumpur",435,4,113,2.85,2.85,0,0.00
"2025-07-01",1589,"GULA PUTIH BERTAPIS KASAR (PELBAGAI JENAMA)","1kg","W.P. Kuala Lumpur",560,4,184,2.85,2.85,0,0.00
"2025-08-01",1589,"GULA PUTIH BERTAPIS KASAR (PELBAGAI JENAMA)","1kg","W.P. Kuala Lumpur",794,5,166,2.85,2.85,0,0.00
"2025-09-01",1589,"GULA PUTIH BERTAPIS KASAR (PELBAGAI JENAMA)","1kg","W.P. Kuala Lumpur",634,4,165,2.85,2.85,0,0.00
"2025-10-01",1589,"GULA PUTIH BERTAPIS KASAR (PELBAGAI JENAMA)","1kg","W.P. Kuala Lumpur",639,4,168,2.85,2.85,0,0.00
"2025-11-01",1589,"GULA PUTIH BERTAPIS KASAR (PELBAGAI JENAMA)","1kg","W.P. Kuala Lumpur",648,4,167,2.85,2.85,0,0.00
"2025-12-01",1589,"GULA PUTIH BERTAPIS KASAR (PELBAGAI JENAMA)","1kg","W.P. Kuala Lumpur",645,4,167,2.85,2.85,0,0.00
"2023-01-01",1589,"GULA PUTIH BERTAPIS KASAR (PELBAGAI JENAMA)","1kg","W.P. Labuan",54,5,11,2.85,2.85,0,0.00
"2023-02-01",1589,"GULA PUTIH BERTAPIS KASAR (PELBAGAI JENAMA)","1kg","W.P. Labuan",44,4,11,2.85,2.85,0,0.00
"2023-03-01",1589,"GULA PUTIH BERTAPIS KASAR (PELBAGAI JENAMA)","1kg","W.P. Labuan",45,5,11,2.85,2.85,0,0.00
"2023-04-01",1589,"GULA PUTIH BERTAPIS KASAR (PELBAGAI JENAMA)","1kg","W.P. Labuan",55,5,11,2.85,2.85,0,0.00
"2023-05-01",1589,"GULA PUTIH BERTAPIS KASAR (PELBAGAI JENAMA)","1kg","W.P. Labuan",45,5,11,2.85,2.85,0,0.00
"2023-06-01",1589,"GULA PUTIH BERTAPIS KASAR (PELBAGAI JENAMA)","1kg","W.P. Labuan",33,3,11,2.85,2.85,0,0.00
"2023-07-01",1589,"GULA PUTIH BERTAPIS KASAR (PELBAGAI JENAMA)","1kg","W.P. Labuan",53,5,11,2.85,2.85,0,0.00
"2023-08-01",1589,"GULA PUTIH BERTAPIS KASAR (PELBAGAI JENAMA)","1kg","W.P. Labuan",42,4,11,2.85,2.85,0,0.00
"2023-09-01",1589,"GULA PUTIH BERTAPIS KASAR (PELBAGAI JENAMA)","1kg","W.P. Labuan",39,4,11,2.85,2.85,0,0.00
"2023-10-01",1589,"GULA PUTIH BERTAPIS KASAR (PELBAGAI JENAMA)","1kg","W.P. Labuan",46,5,11,2.85,2.85,0,0.00
"2023-11-01",1589,"GULA PUTIH BERTAPIS KASAR (PELBAGAI JENAMA)","1kg","W.P. Labuan",23,4,11,2.85,2.85,0,0.00
"2023-12-01",1589,"GULA PUTIH BERTAPIS KASAR (PELBAGAI JENAMA)","1kg","W.P. Labuan",7,3,3,2.85,2.85,0,0.00
"2024-01-01",1589,"GULA PUTIH BERTAPIS KASAR (PELBAGAI JENAMA)","1kg","W.P. Labuan",1,1,1,2.85,2.85,0,0.00
"2024-02-01",1589,"GULA PUTIH BERTAPIS KASAR (PELBAGAI JENAMA)","1kg","W.P. Labuan",5,4,2,2.85,2.85,0,0.00
"2024-03-01",1589,"GULA PUTIH BERTAPIS KASAR (PELBAGAI JENAMA)","1kg","W.P. Labuan",12,4,5,2.85,2.85,0,0.00
"2024-04-01",1589,"GULA PUTIH BERTAPIS KASAR (PELBAGAI JENAMA)","1kg","W.P. Labuan",30,4,11,2.85,2.85,0,0.00
"2024-05-01",1589,"GULA PUTIH BERTAPIS KASAR (PELBAGAI JENAMA)","1kg","W.P. Labuan",40,4,11,2.85,2.85,0,0.00
"2024-06-01",1589,"GULA PUTIH BERTAPIS KASAR (PELBAGAI JENAMA)","1kg","W.P. Labuan",25,3,9,2.85,2.85,0,0.00
"2024-07-01",1589,"GULA PUTIH BERTAPIS KASAR (PELBAGAI JENAMA)","1kg","W.P. Labuan",10,3,5,2.85,2.85,0,0.00
"2024-09-01",1589,"GULA PUTIH BERTAPIS KASAR (PELBAGAI JENAMA)","1kg","W.P. Labuan",4,3,3,2.85,2.85,0,0.00
"2024-10-01",1589,"GULA PUTIH BERTAPIS KASAR (PELBAGAI JENAMA)","1kg","W.P. Labuan",18,4,7,2.85,2.85,0,0.00
"2024-11-01",1589,"GULA PUTIH BERTAPIS KASAR (PELBAGAI JENAMA)","1kg","W.P. Labuan",38,4,12,2.85,2.85,0,0.00
"2024-12-01",1589,"GULA PUTIH BERTAPIS KASAR (PELBAGAI JENAMA)","1kg","W.P. Labuan",38,4,11,2.85,2.85,0,0.00
"2025-01-01",1589,"GULA PUTIH BERTAPIS KASAR (PELBAGAI JENAMA)","1kg","W.P. Labuan",47,5,12,2.85,2.85,0,0.00
"2025-02-01",1589,"GULA PUTIH BERTAPIS KASAR (PELBAGAI JENAMA)","1kg","W.P. Labuan",48,4,13,2.85,2.85,0,0.00
"2025-03-01",1589,"GULA PUTIH BERTAPIS KASAR (PELBAGAI JENAMA)","1kg","W.P. Labuan",62,5,13,2.85,2.85,0,0.00
"2025-04-01",1589,"GULA PUTIH BERTAPIS KASAR (PELBAGAI JENAMA)","1kg","W.P. Labuan",47,4,14,2.85,2.85,0,0.00
"2025-05-01",1589,"GULA PUTIH BERTAPIS KASAR (PELBAGAI JENAMA)","1kg","W.P. Labuan",59,5,13,2.85,2.85,0,0.00
"2025-06-01",1589,"GULA PUTIH BERTAPIS KASAR (PELBAGAI JENAMA)","1kg","W.P. Labuan",50,4,14,2.85,2.85,0,0.00
"2025-07-01",1589,"GULA PUTIH BERTAPIS KASAR (PELBAGAI JENAMA)","1kg","W.P. Labuan",46,4,14,2.85,2.85,0,0.00
"2025-08-01",1589,"GULA PUTIH BERTAPIS KASAR (PELBAGAI JENAMA)","1kg","W.P. Labuan",63,5,14,2.85,2.85,0,0.00
"2025-09-01",1589,"GULA PUTIH BERTAPIS KASAR (PELBAGAI JENAMA)","1kg","W.P. Labuan",50,4,14,2.85,2.85,0,0.00
"2025-10-01",1589,"GULA PUTIH BERTAPIS KASAR (PELBAGAI JENAMA)","1kg","W.P. Labuan",49,4,14,2.85,2.85,0,0.00
"2025-11-01",1589,"GULA PUTIH BERTAPIS KASAR (PELBAGAI JENAMA)","1kg","W.P. Labuan",51,4,14,2.85,2.85,0,0.00
"2025-12-01",1589,"GULA PUTIH BERTAPIS KASAR (PELBAGAI JENAMA)","1kg","W.P. Labuan",48,4,14,2.85,2.85,0,0.00
"2023-01-01",1589,"GULA PUTIH BERTAPIS KASAR (PELBAGAI JENAMA)","1kg","W.P. Putrajaya",94,6,21,2.85,2.85,0,0.00
"2023-02-01",1589,"GULA PUTIH BERTAPIS KASAR (PELBAGAI JENAMA)","1kg","W.P. Putrajaya",78,4,21,2.85,2.85,0,0.00
"2023-03-01",1589,"GULA PUTIH BERTAPIS KASAR (PELBAGAI JENAMA)","1kg","W.P. Putrajaya",79,4,21,2.85,2.85,0,0.00
"2023-04-01",1589,"GULA PUTIH BERTAPIS KASAR (PELBAGAI JENAMA)","1kg","W.P. Putrajaya",97,5,21,2.85,2.85,0,0.00
"2023-05-01",1589,"GULA PUTIH BERTAPIS KASAR (PELBAGAI JENAMA)","1kg","W.P. Putrajaya",69,5,19,2.85,2.85,0,0.00
"2023-06-01",1589,"GULA PUTIH BERTAPIS KASAR (PELBAGAI JENAMA)","1kg","W.P. Putrajaya",72,4,20,2.85,2.85,0,0.00
"2023-07-01",1589,"GULA PUTIH BERTAPIS KASAR (PELBAGAI JENAMA)","1kg","W.P. Putrajaya",102,6,21,2.85,2.85,0,0.00
"2023-08-01",1589,"GULA PUTIH BERTAPIS KASAR (PELBAGAI JENAMA)","1kg","W.P. Putrajaya",74,5,21,2.85,2.85,0,0.00
"2023-09-01",1589,"GULA PUTIH BERTAPIS KASAR (PELBAGAI JENAMA)","1kg","W.P. Putrajaya",61,4,20,2.85,2.85,0,0.00
"2023-10-01",1589,"GULA PUTIH BERTAPIS KASAR (PELBAGAI JENAMA)","1kg","W.P. Putrajaya",47,5,17,2.85,2.85,0,0.00
"2023-11-01",1589,"GULA PUTIH BERTAPIS KASAR (PELBAGAI JENAMA)","1kg","W.P. Putrajaya",45,4,15,2.85,2.85,0,0.00
"2023-12-01",1589,"GULA PUTIH BERTAPIS KASAR (PELBAGAI JENAMA)","1kg","W.P. Putrajaya",63,4,19,2.85,2.85,0,0.00
"2024-01-01",1589,"GULA PUTIH BERTAPIS KASAR (PELBAGAI JENAMA)","1kg","W.P. Putrajaya",87,6,19,2.85,2.85,0,0.00
"2024-02-01",1589,"GULA PUTIH BERTAPIS KASAR (PELBAGAI JENAMA)","1kg","W.P. Putrajaya",72,4,19,2.85,2.85,0,0.00
"2024-03-01",1589,"GULA PUTIH BERTAPIS KASAR (PELBAGAI JENAMA)","1kg","W.P. Putrajaya",72,5,19,2.85,2.85,0,0.00
"2024-04-01",1589,"GULA PUTIH BERTAPIS KASAR (PELBAGAI JENAMA)","1kg","W.P. Putrajaya",89,5,19,2.85,2.85,0,0.00
"2024-05-01",1589,"GULA PUTIH BERTAPIS KASAR (PELBAGAI JENAMA)","1kg","W.P. Putrajaya",93,5,20,2.85,2.85,0,0.00
"2024-06-01",1589,"GULA PUTIH BERTAPIS KASAR (PELBAGAI JENAMA)","1kg","W.P. Putrajaya",55,4,19,2.85,2.85,0,0.00
"2024-07-01",1589,"GULA PUTIH BERTAPIS KASAR (PELBAGAI JENAMA)","1kg","W.P. Putrajaya",84,6,19,2.85,2.85,0,0.00
"2024-08-01",1589,"GULA PUTIH BERTAPIS KASAR (PELBAGAI JENAMA)","1kg","W.P. Putrajaya",54,3,20,2.85,2.85,0,0.00
"2024-09-01",1589,"GULA PUTIH BERTAPIS KASAR (PELBAGAI JENAMA)","1kg","W.P. Putrajaya",93,6,19,2.85,2.85,0,0.00
"2024-10-01",1589,"GULA PUTIH BERTAPIS KASAR (PELBAGAI JENAMA)","1kg","W.P. Putrajaya",75,4,20,2.85,2.85,0,0.00
"2024-11-01",1589,"GULA PUTIH BERTAPIS KASAR (PELBAGAI JENAMA)","1kg","W.P. Putrajaya",68,4,19,2.85,2.85,0,0.00
"2024-12-01",1589,"GULA PUTIH BERTAPIS KASAR (PELBAGAI JENAMA)","1kg","W.P. Putrajaya",65,4,20,2.85,2.85,0,0.00
"2025-01-01",1589,"GULA PUTIH BERTAPIS KASAR (PELBAGAI JENAMA)","1kg","W.P. Putrajaya",86,5,19,2.85,2.85,0,0.00
"2025-02-01",1589,"GULA PUTIH BERTAPIS KASAR (PELBAGAI JENAMA)","1kg","W.P. Putrajaya",72,4,19,2.85,2.85,0,0.00
"2025-03-01",1589,"GULA PUTIH BERTAPIS KASAR (PELBAGAI JENAMA)","1kg","W.P. Putrajaya",88,5,19,2.85,2.85,0,0.00
"2025-04-01",1589,"GULA PUTIH BERTAPIS KASAR (PELBAGAI JENAMA)","1kg","W.P. Putrajaya",71,4,19,2.85,2.85,0,0.00
"2025-05-01",1589,"GULA PUTIH BERTAPIS KASAR (PELBAGAI JENAMA)","1kg","W.P. Putrajaya",89,5,19,2.85,2.85,0,0.00
"2025-06-01",1589,"GULA PUTIH BERTAPIS KASAR (PELBAGAI JENAMA)","1kg","W.P. Putrajaya",76,4,20,2.85,2.85,0,0.00
"2025-07-01",1589,"GULA PUTIH BERTAPIS KASAR (PELBAGAI JENAMA)","1kg","W.P. Putrajaya",91,4,26,2.85,2.85,0,0.00
"2025-08-01",1589,"GULA PUTIH BERTAPIS KASAR (PELBAGAI JENAMA)","1kg","W.P. Putrajaya",119,5,26,2.85,2.85,0,0.00
"2025-09-01",1589,"GULA PUTIH BERTAPIS KASAR (PELBAGAI JENAMA)","1kg","W.P. Putrajaya",94,4,25,2.85,2.85,0,0.00
"2025-10-01",1589,"GULA PUTIH BERTAPIS KASAR (PELBAGAI JENAMA)","1kg","W.P. Putrajaya",99,4,27,2.85,2.85,0,0.00
"2025-11-01",1589,"GULA PUTIH BERTAPIS KASAR (PELBAGAI JENAMA)","1kg","W.P. Putrajaya",100,4,26,2.85,2.85,0,0.00
"2025-12-01",1589,"GULA PUTIH BERTAPIS KASAR (PELBAGAI JENAMA)","1kg","W.P. Putrajaya",104,4,27,2.85,2.85,0,0.00
